match_id,player,player_folder,event_type,event_timestamp,stress_before,stress_immediate,stress_after,stress_recovery,stress_change_immediate,stress_change_after,stress_change_recovery
match_0,1,player_1,kill,339.39,0.27661646612903223,0.26545050564516126,0.2794713403225806,0.2994459048387096,-0.011165960483870974,0.0028548741935483513,0.022829438709677352
match_0,1,player_1,assist,458.217,0.30150216532258056,0.2821029104838708,0.2825128983870967,0.2825128983870967,-0.019399254838709745,-0.01898926693548386,-0.01898926693548386
match_0,1,player_1,kill,476.512,0.2994459048387096,0.2990916120967741,0.30796810322580637,0.2825128983870967,-0.0003542927419354913,0.00852219838709678,-0.016933006451612886
match_0,1,player_1,kill,569.397,0.2825128983870967,0.27965654516129024,0.30340970887096774,0.2880222548387097,-0.0028563532258064628,0.020896810483871042,0.00550935645161299
match_0,1,player_1,kill,677.099,0.2880222548387097,0.2736217024193548,0.2932886508064516,0.2959241612903225,-0.014400552419354895,0.005266395967741921,0.007901906451612817
match_0,1,player_1,death,723.009,0.2736217024193548,0.2932886508064516,0.2959241612903225,0.4701610854838709,0.019666948387096816,0.022302458870967712,0.19653938306451613
match_0,1,player_1,death,809.812,0.2959241612903225,0.3797705717741935,0.4752483870967742,0.4655304225806451,0.08384641048387098,0.1793242258064517,0.16960626129032258
match_0,1,player_1,assist,810.373,0.28756480806451606,0.3797705717741935,0.4701610854838709,0.38224408225806444,0.09220576370967742,0.18259627741935486,0.09467927419354838
match_0,1,player_1,assist,821.404,0.28756480806451606,0.3797705717741935,0.4701610854838709,0.38224408225806444,0.09220576370967742,0.18259627741935486,0.09467927419354838
match_0,1,player_1,assist,821.735,0.28756480806451606,0.3797705717741935,0.4701610854838709,0.38224408225806444,0.09220576370967742,0.18259627741935486,0.09467927419354838
match_0,1,player_1,assist,895.524,0.4701610854838709,0.38224408225806444,0.2989577419354838,,-0.08791700322580648,-0.17120334354838712,
match_0,1,player_1,assist,903.386,0.46784575403225803,0.38224408225806444,0.2989577419354838,,-0.08560167177419359,-0.16888801209677423,
match_0,1,player_1,assist,906.922,0.46784575403225803,0.38224408225806444,0.2989577419354838,,-0.08560167177419359,-0.16888801209677423,
match_0,1,player_1,kill,909.928,0.46784575403225803,0.38224408225806444,0.2989577419354838,,-0.08560167177419359,-0.16888801209677423,
match_0,1,player_1,assist,912.604,0.46784575403225803,0.38224408225806444,0.2989577419354838,,-0.08560167177419359,-0.16888801209677423,
match_1,1,player_1,kill,368.559,0.27635513951612894,0.2830787846774193,0.3099167709677419,0.2648506709677419,0.00672364516129037,0.03356163145161295,-0.011504468548387048
match_1,1,player_1,death,375.23,0.27635513951612894,0.2830787846774193,0.3099167709677419,0.2648506709677419,0.00672364516129037,0.03356163145161295,-0.011504468548387048
match_1,1,player_1,death,648.203,0.3131520499999999,0.3262784330645161,0.4025211887096774,0.4099977258064515,0.01312638306451619,0.0893691387096775,0.09684567580645159
match_1,1,player_1,kill,649.094,0.3131520499999999,0.3262784330645161,0.4025211887096774,0.4099977258064515,0.01312638306451619,0.0893691387096775,0.09684567580645159
match_1,1,player_1,kill,654.704,0.3155598387096773,0.4186935556451613,0.44904784758064514,0.4099977258064515,0.10313371693548401,0.13348800887096784,0.0944378870967742
match_1,1,player_1,death,766.612,0.40625945725806445,0.4432282080645161,0.4764586903225807,0.4392985548387096,0.03696875080645168,0.07019923306451625,0.03303909758064516
match_1,1,player_1,death,867.967,0.4500446580645161,0.4156264306451612,0.4659500201612903,0.3776644999999999,-0.03441822741935491,0.015905362096774178,-0.0723801580645162
match_1,1,player_1,death,953.96,0.4392985548387096,0.36004975725806443,0.33290889112903216,0.3654509419354838,-0.07924879758064518,-0.10638966370967745,-0.07384761290322583
match_1,1,player_1,death,1055.579,0.3654509419354838,0.3685566975806451,0.34097333870967733,0.3102842241935483,0.003105755645161301,-0.024477603225806444,-0.05516671774193549
match_1,1,player_1,assist,1056.074,0.3654509419354838,0.3685566975806451,0.34097333870967733,0.3102842241935483,0.003105755645161301,-0.024477603225806444,-0.05516671774193549
match_1,1,player_1,kill,1126.811,0.34097333870967733,0.3013913137096773,0.3139987612903225,0.3041761096774192,-0.03958202500000002,-0.026974577419354828,-0.03679722903225813
match_1,1,player_1,assist,1133.252,0.3102842241935483,0.30998295483870963,0.3207331338709677,0.3041761096774192,-0.00030126935483865136,0.010448909677419405,-0.006108114516129082
match_1,1,player_1,death,1152.492,0.3013913137096773,0.30998295483870963,0.3139987612903225,0.3041761096774192,0.008591641129032324,0.012607447580645192,0.002784795967741893
match_1,1,player_1,assist,1158.242,0.3013913137096773,0.30998295483870963,0.3139987612903225,0.3041761096774192,0.008591641129032324,0.012607447580645192,0.002784795967741893
match_1,1,player_1,kill,1205.456,0.3139987612903225,0.30908743548387085,0.29803557016129023,0.3080974322580645,-0.00491132580645165,-0.015963191129032273,-0.005901329032257985
match_1,1,player_1,assist,1343.662,0.3080974322580645,0.3345687080645161,0.34392600403225804,0.3206064874551971,0.02647127580645159,0.03582857177419352,0.01250905519713258
match_1,1,player_1,kill,1345.654,0.3080974322580645,0.3345687080645161,0.34392600403225804,0.3206064874551971,0.02647127580645159,0.03582857177419352,0.01250905519713258
match_1,1,player_1,death,1354.511,0.3080974322580645,0.3345687080645161,0.34392600403225804,0.3206064874551971,0.02647127580645159,0.03582857177419352,0.01250905519713258
match_1,1,player_1,kill,1407.261,0.3155762887096773,0.3180913880824372,0.32152155017921147,0.3098827137096774,0.002515099372759899,0.005945261469534169,-0.005693574999999895
match_10,4,player_4,kill,123.836,0.3278932709677419,0.3824860193548386,0.4154334346774192,0.2811806206989247,0.05459274838709671,0.08754016370967732,-0.04671265026881721
match_10,4,player_4,kill,129.456,0.35947679435483865,0.3824860193548386,0.3937881016129031,0.1685731397849462,0.023009224999999967,0.03431130725806447,-0.19090365456989244
match_11,1,player_1,assist,218.387,0.41499754435483865,0.4440282508064516,0.48744137983870967,0.4347989661290322,0.02903070645161293,0.07244383548387101,0.01980142177419353
match_11,1,player_1,death,284.876,0.4717237370967742,0.4689789943548387,0.4314490588709677,0.4437919649417562,-0.0027447427419354797,-0.04027467822580649,-0.027931772155017964
match_11,1,player_1,death,504.956,0.423855467888563,0.39757317741935483,0.4260377967741935,0.4602110887096773,-0.026282290469208158,0.0021823288856305245,0.03635562082111432
match_11,1,player_1,kill,730.575,0.3982104741935484,0.4267145475806451,0.42069234919354836,0.3948746887096773,0.028504073387096707,0.022481874999999985,-0.00333578548387109
match_11,1,player_1,death,817.172,0.4175289983870967,0.3873199088709677,0.4054767725806451,0.3925473532258065,-0.030209089516128995,-0.0120522258064516,-0.0249816451612902
match_11,1,player_1,death,876.472,0.3873199088709677,0.4054767725806451,0.3925473532258065,0.3801257870967742,0.018156863709677395,0.005227444354838795,-0.007194121774193485
match_11,1,player_1,death,943.057,0.3925473532258065,0.3624191403225806,0.3562083572580645,0.3478639967741935,-0.03012821290322587,-0.03633899596774198,-0.04468335645161298
match_11,1,player_1,assist,943.752,0.3925473532258065,0.3624191403225806,0.3562083572580645,0.3478639967741935,-0.03012821290322587,-0.03633899596774198,-0.04468335645161298
match_11,1,player_1,kill,1072.423,0.34259874354838704,0.39470373145161286,0.293957064516129,0.3479358064516128,0.05210498790322582,-0.04864167903225802,0.0053370629032257755
match_11,1,player_1,death,1078.702,0.34259874354838704,0.39470373145161286,0.293957064516129,0.3479358064516128,0.05210498790322582,-0.04864167903225802,0.0053370629032257755
match_11,1,player_1,assist,1091.481,0.3478639967741935,0.36346478225806456,0.28967158145161287,0.3479358064516128,0.01560078548387106,-0.058192415322580626,7.18096774193211e-05
match_11,1,player_1,kill,1207.91,0.3479358064516128,0.3835849459677419,0.4129560911290322,0.4056366209677419,0.03564913951612908,0.06502028467741938,0.05770081451612907
match_11,1,player_1,kill,1212.064,0.3479358064516128,0.3835849459677419,0.4129560911290322,0.4056366209677419,0.03564913951612908,0.06502028467741938,0.05770081451612907
match_11,1,player_1,death,1261.767,0.3835849459677419,0.4129560911290322,0.4056366209677419,0.3596767419354838,0.029371145161290302,0.022051674999999993,-0.023908204032258074
match_11,1,player_1,kill,1331.371,0.4056366209677419,0.4091930725806451,0.405576254032258,0.3985929903225805,0.0035564516129031887,-6.036693548389094e-05,-0.007043630645161392
match_11,1,player_1,kill,1361.62,0.4056366209677419,0.405576254032258,0.37551804758064505,0.4153332693548386,-6.036693548389094e-05,-0.030118573387096836,0.009696648387096718
match_11,1,player_1,death,1397.225,0.3596767419354838,0.37551804758064505,0.4069631298387095,0.4259003451612903,0.01584130564516123,0.0472863879032257,0.06622360322580645
match_11,1,player_1,assist,1502.514,0.42061680725806444,0.44033526989247307,0.3945448564516129,0.3744696951612902,0.01971846263440863,-0.026071950806451527,-0.046147112096774245
match_11,1,player_1,assist,1511.332,0.4259003451612903,0.42465752553763436,0.38450727580645155,0.3744696951612902,-0.0012428196236559108,-0.04139306935483872,-0.05143065000000008
match_11,1,player_1,assist,1735.609,0.3861567258064515,0.35850698052109176,0.3585060322580644,0.3783669338709676,-0.02764974528535974,-0.027650693548387117,-0.007789791935483903
match_11,1,player_1,death,1754.465,0.3678745677419354,0.3776408232630273,0.3823241427419354,0.3783669338709676,0.009766255521091893,0.014449574999999992,0.010492366129032205
match_11,1,player_1,assist,1759.843,0.3678745677419354,0.3776408232630273,0.3823241427419354,0.3783669338709676,0.009766255521091893,0.014449574999999992,0.010492366129032205
match_11,1,player_1,assist,1915.674,0.39939426693548385,0.3562246306451613,0.4444146887096774,0.3275598387096774,-0.043169636290322555,0.04502042177419352,-0.07183442822580643
match_11,1,player_1,assist,1920.102,0.39939426693548385,0.3562246306451613,0.4444146887096774,0.3275598387096774,-0.043169636290322555,0.04502042177419352,-0.07183442822580643
match_11,1,player_1,assist,1945.833,0.3562246306451613,0.4225717733870967,0.4444146887096774,0.3275598387096774,0.06634714274193543,0.08819005806451607,-0.02866479193548388
match_11,1,player_1,death,1990.558,0.4444146887096774,0.3820404024193548,0.3236129774193548,0.3702284112903224,-0.0623742862903226,-0.12080171129032258,-0.07418627741935496
match_11,1,player_1,death,2113.045,0.3702284112903224,0.44275679919354827,0.4481201451612903,0.3768841137096774,0.07252838790322585,0.07789173387096787,0.006655702419354981
match_11,1,player_1,assist,2119.751,0.3702284112903224,0.44275679919354827,0.4481201451612903,0.3768841137096774,0.07252838790322585,0.07789173387096787,0.006655702419354981
match_11,1,player_1,assist,2183.762,0.4481201451612903,0.3768841137096774,0.3728131241935484,,-0.07123603145161289,-0.07530702096774189,
match_11,2,player_2,death,443.581,0.3094936186379928,0.3116440681003583,0.3150016870967741,0.3478589580645161,0.002150449462365478,0.005508068458781323,0.038365339426523315
match_11,2,player_2,death,803.463,0.3534524475806451,0.36362872258064505,0.3739670596774193,0.3680768258064516,0.010176274999999957,0.020514612096774187,0.014624378225806534
match_11,2,player_2,kill,943.752,0.3680768258064516,0.348590114516129,0.3552003951612902,0.3537423403225806,-0.019486711290322645,-0.012876430645161419,-0.014334485483871007
match_11,2,player_2,death,956.04,0.36014945161290324,0.348590114516129,0.3449581516129031,0.3534418838709677,-0.011559337096774258,-0.01519130000000013,-0.006707567741935538
match_11,2,player_2,assist,1071.399,0.33940383145161285,0.35359211209677416,0.353488993548387,0.353488993548387,0.01418828064516131,0.014085162096774129,0.014085162096774129
match_11,2,player_2,kill,1077.346,0.33940383145161285,0.35359211209677416,0.353488993548387,0.353488993548387,0.01418828064516131,0.014085162096774129,0.014085162096774129
match_11,2,player_2,kill,1151.23,0.353488993548387,0.3531092846774193,0.35952043709677417,0.3421548838709678,-0.0003797088709676655,0.006031443548387194,-0.011334109677419157
match_11,2,player_2,assist,1207.91,0.353488993548387,0.35423309112903234,0.34105912043010755,0.3775074919354838,0.0007440975806453642,-0.012429873118279422,0.0240184983870968
match_11,2,player_2,assist,1212.064,0.353488993548387,0.35423309112903234,0.34105912043010755,0.3775074919354838,0.0007440975806453642,-0.012429873118279422,0.0240184983870968
match_11,2,player_2,assist,1361.62,0.3775074919354838,0.3797009685483871,0.3753373903225805,0.355686429032258,0.002193476612903311,-0.0021701016129032635,-0.021821062903225774
match_11,2,player_2,assist,1411.686,0.3797009685483871,0.3753373903225805,0.355686429032258,0.2766111258064515,-0.004363578225806575,-0.024014539516129085,-0.10308984274193561
match_11,2,player_2,kill,1414.99,0.3797009685483871,0.3753373903225805,0.355686429032258,0.2766111258064515,-0.004363578225806575,-0.024014539516129085,-0.10308984274193561
match_11,2,player_2,death,1416.08,0.3619137467741935,0.35443650967741924,0.37389188790322575,0.2766111258064515,-0.007477237096774281,0.011978141129032227,-0.08530262096774205
match_11,2,player_2,death,1500.532,0.37389188790322575,0.33435423629032246,0.2766111258064515,0.3492578951612903,-0.03953765161290329,-0.09728076209677428,-0.02463399274193545
match_11,2,player_2,assist,1502.514,0.37389188790322575,0.33435423629032246,0.2766111258064515,0.3492578951612903,-0.03953765161290329,-0.09728076209677428,-0.02463399274193545
match_11,2,player_2,assist,1511.332,0.355686429032258,0.24015777741935473,0.2654577413978494,0.3492578951612903,-0.11552865161290327,-0.09022868763440861,-0.006428533870967701
match_11,2,player_2,kill,1613.881,0.3546987696236559,0.3657221903225806,0.3789353112903225,0.3794783499999999,0.011023420698924702,0.02423654166666661,0.024779580376344035
match_11,2,player_2,kill,1812.32,0.3737829274193548,0.3505409798387097,0.3353058,0.3572977758064516,-0.023241947580645128,-0.03847712741935483,-0.016485151612903204
match_11,2,player_2,kill,1823.256,0.3587840427419354,0.3505409798387097,0.3433125677419354,0.3868440903225806,-0.00824306290322574,-0.015471475000000012,0.028060047580645175
match_11,2,player_2,assist,1920.102,0.3503051717741935,0.38590084354838705,0.3868440903225806,0.3401527967741935,0.03559567177419354,0.03653891854838709,-0.010152374999999991
match_11,2,player_2,kill,1933.049,0.3572977758064516,0.40067400080645155,0.3683553927419354,0.3401527967741935,0.043376224999999935,0.011057616935483794,-0.01714497903225809
match_11,2,player_2,kill,1945.833,0.38590084354838705,0.40067400080645155,0.3498666951612902,0.2840511193548386,0.014773157258064495,-0.03603414838709684,-0.10184972419354843
match_11,2,player_2,death,2036.684,0.34500974596774187,0.2963242774193548,0.2840511193548386,0.3577526896057347,-0.04868546854838707,-0.060958626612903244,0.012742943637992832
match_11,2,player_2,assist,2119.751,0.2840511193548386,0.3497324725806451,0.36507828996415764,0.34819100851254475,0.06568135322580648,0.08102717060931902,0.06413988915770613
match_11,2,player_2,assist,2145.712,0.3270610548387096,0.36507828996415764,0.34819100851254475,0.3386293274193548,0.03801723512544802,0.021129953673835133,0.01156827258064519
match_11,2,player_2,assist,2168.932,0.3577526896057347,0.34819100851254475,0.3386293274193548,,-0.009561681093189944,-0.01912336218637989,
match_11,2,player_2,kill,2178.966,0.3577526896057347,0.34819100851254475,0.3386293274193548,,-0.009561681093189944,-0.01912336218637989,
match_11,2,player_2,assist,2183.762,0.36507828996415764,0.34819100851254475,0.3386293274193548,,-0.01688728145161289,-0.026448962544802834,
match_11,3,player_3,death,528.444,0.3389101032258064,0.3320525677419355,0.3397516274193548,0.3368568516129032,-0.0068575354838709135,0.0008415241935483819,-0.0020532516129032063
match_11,3,player_3,assist,531.781,0.3303852903225805,0.32821092338709673,0.3520487338709677,0.3368568516129032,-0.0021743669354837847,0.021663443548387173,0.006471561290322669
match_11,3,player_3,death,619.31,0.3397516274193548,0.3343857774193548,0.33967486370967737,0.3474350241935484,-0.00536584999999995,-7.676370967740764e-05,0.007683396774193607
match_11,3,player_3,death,680.62,0.3368568516129032,0.3476521717741935,0.32332422822580636,0.3544077387096774,0.010795320161290312,-0.01353262338709682,0.017550887096774215
match_11,3,player_3,death,797.285,0.3290861427419355,0.3569004435483871,0.3315306548387097,0.3873169193548387,0.02781430080645164,0.0024445120967742096,0.05823077661290321
match_11,3,player_3,death,908.938,0.3594237870967742,0.4280904153225805,0.4263520999999999,0.3620068967741935,0.06866662822580633,0.0669283129032257,0.002583109677419315
match_11,3,player_3,assist,1071.399,0.3321651999999999,0.3395969120967741,0.44278196048387086,0.4595364225806451,0.0074317120967742345,0.11061676048387098,0.1273712225806452
match_11,3,player_3,assist,1077.346,0.3321651999999999,0.3395969120967741,0.44278196048387086,0.4595364225806451,0.0074317120967742345,0.11061676048387098,0.1273712225806452
match_11,3,player_3,death,1140.823,0.3549055661290322,0.4761785153225806,0.44061754919354834,0.3909993725806451,0.12127294919354842,0.08571198306451616,0.03609380645161292
match_11,3,player_3,assist,1151.23,0.44278196048387086,0.4761785153225806,0.4216986758064516,0.3909993725806451,0.033396554838709736,-0.021083284677419267,-0.05178258790322576
match_11,3,player_3,death,1324.901,0.3788781701612902,0.44236242016129024,0.3929994725806451,0.3966700661290322,0.06348425000000002,0.014121302419354886,0.017791895967742
match_11,3,player_3,death,1385.829,0.45449776209677417,0.390436825,0.3966700661290322,0.3972694419354838,-0.06406093709677418,-0.057827695967741954,-0.05722832016129037
match_11,3,player_3,assist,1502.514,0.3966700661290322,0.4040243048387096,0.4135108314516128,0.4034634661290321,0.007354238709677385,0.01684076532258061,0.006793399999999894
match_11,3,player_3,death,1511.002,0.39087992741935473,0.4040243048387096,0.4034634661290321,0.4235317322580644,0.013144377419354869,0.012583538709677378,0.032651804838709664
match_11,3,player_3,assist,1511.332,0.39087992741935473,0.4040243048387096,0.4034634661290321,0.4235317322580644,0.013144377419354869,0.012583538709677378,0.032651804838709664
match_11,3,player_3,death,1580.928,0.4034634661290321,0.42174322016129023,0.439843093548387,0.3856292096774192,0.018279754032258122,0.03637962741935491,-0.017834256451612907
match_11,3,player_3,assist,1735.609,0.3760227193548386,0.33849486935483863,0.3809705129032257,0.3789931274193548,-0.037527849999999974,0.004947793548387092,0.0029704080645162056
match_11,3,player_3,assist,1812.32,0.3809705129032257,0.37362565887096766,0.4009829209677419,0.396529314516129,-0.007344854032258041,0.020012408064516207,0.015558801612903295
match_11,3,player_3,assist,1823.256,0.3789931274193548,0.3899880241935484,0.41276920645161286,0.396529314516129,0.010994896774193574,0.033776079032258044,0.01753618709677418
match_11,3,player_3,assist,1915.674,0.4009829209677419,0.3743231346774193,0.3949159274193548,0.3933025403225806,-0.026659786290322618,-0.006066993548387134,-0.0076803806451613
match_11,3,player_3,death,1917.594,0.4009829209677419,0.3743231346774193,0.3949159274193548,0.3933025403225806,-0.026659786290322618,-0.006066993548387134,-0.0076803806451613
match_11,3,player_3,assist,1920.102,0.4009829209677419,0.3743231346774193,0.3949159274193548,0.3933025403225806,-0.026659786290322618,-0.006066993548387134,-0.0076803806451613
match_11,3,player_3,death,2004.431,0.396529314516129,0.3965145516129031,0.3754360927419354,0.3650781548387096,-1.4762903225884472e-05,-0.021093221774193593,-0.031451159677419405
match_11,3,player_3,death,2062.186,0.3857940306451612,0.3664331387096773,0.360010779032258,0.3669460112903225,-0.019360891935483904,-0.025783251612903235,-0.018848019354838708
match_11,3,player_3,assist,2119.751,0.3650781548387096,0.35958972338709666,0.3960323411290322,0.3751776032258064,-0.0054884314516129296,0.030954186290322594,0.01009944838709681
match_11,3,player_3,assist,2145.712,0.360010779032258,0.35958972338709666,0.3751776032258064,0.3664109546594982,-0.00042105564516131677,0.015166824193548423,0.006400175627240212
match_11,3,player_3,death,2156.541,0.3669460112903225,0.3960323411290322,0.40014813709677416,0.3664109546594982,0.02908632983870968,0.033202125806451654,-0.0005350566308243154
match_11,3,player_3,death,2266.185,0.37079427894265227,0.36552130797491034,0.3646316612903225,,-0.00527297096774193,-0.006162617652329783,
match_11,4,player_4,kill,218.387,0.39501377016129036,0.4048175346774193,0.39556587580645153,0.3955306419354838,0.009803764516128965,0.0005521056451611717,0.0005168717741934614
match_11,4,player_4,death,677.45,0.4430050919354839,0.4294713483870968,0.4052388782258064,0.4030253258064515,-0.0135337435483871,-0.037766213709677476,-0.03997976612903237
match_11,4,player_4,death,845.251,0.4030253258064515,0.43555989408602147,0.4409813782258064,0.4190907564516129,0.032534568279569964,0.0379560524193549,0.016065430645161416
match_11,4,player_4,death,1010.876,0.42416926048387094,0.4536253198924731,0.4612133919354839,0.4279749279569892,0.029456059408602187,0.03704413145161295,0.0038056674731182794
match_11,4,player_4,kill,1071.399,0.4595098973118279,0.45111515564516125,0.4279749279569892,0.5070420774193549,-0.00839474166666665,-0.03153496935483868,0.04753218010752702
match_11,4,player_4,death,1074.141,0.4595098973118279,0.45111515564516125,0.4279749279569892,0.5070420774193549,-0.00839474166666665,-0.03153496935483868,0.04753218010752702
match_11,4,player_4,assist,1077.346,0.4595098973118279,0.45111515564516125,0.4279749279569892,0.5070420774193549,-0.00839474166666665,-0.03153496935483868,0.04753218010752702
match_11,4,player_4,death,1204.74,0.5070420774193549,0.4719157935483871,0.4017388483870967,0.3954101774193548,-0.035126283870967834,-0.1053032290322582,-0.11163190000000012
match_11,4,player_4,assist,1207.91,0.5070420774193549,0.4719157935483871,0.4017388483870967,0.3954101774193548,-0.035126283870967834,-0.1053032290322582,-0.11163190000000012
match_11,4,player_4,assist,1282.284,0.4017388483870967,0.38521889758064515,0.4018140806451612,0.4018140806451612,-0.016519950806451578,7.523225806449485e-05,7.523225806449485e-05
match_11,4,player_4,assist,1331.371,0.3954101774193548,0.4049017983870967,0.3710769282258064,0.4415285564516128,0.00949162096774192,-0.0243332491935484,0.04611837903225802
match_11,4,player_4,death,1364.13,0.4018140806451612,0.3710769282258064,0.3909341661290322,0.4448537112903226,-0.03073715241935482,-0.010879914516129019,0.043039630645161364
match_11,4,player_4,assist,1494.919,0.4533823758064516,0.49086708749999997,0.4269378112903225,0.3956674516129032,0.03748471169354839,-0.026444564516129088,-0.0577149241935484
match_11,4,player_4,kill,1502.514,0.4533823758064516,0.49086708749999997,0.4269378112903225,0.3956674516129032,0.03748471169354839,-0.026444564516129088,-0.0577149241935484
match_11,4,player_4,assist,1511.332,0.4619110403225805,0.44056380120967736,0.38559247499999993,0.3956674516129032,-0.02134723911290315,-0.07631856532258058,-0.06624358870967734
match_11,4,player_4,death,1660.394,0.3956674516129032,0.4158562110215053,0.42591827795698917,0.3879063499999999,0.020188759408602097,0.03025082634408599,-0.007761101612903276
match_11,4,player_4,death,1728.604,0.42591827795698917,0.40960307258064504,0.3840723258064515,0.4074549297235023,-0.016315205376344122,-0.04184595215053766,-0.018463348233486887
match_11,4,player_4,assist,1735.609,0.42591827795698917,0.40960307258064504,0.3840723258064515,0.4074549297235023,-0.016315205376344122,-0.04184595215053766,-0.018463348233486887
match_11,4,player_4,death,1803.733,0.3840723258064515,0.39576362776497687,0.44930600115207364,0.3828979322580644,0.011691301958525357,0.06523367534562213,-0.0011743935483871093
match_11,4,player_4,assist,1812.32,0.3840723258064515,0.39576362776497687,0.44930600115207364,0.3828979322580644,0.011691301958525357,0.06523367534562213,-0.0011743935483871093
match_11,4,player_4,assist,1915.674,0.4345174930351905,0.3803879228739002,0.3784119387096774,0.3784119387096774,-0.054129570161290275,-0.05610555432551312,-0.05610555432551312
match_11,4,player_4,assist,1920.102,0.4345174930351905,0.3803879228739002,0.3784119387096774,0.3784119387096774,-0.054129570161290275,-0.05610555432551312,-0.05610555432551312
match_11,4,player_4,death,1933.479,0.3828979322580644,0.3798540064516128,0.37761100967741934,0.3784119387096774,-0.003043925806451575,-0.005286922580645059,-0.004485993548387024
match_11,4,player_4,death,2030.472,0.3782038975806451,0.3874202669354838,0.418223622580645,0.4169403177419354,0.009216369354838716,0.040019724999999895,0.03873642016129031
match_11,4,player_4,death,2091.832,0.41151731774193545,0.42220679032258057,0.4169403177419354,0.405076179032258,0.01068947258064512,0.005422999999999956,-0.006441138709677441
match_11,4,player_4,death,2167.114,0.4169403177419354,0.405076179032258,0.3932120403225806,,-0.011864138709677396,-0.023728277419354793,
match_11,4,player_4,assist,2168.932,0.4169403177419354,0.405076179032258,0.3932120403225806,,-0.011864138709677396,-0.023728277419354793,
match_12,1,player_1,death,299.946,0.3272624564516129,0.41275713870967745,0.4683972016129032,0.4214025806451612,0.08549468225806456,0.14113474516129032,0.09414012419354828
match_12,1,player_1,kill,357.442,0.4311793887096774,0.4497882951612903,0.4423173516129032,0.4162375016129032,0.018608906451612894,0.011137962903225773,-0.014941887096774242
match_12,1,player_1,kill,371.353,0.47111335241935487,0.4497882951612903,0.4214025806451612,0.4019269548387096,-0.02132505725806455,-0.049710771774193696,-0.06918639758064526
match_12,1,player_1,kill,451.343,0.41882004112903215,0.4116647677419354,0.392424593548387,0.3975517532258064,-0.007155273387096761,-0.02639544758064516,-0.02126828790322577
match_12,1,player_1,kill,511.572,0.3781010314516129,0.37334985080645156,0.3975517532258064,0.3381159469534049,-0.004751180645161335,0.01945072177419349,-0.03998508449820798
match_12,1,player_1,kill,574.225,0.3949881733870967,0.40366172499999997,0.3381159469534049,0.3604701967741935,0.008673551612903285,-0.056872226433691775,-0.03451797661290318
match_12,1,player_1,kill,578.883,0.3949881733870967,0.40366172499999997,0.3381159469534049,0.3604701967741935,0.008673551612903285,-0.056872226433691775,-0.03451797661290318
match_12,1,player_1,kill,639.562,0.3739438218637992,0.33114257347670245,0.3604701967741935,0.381246243548387,-0.04280124838709676,-0.0134736250896057,0.007302421684587779
match_12,1,player_1,kill,646.334,0.3381159469534049,0.3599338370967742,0.3780843354838709,0.381246243548387,0.021817890143369267,0.03996838853046597,0.043130296594982076
match_12,1,player_1,kill,696.57,0.3599338370967742,0.3780843354838709,0.381246243548387,0.3481626516129031,0.018150498387096703,0.02131240645161281,-0.011771185483871072
match_12,1,player_1,assist,763.149,0.38486270806451606,0.3952507314516128,0.3481626516129031,0.33872619032258056,0.010388023387096768,-0.03670005645161295,-0.0461365177419355
match_12,1,player_1,assist,788.623,0.3952507314516128,0.36242022177419353,0.3435942,0.329289729032258,-0.032830509677419295,-0.05165653145161281,-0.06596100241935482
match_12,1,player_1,assist,789.251,0.3952507314516128,0.36242022177419353,0.3435942,0.329289729032258,-0.032830509677419295,-0.05165653145161281,-0.06596100241935482
match_12,1,player_1,kill,829.922,0.3481626516129031,0.33872619032258056,0.329289729032258,,-0.009436461290322551,-0.018872922580645102,
match_12,1,player_1,assist,832.07,0.3481626516129031,0.33872619032258056,0.329289729032258,,-0.009436461290322551,-0.018872922580645102,
match_12,2,player_2,death,335.791,0.28092682580645156,0.3211303338709677,0.2657585096774193,0.3646629112903226,0.040203508064516114,-0.015168316129032244,0.08373608548387101
match_12,2,player_2,assist,340.254,0.2657585096774193,0.24547216370967737,0.29219003467741933,0.3646629112903226,-0.020286345967741953,0.02643152500000001,0.09890440161290326
match_12,2,player_2,kill,413.616,0.2657585096774193,0.3619285814516129,0.4017019620967741,0.4251420129032257,0.09617007177419357,0.1359434524193548,0.15938350322580636
match_12,2,player_2,kill,423.558,0.29219003467741933,0.3619285814516129,0.4251420129032257,0.4251420129032257,0.06973854677419355,0.13295197822580634,0.13295197822580634
match_12,2,player_2,kill,462.179,0.3646629112903226,0.4319415129032257,0.38822645725806443,0.3958078387096774,0.06727860161290311,0.02356354596774185,0.031144927419354818
match_12,2,player_2,assist,474.998,0.3646629112903226,0.4319415129032257,0.38822645725806443,0.3958078387096774,0.06727860161290311,0.02356354596774185,0.031144927419354818
match_12,2,player_2,kill,578.092,0.39106636612903223,0.4133148346774193,0.4089173139784946,0.4168825080645161,0.02224846854838708,0.017850947849462395,0.02581614193548387
match_12,2,player_2,assist,578.62,0.39106636612903223,0.4133148346774193,0.4089173139784946,0.4168825080645161,0.02224846854838708,0.017850947849462395,0.02581614193548387
match_12,2,player_2,kill,617.779,0.4089173139784946,0.41289991102150536,0.42277687741935477,0.3409090370967741,0.003982597043010738,0.013859563440860145,-0.06800827688172051
match_12,2,player_2,assist,733.607,0.3409090370967741,0.3643071556451612,0.302555454032258,0.2174056338709677,0.02339811854838708,-0.03835358306451614,-0.12350340322580641
match_12,2,player_2,kill,763.149,0.3409090370967741,0.302555454032258,0.2150553379032257,0.3839272258064515,-0.03835358306451614,-0.1258536991935484,0.043018188709677385
match_12,2,player_2,death,788.325,0.3643071556451612,0.302555454032258,0.2174056338709677,0.3979996508064515,-0.06175170161290322,-0.1469015217741935,0.0336924951612903
match_12,2,player_2,assist,878.411,0.2983161338709676,0.3979996508064515,0.4120720758064515,,0.09968351693548388,0.11375594193548388,
match_12,3,player_3,kill,311.584,0.39772522258064513,0.3719437459677418,0.351164235483871,0.3486505922939068,-0.02578147661290331,-0.04656098709677414,-0.04907463028673831
match_12,3,player_3,kill,437.068,0.3499074138888889,0.3434899937275985,0.331264729032258,0.3247921725806451,-0.0064174201612904325,-0.018642684856630898,-0.02511524130824383
match_12,3,player_3,kill,560.415,0.32802845080645154,0.3214559451612903,0.3265592177419354,0.3485093774193548,-0.006572505645161264,-0.001469233064516129,0.02048092661290324
match_12,3,player_3,kill,667.221,0.3375342975806451,0.35079883145161284,0.3530882854838709,0.3452076838709677,0.01326453387096771,0.015553987903225763,0.007673386290322548
match_12,3,player_3,kill,733.607,0.3337156806451612,0.3399750967741936,0.3452076838709677,0.3300876080645161,0.006259416129032358,0.011492003225806458,-0.0036280725806451253
match_12,3,player_3,assist,763.149,0.3399750967741936,0.3554074008064516,0.3300876080645161,0.32987144032258064,0.015432304032258037,-0.009887488709677483,-0.01010365645161293
match_12,3,player_3,kill,789.251,0.3554074008064516,0.3376476459677419,0.3300876080645161,0.3376904403225806,-0.01775975483870973,-0.02531979274193552,-0.017716960483871003
match_12,3,player_3,assist,829.922,0.3376476459677419,0.32607002419354836,0.32987144032258064,,-0.011577621774193525,-0.007776205645161238,
match_12,3,player_3,assist,832.07,0.3300876080645161,0.32987144032258064,0.3376904403225806,,-0.00021616774193544686,0.007602832258064518,
match_12,3,player_3,kill,854.481,0.32607002419354836,0.32987144032258064,0.3376904403225806,,0.0038014161290322868,0.011620416129032252,
match_12,4,player_4,kill,340.254,0.3596463983870968,0.37438226451612905,0.3996911016129032,0.4272166354838709,0.014735866129032271,0.040044703225806444,0.06757023709677412
match_12,4,player_4,death,361.014,0.37438226451612905,0.36407596129032255,0.4272166354838709,0.4257332451612903,-0.010306303225806501,0.05283437096774185,0.05135098064516125
match_12,4,player_4,assist,474.998,0.4272166354838709,0.40286738064516125,0.36926624999999996,0.4354185322580645,-0.024349254838709644,-0.057950385483870936,0.008201896774193584
match_12,4,player_4,kill,788.623,0.4290071233870967,0.40881869677419347,0.3894983064516129,0.4028609798387096,-0.02018842661290321,-0.039508816935483804,-0.02614614354838707
match_12,4,player_4,assist,789.251,0.4290071233870967,0.40881869677419347,0.3894983064516129,0.4028609798387096,-0.02018842661290321,-0.039508816935483804,-0.02614614354838707
match_12,4,player_4,death,791.598,0.428139087096774,0.3714936959677419,0.3723242814516129,0.4028609798387096,-0.05664539112903211,-0.055814805645161114,-0.025278107258064397
match_12,4,player_4,assist,854.481,0.3894983064516129,0.4028609798387096,0.4145624822580644,,0.013362673387096735,0.02506417580645154,
match_12,4,player_4,kill,878.411,0.3723242814516129,0.4028609798387096,0.4145624822580644,,0.030536698387096717,0.04223820080645152,
match_13,1,player_1,kill,185.263,0.42795357105734766,0.4034521499999999,0.4162633629032257,0.4518187258064515,-0.02450142105734776,-0.011690208154121973,0.023865154749103834
match_13,1,player_1,death,367.503,0.3814994806451612,0.37097177661290315,0.39211362741935474,0.3954941016129032,-0.010527704032258056,0.010614146774193534,0.01399462096774201
match_13,1,player_1,death,498.786,0.38446588145161287,0.391077625,0.3866611483870967,0.3055833983870967,0.006611743548387117,0.0021952669354838306,-0.07888248306451617
match_13,1,player_1,death,592.582,0.37845222903225795,0.29529016854838697,0.3457568602150537,0.3561092387096773,-0.08316206048387098,-0.03269536881720425,-0.022342990322580636
match_13,1,player_1,kill,714.085,0.42891391774193544,0.4184667266129032,0.3319687419354838,0.3573640483870968,-0.010447191129032252,-0.09694517580645162,-0.07154986935483865
match_13,1,player_1,death,715.57,0.42891391774193544,0.4184667266129032,0.3319687419354838,0.3573640483870968,-0.010447191129032252,-0.09694517580645162,-0.07154986935483865
match_13,1,player_1,death,780.67,0.32922793181003573,0.3276048745519713,0.3573640483870968,0.36030815,-0.001623057258064442,0.028136116577061054,0.03108021818996426
match_13,1,player_1,kill,899.081,0.3588360991935484,0.36518410579178884,0.4018305112903225,0.4777713887096774,0.006348006598240419,0.04299441209677407,0.11893528951612897
match_13,1,player_1,death,1006.42,0.4777713887096774,0.44730580645161283,0.3655404220430106,0.3189861989247311,-0.03046558225806456,-0.11223096666666676,-0.15878518978494627
match_13,1,player_1,assist,1009.133,0.48014417822580646,0.44730580645161283,0.3189861989247311,0.3511622177419354,-0.03283837177419363,-0.16115797930107534,-0.12898196048387106
match_13,1,player_1,assist,1100.877,0.3028618607526881,0.3189498701612903,0.3894725306451612,0.4749633854838709,0.016088009408602166,0.08661066989247307,0.1721015247311828
match_13,1,player_1,assist,1108.174,0.3028618607526881,0.3189498701612903,0.3894725306451612,0.4749633854838709,0.016088009408602166,0.08661066989247307,0.1721015247311828
match_13,1,player_1,assist,1159.943,0.4165066346774192,0.43566179112903214,0.4749633854838709,0.4474593967741935,0.01915515645161292,0.058456750806451685,0.030952762096774278
match_13,1,player_1,assist,1170.77,0.4165066346774192,0.43566179112903214,0.4749633854838709,0.4474593967741935,0.01915515645161292,0.058456750806451685,0.030952762096774278
match_13,1,player_1,assist,1187.255,0.43566179112903214,0.432217958064516,0.4749633854838709,0.4277196951612903,-0.003443833064516122,0.039301594354838765,-0.007942095967741813
match_13,1,player_1,assist,1271.228,0.4749633854838709,0.4146045153225806,0.40473466451612905,0.4311164306451612,-0.06035887016129032,-0.07022872096774185,-0.043846954838709706
match_13,1,player_1,kill,1274.658,0.4749633854838709,0.4146045153225806,0.40473466451612905,0.4311164306451612,-0.06035887016129032,-0.07022872096774185,-0.043846954838709706
match_13,1,player_1,kill,1291.857,0.4751115758064516,0.4146045153225806,0.4277196951612903,0.4311164306451612,-0.060507060483871,-0.047391880645161255,-0.04399514516129038
match_13,1,player_1,kill,1323.318,0.4277196951612903,0.42941806290322576,0.44666103951612895,0.4040003428315412,0.001698367741935436,0.01894134435483863,-0.023719352329749144
match_13,1,player_1,kill,1341.45,0.40473466451612905,0.42941806290322576,0.4311164306451612,0.4040003428315412,0.02468339838709671,0.026381766129032147,-0.0007343216845878686
match_13,1,player_1,kill,1342.063,0.40473466451612905,0.42941806290322576,0.4311164306451612,0.4040003428315412,0.02468339838709671,0.026381766129032147,-0.0007343216845878686
match_13,1,player_1,death,1350.017,0.40473466451612905,0.42941806290322576,0.4311164306451612,0.4040003428315412,0.02468339838709671,0.026381766129032147,-0.0007343216845878686
match_13,1,player_1,assist,1459.948,0.3869372520609319,0.43324367222222215,0.4624870016129032,0.4131685822580645,0.046306420161290274,0.0755497495519713,0.02623133019713264
match_13,1,player_1,death,1530.663,0.47270116209677415,0.41681593629032254,0.4131685822580645,0.4131685822580645,-0.05588522580645161,-0.05953257983870963,-0.05953257983870963
match_13,1,player_1,assist,1544.985,0.4624870016129032,0.40424822499999996,0.43547424112903227,0.4131685822580645,-0.05823877661290322,-0.027012760483870912,-0.04931841935483866
match_13,1,player_1,death,1650.527,0.4664257758064516,0.46012692499999996,0.5110959516129032,0.4434894193548387,-0.00629885080645165,0.044670175806451606,-0.022936356451612905
match_13,1,player_1,death,1798.506,0.4090618330645161,0.3563118838709677,0.3742167112903225,0.3742167112903225,-0.05274994919354842,-0.03484512177419358,-0.03484512177419358
match_13,1,player_1,assist,1891.787,0.3941639846774193,0.37195913521505364,0.3697015591397848,0.3488528193548386,-0.022204849462365672,-0.024462425537634502,-0.045311165322580726
match_13,1,player_1,assist,1903.591,0.3742167112903225,0.38727729327956983,0.3350288943548386,0.3488528193548386,0.01306058198924731,-0.0391878169354839,-0.02536389193548394
match_13,1,player_1,death,1934.01,0.3742167112903225,0.3350288943548386,0.30702879032258057,0.3670864032258064,-0.0391878169354839,-0.06718792096774195,-0.007130308064516144
match_13,1,player_1,assist,2044.644,0.3670864032258064,0.4129606903225806,0.4180620564516129,,0.04587428709677421,0.050975653225806494,
match_13,1,player_1,death,2067.03,0.3874728637096774,0.4129606903225806,0.4180620564516129,,0.02548782661290322,0.0305891927419355,
match_13,2,player_2,death,490.634,0.3255267806451613,0.4363638362903226,0.39771873629032256,0.3546817096774193,0.11083705564516133,0.07219195564516129,0.029154929032258026
match_13,2,player_2,death,707.32,0.4107891225806451,0.44461889435483865,0.3904528258064516,0.3713494290322581,0.03382977177419355,-0.02033629677419352,-0.039439693548387
match_13,2,player_2,assist,714.085,0.4107891225806451,0.44461889435483865,0.3904528258064516,0.3713494290322581,0.03382977177419355,-0.02033629677419352,-0.039439693548387
match_13,2,player_2,kill,808.987,0.3692769846774193,0.3597252862903225,0.3897900387096774,0.3449711725806451,-0.009551698387096796,0.02051305403225806,-0.024305812096774237
match_13,2,player_2,kill,818.426,0.3713494290322581,0.3805697338709677,0.40018201935483866,0.3449711725806451,0.009220304838709614,0.028832590322580565,-0.026378256451613014
match_13,2,player_2,death,985.263,0.340984589516129,0.38086421451612895,0.3343436720430107,0.3347051774193548,0.039879624999999974,-0.006640917473118291,-0.006279412096774184
match_13,2,player_2,assist,1100.877,0.32198385645161287,0.3597456330645161,0.3455779096774193,0.3266729903225805,0.03776177661290325,0.023594053225806433,0.004689133870967643
match_13,2,player_2,assist,1108.174,0.32198385645161287,0.3597456330645161,0.3455779096774193,0.3266729903225805,0.03776177661290325,0.023594053225806433,0.004689133870967643
match_13,2,player_2,assist,1144.593,0.3455779096774193,0.33612544999999994,0.37436266693548376,0.3763427903225806,-0.009452459677419367,0.028784757258064453,0.030764880645161308
match_13,2,player_2,kill,1159.943,0.3651819991935483,0.33612544999999994,0.3266729903225805,0.3162066,-0.029056549193548387,-0.03850900887096781,-0.04897539919354832
match_13,2,player_2,kill,1170.77,0.3651819991935483,0.33612544999999994,0.3266729903225805,0.3162066,-0.029056549193548387,-0.03850900887096781,-0.04897539919354832
match_13,2,player_2,death,1185.035,0.3455779096774193,0.37436266693548376,0.2933259120967741,0.3162066,0.028784757258064453,-0.05225199758064519,-0.0293713096774193
match_13,2,player_2,assist,1187.255,0.33612544999999994,0.37436266693548376,0.3763427903225806,0.3763427903225806,0.03823721693548382,0.040217340322580675,0.040217340322580675
match_13,2,player_2,death,1267.991,0.3763427903225806,0.3462746951612903,0.35577873951612904,0.3588329274193548,-0.03006809516129033,-0.020564050806451573,-0.017509862903225815
match_13,2,player_2,assist,1271.228,0.3763427903225806,0.3462746951612903,0.35577873951612904,0.3588329274193548,-0.03006809516129033,-0.020564050806451573,-0.017509862903225815
match_13,2,player_2,assist,1323.318,0.3763427903225806,0.37709190322580644,0.33922149354838704,0.2933735241935484,0.0007491129032258237,-0.03712129677419357,-0.08296926612903222
match_13,2,player_2,death,1328.601,0.3763427903225806,0.37709190322580644,0.33922149354838704,0.2933735241935484,0.0007491129032258237,-0.03712129677419357,-0.08296926612903222
match_13,2,player_2,assist,1342.063,0.35577873951612904,0.37709190322580644,0.3196100596774193,0.2933735241935484,0.021313163709677396,-0.03616867983870975,-0.06240521532258064
match_13,2,player_2,kill,1394.21,0.3588329274193548,0.30361100725806445,0.290492739516129,0.3782936725806451,-0.05522192016129035,-0.06834018790322582,0.019460745161290316
match_13,2,player_2,kill,1516.451,0.3878657838709677,0.36613561451612897,0.3539775564516129,0.3529130204301075,-0.021730169354838735,-0.03388822741935482,-0.03495276344086018
match_13,2,player_2,kill,1544.985,0.3782936725806451,0.35505522822580643,0.344504764516129,0.3529130204301075,-0.023238444354838683,-0.03378890806451612,-0.025380652150537586
match_13,2,player_2,kill,1650.0,0.34289482473118277,0.3678502900537634,0.3827875596774193,0.3561163548387096,0.02495546532258064,0.03989273494623652,0.013221530107526858
match_13,2,player_2,kill,1667.495,0.3678502900537634,0.39044894516129025,0.3716753629032258,0.3643941064516128,0.022598655107526844,0.0038250728494623742,-0.0034561836021506087
match_13,2,player_2,kill,1672.251,0.3678502900537634,0.39044894516129025,0.3716753629032258,0.3643941064516128,0.022598655107526844,0.0038250728494623742,-0.0034561836021506087
match_13,2,player_2,death,1672.779,0.3678502900537634,0.39044894516129025,0.3716753629032258,0.3643941064516128,0.022598655107526844,0.0038250728494623742,-0.0034561836021506087
match_13,2,player_2,kill,1797.046,0.3638958588709677,0.3602552306451612,0.3386539403225806,0.3757436596774193,-0.0036406282258065192,-0.025241918548387088,0.011847800806451592
match_13,2,player_2,death,1829.469,0.3602552306451612,0.3515240233870967,0.3386539403225806,0.3757436596774193,-0.008731207258064477,-0.02160129032258057,0.01548842903225811
match_13,2,player_2,kill,1891.787,0.3386539403225806,0.3865793596774193,0.3848105314516128,0.4152561161290322,0.04792541935483868,0.0461565911290322,0.07660217580645157
match_13,2,player_2,kill,1903.591,0.3386539403225806,0.3865793596774193,0.3848105314516128,0.4152561161290322,0.04792541935483868,0.0461565911290322,0.07660217580645157
match_13,2,player_2,kill,1934.406,0.3757436596774193,0.3848105314516128,0.40279228145161283,0.4152561161290322,0.009066871774193519,0.027048621774193538,0.03951245645161289
match_13,2,player_2,kill,2044.644,0.4152561161290322,0.39562550134408603,0.4045804333333334,,-0.019630614784946154,-0.010675682795698804,
match_13,2,player_2,death,2052.485,0.4152561161290322,0.39562550134408603,0.4045804333333334,,-0.019630614784946154,-0.010675682795698804,
match_13,3,player_3,assist,209.386,0.3289299306451612,0.33493027499999994,0.4068887330645161,0.3511853032258064,0.00600034435483876,0.07795880241935493,0.022255372580645194
match_13,3,player_3,kill,448.195,0.3287395096774193,0.3554517032258064,0.36442561774193544,0.3276522177419354,0.02671219354838711,0.035686108064516164,-0.0010872919354838473
match_13,3,player_3,kill,583.133,0.3189448967741935,0.33986194435483863,0.3520716709677418,0.359101843548387,0.02091704758064511,0.03312677419354826,0.04015694677419346
match_13,3,player_3,assist,583.694,0.3189448967741935,0.33986194435483863,0.3520716709677418,0.359101843548387,0.02091704758064511,0.03312677419354826,0.04015694677419346
match_13,3,player_3,death,595.156,0.3276522177419354,0.3336486733870967,0.33754427096774187,0.359101843548387,0.005996455645161269,0.00989205322580644,0.03144962580645155
match_13,3,player_3,kill,676.296,0.33754427096774187,0.3594823548387096,0.3524468580645161,0.3524468580645161,0.02193808387096774,0.014902587096774222,0.014902587096774222
match_13,3,player_3,kill,691.017,0.359101843548387,0.35303181451612897,0.3497043217741935,0.3524468580645161,-0.006070029032258006,-0.009397521774193451,-0.00665498548387089
match_13,3,player_3,death,796.182,0.34231968548387093,0.35157921854838714,0.3546726129032257,0.3474160048387097,0.009259533064516212,0.012352927419354787,0.005096319354838785
match_13,3,player_3,death,922.224,0.3474160048387097,0.3453126266129032,0.33747586281361996,0.3266472272401433,-0.0021033782258065292,-0.009940142025089749,-0.020768777598566435
match_13,3,player_3,kill,1100.877,0.3111829096774192,0.3295772483870967,0.3442620241935484,0.3372105629032257,0.018394338709677494,0.033079114516129215,0.026027653225806524
match_13,3,player_3,assist,1108.174,0.3111829096774192,0.3295772483870967,0.3442620241935484,0.3372105629032257,0.018394338709677494,0.033079114516129215,0.026027653225806524
match_13,3,player_3,kill,1144.593,0.3111829096774192,0.3442620241935484,0.33888151209677414,0.3268866564516128,0.033079114516129215,0.027698602419354956,0.015703746774193617
match_13,3,player_3,assist,1159.943,0.3295772483870967,0.3442620241935484,0.3372105629032257,0.3247668370967741,0.014684775806451722,0.0076333145161290306,-0.004810411290322558
match_13,3,player_3,assist,1170.77,0.3405524612903226,0.33888151209677414,0.32650102661290314,0.3247668370967741,-0.0016709491935484322,-0.014051434677419428,-0.015785624193548453
match_13,3,player_3,assist,1187.255,0.3442620241935484,0.33888151209677414,0.3268866564516128,0.3268866564516128,-0.005380512096774259,-0.0173753677419356,-0.0173753677419356
match_13,3,player_3,assist,1271.228,0.32133907338709666,0.32582674677419343,0.3608837370967741,0.3911609709677419,0.004487673387096769,0.03954466370967746,0.06982189758064522
match_13,3,player_3,assist,1274.658,0.32133907338709666,0.32582674677419343,0.3608837370967741,0.3911609709677419,0.004487673387096769,0.03954466370967746,0.06982189758064522
match_13,3,player_3,assist,1291.857,0.3247668370967741,0.3428252870967741,0.37602235403225803,0.3911609709677419,0.018058450000000004,0.051255516935483914,0.06639413387096776
match_13,3,player_3,death,1297.071,0.32582674677419343,0.3428252870967741,0.3608837370967741,0.4025709661290322,0.01699854032258069,0.035056990322580694,0.07674421935483877
match_13,3,player_3,death,1377.661,0.3608837370967741,0.4181147661290322,0.4481385717741935,0.3444233564516128,0.057231029032258074,0.08725483467741935,-0.01646038064516131
match_13,3,player_3,assist,1459.948,0.4481385717741935,0.35637429516129027,0.3442153467741935,0.3442153467741935,-0.0917642766129032,-0.10392322499999995,-0.10392322499999995
match_13,3,player_3,assist,1544.985,0.34431935161290317,0.33712109999999995,0.3820903112903225,0.3444525193548386,-0.007198251612903217,0.037770959677419336,0.00013316774193544711
match_13,3,player_3,death,1647.206,0.3820903112903225,0.3417591806451612,0.3960543798387096,0.3660804564516129,-0.040331130645161306,0.01396406854838711,-0.016009854838709592
match_13,3,player_3,assist,1650.0,0.3820903112903225,0.3417591806451612,0.3960543798387096,0.3660804564516129,-0.040331130645161306,0.01396406854838711,-0.016009854838709592
match_13,3,player_3,assist,1797.046,0.3604707532258064,0.38214290725806443,0.38009127661290315,0.3563674919354838,0.02167215403225803,0.019620523387096744,-0.004103261290322624
match_13,3,player_3,death,1807.138,0.3490312,0.38214290725806443,0.3563674919354838,0.3767098,0.03311170725806445,0.007336291935483796,0.027678599999999998
match_13,3,player_3,assist,1816.421,0.3490312,0.38214290725806443,0.3563674919354838,0.3767098,0.03311170725806445,0.007336291935483796,0.027678599999999998
match_13,3,player_3,death,1887.002,0.3563674919354838,0.360141925,0.37703118548387093,0.3773525709677419,0.0037744330645161916,0.020663693548387152,0.020985079032258103
match_13,3,player_3,assist,1891.787,0.3563674919354838,0.360141925,0.37703118548387093,0.3773525709677419,0.0037744330645161916,0.020663693548387152,0.020985079032258103
match_13,3,player_3,death,2039.236,0.3857469792114695,0.37341912267025085,0.3610912661290322,,-0.012327856541218651,-0.024655713082437303,
match_13,3,player_3,assist,2044.644,0.3857469792114695,0.37341912267025085,0.3610912661290322,,-0.012327856541218651,-0.024655713082437303,
match_13,4,player_4,kill,233.216,0.3575058911290322,0.35448539354838704,0.3564580935483871,0.4176532709677419,-0.003020497580645154,-0.0010477975806451045,0.060147379838709714
match_13,4,player_4,kill,239.882,0.3564580935483871,0.3436845693548387,0.36123141774193546,0.4176532709677419,-0.01277352419354838,0.004773324193548367,0.06119517741935482
match_13,4,player_4,death,243.314,0.3564580935483871,0.3436845693548387,0.36123141774193546,0.4176532709677419,-0.01277352419354838,0.004773324193548367,0.06119517741935482
match_13,4,player_4,assist,314.663,0.36123141774193546,0.41071941209677415,0.4176532709677419,0.382800129032258,0.049487994354838694,0.05642185322580645,0.021568711290322562
match_13,4,player_4,assist,448.195,0.40314710564516126,0.4055577475806451,0.382800129032258,0.4064318279569892,0.002410641935483848,-0.020346976612903245,0.0032847223118279145
match_13,4,player_4,death,590.239,0.41458854301075265,0.38367243817204294,0.4888476727598565,0.4348001161290322,-0.030916104838709713,0.07425912974910387,0.020211573118279536
match_13,4,player_4,death,793.474,0.4198529306451612,0.33490602580645157,0.3614103233870968,0.415344908064516,-0.08494690483870965,-0.05844260725806444,-0.004508022580645199
match_13,4,player_4,death,1008.272,0.4364158774193547,0.4201535376344085,0.4890407419354838,0.4325143999999999,-0.016262339784946234,0.05262486451612908,-0.003901477419354815
match_13,4,player_4,kill,1009.133,0.4364158774193547,0.4201535376344085,0.4890407419354838,0.4325143999999999,-0.016262339784946234,0.05262486451612908,-0.003901477419354815
match_13,4,player_4,assist,1100.877,0.48925051935483865,0.46077757096774186,0.4059713709677419,0.4621412096774193,-0.028472948387096797,-0.08327914838709677,-0.02710930967741937
match_13,4,player_4,kill,1108.174,0.48925051935483865,0.46077757096774186,0.4059713709677419,0.4621412096774193,-0.028472948387096797,-0.08327914838709677,-0.02710930967741937
match_13,4,player_4,kill,1187.255,0.40390846048387086,0.43572420806451606,0.4621412096774193,0.3845204693548387,0.031815747580645204,0.05823274919354843,-0.019387991129032167
match_13,4,player_4,assist,1271.228,0.4621412096774193,0.3592604129928315,0.3691769025089605,0.4043534483870967,-0.10288079668458777,-0.09296430716845877,-0.05778776129032259
match_13,4,player_4,death,1272.748,0.4621412096774193,0.3592604129928315,0.3691769025089605,0.4043534483870967,-0.10288079668458777,-0.09296430716845877,-0.05778776129032259
match_13,4,player_4,assist,1341.45,0.3691769025089605,0.38805178145161284,0.3915227935483871,0.3915227935483871,0.01887487894265233,0.02234589103942658,0.02234589103942658
match_13,4,player_4,assist,1342.063,0.3691769025089605,0.38805178145161284,0.3915227935483871,0.3915227935483871,0.01887487894265233,0.02234589103942658,0.02234589103942658
match_13,4,player_4,death,1432.249,0.4018971975806451,0.3827600274193549,0.4081507080645161,0.4087842096774193,-0.01913717016129024,0.006253510483870961,0.00688701209677417
match_13,4,player_4,death,1540.294,0.4081507080645161,0.4075331153225805,0.45435353064516126,0.474066529032258,-0.0006175927419355687,0.046202822580645175,0.0659158209677419
match_13,4,player_4,assist,1544.985,0.43931921048387085,0.4075331153225805,0.474066529032258,0.3784953629032257,-0.03178609516129033,0.03474731854838714,-0.06082384758064513
match_13,4,player_4,assist,1650.0,0.474066529032258,0.3539789967741934,0.37253296290322574,0.4156032951612903,-0.12008753225806457,-0.10153356612903225,-0.05846323387096769
match_13,4,player_4,death,1654.172,0.474066529032258,0.3539789967741934,0.37253296290322574,0.4156032951612903,-0.12008753225806457,-0.10153356612903225,-0.05846323387096769
match_13,4,player_4,assist,1797.046,0.4141208879032257,0.3653519870967741,0.3405583,0.4143364048387096,-0.04876890080645163,-0.07356258790322573,0.00021551693548388373
match_13,4,player_4,death,1805.014,0.4024596306451612,0.33440132177419346,0.3774473524193548,0.4143364048387096,-0.06805830887096775,-0.025012278225806428,0.011876774193548378
match_13,4,player_4,assist,1903.591,0.4143364048387096,0.4267348629032258,0.38677389435483867,0.3997559177419354,0.012398458064516227,-0.027562510483870928,-0.014580487096774175
match_13,4,player_4,assist,2044.644,0.3434776064516129,0.32275960322580644,0.3317083516129032,,-0.02071800322580647,-0.01176925483870972,
match_13,4,player_4,death,2045.627,0.3434776064516129,0.32275960322580644,0.3317083516129032,,-0.02071800322580647,-0.01176925483870972,
match_14,1,player_1,assist,510.733,0.2910753457114278,0.2786005782695673,0.27258095719554876,0.2707195919354838,-0.01247476744186049,-0.018494388515879034,-0.020355753775944008
match_14,1,player_1,kill,514.396,0.28691708989747433,0.2786005782695673,0.2707195919354838,0.3307987274193548,-0.00831651162790703,-0.016197497961990548,0.04388163752188046
match_14,1,player_1,assist,518.389,0.28691708989747433,0.2786005782695673,0.2707195919354838,0.3307987274193548,-0.00831651162790703,-0.016197497961990548,0.04388163752188046
match_14,1,player_1,death,701.367,0.3142351596774192,0.25439073467741924,0.2521627016129032,0.2675964661290322,-0.05984442499999998,-0.062072458064516,-0.04663869354838701
match_14,1,player_1,assist,883.681,0.2793758354838709,0.2880527298387096,0.289157864516129,0.3126952774193547,0.008676894354838705,0.00978202903225811,0.03331944193548381
match_14,1,player_1,assist,888.565,0.2793758354838709,0.2880527298387096,0.289157864516129,0.3126952774193547,0.008676894354838705,0.00978202903225811,0.03331944193548381
match_14,1,player_1,death,1020.699,0.3126952774193547,0.3299059693548386,0.30589165080645153,0.2887739258064515,0.017210691935483913,-0.00680362661290318,-0.023921351612903208
match_14,1,player_1,kill,1108.407,0.2887739258064515,0.3152306080645161,0.31674757822580646,0.2876663016129032,0.02645668225806458,0.027973652419354955,-0.0011076241935483178
match_14,1,player_1,kill,1114.484,0.286703143548387,0.3152306080645161,0.3187364483870967,0.3034009096774193,0.028527464516129086,0.0320333048387097,0.016697766129032288
match_14,1,player_1,death,1143.333,0.2887739258064515,0.31674757822580646,0.30320137499999994,0.3034009096774193,0.027973652419354955,0.014427449193548436,0.01462698387096778
match_14,1,player_1,death,1273.013,0.29017753306451605,0.3043072499999999,0.2810469241935482,0.2781091774193548,0.014129716935483871,-0.009130608870967838,-0.012068355645161233
match_14,1,player_1,assist,1348.738,0.2810469241935482,0.2899250137096774,0.2933366709677419,0.3313043209677418,0.008878089516129173,0.0122897467741937,0.05025739677419361
match_14,1,player_1,assist,1391.507,0.2899250137096774,0.2933366709677419,0.3313043209677418,0.3813909451612903,0.0034116572580645266,0.041379307258064435,0.09146593145161291
match_14,1,player_1,assist,1397.304,0.2899250137096774,0.2933366709677419,0.3313043209677418,0.3813909451612903,0.0034116572580645266,0.041379307258064435,0.09146593145161291
match_14,1,player_1,assist,1461.129,0.3313043209677418,0.3904572314516128,0.3436201927419354,0.2877168677419354,0.059152910483871,0.012315871774193576,-0.04358745322580643
match_14,1,player_1,assist,1544.348,0.3436201927419354,0.2762755096774193,0.3137279225806451,0.2981030709677419,-0.06734468306451608,-0.029892270161290313,-0.04551712177419348
match_14,1,player_1,assist,1544.932,0.3436201927419354,0.2762755096774193,0.3137279225806451,0.2981030709677419,-0.06734468306451608,-0.029892270161290313,-0.04551712177419348
match_14,1,player_1,assist,1547.193,0.3436201927419354,0.2762755096774193,0.3137279225806451,0.2981030709677419,-0.06734468306451608,-0.029892270161290313,-0.04551712177419348
match_14,1,player_1,kill,1620.905,0.3137279225806451,0.34044413548387087,0.2928145572580645,0.3146204016129031,0.02671621290322579,-0.02091336532258059,0.0008924790322580312
match_14,1,player_1,assist,1623.869,0.3137279225806451,0.34044413548387087,0.2928145572580645,0.3146204016129031,0.02671621290322579,-0.02091336532258059,0.0008924790322580312
match_14,1,player_1,assist,1735.313,0.3146204016129031,0.3433304443548386,0.35135779274193546,0.3351733838709677,0.028710042741935504,0.03673739112903235,0.020552982258064567
match_14,1,player_1,death,1750.061,0.35599275564516125,0.3433304443548386,0.3720404870967742,0.3698104838709677,-0.012662311290322636,0.016047731451612923,0.013817728225806458
match_14,1,player_1,kill,1751.429,0.35599275564516125,0.3433304443548386,0.3720404870967742,0.3698104838709677,-0.012662311290322636,0.016047731451612923,0.013817728225806458
match_14,2,player_2,death,506.471,0.37754,0.37754,0.3778655741935484,0.377540464516129,0.0,0.0003255741935483947,4.645161290062205e-07
match_14,2,player_2,death,831.712,0.37754,0.37754,0.37754,0.37754,0.0,0.0,0.0
match_14,2,player_2,kill,907.724,0.37754,0.37754,0.37754,0.37754,0.0,0.0,0.0
match_14,2,player_2,death,958.846,0.37754,0.37754,0.37754,0.37754,0.0,0.0,0.0
match_14,2,player_2,death,1017.414,0.37754,0.37754,0.37754,0.37754,0.0,0.0,0.0
match_14,2,player_2,death,1107.965,0.37754,0.37754,0.37754,0.37754,0.0,0.0,0.0
match_14,2,player_2,assist,1114.484,0.37754,0.37754,0.37754,0.37754,0.0,0.0,0.0
match_14,2,player_2,death,1279.338,0.37754,0.37754,0.37754,0.37754,0.0,0.0,0.0
match_14,2,player_2,assist,1397.304,0.37754,0.37754,0.37754,0.37754,0.0,0.0,0.0
match_14,2,player_2,assist,1544.348,0.37754,0.37754,0.37754,0.37754,0.0,0.0,0.0
match_14,2,player_2,assist,1544.932,0.37754,0.37754,0.37754,0.37754,0.0,0.0,0.0
match_14,2,player_2,assist,1547.193,0.37754,0.37754,0.37754,0.37754,0.0,0.0,0.0
match_14,2,player_2,death,1554.796,0.37754,0.37754,0.37754,0.37754,0.0,0.0,0.0
match_14,2,player_2,assist,1620.905,0.37754,0.37754,0.37754,0.37754,0.0,0.0,0.0
match_14,2,player_2,assist,1623.869,0.37754,0.37754,0.37754,0.37754,0.0,0.0,0.0
match_14,2,player_2,death,1660.899,0.37754,0.37754,0.37754,0.37754,0.0,0.0,0.0
match_14,2,player_2,kill,1735.313,0.37754,0.37754,0.37754,0.37754,0.0,0.0,0.0
match_14,2,player_2,death,1747.757,0.37754,0.37754,0.37754,0.37754,0.0,0.0,0.0
match_14,2,player_2,assist,1751.429,0.37754,0.37754,0.37754,0.37754,0.0,0.0,0.0
match_14,2,player_2,death,1856.762,0.37754,0.37754,0.37754,,0.0,0.0,
match_14,4,player_4,kill,510.733,0.3860730904377879,0.3813170190092165,0.3789389832949308,0.3831889322580645,-0.004756071428571429,-0.007134107142857116,-0.0028841581797234284
match_14,4,player_4,assist,514.396,0.3860730904377879,0.3813170190092165,0.3789389832949308,0.3831889322580645,-0.004756071428571429,-0.007134107142857116,-0.0028841581797234284
match_14,4,player_4,assist,518.389,0.3860730904377879,0.3813170190092165,0.3789389832949308,0.3831889322580645,-0.004756071428571429,-0.007134107142857116,-0.0028841581797234284
match_14,4,player_4,death,704.844,0.3831889322580645,0.3797429766129031,0.37823230241935474,0.3775421354838709,-0.0034459556451613693,-0.0049566298387097585,-0.005646796774193608
match_14,4,player_4,assist,883.681,0.374085243548387,0.3736350572580645,0.3721256437683284,0.3776010967741935,-0.00045018629032250734,-0.0019595997800586074,0.003515853225806498
match_14,4,player_4,assist,888.565,0.374085243548387,0.3736350572580645,0.3721256437683284,0.3776010967741935,-0.00045018629032250734,-0.0019595997800586074,0.003515853225806498
match_14,4,player_4,assist,1108.407,0.4638275330645161,0.38699308225806445,0.377594408064516,0.3847059193548386,-0.07683445080645163,-0.08623312500000008,-0.07912161370967746
match_14,4,player_4,assist,1114.484,0.4638275330645161,0.38699308225806445,0.377594408064516,0.3847059193548386,-0.07683445080645163,-0.08623312500000008,-0.07912161370967746
match_14,4,player_4,death,1166.385,0.37281216048387084,0.37309810080645145,0.3847059193548386,0.3775998919354838,0.0002859403225806134,0.011893758870967774,0.0047877314516129865
match_14,4,player_4,death,1265.808,0.39159563387096763,0.3879929016129031,0.37754,0.37754,-0.0036027322580645116,-0.014055633870967643,-0.014055633870967643
match_14,4,player_4,kill,1397.304,0.37754,0.3727125008064516,0.377891039516129,0.3880869,-0.004827499193548412,0.00035103951612902584,0.010546900000000026
match_14,4,player_4,assist,1461.129,0.3777298225806451,0.38934657096774195,0.3840731258064516,0.37754,0.011616748387096865,0.006343303225806507,-0.00018982258064509372
match_14,4,player_4,assist,1544.348,0.3775400096774193,0.37360787580645155,0.3760856959677419,0.37754,-0.003932133870967747,-0.0014543137096774128,-9.677419310349933e-09
match_14,4,player_4,assist,1544.932,0.3775400096774193,0.37360787580645155,0.3760856959677419,0.37754,-0.003932133870967747,-0.0014543137096774128,-9.677419310349933e-09
match_14,4,player_4,kill,1547.193,0.3775400096774193,0.37360787580645155,0.3760856959677419,0.37754,-0.003932133870967747,-0.0014543137096774128,-9.677419310349933e-09
match_14,4,player_4,assist,1620.905,0.3760856959677419,0.38001782016129027,0.37754,0.3797491370967741,0.003932124193548381,0.0014543040322581025,0.003663441129032219
match_14,4,player_4,assist,1623.869,0.3760856959677419,0.38001782016129027,0.37754,0.3797491370967741,0.003932124193548381,0.0014543040322581025,0.003663441129032219
match_14,4,player_4,death,1712.853,0.3797561612903226,0.38086072983870967,0.3757101677419354,0.37754,0.001104568548387086,-0.0040459935483871945,-0.0022161612903225936
match_18,1,player_1,assist,165.005,0.4558482717741935,0.42492587499999995,0.4281842338709677,0.424114085483871,-0.03092239677419356,-0.027664037903225802,-0.03173418629032254
match_18,1,player_1,kill,227.085,0.411202914516129,0.41852084354838703,0.424114085483871,0.3890096903225806,0.00731792903225803,0.01291117096774197,-0.02219322419354841
match_18,1,player_1,death,358.369,0.3890096903225806,0.40164010125448024,0.38811018835125444,0.3998154858870967,0.01263041093189965,-0.0008995019713261554,0.010805795564516107
match_18,1,player_1,assist,452.079,0.3998154858870967,0.43034527036290315,0.4511283580645161,0.4313362693548387,0.030529784475806454,0.05131287217741942,0.03152078346774201
match_18,1,player_1,kill,1022.892,0.413941770967742,0.42058186935483877,0.39169606451612904,0.3561701612903226,0.006640098387096782,-0.022245706451612945,-0.0577716096774194
match_18,1,player_1,kill,1056.823,0.42058186935483877,0.39169606451612904,0.3561701612903226,0.4312639806451612,-0.028885804838709728,-0.06441170806451618,0.010682111290322427
match_18,1,player_1,kill,1141.049,0.3561701612903226,0.4015412814516129,0.4441369588709677,0.4404858451612902,0.0453711201612903,0.08796679758064513,0.0843156838709676
match_18,1,player_1,kill,1217.385,0.4441369588709677,0.44434394999999993,0.4404858451612902,0.4074666499999999,0.00020699112903221906,-0.0036511137096775226,-0.03667030887096784
match_18,1,player_1,kill,1656.968,0.36316888870967734,0.37066267177419343,0.3733173758064515,0.319278529032258,0.007493783064516091,0.010148487096774184,-0.04389035967741933
match_18,1,player_1,assist,1717.754,0.4102247749999999,0.4021228999999999,0.319278529032258,0.3425857064516129,-0.00810187499999998,-0.09094624596774187,-0.06763906854838697
match_18,1,player_1,assist,1760.011,0.3571136258064515,0.31671477499999995,0.3309321177419354,0.3425857064516129,-0.04039885080645156,-0.02618150806451608,-0.014527919354838603
match_18,1,player_1,assist,1825.05,0.319278529032258,0.36909010806451603,0.3633136612903225,0.3494332516129032,0.049811579032258024,0.04403513225806449,0.030154722580645166
match_18,1,player_1,assist,1853.318,0.3425857064516129,0.3633136612903225,0.34023303225806445,0.4393587096774193,0.020727954838709595,-0.002352674193548454,0.0967730032258064
match_18,1,player_1,kill,2008.691,0.4393587096774193,0.375922755376344,0.4040926548387096,0.3798978268817203,-0.06343595430107529,-0.035266054838709704,-0.059460882795699
match_18,1,player_1,kill,2027.45,0.39771598333333325,0.375922755376344,0.3798978268817203,0.3962035838709677,-0.021793227956989236,-0.017818156451612943,-0.0015123994623655324
match_18,1,player_1,kill,2230.638,0.4090860806451613,0.40298085403225803,0.3889859241935484,0.3889859241935484,-0.006105226612903247,-0.020100156451612894,-0.020100156451612894
match_18,1,player_1,assist,2280.688,0.4007655806451612,0.3754376846774193,0.37862197419354837,0.39804182258064513,-0.02532789596774193,-0.02214360645161284,-0.0027237580645160797
match_18,1,player_1,death,2333.635,0.3682580241935484,0.39804182258064513,0.4278256209677419,,0.029783798387096716,0.05956759677419349,
match_18,2,player_2,kill,165.005,0.1975462064516129,0.14590146505376334,0.2814060494623655,0.2462889161290322,-0.05164474139784955,0.08385984301075264,0.04874270967741931
match_18,2,player_2,kill,258.629,0.2091167494623655,0.2224233612903225,0.22879838709677414,0.2353135241935482,0.013306611827957004,0.01968163763440864,0.026196774731182704
match_18,2,player_2,assist,262.197,0.2091167494623655,0.2224233612903225,0.22879838709677414,0.2353135241935482,0.013306611827957004,0.01968163763440864,0.026196774731182704
match_18,2,player_2,kill,452.079,0.2703311669354838,0.2588920879032257,0.308278529032258,0.3052066870967741,-0.011439079032258104,0.037947362096774184,0.03487552016129031
match_18,2,player_2,death,782.755,0.20216771774193543,0.1858434096774193,0.2320613161290322,0.2490118387096774,-0.016324308064516124,0.029893598387096765,0.04684412096774199
match_18,2,player_2,assist,786.157,0.20216771774193543,0.1858434096774193,0.2320613161290322,0.2490118387096774,-0.016324308064516124,0.029893598387096765,0.04684412096774199
match_18,2,player_2,death,879.221,0.2405365774193548,0.2623713233870968,0.2446298161290322,0.2536165483870967,0.021834745967741986,0.004093238709677399,0.013079970967741883
match_18,2,player_2,death,932.217,0.26018031209677417,0.2118012733870967,0.2536165483870967,0.2800268999999999,-0.04837903870967747,-0.006563763709677484,0.019846587903225743
match_18,2,player_2,kill,1007.534,0.2536165483870967,0.2864608451612902,0.2546417483870967,0.3098939064516128,0.03284429677419354,0.0010252000000000039,0.056277358064516114
match_18,2,player_2,assist,1022.892,0.2668217241935483,0.2864608451612902,0.2928947903225806,0.3098939064516128,0.019639120967741897,0.026073066129032263,0.04307218225806447
match_18,2,player_2,assist,1056.823,0.2864608451612902,0.2546417483870967,0.3098939064516128,0.3098939064516128,-0.031819096774193534,0.023433061290322577,0.023433061290322577
match_18,2,player_2,assist,1119.424,0.26494092499999994,0.3116935249999999,0.3098939064516128,0.0762539999999999,0.04675259999999998,0.04495298145161286,-0.18868692500000003
match_18,2,player_2,assist,1141.049,0.3116935249999999,0.28936256532258053,0.2688312241935483,0.0762539999999999,-0.022330959677419382,-0.04286230080645159,-0.235439525
match_18,2,player_2,death,1206.406,0.3017864491935483,0.2054978370967741,0.0762539999999999,0.2384119580645161,-0.0962886120967742,-0.2255324491935484,-0.0633744911290322
match_18,2,player_2,assist,1207.168,0.3017864491935483,0.2054978370967741,0.0762539999999999,0.2384119580645161,-0.0962886120967742,-0.2255324491935484,-0.0633744911290322
match_18,2,player_2,death,1267.852,0.0642029427419354,0.10538316290322575,0.2384119580645161,0.3153568064516128,0.041180220161290346,0.1742090153225807,0.2511538637096774
match_18,2,player_2,kill,1312.194,0.1586144403225806,0.27688438225806444,0.31544929999999993,0.2589049516129031,0.11826994193548385,0.15683485967741934,0.10029051129032251
match_18,2,player_2,assist,1545.333,0.3129078112903225,0.2722170935483871,0.20822663306451605,0.2124868096774192,-0.040690717741935445,-0.10468117822580647,-0.10042100161290332
match_18,2,player_2,assist,1552.239,0.3129078112903225,0.2722170935483871,0.20822663306451605,0.2124868096774192,-0.040690717741935445,-0.10468117822580647,-0.10042100161290332
match_18,2,player_2,death,1654.025,0.23004973548387087,0.19168079516129025,0.135748929032258,0.3649500854838708,-0.03836894032258062,-0.09430080645161287,0.13490034999999995
match_18,2,player_2,kill,1760.011,0.3617037661290322,0.36332692580645154,0.3562894911290322,0.3817743887096774,0.001623159677419328,-0.005414275000000024,0.02007062258064518
match_18,2,player_2,kill,1825.05,0.3617037661290322,0.37310508870967735,0.3901778346774193,0.356927079032258,0.011401322580645135,0.028474068548387077,-0.0047766870967742014
match_18,2,player_2,assist,2008.691,0.3594133537634408,0.38489438172043006,0.3640109112903226,0.3176464129032258,0.025481027956989255,0.00459755752688179,-0.041766940860214985
match_18,2,player_2,assist,2027.45,0.3775586666666666,0.3640109112903226,0.3325468524193548,0.3474472919354838,-0.013547755376344006,-0.04501181424731182,-0.030111374731182805
match_18,2,player_2,death,2062.847,0.3594133537634408,0.3325468524193548,0.3235967532258064,0.3953248548387096,-0.026866501344086025,-0.03581660053763441,0.035911501075268804
match_18,2,player_2,assist,2143.785,0.3235967532258064,0.34753553467741927,0.397874343548387,0.3811608516129032,0.02393878145161288,0.07427759032258063,0.05756409838709681
match_18,2,player_2,assist,2230.638,0.418157414516129,0.4010993524193548,0.3637582193548387,0.3237115951612903,-0.017058062096774185,-0.05439919516129027,-0.0944458193548387
match_18,2,player_2,assist,2280.688,0.37245953548387095,0.35243622338709674,0.3237115951612903,0.2982503870967741,-0.020023312096774215,-0.048747940322580674,-0.07420914838709686
match_18,2,player_2,kill,2287.333,0.37245953548387095,0.35243622338709674,0.3237115951612903,0.2982503870967741,-0.020023312096774215,-0.048747940322580674,-0.07420914838709686
match_19,1,player_1,assist,314.056,0.35315500645161285,0.31526178575268815,0.3115837322580644,0.3417411096774193,-0.0378932206989247,-0.041571274193548446,-0.011413896774193577
match_19,1,player_1,kill,430.617,0.3311978338709677,0.31719309516129024,0.4074611709677419,0.3767467306451612,-0.014004738709677444,0.07626333709677424,0.04554889677419349
match_19,1,player_1,kill,468.433,0.31719309516129024,0.37460114032258063,0.4074611709677419,0.3643226838709676,0.05740804516129039,0.09026807580645169,0.04712958870967737
match_19,1,player_1,kill,531.097,0.4074611709677419,0.35082920322580635,0.37053470725806437,0.3643226838709676,-0.056631967741935574,-0.03692646370967756,-0.043138487096774314
match_19,1,player_1,kill,631.477,0.3643226838709676,0.3510696524193547,0.32447593548387094,0.4267420435483871,-0.013253031451612884,-0.039846748387096675,0.06241935967741946
match_19,1,player_1,assist,633.592,0.3643226838709676,0.3510696524193547,0.32447593548387094,0.4267420435483871,-0.013253031451612884,-0.039846748387096675,0.06241935967741946
match_19,1,player_1,assist,697.998,0.32447593548387094,0.34907928629032253,0.4267420435483871,0.3077548532258064,0.024603350806451596,0.10226610806451614,-0.016721082258064512
match_19,1,player_1,assist,699.946,0.32447593548387094,0.34907928629032253,0.4267420435483871,0.3077548532258064,0.024603350806451596,0.10226610806451614,-0.016721082258064512
match_19,1,player_1,death,724.525,0.34907928629032253,0.42923089274193543,0.3077548532258064,0.3189259016129032,0.0801516064516129,-0.04132443306451611,-0.030153384677419348
match_19,1,player_1,assist,727.003,0.34907928629032253,0.42923089274193543,0.3077548532258064,0.3189259016129032,0.0801516064516129,-0.04132443306451611,-0.030153384677419348
match_19,1,player_1,kill,789.212,0.36724844838709675,0.29889904354838703,0.3189259016129032,0.4133246967741935,-0.06834940483870972,-0.048322546774193564,0.04607624838709673
match_19,1,player_1,kill,795.228,0.36724844838709675,0.29889904354838703,0.3189259016129032,0.4133246967741935,-0.06834940483870972,-0.048322546774193564,0.04607624838709673
match_19,1,player_1,assist,800.382,0.3077548532258064,0.30448456774193544,0.32497366209677414,0.4133246967741935,-0.0032702854838709827,0.017218808870967717,0.10556984354838705
match_19,1,player_1,assist,814.65,0.29889904354838703,0.30448456774193544,0.3310214225806451,0.4133246967741935,0.005585524193548408,0.032122379032258064,0.11442565322580645
match_19,1,player_1,assist,841.475,0.3077548532258064,0.32497366209677414,0.393990129032258,0.4133246967741935,0.017218808870967717,0.08623527580645157,0.10556984354838705
match_19,1,player_1,assist,846.133,0.30448456774193544,0.32497366209677414,0.4133246967741935,0.4133246967741935,0.0204890943548387,0.10884012903225804,0.10884012903225804
match_19,1,player_1,assist,852.574,0.30448456774193544,0.32497366209677414,0.4133246967741935,0.4133246967741935,0.0204890943548387,0.10884012903225804,0.10884012903225804
match_19,1,player_1,kill,860.666,0.3189259016129032,0.393990129032258,0.4351417661290322,0.4133246967741935,0.07506422741935481,0.11621586451612903,0.0943987951612903
match_19,1,player_1,assist,874.805,0.32497366209677414,0.393990129032258,0.4133246967741935,0.4477181580645161,0.06901646693548386,0.08835103467741934,0.12274449596774195
match_19,1,player_1,kill,932.175,0.4133246967741935,0.41103649193548375,0.45688043064516126,0.47636536612903224,-0.0022882048387097287,0.04355573387096778,0.06304066935483876
match_19,1,player_1,kill,932.77,0.4133246967741935,0.41103649193548375,0.45688043064516126,0.47636536612903224,-0.0022882048387097287,0.04355573387096778,0.06304066935483876
match_19,1,player_1,death,945.157,0.4351417661290322,0.41103649193548375,0.4477181580645161,0.4477181580645161,-0.024105274193548465,0.012576391935483877,0.012576391935483877
match_19,1,player_1,assist,957.812,0.4133246967741935,0.45688043064516126,0.47636536612903224,0.4477181580645161,0.04355573387096778,0.06304066935483876,0.03439346129032261
match_19,2,player_2,kill,125.589,0.4059080532258063,0.3998375427419354,0.3894488395161289,0.3851306467741934,-0.006070510483870917,-0.0164592137096774,-0.020777406451612912
match_19,2,player_2,assist,135.365,0.4256403661290321,0.3998375427419354,0.3851306467741934,0.4037085854838709,-0.02580282338709672,-0.040509719354838714,-0.021931780645161214
match_19,2,player_2,assist,293.643,0.40490110035842286,0.40449854354838705,0.4052885016129032,0.4270351193548386,-0.00040255681003581456,0.00038740125448033513,0.02213401899641576
match_19,2,player_2,kill,314.056,0.40449854354838705,0.3944445508064516,0.4184653096774193,0.4184653096774193,-0.010053992741935469,0.013966766129032249,0.013966766129032249
match_19,2,player_2,assist,368.064,0.4052885016129032,0.4239682282258064,0.42275021451612893,0.3986019645161289,0.01867972661290318,0.017461712903225735,-0.006686537096774303
match_19,2,player_2,assist,373.944,0.40653587338709674,0.4239682282258064,0.4184653096774193,0.3986019645161289,0.01743235483870964,0.01192943629032256,-0.007933908870967843
match_19,2,player_2,assist,468.433,0.3877225096774193,0.3735059322580644,0.3986019645161289,0.3863609736559139,-0.014216577419354892,0.010879454838709612,-0.001361536021505405
match_19,2,player_2,kill,596.199,0.3863609736559139,0.40390002822580634,0.35246916370967735,0.3452205983870967,0.017539054569892465,-0.03389180994623653,-0.0411403752688172
match_19,2,player_2,assist,631.477,0.3863609736559139,0.35246916370967735,0.3347075032258064,0.3648051741935483,-0.03389180994623653,-0.051653470430107484,-0.021555799462365577
match_19,2,player_2,kill,633.592,0.3863609736559139,0.35246916370967735,0.3347075032258064,0.3648051741935483,-0.03389180994623653,-0.051653470430107484,-0.021555799462365577
match_19,2,player_2,kill,667.876,0.3807439193548386,0.3347075032258064,0.35501288629032246,0.3648051741935483,-0.0460364161290322,-0.02573103306451613,-0.01593874516129029
match_19,2,player_2,assist,697.998,0.3452205983870967,0.35501288629032246,0.3763613967741935,0.3879176193548387,0.009792287903225783,0.031140798387096824,0.04269702096774203
match_19,2,player_2,kill,699.946,0.3347075032258064,0.35501288629032246,0.3648051741935483,0.3722610903225806,0.02030538306451607,0.030097670967741907,0.0375535870967742
match_19,2,player_2,assist,727.003,0.3452205983870967,0.3763613967741935,0.30483230510752685,0.3722610903225806,0.031140798387096824,-0.04038829327956983,0.027040491935483912
match_19,2,player_2,assist,795.228,0.30483230510752685,0.3161608583333333,0.3992315555555555,0.2671454725806451,0.011328553225806448,0.09439925044802866,-0.037686832526881764
match_19,2,player_2,kill,800.382,0.30483230510752685,0.3161608583333333,0.3992315555555555,0.2671454725806451,0.011328553225806448,0.09439925044802866,-0.037686832526881764
match_19,2,player_2,assist,814.65,0.3879176193548387,0.3914179080645161,0.3857463229390681,0.2671454725806451,0.0035002887096773905,-0.0021712964157706294,-0.12077214677419362
match_19,2,player_2,assist,822.842,0.3161608583333333,0.3914179080645161,0.3722610903225806,0.2620449625,0.0752570497311828,0.056100231989247296,-0.054115895833333316
match_19,2,player_2,kill,841.475,0.3722610903225806,0.3857463229390681,0.28175810439068094,0.2620449625,0.013485232616487486,-0.09050298593189965,-0.11021612782258061
match_19,2,player_2,death,872.921,0.3992315555555555,0.28175810439068094,0.21571506290322573,0.2620449625,-0.11747345116487456,-0.18351649265232978,-0.13718659305555553
match_19,2,player_2,assist,986.918,0.2620449625,0.13670611469534044,0.0370114161290322,,-0.12533884780465954,-0.22503354637096779,
match_19,2,player_2,kill,990.485,0.2620449625,0.13670611469534044,0.0370114161290322,,-0.12533884780465954,-0.22503354637096779,
match_19,2,player_2,death,994.186,0.2620449625,0.13670611469534044,0.0370114161290322,,-0.12533884780465954,-0.22503354637096779,
match_2,1,player_1,kill,100.859,0.2706207548387096,0.2611636314516129,0.3067604274193548,0.3093890403225806,-0.0094571233870967,0.036139672580645155,0.03876828548387096
match_2,1,player_1,kill,117.959,0.2637238629032258,0.2826819137096774,0.3207190564516128,0.3093890403225806,0.018958050806451576,0.056995193548387,0.045665177419354774
match_2,1,player_1,kill,145.372,0.2637238629032258,0.3207190564516128,0.30740147096774184,0.2801252564516128,0.056995193548387,0.04367760806451604,0.01640139354838699
match_2,1,player_1,assist,268.03,0.2801252564516128,0.26096733978494613,0.2697840758064515,0.2880322241935483,-0.019157916666666663,-0.010341180645161319,0.0079069677419355
match_2,1,player_1,assist,361.596,0.2742754129032257,0.29426060403225796,0.2801271669354838,0.2722221096774193,0.019985191129032243,0.005851754032258072,-0.0020533032258064354
match_2,1,player_1,assist,368.21,0.28738219838709667,0.29426060403225796,0.2722221096774193,0.2792051919354838,0.00687840564516129,-0.015160088709677388,-0.008177006451612845
match_2,1,player_1,assist,415.963,0.2880322241935483,0.2689370951612903,0.28795703951612905,0.3022927983870968,-0.019095129032258018,-7.518467741923773e-05,0.014260574193548481
match_2,1,player_1,assist,430.81,0.2801271669354838,0.2689370951612903,0.2792051919354838,0.2844382032258064,-0.01119007177419351,-0.0009219749999999638,0.00431103629032259
match_2,1,player_1,assist,460.644,0.2689370951612903,0.28795703951612905,0.3022927983870968,0.2853032274193547,0.01901994435483878,0.0333557032258065,0.016366132258064436
match_2,1,player_1,kill,548.851,0.29074899516129027,0.2933655008064516,0.2853032274193547,0.2931663677419354,0.0026165056451613045,-0.005445767741935559,0.0024173725806451163
match_2,1,player_1,kill,599.327,0.2853032274193547,0.2867117798387096,0.3127298870967742,0.2931663677419354,0.0014085524193548915,0.027426659677419474,0.007863140322580675
match_2,1,player_1,kill,609.746,0.28487071532258057,0.2867117798387096,0.2931663677419354,0.2931663677419354,0.0018410645161290318,0.008295652419354815,0.008295652419354815
match_2,1,player_1,kill,611.691,0.28487071532258057,0.2867117798387096,0.2931663677419354,0.2931663677419354,0.0018410645161290318,0.008295652419354815,0.008295652419354815
match_2,1,player_1,kill,643.705,0.2867117798387096,0.3127298870967742,0.2931663677419354,0.3055769,0.026018107258064582,0.006454587903225784,0.018865120161290383
match_2,1,player_1,assist,678.305,0.3127298870967742,0.3152529048387096,0.2931663677419354,0.3055769,0.0025230177419354183,-0.0195635193548388,-0.007152987096774199
match_2,1,player_1,assist,708.452,0.3152529048387096,0.2887386088709677,0.3055769,0.3055769,-0.026514295967741908,-0.009676004838709618,-0.009676004838709618
match_2,1,player_1,death,716.471,0.2931663677419354,0.30140326693548386,0.3120362919354839,0.3055769,0.008236899193548475,0.018869924193548493,0.0124105322580646
match_2,1,player_1,kill,723.275,0.2931663677419354,0.30140326693548386,0.3120362919354839,0.3055769,0.008236899193548475,0.018869924193548493,0.0124105322580646
match_2,1,player_1,assist,728.658,0.2887386088709677,0.30140326693548386,0.3055769,0.2926449499999999,0.012664658064516165,0.01683829112903229,0.003906341129032209
match_2,1,player_1,kill,782.28,0.3055769,0.2991109249999999,0.299697658064516,0.3067503661290321,-0.006465975000000068,-0.005879241935484003,0.0011734661290321302
match_2,1,player_1,assist,852.992,0.299697658064516,0.29829507983870956,0.3269790983870967,0.3223875709677419,-0.0014025782258064168,0.02728144032258073,0.022689912903225917
match_2,1,player_1,kill,988.978,0.3223875709677419,0.3219488637096774,0.329327364516129,0.3371445725806451,-0.00043870725806449684,0.006939793548387085,0.01475700161290322
match_2,1,player_1,assist,1026.182,0.3219488637096774,0.329327364516129,0.3371445725806451,,0.007378500806451582,0.015195708870967717,
match_2,1,player_1,kill,1033.486,0.3219488637096774,0.329327364516129,0.3371445725806451,,0.007378500806451582,0.015195708870967717,
match_20,1,player_1,death,159.333,0.3407738951612903,0.3771970379032258,0.3556796903225807,0.3473440016129032,0.03642314274193548,0.01490579516129037,0.006570106451612878
match_20,1,player_1,assist,525.706,0.3640048709677419,0.4137208024193548,0.4170904209677418,0.3580198709677418,0.049715931451612905,0.05308554999999987,-0.005985000000000129
match_20,1,player_1,kill,550.127,0.4137208024193548,0.41930410887096764,0.3580198709677418,0.3240940629032258,0.005583306451612813,-0.055700931451613034,-0.08962673951612904
match_20,1,player_1,assist,561.192,0.4137208024193548,0.41930410887096764,0.3580198709677418,0.3240940629032258,0.005583306451612813,-0.055700931451613034,-0.08962673951612904
match_20,1,player_1,assist,674.298,0.36617550483870964,0.3557406516129032,0.3439332903225806,0.4013233741935483,-0.01043485322580645,-0.022242214516129066,0.03514786935483866
match_20,1,player_1,kill,679.335,0.36617550483870964,0.3557406516129032,0.3439332903225806,0.4013233741935483,-0.01043485322580645,-0.022242214516129066,0.03514786935483866
match_20,1,player_1,assist,770.258,0.34589210806451604,0.37458714999999987,0.4152917016129032,0.3946000548387096,0.028695041935483834,0.06939959354838715,0.048707946774193545
match_20,1,player_1,death,837.513,0.4152917016129032,0.40967795645161276,0.3615486499999999,0.4403926483870967,-0.005613745161290429,-0.05374305161290327,0.0251009467741935
match_20,1,player_1,kill,900.095,0.3946000548387096,0.38444494677419344,0.46103941451612895,0.4418031258064515,-0.010155108064516138,0.06643935967741937,0.0472030709677419
match_20,1,player_1,death,979.389,0.46103941451612895,0.4617446532258064,0.3454945629032258,0.3687248887096774,0.0007052387096774249,-0.11554485161290318,-0.09231452580645155
match_20,1,player_1,assist,1209.687,0.3788544306451612,0.3460398072580645,0.3538950322580645,0.4540041129032258,-0.03281462338709673,-0.02495939838709671,0.07514968225806457
match_20,1,player_1,assist,1254.405,0.3381845822580644,0.41287132661290316,0.4724070733870967,0.4102828046594982,0.07468674435483874,0.13422249112903228,0.07209822240143376
match_20,1,player_1,assist,1256.18,0.3381845822580644,0.41287132661290316,0.4724070733870967,0.4102828046594982,0.07468674435483874,0.13422249112903228,0.07209822240143376
match_20,1,player_1,death,1322.636,0.4540041129032258,0.40546894274193546,0.3836082886200717,0.4102828046594982,-0.04853517016129033,-0.07039582428315411,-0.04372130824372761
match_20,2,player_2,kill,525.706,0.37794384354838706,0.3750317862903225,0.3897940709677419,0.3962242854838709,-0.0029120572580645376,0.01185022741935482,0.018280441935483838
match_20,2,player_2,assist,550.127,0.3750317862903225,0.38528861290322575,0.3962242854838709,0.3734338709677419,0.010256826612903225,0.021192499193548375,-0.0015979153225806342
match_20,2,player_2,kill,561.192,0.3807831548387096,0.3930091782258064,0.40435729516129026,0.3734338709677419,0.012226023387096774,0.02357414032258065,-0.007349283870967727
match_20,2,player_2,assist,607.326,0.3930091782258064,0.40435729516129026,0.3734338709677419,0.3012079919354838,0.011348116935483876,-0.0195753072580645,-0.09180118629032258
match_20,2,player_2,assist,611.424,0.3930091782258064,0.40435729516129026,0.3734338709677419,0.3012079919354838,0.011348116935483876,-0.0195753072580645,-0.09180118629032258
match_20,2,player_2,kill,674.298,0.39296208790322573,0.33732093145161285,0.3012079919354838,0.4108755774193547,-0.05564115645161288,-0.09175409596774192,0.017913489516128978
match_20,2,player_2,death,676.158,0.39296208790322573,0.33732093145161285,0.3012079919354838,0.4108755774193547,-0.05564115645161288,-0.09175409596774192,0.017913489516128978
match_20,2,player_2,assist,679.335,0.3734338709677419,0.2716318338709677,0.3264656266129031,0.4108755774193547,-0.10180203709677421,-0.04696824435483876,0.03744170645161282
match_20,2,player_2,kill,770.258,0.4108755774193547,0.3980244862903225,0.351513154032258,0.3248239623655913,-0.01285109112903221,-0.059362423387096686,-0.08605161505376341
match_20,2,player_2,kill,781.813,0.4108755774193547,0.3980244862903225,0.351513154032258,0.3248239623655913,-0.01285109112903221,-0.059362423387096686,-0.08605161505376341
match_20,2,player_2,kill,791.812,0.41219607661290314,0.3980244862903225,0.3248239623655913,0.3248239623655913,-0.01417159032258064,-0.08737211424731184,-0.08737211424731184
match_20,2,player_2,assist,900.095,0.3248239623655913,0.27451564838709674,0.1788918129032258,0.3258415209677419,-0.05030831397849456,-0.1459321494623655,0.0010175586021505811
match_20,2,player_2,death,904.827,0.331925705376344,0.27451564838709674,0.2100038483870968,0.375188664516129,-0.05741005698924728,-0.12192185698924723,0.04326295913978495
match_20,2,player_2,assist,1024.158,0.377291143548387,0.40196471532258055,0.375188664516129,0.4094436306451612,0.024673571774193548,-0.00210247903225802,0.03215248709677421
match_20,2,player_2,assist,1026.52,0.377291143548387,0.40196471532258055,0.375188664516129,0.4094436306451612,0.024673571774193548,-0.00210247903225802,0.03215248709677421
match_20,2,player_2,kill,1038.17,0.375188664516129,0.331412479032258,0.34853996209677407,0.4094436306451612,-0.043776185483870966,-0.026648702419354908,0.03425496612903223
match_20,2,player_2,kill,1137.233,0.4046336467741935,0.4126142733870968,0.38341245161290316,0.3462300032258064,0.007980626612903274,-0.02122119516129034,-0.05840364354838712
match_20,2,player_2,kill,1197.054,0.4046336467741935,0.34049200080645153,0.3622966766129031,0.387555341532258,-0.06414164596774197,-0.0423369701612904,-0.017078305241935487
match_20,2,player_2,kill,1206.308,0.38341245161290316,0.34049200080645153,0.3347539983870967,0.2886360112903225,-0.04292045080645163,-0.048658453225806475,-0.09477644032258065
match_20,2,player_2,assist,1209.687,0.38341245161290316,0.34049200080645153,0.3347539983870967,0.2886360112903225,-0.04292045080645163,-0.048658453225806475,-0.09477644032258065
match_20,2,player_2,assist,1254.405,0.3462300032258064,0.33923768306451607,0.33809567641129024,0.1977938951612902,-0.006992320161290311,-0.008134326814516146,-0.14843610806451618
match_20,2,player_2,kill,1256.18,0.3462300032258064,0.33923768306451607,0.33809567641129024,0.1977938951612902,-0.006992320161290311,-0.008134326814516146,-0.14843610806451618
match_20,2,player_2,kill,1276.762,0.3622966766129031,0.33923768306451607,0.2886360112903225,0.16958487903225794,-0.02305899354838703,-0.07366066532258059,-0.19271179758064516
match_20,2,player_2,kill,1321.347,0.387555341532258,0.2926746183467741,0.16958487903225794,0.1413758629032257,-0.0948807231854839,-0.21797046250000007,-0.2461794786290323
match_21,1,player_1,kill,82.845,0.4049818806451613,0.36249097338709674,0.3366993032258063,0.3533985403225805,-0.042490907258064536,-0.06828257741935495,-0.05158334032258077
match_21,1,player_1,kill,176.14,0.3228522677419354,0.35972577096774183,0.37898642741935473,0.3613735806451612,0.03687350322580646,0.05613415967741936,0.0385213129032258
match_21,1,player_1,kill,335.217,0.40798985645161284,0.41148050725806445,0.4005380483870967,0.3407616548387097,0.0034906508064516117,-0.007451808064516119,-0.06722820161290316
match_21,1,player_1,kill,556.492,0.2807098709677419,0.3449982451612903,0.3713720967741934,0.3908297422939067,0.06428837419354838,0.0906622258064515,0.1101198713261648
match_21,1,player_1,kill,602.987,0.3072809516129032,0.32839390483870956,0.38110091953405006,0.3908297422939067,0.021112953225806363,0.07381996792114687,0.08354879068100352
match_21,1,player_1,kill,607.871,0.33406562580645155,0.32839390483870956,0.3908297422939067,0.377770993548387,-0.005671720967741989,0.05676411648745516,0.04370536774193545
match_21,1,player_1,kill,661.912,0.3713720967741934,0.4033268792114695,0.39679750483870957,0.377770993548387,0.031954782437276064,0.025425408064516153,0.006398896774193585
match_21,1,player_1,kill,676.601,0.38110091953405006,0.4033268792114695,0.377770993548387,0.6062418838709678,0.022225959677419416,-0.0033299259856630625,0.22514096433691771
match_21,1,player_1,assist,744.759,0.377770993548387,0.5047333766129032,0.6302957338709678,0.4450721623655913,0.12696238306451618,0.2525247403225808,0.06730116881720427
match_21,1,player_1,assist,750.403,0.377770993548387,0.5047333766129032,0.6302957338709678,0.4450721623655913,0.12696238306451618,0.2525247403225808,0.06730116881720427
match_21,1,player_1,death,760.997,0.3664440814516128,0.5047333766129032,0.6062418838709678,0.3791292774193547,0.1382892951612904,0.239797802419355,0.012685195967741925
match_21,1,player_1,kill,846.856,0.5256570231182796,0.3973110666666666,0.3791292774193547,0.3916851064516128,-0.12834595645161295,-0.14652774569892485,-0.13397191666666675
match_21,1,player_1,kill,850.82,0.5256570231182796,0.3973110666666666,0.3791292774193547,0.3916851064516128,-0.12834595645161295,-0.14652774569892485,-0.13397191666666675
match_21,1,player_1,kill,853.724,0.5256570231182796,0.3973110666666666,0.3791292774193547,0.3916851064516128,-0.12834595645161295,-0.14652774569892485,-0.13397191666666675
match_21,1,player_1,kill,906.117,0.36433962419354826,0.4440389475806451,0.3916851064516128,0.3715880693548387,0.07969932338709684,0.027345482258064546,0.007248445161290418
match_21,1,player_1,death,915.988,0.36433962419354826,0.4440389475806451,0.3916851064516128,0.3715880693548387,0.07969932338709684,0.027345482258064546,0.007248445161290418
match_21,2,player_2,kill,140.432,0.4259962016129032,0.42880609354838706,0.42811252258064514,0.4264212419354838,0.002809891935483866,0.002116320967741947,0.0004250403225806165
match_21,2,player_2,assist,223.373,0.42811252258064514,0.4326090209677419,0.4309485145161289,0.4343007419354838,0.004496498387096759,0.0028359919354837837,0.006188219354838653
match_21,2,player_2,kill,265.384,0.4264212419354838,0.42868487822580637,0.4326246282258064,0.4343007419354838,0.002263636290322557,0.006203386290322577,0.007879499999999984
match_21,2,player_2,assist,331.125,0.4326246282258064,0.43448301532258055,0.4322045698924731,0.3992529096774194,0.0018583870967741611,-0.00042005833333330633,-0.033371718548387
match_21,2,player_2,assist,361.355,0.43448301532258055,0.4334349293010752,0.4265902258064515,0.397753393548387,-0.0010480860215053567,-0.00789278951612904,-0.03672962177419353
match_21,2,player_2,kill,388.752,0.4343007419354838,0.4293973978494623,0.4121718096774193,0.397753393548387,-0.004903344086021499,-0.022128932258064504,-0.03654734838709678
match_21,2,player_2,assist,409.873,0.4322045698924731,0.4121718096774193,0.3985031516129032,0.3918707790322581,-0.02003276021505379,-0.033701418279569906,-0.04033379086021499
match_21,2,player_2,kill,451.76,0.4121718096774193,0.3985031516129032,0.3918707790322581,0.3974682854838709,-0.013668658064516115,-0.0203010306451612,-0.014703524193548367
match_21,2,player_2,kill,584.832,0.37983630564516124,0.4099219701612903,0.4193857483870967,0.4010296387096774,0.03008566451612904,0.03954944274193545,0.02119333306451615
match_21,2,player_2,kill,586.387,0.3974682854838709,0.42088070161290314,0.41020769354838704,0.4010296387096774,0.02341241612903222,0.012739408064516122,0.003561353225806474
match_21,2,player_2,kill,706.575,0.4010296387096774,0.41768243629032253,0.43192830887096767,0.3699863930107527,0.01665279758064514,0.030898670161290276,-0.031043245698924693
match_21,2,player_2,kill,744.759,0.4042364161290322,0.43192830887096767,0.3952044177419354,0.3615841693548387,0.027691892741935453,-0.00903199838709684,-0.04265224677419349
match_21,2,player_2,assist,750.403,0.41768243629032253,0.43192830887096767,0.3699863930107527,0.2764377032258064,0.014245872580645136,-0.04769604327956983,-0.14124473306451613
match_21,2,player_2,death,794.992,0.43192830887096767,0.3952044177419354,0.3615841693548387,0.2764377032258064,-0.03672389112903229,-0.07034413951612895,-0.15549060564516126
match_21,2,player_2,death,881.686,0.3232120481182795,0.2754735024193548,0.2856326790322581,0.39340047822580637,-0.04773854569892472,-0.03757936908602144,0.07018843010752684
match_21,2,player_2,assist,965.377,0.30823402903225805,0.39340047822580637,0.4559655774193548,,0.08516644919354832,0.14773154838709673,
match_21,3,player_3,kill,153.633,0.314788229032258,0.34630917338709666,0.3594768806451612,0.3605857806451612,0.031520944354838654,0.044688651612903196,0.04579755161290322
match_21,3,player_3,death,167.196,0.3180478177419354,0.36702370483870955,0.356517475,0.3605857806451612,0.04897588709677414,0.03846965725806456,0.04253796290322581
match_21,3,player_3,assist,203.242,0.3594768806451612,0.356517475,0.3663980201612903,0.3792379709677419,-0.0029594056451612283,0.0069211395161291045,0.01976109032258072
match_21,3,player_3,death,232.878,0.3594768806451612,0.3663980201612903,0.3699118758064516,0.4395546516129032,0.0069211395161291045,0.010434995161290372,0.08007777096774199
match_21,3,player_3,kill,279.707,0.3663980201612903,0.3699118758064516,0.4395546516129032,0.4458765177419355,0.003513855645161268,0.07315663145161289,0.07947849758064518
match_21,3,player_3,kill,356.14,0.4395546516129032,0.46287660403225805,0.4570491677419355,0.4342216451612903,0.023321952419354863,0.0174945161290323,-0.005333006451612887
match_21,3,player_3,death,455.291,0.4175933588709677,0.4293209989247312,0.4172735112903225,0.4032284838709677,0.011727640053763477,-0.00031984758064523833,-0.014364875
match_21,3,player_3,kill,502.451,0.4009650725806452,0.3801690532258064,0.4102509975806451,0.3900239548387096,-0.02079601935483877,0.009285924999999917,-0.010941117741935569
match_21,3,player_3,assist,573.031,0.4102509975806451,0.39287154193548385,0.3825146,0.3558563451612903,-0.017379455645161246,-0.02773639758064511,-0.054394652419354816
match_21,3,player_3,kill,646.053,0.3862692774193548,0.37238114032258063,0.3558563451612903,0.3133045354838709,-0.013888137096774167,-0.030412932258064518,-0.07296474193548391
match_21,3,player_3,death,670.496,0.37238114032258063,0.35529733548387094,0.3558563451612903,0.3133045354838709,-0.017083804838709693,-0.01652479516129035,-0.059076604838709745
match_21,3,player_3,kill,729.445,0.37055978064516126,0.34928387580645154,0.3133045354838709,0.3641775838709677,-0.021275904838709725,-0.05725524516129038,-0.006382196774193549
match_21,3,player_3,kill,750.403,0.3558563451612903,0.29556059516129024,0.3267884056451612,0.3641775838709677,-0.06029575000000004,-0.02906793951612907,0.008321238709677437
match_21,3,player_3,death,774.933,0.3133045354838709,0.3267884056451612,0.36996887016129026,0.3266585451612903,0.013483870161290323,0.05666433467741938,0.013354009677419398
match_21,3,player_3,death,841.08,0.3641775838709677,0.345418064516129,0.31140720080645157,0.3281638145161289,-0.018759519354838716,-0.052770383064516146,-0.0360137693548388
match_21,3,player_3,kill,904.962,0.31140720080645157,0.31215983548387083,0.3837857096774193,0.4081830989247311,0.0007526346774192616,0.07237850887096775,0.09677589811827952
match_21,3,player_3,kill,918.208,0.3266585451612903,0.35597476209677414,0.3959844043010752,0.4081830989247311,0.029316216935483863,0.0693258591397849,0.08152455376344081
match_21,3,player_3,death,922.333,0.3266585451612903,0.35597476209677414,0.3959844043010752,0.4081830989247311,0.029316216935483863,0.0693258591397849,0.08152455376344081
match_3,1,player_1,death,257.913,0.3234279951612903,0.3342368177419355,0.3204497677419354,0.3315618693548386,0.010808822580645194,-0.002978227419354884,0.00813387419354833
match_3,1,player_1,death,494.906,0.35007035806451603,0.3504146370967741,0.3613336209677419,0.3320542483870968,0.000344279032258088,0.011263262903225879,-0.018016109677419234
match_3,1,player_1,death,684.15,0.3357328080645161,0.3564705846774194,0.3520575677419354,0.3439974709677419,0.02073777661290327,0.01632475967741931,0.008264662903225806
match_3,1,player_1,assist,695.051,0.3441052427419355,0.3564705846774194,0.3439974709677419,0.3664728241935484,0.012365341935483887,-0.00010777177419357686,0.022367581451612883
match_3,1,player_1,death,797.994,0.3439974709677419,0.366547175,0.34718749435483875,0.3314160274193548,0.02254970403225809,0.003190023387096841,-0.012581443548387139
match_3,1,player_1,assist,803.665,0.3439974709677419,0.366547175,0.34718749435483875,0.3314160274193548,0.02254970403225809,0.003190023387096841,-0.012581443548387139
match_3,1,player_1,death,959.736,0.3314160274193548,0.33567614032258053,0.3644189620967741,0.4195100596774193,0.0042601129032257545,0.03300293467741933,0.0880940322580645
match_3,1,player_1,death,1066.124,0.4195100596774193,0.42420570564516125,0.4080849032258065,0.3958297032258063,0.004695645967741968,-0.011425156451612795,-0.023680356451612983
match_3,1,player_1,death,1281.493,0.4009759838709676,0.3895431104838709,0.3473215115591397,0.318415143548387,-0.011432873387096698,-0.053654472311827905,-0.0825608403225806
match_3,1,player_1,death,1386.427,0.3138875849462365,0.32184969919354833,0.3271847951612903,0.3271847951612903,0.007962114247311858,0.013297210215053812,0.013297210215053812
match_3,1,player_1,kill,1464.59,0.3271847951612903,0.3162141927419354,0.33294362580645154,0.3604308314516128,-0.01097060241935488,0.00575883064516125,0.03324603629032252
match_3,1,player_1,death,1483.863,0.3377002064516129,0.3162141927419354,0.3602180016129032,0.3602180016129032,-0.02148601370967751,0.022517795161290266,0.022517795161290266
match_3,1,player_1,death,1534.682,0.33294362580645154,0.3604308314516128,0.3602180016129032,,0.027487205645161272,0.027274375806451645,
match_8,3,player_3,death,215.925,0.24170279193548377,0.23054806129032246,0.2507606387096773,0.3001439612903225,-0.011154730645161315,0.009057846774193523,0.05844116935483873
match_8,3,player_3,assist,739.905,0.3296180419354838,0.3038867532258064,0.3026599733870967,0.3200196096774194,-0.02573128870967739,-0.02695806854838706,-0.009598432258064393
match_8,3,player_3,kill,872.944,0.3200196096774194,0.317111183064516,0.33664822903225794,0.3606785193548386,-0.0029084266129033587,0.01662861935483856,0.0406589096774192
match_8,3,player_3,death,926.316,0.3216044274193548,0.3731153741935483,0.3601648637096774,0.3365552725806451,0.05151094677419349,0.038560436290322575,0.014950845161290305
match_8,3,player_3,death,1082.768,0.3365552725806451,0.3940590822580645,0.3868427475806452,0.3551337338709677,0.057503809677419415,0.05028747500000008,0.01857846129032259
match_8,3,player_3,assist,1090.134,0.33015537419354835,0.3940590822580645,0.356843264516129,0.3551337338709677,0.06390370806451617,0.026687890322580676,0.02497835967741935
match_8,3,player_3,death,1141.895,0.3237554758064516,0.33308303548387097,0.35598849919354836,0.2752174629032258,0.009327559677419384,0.03223302338709677,-0.04853801290322579
match_8,3,player_3,assist,1149.493,0.3868427475806452,0.33308303548387097,0.3551337338709677,0.2752174629032258,-0.053759712096774215,-0.03170901370967749,-0.11162528467741939
match_8,3,player_3,kill,1231.554,0.3551337338709677,0.2590599032258064,0.3083648709677418,0.3341685548387096,-0.09607383064516128,-0.046768862903225905,-0.020965179032258086
match_8,3,player_3,death,1234.163,0.31517559838709674,0.2590599032258064,0.3141751016129032,0.3341685548387096,-0.056115695161290335,-0.00100049677419356,0.018992956451612863
match_8,3,player_3,death,1324.214,0.3440012499999999,0.32417182822580637,0.3341685548387096,0.2727682241935484,-0.019829421774193556,-0.009832695161290317,-0.07123302580645152
match_8,3,player_3,kill,1472.905,0.2727682241935484,0.29621459435483866,0.3396483903225806,,0.023446370161290253,0.06688016612903219,
match_8,4,player_4,death,438.179,0.3475553870967742,0.34389219274193544,0.38882171854838704,0.4074272322580645,-0.0036631943548387502,0.04126633145161285,0.059871845161290294
match_8,4,player_4,death,551.094,0.42242083548387094,0.3872938774193548,0.3671605225806451,0.3292853935483871,-0.035126958064516156,-0.05526031290322586,-0.09313544193548384
match_8,4,player_4,death,934.04,0.5282669919354839,0.4901259346774193,0.4307672241935483,0.4401362887096773,-0.0381410572580646,-0.09749976774193558,-0.08813070322580657
match_8,4,player_4,death,1028.47,0.3894248508064515,0.5155418137096773,0.4401362887096773,0.478429317204301,0.12611696290322583,0.0507114379032258,0.08900446639784948
match_8,4,player_4,kill,1090.134,0.5202263459677419,0.4342514677419354,0.478429317204301,0.4842511612903225,-0.08597487822580646,-0.04179702876344088,-0.03597518467741939
match_8,4,player_4,assist,1104.999,0.4401362887096773,0.45339798198924725,0.48134023924731173,0.4842511612903225,0.013261693279569942,0.041203950537634426,0.04411487258064517
match_8,4,player_4,assist,1108.07,0.4401362887096773,0.45339798198924725,0.48134023924731173,0.4842511612903225,0.013261693279569942,0.041203950537634426,0.04411487258064517
match_8,4,player_4,kill,1149.493,0.45339798198924725,0.48134023924731173,0.4842511612903225,0.4504216467741935,0.027942257258064485,0.03085317930107523,-0.002976335215053749
match_8,4,player_4,assist,1231.554,0.4842511612903225,0.47024866290322576,0.4806337911290322,0.3596913080645161,-0.014002498387096718,-0.0036173701612902676,-0.12455985322580637
match_8,4,player_4,death,1235.253,0.48363651290322573,0.47024866290322576,0.4504216467741935,0.3596913080645161,-0.013387849999999979,-0.03321486612903224,-0.12394520483870963
match_8,4,player_4,assist,1372.743,0.3596913080645161,0.41830458467741927,0.34755504435483864,0.321098814516129,0.058613276612903165,-0.012136263709677464,-0.03859249354838712
match_8,4,player_4,assist,1472.905,0.321098814516129,0.3826527822580645,0.44420675,,0.0615539677419355,0.123107935483871,
match_8,4,player_4,death,1481.893,0.2773074959677419,0.3826527822580645,0.44420675,,0.10534528629032258,0.16689925403225808,
match_9,3,player_3,kill,265.6,0.3465665532258064,0.3276156153225806,0.3534300870967741,0.368675708064516,-0.018950937903225773,0.00686353387096772,0.02210915483870962
match_9,3,player_3,kill,476.011,0.3398382387096774,0.3805148991935483,0.4066476298387096,0.3714641798387096,0.04067666048387092,0.06680939112903223,0.03162594112903222
match_9,3,player_3,kill,479.839,0.3398382387096774,0.3805148991935483,0.4066476298387096,0.3714641798387096,0.04067666048387092,0.06680939112903223,0.03162594112903222
match_9,3,player_3,kill,593.963,0.3714641798387096,0.3463878137096774,0.35266900887096775,0.3730761193548387,-0.02507636612903219,-0.01879517096774186,0.0016119395161290906
match_9,3,player_3,kill,686.564,0.3573306774193548,0.4031653633512544,0.3382363846774193,0.3180434161290322,0.0458346859318996,-0.019094292741935526,-0.03928726129032262
match_9,3,player_3,kill,706.629,0.3730761193548387,0.3382363846774193,0.310720033064516,0.4453166193548386,-0.03483973467741941,-0.06235608629032269,0.07224049999999993
match_9,3,player_3,kill,729.071,0.4031653633512544,0.3382363846774193,0.3180434161290322,0.4453166193548386,-0.06492897867383512,-0.08512194722222222,0.042151256003584214
match_9,3,player_3,kill,746.793,0.3730761193548387,0.310720033064516,0.39843076854838705,0.4453166193548386,-0.06235608629032269,0.02535464919354835,0.07224049999999993
match_9,3,player_3,kill,766.339,0.3180434161290322,0.39843076854838705,0.4620673701612903,0.400662479032258,0.08038735241935485,0.1440239540322581,0.08261906290322579
match_9,3,player_3,kill,776.673,0.3180434161290322,0.39843076854838705,0.4620673701612903,0.400662479032258,0.08038735241935485,0.1440239540322581,0.08261906290322579
match_9,3,player_3,kill,859.274,0.4453166193548386,0.3680136233870967,0.4208489266129032,0.461188043548387,-0.07730299596774193,-0.024467692741935443,0.015871424193548367
match_9,3,player_3,assist,861.163,0.4453166193548386,0.3680136233870967,0.4208489266129032,0.461188043548387,-0.07730299596774193,-0.024467692741935443,0.015871424193548367
match_9,3,player_3,kill,863.44,0.4453166193548386,0.3680136233870967,0.4208489266129032,0.461188043548387,-0.07730299596774193,-0.024467692741935443,0.015871424193548367
match_9,3,player_3,kill,866.674,0.4453166193548386,0.3680136233870967,0.4208489266129032,0.461188043548387,-0.07730299596774193,-0.024467692741935443,0.015871424193548367
match_9,3,player_3,kill,877.937,0.390340693548387,0.3680136233870967,0.4410353741935483,0.4770030822580644,-0.02232707016129032,0.050694680645161305,0.08666238870967741
match_9,3,player_3,kill,896.34,0.400662479032258,0.4208489266129032,0.45111170887096763,0.4770030822580644,0.020186447580645195,0.05044922983870964,0.07634060322580644
match_9,3,player_3,death,898.947,0.400662479032258,0.4208489266129032,0.45111170887096763,0.4770030822580644,0.020186447580645195,0.05044922983870964,0.07634060322580644
match_9,4,player_4,assist,88.537,0.3739965903225806,0.3867015572580645,0.44943416129032254,0.3686038741935483,0.012704966935483897,0.07543757096774195,-0.0053927161290323045
match_9,4,player_4,kill,127.083,0.3739965903225806,0.44943416129032254,0.4328543201612902,0.3680411629032258,0.07543757096774195,0.05885772983870963,-0.005955427419354786
match_9,4,player_4,assist,333.516,0.3621322161290322,0.4073953612903225,0.4141199322580645,0.3755813580645161,0.04526314516129032,0.0519877161290323,0.01344914193548391
match_9,4,player_4,kill,387.58,0.3755813580645161,0.42877177419354834,0.4117275599462365,0.3668874193548386,0.05319041612903225,0.03614620188172041,-0.008693938709677496
match_9,4,player_4,kill,403.421,0.4141199322580645,0.42877177419354834,0.4011424741935483,0.4011424741935483,0.014651841935483856,-0.012977458064516167,-0.012977458064516167
match_9,4,player_4,kill,436.339,0.42877177419354834,0.4117275599462365,0.3668874193548386,0.3921005677419354,-0.01704421424731184,-0.06188435483870974,-0.036671206451612925
match_9,4,player_4,kill,454.196,0.3755813580645161,0.37131770188172036,0.38401494677419346,0.3921005677419354,-0.0042636561827957276,0.008433588709677364,0.016519209677419322
match_9,4,player_4,kill,509.179,0.3668874193548386,0.406578687096774,0.41918526129032246,0.3739440629032258,0.03969126774193543,0.05229784193548387,0.007056643548387198
match_9,4,player_4,kill,510.037,0.3668874193548386,0.406578687096774,0.41918526129032246,0.3739440629032258,0.03969126774193543,0.05229784193548387,0.007056643548387198
match_9,4,player_4,kill,567.662,0.3921005677419354,0.36864665887096765,0.3595684064516128,0.3284608822580644,-0.023453908870967766,-0.0325321612903226,-0.063639685483871
match_9,4,player_4,kill,650.945,0.3595684064516128,0.3457260427419354,0.3175080225806451,0.3383057854838709,-0.013842363709677397,-0.04206038387096772,-0.021262620967741896
match_9,4,player_4,kill,680.093,0.3457260427419354,0.32298445241935475,0.3284608822580644,0.3636210725806451,-0.022741590322580663,-0.017265160483871,0.017895029838709664
match_9,4,player_4,assist,716.661,0.3175080225806451,0.324330943548387,0.35096342903225797,0.4444937193548386,0.006822920967741897,0.03345540645161288,0.12698569677419352
match_9,4,player_4,kill,726.463,0.3175080225806451,0.324330943548387,0.35096342903225797,0.4444937193548386,0.006822920967741897,0.03345540645161288,0.12698569677419352
match_9,4,player_4,assist,746.793,0.3284608822580644,0.35096342903225797,0.4040573959677418,0.4444937193548386,0.022502546774193555,0.0755965137096774,0.1160328370967742
match_9,4,player_4,kill,762.841,0.324330943548387,0.35096342903225797,0.4444937193548386,0.3245619886148008,0.026632485483870982,0.12016277580645163,0.00023104506641380418
match_9,4,player_4,kill,768.583,0.324330943548387,0.35096342903225797,0.4444937193548386,0.3245619886148008,0.026632485483870982,0.12016277580645163,0.00023104506641380418
match_9,4,player_4,death,794.625,0.35096342903225797,0.4040573959677418,0.4444937193548386,0.3245619886148008,0.05309396693548385,0.09353029032258064,-0.026401440417457178
match_9,4,player_4,assist,859.274,0.4532955666666666,0.3933297012966477,0.3245619886148008,0.3781964322580644,-0.05996586537001891,-0.1287335780518658,-0.07509913440860222
match_9,4,player_4,kill,861.163,0.4532955666666666,0.3933297012966477,0.3245619886148008,0.3781964322580644,-0.05996586537001891,-0.1287335780518658,-0.07509913440860222
match_9,4,player_4,assist,863.44,0.4532955666666666,0.3933297012966477,0.3245619886148008,0.3781964322580644,-0.05996586537001891,-0.1287335780518658,-0.07509913440860222
match_9,4,player_4,assist,866.674,0.4444937193548386,0.28637192556925994,0.3064595183586337,0.3781964322580644,-0.15812179378557867,-0.1380342009962049,-0.06629728709677424
match_9,4,player_4,assist,877.937,0.4444937193548386,0.28637192556925994,0.3064595183586337,0.3781964322580644,-0.15812179378557867,-0.1380342009962049,-0.06629728709677424
match_9,4,player_4,death,895.548,0.3245619886148008,0.3064595183586337,0.37146680322580633,0.40383383940092155,-0.01810247025616707,0.04690481461100554,0.07927185078612076
match_9,4,player_4,assist,896.34,0.3245619886148008,0.3064595183586337,0.37146680322580633,0.40383383940092155,-0.01810247025616707,0.04690481461100554,0.07927185078612076
