match_id,player,event_type,timestamp,timestamp_minutes
match_0,0,kill,176.84,2.9473333333333334
match_0,0,kill,180.01,3.0001666666666664
match_0,0,kill,266.2,4.4366666666666665
match_0,0,death,268.676,4.4779333333333335
match_0,0,assist,337.806,5.6301
match_0,0,kill,354.626,5.910433333333333
match_0,0,death,438.097,7.301616666666666
match_0,0,kill,499.236,8.3206
match_0,0,assist,561.633,9.36055
match_0,0,assist,565.002,9.416699999999999
match_0,0,kill,707.615,11.793583333333334
match_0,0,kill,754.647,12.57745
match_0,0,kill,821.404,13.690066666666667
match_0,0,kill,821.735,13.695583333333333
match_0,0,kill,841.091,14.018183333333333
match_0,0,kill,844.756,14.079266666666665
match_0,0,kill,863.681,14.394683333333335
match_0,0,kill,868.175,14.469583333333333
match_0,0,kill,895.524,14.9254
match_0,0,kill,903.386,15.056433333333333
match_0,0,assist,906.922,15.115366666666667
match_0,0,assist,912.604,15.210066666666668
match_0,0,assist,932.059,15.534316666666665
match_0,1,kill,339.39,5.656499999999999
match_0,1,assist,458.217,7.63695
match_0,1,kill,476.512,7.941866666666667
match_0,1,kill,569.397,9.48995
match_0,1,kill,677.099,11.284983333333335
match_0,1,death,723.009,12.05015
match_0,1,death,809.812,13.496866666666667
match_0,1,assist,810.373,13.506216666666667
match_0,1,assist,821.404,13.690066666666667
match_0,1,assist,821.735,13.695583333333333
match_0,1,assist,895.524,14.9254
match_0,1,assist,903.386,15.056433333333333
match_0,1,assist,906.922,15.115366666666667
match_0,1,kill,909.928,15.165466666666667
match_0,1,assist,912.604,15.210066666666668
match_0,1,assist,932.059,15.534316666666665
match_0,2,kill,217.9,3.631666666666667
match_0,2,kill,337.806,5.6301
match_0,2,assist,354.626,5.910433333333333
match_0,2,kill,410.354,6.8392333333333335
match_0,2,kill,535.935,8.93225
match_0,2,kill,600.82,10.013666666666667
match_0,2,kill,683.901,11.398349999999999
match_0,2,kill,689.977,11.499616666666666
match_0,2,kill,752.534,12.542233333333334
match_0,2,kill,759.469,12.657816666666667
match_0,2,kill,782.721,13.045350000000001
match_0,2,kill,810.373,13.506216666666667
match_0,2,assist,821.404,13.690066666666667
match_0,2,assist,821.735,13.695583333333333
match_0,2,assist,841.091,14.018183333333333
match_0,2,assist,844.756,14.079266666666665
match_0,2,assist,863.681,14.394683333333335
match_0,2,assist,867.085,14.451416666666667
match_0,2,assist,868.175,14.469583333333333
match_0,2,assist,895.524,14.9254
match_0,2,assist,903.386,15.056433333333333
match_0,2,assist,906.922,15.115366666666667
match_0,2,assist,909.928,15.165466666666667
match_0,2,kill,932.059,15.534316666666665
match_0,3,assist,339.39,5.656499999999999
match_0,3,assist,569.397,9.48995
match_0,3,assist,677.099,11.284983333333335
match_0,3,assist,810.373,13.506216666666667
match_0,3,assist,821.404,13.690066666666667
match_0,3,assist,821.735,13.695583333333333
match_0,3,assist,841.091,14.018183333333333
match_0,3,assist,844.756,14.079266666666665
match_0,3,assist,863.681,14.394683333333335
match_0,3,assist,867.085,14.451416666666667
match_0,3,assist,868.175,14.469583333333333
match_0,3,assist,895.524,14.9254
match_0,3,assist,903.386,15.056433333333333
match_0,3,assist,906.922,15.115366666666667
match_0,3,assist,909.928,15.165466666666667
match_0,3,kill,912.604,15.210066666666668
match_0,4,assist,176.84,2.9473333333333334
match_0,4,assist,180.01,3.0001666666666664
match_0,4,assist,266.2,4.4366666666666665
match_0,4,kill,458.217,7.63695
match_0,4,assist,476.512,7.941866666666667
match_0,4,kill,561.633,9.36055
match_0,4,kill,565.002,9.416699999999999
match_0,4,kill,635.145,10.585749999999999
match_0,4,kill,651.335,10.855583333333334
match_0,4,kill,796.629,13.27715
match_0,4,assist,841.091,14.018183333333333
match_0,4,assist,844.756,14.079266666666665
match_0,4,assist,863.681,14.394683333333335
match_0,4,kill,867.085,14.451416666666667
match_0,4,assist,868.175,14.469583333333333
match_0,4,assist,895.524,14.9254
match_0,4,assist,903.386,15.056433333333333
match_0,4,kill,906.922,15.115366666666667
match_0,4,assist,909.928,15.165466666666667
match_0,4,assist,912.604,15.210066666666668
match_0,4,assist,932.059,15.534316666666665
match_0,5,death,476.512,7.941866666666667
match_0,5,death,689.977,11.499616666666666
match_0,5,death,796.629,13.27715
match_0,5,death,844.756,14.079266666666665
match_0,5,death,895.524,14.9254
match_0,5,death,932.059,15.534316666666665
match_0,6,death,180.01,3.0001666666666664
match_0,6,death,266.2,4.4366666666666665
match_0,6,assist,268.676,4.4779333333333335
match_0,6,death,337.806,5.6301
match_0,6,kill,438.097,7.301616666666666
match_0,6,death,499.236,8.3206
match_0,6,death,565.002,9.416699999999999
match_0,6,death,651.335,10.855583333333334
match_0,6,death,707.615,11.793583333333334
match_0,6,death,754.647,12.57745
match_0,6,assist,809.812,13.496866666666667
match_0,6,death,821.735,13.695583333333333
match_0,6,death,867.085,14.451416666666667
match_0,6,death,909.928,15.165466666666667
match_0,7,death,217.9,3.631666666666667
match_0,7,death,410.354,6.8392333333333335
match_0,7,death,535.935,8.93225
match_0,7,death,600.82,10.013666666666667
match_0,7,death,677.099,11.284983333333335
match_0,7,assist,723.009,12.05015
match_0,7,death,782.721,13.045350000000001
match_0,7,death,841.091,14.018183333333333
match_0,7,death,903.386,15.056433333333333
match_0,8,death,339.39,5.656499999999999
match_0,8,death,458.217,7.63695
match_0,8,death,569.397,9.48995
match_0,8,death,683.901,11.398349999999999
match_0,8,death,759.469,12.657816666666667
match_0,8,assist,809.812,13.496866666666667
match_0,8,death,810.373,13.506216666666667
match_0,8,death,868.175,14.469583333333333
match_0,8,death,912.604,15.210066666666668
match_0,9,death,176.84,2.9473333333333334
match_0,9,kill,268.676,4.4779333333333335
match_0,9,death,354.626,5.910433333333333
match_0,9,assist,438.097,7.301616666666666
match_0,9,death,561.633,9.36055
match_0,9,death,635.145,10.585749999999999
match_0,9,kill,723.009,12.05015
match_0,9,death,752.534,12.542233333333334
match_0,9,kill,809.812,13.496866666666667
match_0,9,death,821.404,13.690066666666667
match_0,9,death,863.681,14.394683333333335
match_0,9,death,906.922,15.115366666666667
match_1,0,kill,826.378,13.772966666666667
match_1,0,death,828.821,13.813683333333334
match_1,0,kill,938.724,15.6454
match_1,0,assist,1056.074,17.601233333333333
match_1,0,assist,1059.897,17.664949999999997
match_1,0,assist,1205.456,20.090933333333332
match_1,0,death,1294.926,21.5821
match_1,0,death,1358.515,22.641916666666667
match_1,0,assist,1505.325,25.08875
match_1,0,kill,1510.295,25.171583333333334
match_1,0,death,1511.512,25.191866666666666
match_1,1,kill,368.559,6.142650000000001
match_1,1,death,375.23,6.253833333333334
match_1,1,death,648.203,10.803383333333333
match_1,1,kill,649.094,10.818233333333334
match_1,1,kill,654.704,10.911733333333332
match_1,1,death,766.612,12.776866666666667
match_1,1,death,867.967,14.466116666666666
match_1,1,death,953.96,15.899333333333335
match_1,1,death,1055.579,17.592983333333333
match_1,1,assist,1056.074,17.601233333333333
match_1,1,kill,1126.811,18.780183333333333
match_1,1,assist,1133.252,18.887533333333334
match_1,1,death,1152.492,19.208199999999998
match_1,1,assist,1158.242,19.304033333333333
match_1,1,kill,1205.456,20.090933333333332
match_1,1,assist,1343.662,22.394366666666667
match_1,1,kill,1345.654,22.427566666666667
match_1,1,death,1354.511,22.57518333333333
match_1,1,kill,1407.261,23.454349999999998
match_1,1,assist,1505.325,25.08875
match_1,1,death,1509.91,25.165166666666668
match_1,1,assist,1510.295,25.171583333333334
match_1,2,kill,178.72,2.978666666666667
match_1,2,death,434.735,7.245583333333333
match_1,2,death,639.942,10.6657
match_1,2,assist,649.094,10.818233333333334
match_1,2,kill,730.759,12.179316666666667
match_1,2,death,857.817,14.29695
match_1,2,assist,938.724,15.6454
match_1,2,kill,999.769,16.662816666666668
match_1,2,kill,1056.074,17.601233333333333
match_1,2,kill,1059.897,17.664949999999997
match_1,2,kill,1133.252,18.887533333333334
match_1,2,kill,1158.242,19.304033333333333
match_1,2,kill,1179.218,19.653633333333335
match_1,2,kill,1274.585,21.243083333333335
match_1,2,kill,1343.662,22.394366666666667
match_1,2,assist,1345.654,22.427566666666667
match_1,2,death,1353.12,22.552
match_1,2,kill,1409.378,23.489633333333334
match_1,2,death,1504.614,25.076900000000002
match_1,2,assist,1505.325,25.08875
match_1,3,death,364.433,6.073883333333333
match_1,3,assist,368.559,6.142650000000001
match_1,3,death,652.889,10.881483333333334
match_1,3,death,771.175,12.852916666666665
match_1,3,death,988.412,16.473533333333332
match_1,3,assist,992.152,16.535866666666667
match_1,3,assist,1158.242,19.304033333333333
match_1,3,death,1177.771,19.629516666666667
match_1,3,assist,1179.218,19.653633333333335
match_1,3,assist,1274.585,21.243083333333335
match_1,3,death,1283.793,21.396549999999998
match_1,3,death,1342.572,22.376199999999997
match_1,3,assist,1343.662,22.394366666666667
match_1,3,assist,1345.654,22.427566666666667
match_1,3,death,1462.526,24.375433333333334
match_1,3,death,1511.679,25.194650000000003
match_1,4,death,212.561,3.5426833333333336
match_1,4,death,316.692,5.2782
match_1,4,death,864.007,14.400116666666666
match_1,4,kill,992.152,16.535866666666667
match_1,4,assist,999.769,16.662816666666668
match_1,4,assist,1059.897,17.664949999999997
match_1,4,death,1121.729,18.695483333333335
match_1,4,kill,1272.205,21.203416666666666
match_1,4,death,1276.268,21.271133333333335
match_1,4,death,1343.521,22.392016666666667
match_1,4,assist,1345.654,22.427566666666667
match_1,4,death,1391.918,23.19863333333333
match_1,4,kill,1505.325,25.08875
match_1,4,death,1507.5,25.125
match_1,5,kill,364.433,6.073883333333333
match_1,5,death,368.559,6.142650000000001
match_1,5,assist,375.23,6.253833333333334
match_1,5,assist,652.889,10.881483333333334
match_1,5,kill,766.612,12.776866666666667
match_1,5,assist,771.175,12.852916666666665
match_1,5,kill,988.412,16.473533333333332
match_1,5,death,992.152,16.535866666666667
match_1,5,kill,1121.729,18.695483333333335
match_1,5,death,1133.252,18.887533333333334
match_1,5,death,1274.585,21.243083333333335
match_1,5,kill,1353.12,22.552
match_1,5,kill,1354.511,22.57518333333333
match_1,5,kill,1358.515,22.641916666666667
match_1,5,assist,1391.918,23.19863333333333
match_1,5,death,1407.261,23.454349999999998
match_1,5,kill,1504.614,25.076900000000002
match_1,5,death,1505.325,25.08875
match_1,5,assist,1511.512,25.191866666666666
match_1,6,kill,652.889,10.881483333333334
match_1,6,kill,771.175,12.852916666666665
match_1,6,kill,953.96,15.899333333333335
match_1,6,death,999.769,16.662816666666668
match_1,6,death,1126.811,18.780183333333333
match_1,6,death,1272.205,21.203416666666666
match_1,6,assist,1276.268,21.271133333333335
match_1,6,assist,1283.793,21.396549999999998
match_1,6,kill,1391.918,23.19863333333333
match_1,6,death,1409.378,23.489633333333334
match_1,6,assist,1504.614,25.076900000000002
match_1,6,assist,1507.5,25.125
match_1,6,assist,1509.91,25.165166666666668
match_1,6,kill,1511.512,25.191866666666666
match_1,6,assist,1511.679,25.194650000000003
match_1,7,death,178.72,2.978666666666667
match_1,7,assist,434.735,7.245583333333333
match_1,7,assist,639.942,10.6657
match_1,7,assist,648.203,10.803383333333333
match_1,7,death,654.704,10.911733333333332
match_1,7,death,730.759,12.179316666666667
match_1,7,assist,828.821,13.813683333333334
match_1,7,assist,857.817,14.29695
match_1,7,assist,864.007,14.400116666666666
match_1,7,kill,867.967,14.466116666666666
match_1,7,assist,953.96,15.899333333333335
match_1,7,assist,1055.579,17.592983333333333
match_1,7,death,1056.074,17.601233333333333
match_1,7,kill,1177.771,19.629516666666667
match_1,7,death,1179.218,19.653633333333335
match_1,7,assist,1276.268,21.271133333333335
match_1,7,assist,1283.793,21.396549999999998
match_1,7,assist,1294.926,21.5821
match_1,7,kill,1342.572,22.376199999999997
match_1,7,kill,1343.521,22.392016666666667
match_1,7,assist,1353.12,22.552
match_1,7,assist,1354.511,22.57518333333333
match_1,7,assist,1358.515,22.641916666666667
match_1,7,assist,1462.526,24.375433333333334
match_1,7,assist,1504.614,25.076900000000002
match_1,7,assist,1507.5,25.125
match_1,7,kill,1509.91,25.165166666666668
match_1,7,assist,1511.512,25.191866666666666
match_1,7,kill,1511.679,25.194650000000003
match_1,7,death,1528.594,25.476566666666667
match_1,8,death,826.378,13.772966666666667
match_1,8,assist,828.821,13.813683333333334
match_1,8,death,938.724,15.6454
match_1,8,death,1205.456,20.090933333333332
match_1,8,assist,1294.926,21.5821
match_1,8,assist,1343.521,22.392016666666667
match_1,8,death,1345.654,22.427566666666667
match_1,8,assist,1354.511,22.57518333333333
match_1,8,assist,1462.526,24.375433333333334
match_1,8,assist,1511.512,25.191866666666666
match_1,8,assist,1511.679,25.194650000000003
match_1,9,kill,212.561,3.5426833333333336
match_1,9,assist,364.433,6.073883333333333
match_1,9,kill,375.23,6.253833333333334
match_1,9,kill,434.735,7.245583333333333
match_1,9,kill,639.942,10.6657
match_1,9,kill,648.203,10.803383333333333
match_1,9,death,649.094,10.818233333333334
match_1,9,kill,828.821,13.813683333333334
match_1,9,kill,857.817,14.29695
match_1,9,kill,864.007,14.400116666666666
match_1,9,assist,867.967,14.466116666666666
match_1,9,assist,953.96,15.899333333333335
match_1,9,kill,1055.579,17.592983333333333
match_1,9,death,1059.897,17.664949999999997
match_1,9,kill,1152.492,19.208199999999998
match_1,9,death,1158.242,19.304033333333333
match_1,9,kill,1276.268,21.271133333333335
match_1,9,kill,1283.793,21.396549999999998
match_1,9,kill,1294.926,21.5821
match_1,9,death,1343.662,22.394366666666667
match_1,9,assist,1353.12,22.552
match_1,9,assist,1354.511,22.57518333333333
match_1,9,kill,1462.526,24.375433333333334
match_1,9,kill,1507.5,25.125
match_1,9,death,1510.295,25.171583333333334
match_1,9,assist,1511.512,25.191866666666666
match_1,9,assist,1511.679,25.194650000000003
match_10,0,death,278.527,4.6421166666666664
match_10,0,kill,463.635,7.72725
match_10,0,death,496.735,8.278916666666667
match_10,0,kill,596.901,9.94835
match_10,0,death,599.279,9.987983333333334
match_10,0,death,768.977,12.816283333333333
match_10,0,death,849.337,14.155616666666667
match_10,0,assist,968.548,16.142466666666667
match_10,0,assist,973.401,16.22335
match_10,0,death,1018.791,16.979850000000003
match_10,0,death,1071.449,17.857483333333334
match_10,0,death,1174.921,19.582016666666668
match_10,0,assist,1296.566,21.609433333333335
match_10,0,death,1307.14,21.785666666666668
match_10,0,death,1355.278,22.587966666666667
match_10,1,death,118.152,1.9692
match_10,1,assist,123.836,2.0639333333333334
match_10,1,death,295.391,4.923183333333333
match_10,1,death,352.353,5.87255
match_10,1,death,472.103,7.868383333333333
match_10,1,death,539.88,8.998
match_10,1,death,689.784,11.4964
match_10,1,death,777.999,12.96665
match_10,1,death,908.542,15.142366666666668
match_10,1,assist,973.401,16.22335
match_10,1,death,984.813,16.41355
match_10,1,death,1057.864,17.631066666666666
match_10,1,death,1132.725,18.87875
match_10,1,death,1197.02,19.950333333333333
match_10,1,assist,1296.566,21.609433333333335
match_10,1,death,1317.172,21.95286666666667
match_10,1,death,1365.104,22.751733333333334
match_10,2,death,223.176,3.7196
match_10,2,death,410.862,6.847700000000001
match_10,2,kill,459.774,7.6629
match_10,2,kill,468.042,7.8007
match_10,2,death,674.731,11.245516666666667
match_10,2,death,778.626,12.9771
match_10,2,kill,839.27,13.987833333333333
match_10,2,kill,968.548,16.142466666666667
match_10,2,death,1016.283,16.93805
match_10,2,death,1089.925,18.165416666666665
match_10,2,assist,1092.367,18.206116666666667
match_10,2,kill,1150.886,19.181433333333334
match_10,2,kill,1167.788,19.463133333333335
match_10,2,death,1172.479,19.541316666666667
match_10,2,kill,1296.566,21.609433333333335
match_10,2,death,1320.562,22.009366666666665
match_10,3,assist,463.635,7.72725
match_10,3,death,718.026,11.967099999999999
match_10,3,death,919.011,15.316849999999999
match_10,3,kill,973.401,16.22335
match_10,3,death,1000.43,16.67383333333333
match_10,3,kill,1092.367,18.206116666666667
match_10,3,death,1125.558,18.7593
match_10,3,assist,1296.566,21.609433333333335
match_10,3,death,1320.2,22.003333333333334
match_10,3,death,1360.205,22.67008333333333
match_10,4,kill,123.836,2.0639333333333334
match_10,4,kill,129.456,2.1576
match_10,4,death,341.495,5.691583333333333
match_10,4,death,466.161,7.76935
match_10,4,death,537.339,8.95565
match_10,4,death,697.848,11.630799999999999
match_10,4,death,833.098,13.884966666666665
match_10,4,death,960.584,16.009733333333333
match_10,4,death,1054.517,17.575283333333335
match_10,4,death,1130.174,18.836233333333332
match_10,4,death,1191.799,19.863316666666666
match_10,4,assist,1296.566,21.609433333333335
match_10,4,death,1361.996,22.699933333333334
match_10,5,assist,118.152,1.9692
match_10,5,death,129.456,2.1576
match_10,5,kill,295.391,4.923183333333333
match_10,5,assist,341.495,5.691583333333333
match_10,5,kill,352.353,5.87255
match_10,5,kill,466.161,7.76935
match_10,5,kill,472.103,7.868383333333333
match_10,5,kill,496.735,8.278916666666667
match_10,5,kill,537.339,8.95565
match_10,5,kill,689.784,11.4964
match_10,5,kill,697.848,11.630799999999999
match_10,5,assist,777.999,12.96665
match_10,5,kill,908.542,15.142366666666668
match_10,5,kill,919.011,15.316849999999999
match_10,5,assist,960.584,16.009733333333333
match_10,5,assist,984.813,16.41355
match_10,5,kill,1000.43,16.67383333333333
match_10,5,assist,1016.283,16.93805
match_10,5,kill,1018.791,16.979850000000003
match_10,5,kill,1130.174,18.836233333333332
match_10,5,kill,1132.725,18.87875
match_10,5,death,1167.788,19.463133333333335
match_10,5,assist,1172.479,19.541316666666667
match_10,5,assist,1307.14,21.785666666666668
match_10,5,assist,1317.172,21.95286666666667
match_10,5,assist,1320.2,22.003333333333334
match_10,5,assist,1320.562,22.009366666666665
match_10,5,kill,1355.278,22.587966666666667
match_10,5,assist,1360.205,22.67008333333333
match_10,5,assist,1361.996,22.699933333333334
match_10,6,kill,278.527,4.6421166666666664
match_10,6,death,463.635,7.72725
match_10,6,death,596.901,9.94835
match_10,6,assist,599.279,9.987983333333334
match_10,6,assist,674.731,11.245516666666667
match_10,6,kill,768.977,12.816283333333333
match_10,6,kill,849.337,14.155616666666667
match_10,6,assist,960.584,16.009733333333333
match_10,6,kill,984.813,16.41355
match_10,6,assist,1000.43,16.67383333333333
match_10,6,kill,1016.283,16.93805
match_10,6,assist,1018.791,16.979850000000003
match_10,6,kill,1089.925,18.165416666666665
match_10,6,death,1092.367,18.206116666666667
match_10,6,kill,1174.921,19.582016666666668
match_10,6,kill,1320.2,22.003333333333334
match_10,6,kill,1320.562,22.009366666666665
match_10,6,assist,1355.278,22.587966666666667
match_10,6,assist,1360.205,22.67008333333333
match_10,6,assist,1361.996,22.699933333333334
match_10,6,kill,1365.104,22.751733333333334
match_10,7,kill,223.176,3.7196
match_10,7,kill,410.862,6.847700000000001
match_10,7,death,459.774,7.6629
match_10,7,assist,537.339,8.95565
match_10,7,assist,539.88,8.998
match_10,7,assist,674.731,11.245516666666667
match_10,7,kill,778.626,12.9771
match_10,7,assist,960.584,16.009733333333333
match_10,7,assist,984.813,16.41355
match_10,7,assist,1000.43,16.67383333333333
match_10,7,assist,1018.791,16.979850000000003
match_10,7,assist,1071.449,17.857483333333334
match_10,7,assist,1125.558,18.7593
match_10,7,assist,1132.725,18.87875
match_10,7,assist,1191.799,19.863316666666666
match_10,7,kill,1197.02,19.950333333333333
match_10,7,death,1296.566,21.609433333333335
match_10,7,assist,1355.278,22.587966666666667
match_10,7,kill,1360.205,22.67008333333333
match_10,7,assist,1361.996,22.699933333333334
match_10,7,assist,1365.104,22.751733333333334
match_10,8,assist,278.527,4.6421166666666664
match_10,8,assist,352.353,5.87255
match_10,8,death,468.042,7.8007
match_10,8,assist,537.339,8.95565
match_10,8,kill,539.88,8.998
match_10,8,kill,599.279,9.987983333333334
match_10,8,kill,674.731,11.245516666666667
match_10,8,kill,718.026,11.967099999999999
match_10,8,assist,768.977,12.816283333333333
match_10,8,death,839.27,13.987833333333333
match_10,8,death,968.548,16.142466666666667
match_10,8,assist,1054.517,17.575283333333335
match_10,8,kill,1057.864,17.631066666666666
match_10,8,kill,1071.449,17.857483333333334
match_10,8,kill,1125.558,18.7593
match_10,8,kill,1172.479,19.541316666666667
match_10,8,kill,1191.799,19.863316666666666
match_10,8,assist,1197.02,19.950333333333333
match_10,8,kill,1307.14,21.785666666666668
match_10,8,kill,1317.172,21.95286666666667
match_10,8,assist,1320.2,22.003333333333334
match_10,8,assist,1320.562,22.009366666666665
match_10,8,assist,1360.205,22.67008333333333
match_10,8,kill,1361.996,22.699933333333334
match_10,8,assist,1365.104,22.751733333333334
match_10,9,kill,118.152,1.9692
match_10,9,death,123.836,2.0639333333333334
match_10,9,assist,295.391,4.923183333333333
match_10,9,kill,341.495,5.691583333333333
match_10,9,assist,466.161,7.76935
match_10,9,assist,472.103,7.868383333333333
match_10,9,assist,496.735,8.278916666666667
match_10,9,assist,537.339,8.95565
match_10,9,assist,599.279,9.987983333333334
match_10,9,death,679.549,11.325816666666666
match_10,9,kill,777.999,12.96665
match_10,9,kill,833.098,13.884966666666665
match_10,9,kill,960.584,16.009733333333333
match_10,9,death,973.401,16.22335
match_10,9,kill,1054.517,17.575283333333335
match_10,9,assist,1057.864,17.631066666666666
match_10,9,assist,1071.449,17.857483333333334
match_10,9,assist,1130.174,18.836233333333332
match_10,9,death,1150.886,19.181433333333334
match_10,9,assist,1317.172,21.95286666666667
match_10,9,assist,1320.2,22.003333333333334
match_10,9,assist,1355.278,22.587966666666667
match_10,9,assist,1361.996,22.699933333333334
match_11,0,kill,531.781,8.863016666666665
match_11,0,kill,537.169,8.952816666666667
match_11,0,death,679.794,11.3299
match_11,0,death,1050.355,17.505916666666668
match_11,0,kill,1091.481,18.19135
match_11,0,assist,1207.91,20.131833333333336
match_11,0,assist,1212.064,20.20106666666667
match_11,0,kill,1282.284,21.3714
match_11,0,assist,1331.371,22.18951666666667
match_11,0,kill,1411.686,23.5281
match_11,0,assist,1414.99,23.583166666666667
match_11,0,kill,1494.919,24.91531666666667
match_11,0,assist,1502.514,25.0419
match_11,0,kill,1511.332,25.18886666666667
match_11,0,kill,1735.609,28.926816666666664
match_11,0,death,1759.777,29.329616666666666
match_11,0,kill,1759.843,29.330716666666667
match_11,0,kill,1915.674,31.9279
match_11,0,kill,1920.102,32.0017
match_11,0,assist,1933.049,32.217483333333334
match_11,0,assist,1945.833,32.430550000000004
match_11,0,death,1969.447,32.82411666666666
match_11,0,kill,2119.751,35.32918333333334
match_11,0,kill,2145.712,35.76186666666667
match_11,0,kill,2168.932,36.14886666666666
match_11,0,kill,2183.762,36.396033333333335
match_11,0,death,2269.424,37.82373333333333
match_11,1,assist,218.387,3.6397833333333334
match_11,1,death,284.876,4.747933333333333
match_11,1,death,504.956,8.415933333333333
match_11,1,kill,730.575,12.176250000000001
match_11,1,death,817.172,13.619533333333333
match_11,1,death,876.472,14.607866666666666
match_11,1,death,943.057,15.717616666666666
match_11,1,assist,943.752,15.729199999999999
match_11,1,kill,1072.423,17.873716666666667
match_11,1,death,1078.702,17.978366666666666
match_11,1,assist,1091.481,18.19135
match_11,1,kill,1207.91,20.131833333333336
match_11,1,kill,1212.064,20.20106666666667
match_11,1,death,1261.767,21.02945
match_11,1,kill,1331.371,22.18951666666667
match_11,1,kill,1361.62,22.693666666666665
match_11,1,death,1397.225,23.28708333333333
match_11,1,assist,1502.514,25.0419
match_11,1,assist,1511.332,25.18886666666667
match_11,1,assist,1735.609,28.926816666666664
match_11,1,death,1754.465,29.241083333333332
match_11,1,assist,1759.843,29.330716666666667
match_11,1,assist,1915.674,31.9279
match_11,1,assist,1920.102,32.0017
match_11,1,assist,1945.833,32.430550000000004
match_11,1,death,1990.558,33.17596666666667
match_11,1,death,2113.045,35.217416666666665
match_11,1,assist,2119.751,35.32918333333334
match_11,1,assist,2183.762,36.396033333333335
match_11,1,kill,2290.207,38.170116666666665
match_11,1,death,2311.778,38.52963333333333
match_11,2,death,443.581,7.393016666666667
match_11,2,death,803.463,13.39105
match_11,2,kill,943.752,15.729199999999999
match_11,2,death,956.04,15.934
match_11,2,assist,1071.399,17.85665
match_11,2,kill,1077.346,17.955766666666666
match_11,2,kill,1151.23,19.187166666666666
match_11,2,assist,1207.91,20.131833333333336
match_11,2,assist,1212.064,20.20106666666667
match_11,2,assist,1361.62,22.693666666666665
match_11,2,assist,1411.686,23.5281
match_11,2,kill,1414.99,23.583166666666667
match_11,2,death,1416.08,23.601333333333333
match_11,2,death,1500.532,25.008866666666666
match_11,2,assist,1502.514,25.0419
match_11,2,assist,1511.332,25.18886666666667
match_11,2,kill,1613.881,26.898016666666667
match_11,2,kill,1812.32,30.205333333333332
match_11,2,kill,1823.256,30.387600000000003
match_11,2,assist,1920.102,32.0017
match_11,2,kill,1933.049,32.217483333333334
match_11,2,kill,1945.833,32.430550000000004
match_11,2,death,2036.684,33.94473333333333
match_11,2,assist,2119.751,35.32918333333334
match_11,2,assist,2145.712,35.76186666666667
match_11,2,assist,2168.932,36.14886666666666
match_11,2,kill,2178.966,36.3161
match_11,2,assist,2183.762,36.396033333333335
match_11,2,assist,2290.207,38.170116666666665
match_11,2,kill,2312.274,38.5379
match_11,3,death,528.444,8.8074
match_11,3,assist,531.781,8.863016666666665
match_11,3,death,619.31,10.321833333333332
match_11,3,death,680.62,11.343666666666667
match_11,3,death,797.285,13.288083333333333
match_11,3,death,908.938,15.148966666666666
match_11,3,assist,1071.399,17.85665
match_11,3,assist,1077.346,17.955766666666666
match_11,3,death,1140.823,19.013716666666667
match_11,3,assist,1151.23,19.187166666666666
match_11,3,death,1324.901,22.081683333333334
match_11,3,death,1385.829,23.09715
match_11,3,assist,1502.514,25.0419
match_11,3,death,1511.002,25.183366666666664
match_11,3,assist,1511.332,25.18886666666667
match_11,3,death,1580.928,26.3488
match_11,3,assist,1735.609,28.926816666666664
match_11,3,assist,1812.32,30.205333333333332
match_11,3,assist,1823.256,30.387600000000003
match_11,3,assist,1915.674,31.9279
match_11,3,death,1917.594,31.9599
match_11,3,assist,1920.102,32.0017
match_11,3,death,2004.431,33.407183333333336
match_11,3,death,2062.186,34.36976666666667
match_11,3,assist,2119.751,35.32918333333334
match_11,3,assist,2145.712,35.76186666666667
match_11,3,death,2156.541,35.942350000000005
match_11,3,death,2266.185,37.76975
match_11,4,kill,218.387,3.6397833333333334
match_11,4,death,677.45,11.290833333333333
match_11,4,death,845.251,14.087516666666666
match_11,4,death,1010.876,16.847933333333334
match_11,4,kill,1071.399,17.85665
match_11,4,death,1074.141,17.902350000000002
match_11,4,assist,1077.346,17.955766666666666
match_11,4,death,1204.74,20.079
match_11,4,assist,1207.91,20.131833333333336
match_11,4,assist,1282.284,21.3714
match_11,4,assist,1331.371,22.18951666666667
match_11,4,death,1364.13,22.735500000000002
match_11,4,assist,1494.919,24.91531666666667
match_11,4,kill,1502.514,25.0419
match_11,4,assist,1511.332,25.18886666666667
match_11,4,death,1660.394,27.673233333333332
match_11,4,death,1728.604,28.810066666666668
match_11,4,assist,1735.609,28.926816666666664
match_11,4,death,1803.733,30.062216666666664
match_11,4,assist,1812.32,30.205333333333332
match_11,4,assist,1915.674,31.9279
match_11,4,assist,1920.102,32.0017
match_11,4,death,1933.479,32.224650000000004
match_11,4,death,2030.472,33.8412
match_11,4,death,2091.832,34.86386666666667
match_11,4,death,2167.114,36.118566666666666
match_11,4,assist,2168.932,36.14886666666666
match_11,4,assist,2290.207,38.170116666666665
match_11,4,death,2294.731,38.24551666666667
match_11,5,kill,443.581,7.393016666666667
match_11,5,kill,803.463,13.39105
match_11,5,kill,943.057,15.717616666666666
match_11,5,kill,1050.355,17.505916666666668
match_11,5,death,1071.399,17.85665
match_11,5,kill,1204.74,20.079
match_11,5,assist,1324.901,22.081683333333334
match_11,5,death,1361.62,22.693666666666665
match_11,5,kill,1917.594,31.9599
match_11,5,kill,1933.479,32.224650000000004
match_11,5,kill,1969.447,32.82411666666666
match_11,5,assist,1990.558,33.17596666666667
match_11,5,assist,2030.472,33.8412
match_11,5,assist,2036.684,33.94473333333333
match_11,5,kill,2062.186,34.36976666666667
match_11,5,assist,2091.832,34.86386666666667
match_11,5,assist,2113.045,35.217416666666665
match_11,5,assist,2156.541,35.942350000000005
match_11,5,kill,2167.114,36.118566666666666
match_11,5,death,2183.762,36.396033333333335
match_11,5,assist,2294.731,38.24551666666667
match_11,6,death,218.387,3.6397833333333334
match_11,6,kill,284.876,4.747933333333333
match_11,6,kill,504.956,8.415933333333333
match_11,6,death,730.575,12.176250000000001
match_11,6,assist,817.172,13.619533333333333
match_11,6,kill,876.472,14.607866666666666
match_11,6,assist,943.057,15.717616666666666
match_11,6,death,943.752,15.729199999999999
match_11,6,kill,1261.767,21.02945
match_11,6,death,1282.284,21.3714
match_11,6,kill,1397.225,23.28708333333333
match_11,6,death,1414.99,23.583166666666667
match_11,6,kill,1416.08,23.601333333333333
match_11,6,death,1494.919,24.91531666666667
match_11,6,kill,1580.928,26.3488
match_11,6,death,1613.881,26.898016666666667
match_11,6,kill,1728.604,28.810066666666668
match_11,6,death,1735.609,28.926816666666664
match_11,6,kill,1803.733,30.062216666666664
match_11,6,death,1823.256,30.387600000000003
match_11,6,death,1933.049,32.217483333333334
match_11,6,assist,2091.832,34.86386666666667
match_11,6,kill,2156.541,35.942350000000005
match_11,6,death,2178.966,36.3161
match_11,6,assist,2294.731,38.24551666666667
match_11,6,assist,2311.778,38.52963333333333
match_11,7,death,395.466,6.5911
match_11,7,assist,504.956,8.415933333333333
match_11,7,assist,619.31,10.321833333333332
match_11,7,kill,817.172,13.619533333333333
match_11,7,kill,845.251,14.087516666666666
match_11,7,assist,876.472,14.607866666666666
match_11,7,kill,956.04,15.934
match_11,7,kill,1010.876,16.847933333333334
match_11,7,death,1072.423,17.873716666666667
match_11,7,assist,1078.702,17.978366666666666
match_11,7,kill,1140.823,19.013716666666667
match_11,7,death,1151.23,19.187166666666666
match_11,7,assist,1261.767,21.02945
match_11,7,death,1331.371,22.18951666666667
match_11,7,death,1411.686,23.5281
match_11,7,assist,1416.08,23.601333333333333
match_11,7,kill,1500.532,25.008866666666666
match_11,7,kill,1511.002,25.183366666666664
match_11,7,death,1511.332,25.18886666666667
match_11,7,assist,1580.928,26.3488
match_11,7,assist,1728.604,28.810066666666668
match_11,7,kill,1754.465,29.241083333333332
match_11,7,kill,1759.777,29.329616666666666
match_11,7,death,1759.843,29.330716666666667
match_11,7,death,1915.674,31.9279
match_11,7,kill,1990.558,33.17596666666667
match_11,7,kill,2004.431,33.407183333333336
match_11,7,kill,2030.472,33.8412
match_11,7,kill,2036.684,33.94473333333333
match_11,7,kill,2091.832,34.86386666666667
match_11,7,kill,2113.045,35.217416666666665
match_11,7,death,2119.751,35.32918333333334
match_11,7,kill,2266.185,37.76975
match_11,7,kill,2269.424,37.82373333333333
match_11,7,kill,2294.731,38.24551666666667
match_11,7,assist,2311.778,38.52963333333333
match_11,7,death,2312.274,38.5379
match_11,8,assist,528.444,8.8074
match_11,8,death,537.169,8.952816666666667
match_11,8,assist,619.31,10.321833333333332
match_11,8,kill,677.45,11.290833333333333
match_11,8,kill,679.794,11.3299
match_11,8,kill,680.62,11.343666666666667
match_11,8,kill,797.285,13.288083333333333
match_11,8,kill,908.938,15.148966666666666
match_11,8,kill,1074.141,17.902350000000002
match_11,8,death,1077.346,17.955766666666666
match_11,8,assist,1204.74,20.079
match_11,8,death,1207.91,20.131833333333336
match_11,8,kill,1364.13,22.735500000000002
match_11,8,kill,1385.829,23.09715
match_11,8,assist,1500.532,25.008866666666666
match_11,8,assist,1660.394,27.673233333333332
match_11,8,assist,1803.733,30.062216666666664
match_11,8,death,1812.32,30.205333333333332
match_11,8,assist,1917.594,31.9599
match_11,8,death,1920.102,32.0017
match_11,8,assist,1933.479,32.224650000000004
match_11,8,assist,2030.472,33.8412
match_11,8,assist,2036.684,33.94473333333333
match_11,8,assist,2167.114,36.118566666666666
match_11,8,death,2168.932,36.14886666666666
match_11,8,kill,2311.778,38.52963333333333
match_11,9,kill,528.444,8.8074
match_11,9,death,531.781,8.863016666666665
match_11,9,kill,619.31,10.321833333333332
match_11,9,assist,677.45,11.290833333333333
match_11,9,assist,679.794,11.3299
match_11,9,assist,680.62,11.343666666666667
match_11,9,assist,797.285,13.288083333333333
match_11,9,assist,908.938,15.148966666666666
match_11,9,kill,1078.702,17.978366666666666
match_11,9,death,1091.481,18.19135
match_11,9,assist,1204.74,20.079
match_11,9,death,1212.064,20.20106666666667
match_11,9,kill,1324.901,22.081683333333334
match_11,9,assist,1397.225,23.28708333333333
match_11,9,assist,1416.08,23.601333333333333
match_11,9,assist,1500.532,25.008866666666666
match_11,9,death,1502.514,25.0419
match_11,9,kill,1660.394,27.673233333333332
match_11,9,assist,1728.604,28.810066666666668
match_11,9,death,1945.833,32.430550000000004
match_11,9,assist,2030.472,33.8412
match_11,9,assist,2091.832,34.86386666666667
match_11,9,assist,2113.045,35.217416666666665
match_11,9,death,2145.712,35.76186666666667
match_11,9,death,2290.207,38.170116666666665
match_11,9,assist,2294.731,38.24551666666667
match_12,0,assist,114.049,1.9008166666666668
match_12,0,kill,234.717,3.91195
match_12,0,death,323.586,5.3931000000000004
match_12,0,assist,413.616,6.8936
match_12,0,assist,423.558,7.0592999999999995
match_12,0,assist,462.179,7.702983333333333
match_12,0,kill,474.998,7.916633333333333
match_12,0,assist,578.092,9.634866666666666
match_12,0,kill,578.62,9.643666666666666
match_12,0,assist,617.779,10.296316666666666
match_12,0,kill,705.356,11.755933333333333
match_12,0,kill,714.847,11.914116666666667
match_12,0,kill,783.532,13.058866666666667
match_12,0,kill,786.574,13.109566666666666
match_12,0,assist,829.922,13.832033333333333
match_12,0,kill,832.07,13.867833333333333
match_12,0,kill,899.336,14.988933333333334
match_12,1,assist,188.311,3.138516666666667
match_12,1,kill,244.133,4.068883333333334
match_12,1,death,299.946,4.9991
match_12,1,kill,357.442,5.957366666666667
match_12,1,kill,371.353,6.189216666666667
match_12,1,kill,451.343,7.522383333333334
match_12,1,kill,511.572,8.5262
match_12,1,kill,574.225,9.570416666666667
match_12,1,kill,578.883,9.648050000000001
match_12,1,kill,639.562,10.659366666666667
match_12,1,kill,646.334,10.772233333333332
match_12,1,kill,696.57,11.6095
match_12,1,assist,763.149,12.71915
match_12,1,assist,788.623,13.143716666666668
match_12,1,assist,789.251,13.154183333333332
match_12,1,kill,829.922,13.832033333333333
match_12,1,assist,832.07,13.867833333333333
match_12,2,kill,114.049,1.9008166666666668
match_12,2,assist,234.717,3.91195
match_12,2,death,335.791,5.596516666666667
match_12,2,assist,340.254,5.6709000000000005
match_12,2,kill,413.616,6.8936
match_12,2,kill,423.558,7.0592999999999995
match_12,2,kill,462.179,7.702983333333333
match_12,2,assist,474.998,7.916633333333333
match_12,2,kill,578.092,9.634866666666666
match_12,2,assist,578.62,9.643666666666666
match_12,2,kill,617.779,10.296316666666666
match_12,2,assist,733.607,12.226783333333334
match_12,2,kill,763.149,12.71915
match_12,2,death,788.325,13.13875
match_12,2,assist,878.411,14.640183333333333
match_12,3,kill,311.584,5.193066666666667
match_12,3,kill,437.068,7.284466666666666
match_12,3,kill,560.415,9.34025
match_12,3,kill,667.221,11.12035
match_12,3,kill,733.607,12.226783333333334
match_12,3,assist,763.149,12.71915
match_12,3,kill,789.251,13.154183333333332
match_12,3,assist,829.922,13.832033333333333
match_12,3,assist,832.07,13.867833333333333
match_12,3,kill,854.481,14.24135
match_12,3,kill,888.889,14.814816666666667
match_12,3,assist,899.336,14.988933333333334
match_12,4,assist,114.049,1.9008166666666668
match_12,4,kill,188.311,3.138516666666667
match_12,4,kill,340.254,5.6709000000000005
match_12,4,death,361.014,6.016900000000001
match_12,4,assist,474.998,7.916633333333333
match_12,4,kill,788.623,13.143716666666668
match_12,4,assist,789.251,13.154183333333332
match_12,4,death,791.598,13.193299999999999
match_12,4,assist,854.481,14.24135
match_12,4,kill,878.411,14.640183333333333
match_12,4,assist,888.889,14.814816666666667
match_12,4,death,898.147,14.969116666666668
match_12,4,assist,899.336,14.988933333333334
match_12,5,kill,323.586,5.3931000000000004
match_12,5,assist,335.791,5.596516666666667
match_12,5,death,340.254,5.6709000000000005
match_12,5,death,413.616,6.8936
match_12,5,death,462.179,7.702983333333333
match_12,5,death,578.092,9.634866666666666
match_12,5,death,705.356,11.755933333333333
match_12,5,death,783.532,13.058866666666667
match_12,5,death,854.481,14.24135
match_12,5,death,888.889,14.814816666666667
match_12,5,assist,898.147,14.969116666666668
match_12,6,death,188.311,3.138516666666667
match_12,6,death,244.133,4.068883333333334
match_12,6,assist,299.946,4.9991
match_12,6,death,357.442,5.957366666666667
match_12,6,death,574.225,9.570416666666667
match_12,6,death,639.562,10.659366666666667
match_12,6,death,696.57,11.6095
match_12,6,death,786.574,13.109566666666666
match_12,6,death,829.922,13.832033333333333
match_12,6,death,899.336,14.988933333333334
match_12,7,death,311.584,5.193066666666667
match_12,7,death,437.068,7.284466666666666
match_12,7,death,560.415,9.34025
match_12,7,death,667.221,11.12035
match_12,7,death,733.607,12.226783333333334
match_12,7,kill,788.325,13.13875
match_12,7,death,788.623,13.143716666666668
match_12,7,assist,791.598,13.193299999999999
match_12,7,kill,898.147,14.969116666666668
match_12,8,death,114.049,1.9008166666666668
match_12,8,death,234.717,3.91195
match_12,8,assist,323.586,5.3931000000000004
match_12,8,kill,335.791,5.596516666666667
match_12,8,kill,361.014,6.016900000000001
match_12,8,death,423.558,7.0592999999999995
match_12,8,death,474.998,7.916633333333333
match_12,8,death,578.62,9.643666666666666
match_12,8,death,617.779,10.296316666666666
match_12,8,death,714.847,11.914116666666667
match_12,8,assist,788.325,13.13875
match_12,8,death,789.251,13.154183333333332
match_12,8,kill,791.598,13.193299999999999
match_12,8,assist,898.147,14.969116666666668
match_12,9,kill,299.946,4.9991
match_12,9,death,371.353,6.189216666666667
match_12,9,death,451.343,7.522383333333334
match_12,9,death,511.572,8.5262
match_12,9,death,578.883,9.648050000000001
match_12,9,death,646.334,10.772233333333332
match_12,9,death,763.149,12.71915
match_12,9,death,832.07,13.867833333333333
match_12,9,death,878.411,14.640183333333333
match_13,0,kill,209.386,3.4897666666666667
match_13,0,kill,314.663,5.244383333333333
match_13,0,assist,448.195,7.469916666666666
match_13,0,assist,583.133,9.718883333333334
match_13,0,kill,583.694,9.728233333333332
match_13,0,death,585.212,9.753533333333333
match_13,0,death,664.047,11.067450000000001
match_13,0,assist,676.296,11.271600000000001
match_13,0,assist,691.017,11.516950000000001
match_13,0,death,810.076,13.501266666666668
match_13,0,death,894.593,14.909883333333333
match_13,0,death,1004.473,16.741216666666666
match_13,0,assist,1100.877,18.34795
match_13,0,assist,1108.174,18.469566666666665
match_13,0,assist,1170.77,19.512833333333333
match_13,0,death,1174.934,19.58223333333333
match_13,0,kill,1271.228,21.187133333333335
match_13,0,assist,1274.658,21.2443
match_13,0,death,1290.141,21.50235
match_13,0,assist,1394.21,23.236833333333333
match_13,0,kill,1459.948,24.33246666666667
match_13,0,kill,1536.244,25.604066666666665
match_13,0,death,1634.519,27.241983333333334
match_13,0,assist,1797.046,29.950766666666667
match_13,0,kill,1816.421,30.273683333333334
match_13,0,death,1837.734,30.628899999999998
match_13,0,assist,1903.591,31.726516666666665
match_13,0,death,1924.516,32.07526666666667
match_13,0,assist,1934.406,32.2401
match_13,0,assist,2044.644,34.0774
match_13,0,death,2049.631,34.160516666666666
match_13,1,kill,185.263,3.0877166666666667
match_13,1,death,367.503,6.12505
match_13,1,death,498.786,8.3131
match_13,1,death,592.582,9.876366666666666
match_13,1,kill,714.085,11.901416666666668
match_13,1,death,715.57,11.926166666666667
match_13,1,death,780.67,13.011166666666666
match_13,1,kill,899.081,14.984683333333333
match_13,1,death,1006.42,16.773666666666667
match_13,1,assist,1009.133,16.818883333333336
match_13,1,assist,1100.877,18.34795
match_13,1,assist,1108.174,18.469566666666665
match_13,1,assist,1159.943,19.332383333333333
match_13,1,assist,1170.77,19.512833333333333
match_13,1,assist,1187.255,19.787583333333334
match_13,1,assist,1271.228,21.187133333333335
match_13,1,kill,1274.658,21.2443
match_13,1,kill,1291.857,21.53095
match_13,1,kill,1323.318,22.0553
match_13,1,kill,1341.45,22.3575
match_13,1,kill,1342.063,22.36771666666667
match_13,1,death,1350.017,22.500283333333336
match_13,1,assist,1459.948,24.33246666666667
match_13,1,death,1530.663,25.51105
match_13,1,assist,1544.985,25.74975
match_13,1,death,1650.527,27.508783333333334
match_13,1,death,1798.506,29.9751
match_13,1,assist,1891.787,31.529783333333334
match_13,1,assist,1903.591,31.726516666666665
match_13,1,death,1934.01,32.2335
match_13,1,assist,2044.644,34.0774
match_13,1,death,2067.03,34.450500000000005
match_13,2,death,490.634,8.177233333333334
match_13,2,death,707.32,11.788666666666668
match_13,2,assist,714.085,11.901416666666668
match_13,2,kill,808.987,13.483116666666666
match_13,2,kill,818.426,13.640433333333334
match_13,2,death,985.263,16.42105
match_13,2,assist,1100.877,18.34795
match_13,2,assist,1108.174,18.469566666666665
match_13,2,assist,1144.593,19.07655
match_13,2,kill,1159.943,19.332383333333333
match_13,2,kill,1170.77,19.512833333333333
match_13,2,death,1185.035,19.750583333333335
match_13,2,assist,1187.255,19.787583333333334
match_13,2,death,1267.991,21.13318333333333
match_13,2,assist,1271.228,21.187133333333335
match_13,2,assist,1323.318,22.0553
match_13,2,death,1328.601,22.14335
match_13,2,assist,1342.063,22.36771666666667
match_13,2,kill,1394.21,23.236833333333333
match_13,2,kill,1516.451,25.274183333333333
match_13,2,kill,1544.985,25.74975
match_13,2,kill,1650.0,27.5
match_13,2,kill,1667.495,27.79158333333333
match_13,2,kill,1672.251,27.87085
match_13,2,death,1672.779,27.87965
match_13,2,kill,1797.046,29.950766666666667
match_13,2,death,1829.469,30.49115
match_13,2,kill,1891.787,31.529783333333334
match_13,2,kill,1903.591,31.726516666666665
match_13,2,kill,1934.406,32.2401
match_13,2,kill,2044.644,34.0774
match_13,2,death,2052.485,34.208083333333335
match_13,3,assist,209.386,3.4897666666666667
match_13,3,kill,448.195,7.469916666666666
match_13,3,kill,583.133,9.718883333333334
match_13,3,assist,583.694,9.728233333333332
match_13,3,death,595.156,9.919266666666665
match_13,3,kill,676.296,11.271600000000001
match_13,3,kill,691.017,11.516950000000001
match_13,3,death,796.182,13.2697
match_13,3,death,922.224,15.3704
match_13,3,kill,1100.877,18.34795
match_13,3,assist,1108.174,18.469566666666665
match_13,3,kill,1144.593,19.07655
match_13,3,assist,1159.943,19.332383333333333
match_13,3,assist,1170.77,19.512833333333333
match_13,3,assist,1187.255,19.787583333333334
match_13,3,assist,1271.228,21.187133333333335
match_13,3,assist,1274.658,21.2443
match_13,3,assist,1291.857,21.53095
match_13,3,death,1297.071,21.617849999999997
match_13,3,death,1377.661,22.96101666666667
match_13,3,assist,1459.948,24.33246666666667
match_13,3,assist,1544.985,25.74975
match_13,3,death,1647.206,27.453433333333333
match_13,3,assist,1650.0,27.5
match_13,3,assist,1797.046,29.950766666666667
match_13,3,death,1807.138,30.118966666666665
match_13,3,assist,1816.421,30.273683333333334
match_13,3,death,1887.002,31.450033333333334
match_13,3,assist,1891.787,31.529783333333334
match_13,3,death,2039.236,33.98726666666667
match_13,3,assist,2044.644,34.0774
match_13,4,kill,233.216,3.8869333333333334
match_13,4,kill,239.882,3.9980333333333333
match_13,4,death,243.314,4.055233333333333
match_13,4,assist,314.663,5.244383333333333
match_13,4,assist,448.195,7.469916666666666
match_13,4,death,590.239,9.837316666666668
match_13,4,death,793.474,13.224566666666668
match_13,4,death,1008.272,16.804533333333335
match_13,4,kill,1009.133,16.818883333333336
match_13,4,assist,1100.877,18.34795
match_13,4,kill,1108.174,18.469566666666665
match_13,4,kill,1187.255,19.787583333333334
match_13,4,assist,1271.228,21.187133333333335
match_13,4,death,1272.748,21.212466666666668
match_13,4,assist,1341.45,22.3575
match_13,4,assist,1342.063,22.36771666666667
match_13,4,death,1432.249,23.870816666666666
match_13,4,death,1540.294,25.671566666666667
match_13,4,assist,1544.985,25.74975
match_13,4,assist,1650.0,27.5
match_13,4,death,1654.172,27.569533333333332
match_13,4,assist,1797.046,29.950766666666667
match_13,4,death,1805.014,30.083566666666666
match_13,4,assist,1903.591,31.726516666666665
match_13,4,assist,2044.644,34.0774
match_13,4,death,2045.627,34.093783333333334
match_13,5,death,185.263,3.0877166666666667
match_13,5,death,239.882,3.9980333333333333
match_13,5,kill,367.503,6.12505
match_13,5,kill,498.786,8.3131
match_13,5,kill,590.239,9.837316666666668
match_13,5,kill,592.582,9.876366666666666
match_13,5,kill,664.047,11.067450000000001
match_13,5,death,676.296,11.271600000000001
match_13,5,kill,780.67,13.011166666666666
match_13,5,kill,985.263,16.42105
match_13,5,assist,1006.42,16.773666666666667
match_13,5,assist,1008.272,16.804533333333335
match_13,5,kill,1174.934,19.58223333333333
match_13,5,assist,1185.035,19.750583333333335
match_13,5,kill,1290.141,21.50235
match_13,5,assist,1297.071,21.617849999999997
match_13,5,kill,1328.601,22.14335
match_13,5,death,1342.063,22.36771666666667
match_13,5,assist,1350.017,22.500283333333336
match_13,5,assist,1432.249,23.870816666666666
match_13,5,assist,1530.663,25.51105
match_13,5,assist,1540.294,25.671566666666667
match_13,5,kill,1634.519,27.241983333333334
match_13,5,kill,1647.206,27.453433333333333
match_13,5,kill,1650.527,27.508783333333334
match_13,5,assist,1654.172,27.569533333333332
match_13,5,kill,1672.779,27.87965
match_13,5,kill,1798.506,29.9751
match_13,5,assist,1805.014,30.083566666666666
match_13,5,kill,1807.138,30.118966666666665
match_13,5,assist,1829.469,30.49115
match_13,5,assist,1837.734,30.628899999999998
match_13,5,assist,1887.002,31.450033333333334
match_13,5,death,1903.591,31.726516666666665
match_13,5,assist,2039.236,33.98726666666667
match_13,5,kill,2045.627,34.093783333333334
match_13,5,assist,2049.631,34.160516666666666
match_13,5,assist,2067.03,34.450500000000005
match_13,6,death,583.133,9.718883333333334
match_13,6,assist,585.212,9.753533333333333
match_13,6,death,808.987,13.483116666666666
match_13,6,kill,894.593,14.909883333333333
match_13,6,assist,922.224,15.3704
match_13,6,assist,1008.272,16.804533333333335
match_13,6,death,1144.593,19.07655
match_13,6,assist,1267.991,21.13318333333333
match_13,6,kill,1272.748,21.212466666666668
match_13,6,assist,1290.141,21.50235
match_13,6,death,1291.857,21.53095
match_13,6,kill,1350.017,22.500283333333336
match_13,6,assist,1432.249,23.870816666666666
match_13,6,death,1536.244,25.604066666666665
match_13,6,assist,1650.527,27.508783333333334
match_13,6,kill,1654.172,27.569533333333332
match_13,6,death,1672.251,27.87085
match_13,6,assist,1672.779,27.87965
match_13,6,assist,1798.506,29.9751
match_13,6,assist,1805.014,30.083566666666666
match_13,6,assist,1807.138,30.118966666666665
match_13,6,death,1816.421,30.273683333333334
match_13,6,assist,1829.469,30.49115
match_13,6,kill,1924.516,32.07526666666667
match_13,6,kill,1934.01,32.2335
match_13,6,death,1934.406,32.2401
match_13,6,assist,2039.236,33.98726666666667
match_13,6,assist,2045.627,34.093783333333334
match_13,6,kill,2049.631,34.160516666666666
match_13,6,assist,2067.03,34.450500000000005
match_13,6,death,2083.545,34.72575
match_13,7,kill,490.634,8.177233333333334
match_13,7,kill,707.32,11.788666666666668
match_13,7,death,714.085,11.901416666666668
match_13,7,assist,715.57,11.926166666666667
match_13,7,kill,793.474,13.224566666666668
match_13,7,assist,796.182,13.2697
match_13,7,assist,810.076,13.501266666666668
match_13,7,assist,894.593,14.909883333333333
match_13,7,kill,922.224,15.3704
match_13,7,assist,985.263,16.42105
match_13,7,assist,1006.42,16.773666666666667
match_13,7,assist,1008.272,16.804533333333335
match_13,7,death,1009.133,16.818883333333336
match_13,7,death,1108.174,18.469566666666665
match_13,7,kill,1185.035,19.750583333333335
match_13,7,death,1187.255,19.787583333333334
match_13,7,assist,1267.991,21.13318333333333
match_13,7,death,1271.228,21.187133333333335
match_13,7,assist,1272.748,21.212466666666668
match_13,7,assist,1350.017,22.500283333333336
match_13,7,kill,1377.661,22.96101666666667
match_13,7,death,1394.21,23.236833333333333
match_13,7,death,1516.451,25.274183333333333
match_13,7,assist,1634.519,27.241983333333334
match_13,7,assist,1647.206,27.453433333333333
match_13,7,death,1650.0,27.5
match_13,7,assist,1650.527,27.508783333333334
match_13,7,assist,1654.172,27.569533333333332
match_13,7,death,1797.046,29.950766666666667
match_13,7,assist,1805.014,30.083566666666666
match_13,7,assist,1807.138,30.118966666666665
match_13,7,kill,1887.002,31.450033333333334
match_13,7,death,1891.787,31.529783333333334
match_13,7,kill,2039.236,33.98726666666667
match_13,7,death,2044.644,34.0774
match_13,7,assist,2045.627,34.093783333333334
match_13,7,assist,2049.631,34.160516666666666
match_13,7,assist,2052.485,34.208083333333335
match_13,8,death,209.386,3.4897666666666667
match_13,8,death,448.195,7.469916666666666
match_13,8,death,583.694,9.728233333333332
match_13,8,assist,585.212,9.753533333333333
match_13,8,assist,595.156,9.919266666666665
match_13,8,assist,664.047,11.067450000000001
match_13,8,death,691.017,11.516950000000001
match_13,8,assist,793.474,13.224566666666668
match_13,8,assist,894.593,14.909883333333333
match_13,8,kill,1006.42,16.773666666666667
match_13,8,kill,1008.272,16.804533333333335
match_13,8,death,1159.943,19.332383333333333
match_13,8,kill,1267.991,21.13318333333333
match_13,8,assist,1272.748,21.212466666666668
match_13,8,death,1274.658,21.2443
match_13,8,death,1341.45,22.3575
match_13,8,assist,1350.017,22.500283333333336
match_13,8,kill,1432.249,23.870816666666666
match_13,8,kill,1530.663,25.51105
match_13,8,kill,1540.294,25.671566666666667
match_13,8,assist,1650.527,27.508783333333334
match_13,8,assist,1654.172,27.569533333333332
match_13,8,assist,1798.506,29.9751
match_13,8,kill,1805.014,30.083566666666666
match_13,8,kill,2052.485,34.208083333333335
match_13,9,death,233.216,3.8869333333333334
match_13,9,death,314.663,5.244383333333333
match_13,9,kill,585.212,9.753533333333333
match_13,9,kill,595.156,9.919266666666665
match_13,9,assist,707.32,11.788666666666668
match_13,9,kill,715.57,11.926166666666667
match_13,9,assist,793.474,13.224566666666668
match_13,9,kill,796.182,13.2697
match_13,9,kill,810.076,13.501266666666668
match_13,9,death,818.426,13.640433333333334
match_13,9,death,899.081,14.984683333333333
match_13,9,kill,1004.473,16.741216666666666
match_13,9,death,1100.877,18.34795
match_13,9,death,1170.77,19.512833333333333
match_13,9,assist,1174.934,19.58223333333333
match_13,9,kill,1297.071,21.617849999999997
match_13,9,death,1323.318,22.0553
match_13,9,death,1459.948,24.33246666666667
match_13,9,assist,1530.663,25.51105
match_13,9,assist,1540.294,25.671566666666667
match_13,9,death,1544.985,25.74975
match_13,9,assist,1650.527,27.508783333333334
match_13,9,assist,1654.172,27.569533333333332
match_13,9,death,1667.495,27.79158333333333
match_13,9,assist,1672.779,27.87965
match_13,9,assist,1798.506,29.9751
match_13,9,assist,1805.014,30.083566666666666
match_13,9,assist,1807.138,30.118966666666665
match_13,9,kill,1829.469,30.49115
match_13,9,kill,1837.734,30.628899999999998
match_13,9,assist,1924.516,32.07526666666667
match_13,9,assist,1934.01,32.2335
match_13,9,assist,2039.236,33.98726666666667
match_13,9,assist,2045.627,34.093783333333334
match_13,9,kill,2067.03,34.450500000000005
match_13,9,death,2086.526,34.77543333333333
match_14,0,assist,44.589,0.74315
match_14,0,death,212.211,3.5368500000000003
match_14,0,death,312.092,5.201533333333333
match_14,0,death,397.548,6.6258
match_14,0,kill,399.396,6.6566
match_14,0,assist,474.218,7.9036333333333335
match_14,0,death,594.949,9.915816666666666
match_14,0,kill,732.636,12.2106
match_14,0,death,815.86,13.597666666666667
match_14,0,death,936.367,15.606116666666667
match_14,0,death,1121.03,18.683833333333332
match_14,0,death,1292.799,21.54665
match_14,0,kill,1348.738,22.47896666666667
match_14,0,death,1390.414,23.173566666666666
match_14,0,assist,1391.507,23.191783333333333
match_14,0,assist,1397.304,23.288400000000003
match_14,0,kill,1461.129,24.352149999999998
match_14,0,kill,1544.348,25.73913333333333
match_14,0,kill,1544.932,25.748866666666668
match_14,0,assist,1547.193,25.78655
match_14,0,kill,1654.039,27.567316666666667
match_14,0,death,1735.142,28.919033333333335
match_14,0,death,1849.5,30.825
match_14,0,assist,1927.168,32.11946666666667
match_14,0,death,1928.749,32.14581666666667
match_14,1,assist,44.589,0.74315
match_14,1,assist,96.739,1.6123166666666668
match_14,1,death,96.871,1.6145166666666666
match_14,1,kill,267.917,4.465283333333333
match_14,1,assist,393.357,6.55595
match_14,1,assist,396.558,6.6093
match_14,1,assist,510.733,8.512216666666667
match_14,1,kill,514.396,8.573266666666665
match_14,1,assist,518.389,8.639816666666666
match_14,1,death,701.367,11.689449999999999
match_14,1,assist,883.681,14.728016666666667
match_14,1,assist,888.565,14.809416666666667
match_14,1,death,1020.699,17.01165
match_14,1,kill,1108.407,18.47345
match_14,1,kill,1114.484,18.57473333333333
match_14,1,death,1143.333,19.05555
match_14,1,death,1273.013,21.21688333333333
match_14,1,assist,1348.738,22.47896666666667
match_14,1,assist,1391.507,23.191783333333333
match_14,1,assist,1397.304,23.288400000000003
match_14,1,assist,1461.129,24.352149999999998
match_14,1,assist,1544.348,25.73913333333333
match_14,1,assist,1544.932,25.748866666666668
match_14,1,assist,1547.193,25.78655
match_14,1,kill,1620.905,27.015083333333333
match_14,1,assist,1623.869,27.06448333333333
match_14,1,assist,1735.313,28.921883333333334
match_14,1,death,1750.061,29.167683333333333
match_14,1,kill,1751.429,29.190483333333336
match_14,1,death,1863.228,31.053800000000003
match_14,1,kill,1927.168,32.11946666666667
match_14,1,death,1938.496,32.30826666666667
match_14,2,assist,96.739,1.6123166666666668
match_14,2,kill,247.225,4.120416666666666
match_14,2,death,267.653,4.460883333333333
match_14,2,death,394.347,6.57245
match_14,2,death,506.471,8.441183333333333
match_14,2,death,831.712,13.861866666666666
match_14,2,kill,907.724,15.128733333333335
match_14,2,death,958.846,15.980766666666666
match_14,2,death,1017.414,16.9569
match_14,2,death,1107.965,18.466083333333334
match_14,2,assist,1114.484,18.57473333333333
match_14,2,death,1279.338,21.3223
match_14,2,assist,1397.304,23.288400000000003
match_14,2,assist,1544.348,25.73913333333333
match_14,2,assist,1544.932,25.748866666666668
match_14,2,assist,1547.193,25.78655
match_14,2,death,1554.796,25.91326666666667
match_14,2,assist,1620.905,27.015083333333333
match_14,2,assist,1623.869,27.06448333333333
match_14,2,death,1660.899,27.681649999999998
match_14,2,kill,1735.313,28.921883333333334
match_14,2,death,1747.757,29.129283333333333
match_14,2,assist,1751.429,29.190483333333336
match_14,2,death,1856.762,30.946033333333332
match_14,2,death,1971.643,32.86071666666667
match_14,3,assist,44.589,0.74315
match_14,3,kill,96.739,1.6123166666666668
match_14,3,assist,393.357,6.55595
match_14,3,assist,396.558,6.6093
match_14,3,kill,474.218,7.9036333333333335
match_14,3,assist,510.733,8.512216666666667
match_14,3,assist,514.396,8.573266666666665
match_14,3,kill,518.389,8.639816666666666
match_14,3,kill,883.681,14.728016666666667
match_14,3,kill,888.565,14.809416666666667
match_14,3,death,983.618,16.393633333333334
match_14,3,death,1092.782,18.213033333333332
match_14,3,death,1150.427,19.173783333333333
match_14,3,kill,1391.507,23.191783333333333
match_14,3,assist,1397.304,23.288400000000003
match_14,3,assist,1544.932,25.748866666666668
match_14,3,assist,1547.193,25.78655
match_14,3,death,1557.055,25.950916666666668
match_14,3,assist,1620.905,27.015083333333333
match_14,3,kill,1623.869,27.06448333333333
match_14,3,assist,1735.313,28.921883333333334
match_14,3,death,1852.689,30.87815
match_14,3,death,1921.276,32.02126666666667
match_14,3,assist,1927.168,32.11946666666667
match_14,4,kill,44.589,0.74315
match_14,4,assist,267.917,4.465283333333333
match_14,4,kill,393.357,6.55595
match_14,4,kill,396.558,6.6093
match_14,4,kill,510.733,8.512216666666667
match_14,4,assist,514.396,8.573266666666665
match_14,4,assist,518.389,8.639816666666666
match_14,4,death,704.844,11.7474
match_14,4,assist,883.681,14.728016666666667
match_14,4,assist,888.565,14.809416666666667
match_14,4,assist,1108.407,18.47345
match_14,4,assist,1114.484,18.57473333333333
match_14,4,death,1166.385,19.43975
match_14,4,death,1265.808,21.096799999999998
match_14,4,kill,1397.304,23.288400000000003
match_14,4,assist,1461.129,24.352149999999998
match_14,4,assist,1544.348,25.73913333333333
match_14,4,assist,1544.932,25.748866666666668
match_14,4,kill,1547.193,25.78655
match_14,4,assist,1620.905,27.015083333333333
match_14,4,assist,1623.869,27.06448333333333
match_14,4,death,1712.853,28.54755
match_14,4,death,1851.958,30.86596666666667
match_14,4,death,1926.576,32.1096
match_14,5,death,510.733,8.512216666666667
match_14,5,assist,704.844,11.7474
match_14,5,death,883.681,14.728016666666667
match_14,5,kill,958.846,15.980766666666666
match_14,5,kill,983.618,16.393633333333334
match_14,5,kill,1092.782,18.213033333333332
match_14,5,kill,1107.965,18.466083333333334
match_14,5,death,1114.484,18.57473333333333
match_14,5,assist,1265.808,21.096799999999998
match_14,5,assist,1273.013,21.21688333333333
match_14,5,assist,1279.338,21.3223
match_14,5,death,1348.738,22.47896666666667
match_14,5,death,1461.129,24.352149999999998
match_14,5,death,1544.348,25.73913333333333
match_14,5,assist,1554.796,25.91326666666667
match_14,5,assist,1557.055,25.950916666666668
match_14,5,kill,1735.142,28.919033333333335
match_14,5,assist,1747.757,29.129283333333333
match_14,5,kill,1750.061,29.167683333333333
match_14,5,death,1751.429,29.190483333333336
match_14,5,kill,1849.5,30.825
match_14,5,assist,1851.958,30.86596666666667
match_14,5,assist,1856.762,30.946033333333332
match_14,5,assist,1928.749,32.14581666666667
match_14,5,kill,1938.496,32.30826666666667
match_14,6,death,247.225,4.120416666666666
match_14,6,kill,267.653,4.460883333333333
match_14,6,kill,394.347,6.57245
match_14,6,kill,506.471,8.441183333333333
match_14,6,kill,701.367,11.689449999999999
match_14,6,kill,704.844,11.7474
match_14,6,kill,831.712,13.861866666666666
match_14,6,death,888.565,14.809416666666667
match_14,6,kill,1017.414,16.9569
match_14,6,kill,1121.03,18.683833333333332
match_14,6,kill,1143.333,19.05555
match_14,6,kill,1150.427,19.173783333333333
match_14,6,kill,1265.808,21.096799999999998
match_14,6,kill,1273.013,21.21688333333333
match_14,6,kill,1279.338,21.3223
match_14,6,kill,1554.796,25.91326666666667
match_14,6,kill,1557.055,25.950916666666668
match_14,6,death,1620.905,27.015083333333333
match_14,6,assist,1712.853,28.54755
match_14,6,assist,1747.757,29.129283333333333
match_14,6,assist,1750.061,29.167683333333333
match_14,6,assist,1852.689,30.87815
match_14,6,kill,1863.228,31.053800000000003
match_14,6,kill,1921.276,32.02126666666667
match_14,6,kill,1926.576,32.1096
match_14,7,kill,212.211,3.5368500000000003
match_14,7,kill,312.092,5.201533333333333
match_14,7,kill,397.548,6.6258
match_14,7,death,399.396,6.6566
match_14,7,death,474.218,7.9036333333333335
match_14,7,kill,594.949,9.915816666666666
match_14,7,death,732.636,12.2106
match_14,7,kill,815.86,13.597666666666667
match_14,7,death,907.724,15.128733333333335
match_14,7,assist,958.846,15.980766666666666
match_14,7,kill,1020.699,17.01165
match_14,7,assist,1092.782,18.213033333333332
match_14,7,assist,1150.427,19.173783333333333
match_14,7,kill,1166.385,19.43975
match_14,7,kill,1292.799,21.54665
match_14,7,assist,1390.414,23.173566666666666
match_14,7,death,1391.507,23.191783333333333
match_14,7,death,1547.193,25.78655
match_14,7,assist,1557.055,25.950916666666668
match_14,7,kill,1660.899,27.681649999999998
match_14,7,kill,1712.853,28.54755
match_14,7,assist,1747.757,29.129283333333333
match_14,7,assist,1750.061,29.167683333333333
match_14,7,assist,1849.5,30.825
match_14,7,kill,1851.958,30.86596666666667
match_14,7,assist,1856.762,30.946033333333332
match_14,7,kill,1928.749,32.14581666666667
match_14,7,assist,1938.496,32.30826666666667
match_14,7,kill,1971.643,32.86071666666667
match_14,8,death,96.739,1.6123166666666668
match_14,8,kill,96.871,1.6145166666666666
match_14,8,death,267.917,4.465283333333333
match_14,8,death,393.357,6.55595
match_14,8,death,514.396,8.573266666666665
match_14,8,assist,701.367,11.689449999999999
match_14,8,kill,936.367,15.606116666666667
match_14,8,assist,1107.965,18.466083333333334
match_14,8,death,1108.407,18.47345
match_14,8,assist,1279.338,21.3223
match_14,8,kill,1390.414,23.173566666666666
match_14,8,death,1544.932,25.748866666666668
match_14,8,assist,1557.055,25.950916666666668
match_14,8,death,1654.039,27.567316666666667
match_14,8,kill,1747.757,29.129283333333333
match_14,8,assist,1750.061,29.167683333333333
match_14,8,kill,1852.689,30.87815
match_14,8,kill,1856.762,30.946033333333332
match_14,8,assist,1921.276,32.02126666666667
match_14,8,death,1927.168,32.11946666666667
match_14,8,assist,1928.749,32.14581666666667
match_14,9,death,44.589,0.74315
match_14,9,assist,96.871,1.6145166666666666
match_14,9,death,396.558,6.6093
match_14,9,death,518.389,8.639816666666666
match_14,9,assist,701.367,11.689449999999999
match_14,9,assist,704.844,11.7474
match_14,9,assist,936.367,15.606116666666667
match_14,9,assist,1092.782,18.213033333333332
match_14,9,assist,1107.965,18.466083333333334
match_14,9,assist,1143.333,19.05555
match_14,9,assist,1150.427,19.173783333333333
match_14,9,assist,1273.013,21.21688333333333
match_14,9,assist,1279.338,21.3223
match_14,9,assist,1292.799,21.54665
match_14,9,assist,1390.414,23.173566666666666
match_14,9,death,1397.304,23.288400000000003
match_14,9,assist,1554.796,25.91326666666667
match_14,9,assist,1557.055,25.950916666666668
match_14,9,death,1623.869,27.06448333333333
match_14,9,assist,1735.142,28.919033333333335
match_14,9,death,1735.313,28.921883333333334
match_14,9,assist,1849.5,30.825
match_14,9,assist,1851.958,30.86596666666667
match_14,9,assist,1852.689,30.87815
match_14,9,assist,1856.762,30.946033333333332
match_14,9,assist,1921.276,32.02126666666667
match_14,9,assist,1926.576,32.1096
match_14,9,assist,1938.496,32.30826666666667
match_14,9,assist,1971.643,32.86071666666667
match_15,0,assist,52.672,0.8778666666666666
match_15,0,assist,88.813,1.4802166666666667
match_15,0,assist,209.573,3.4928833333333333
match_15,0,kill,308.395,5.139916666666666
match_15,0,kill,330.845,5.514083333333334
match_15,0,kill,383.004,6.3834
match_15,0,kill,439.746,7.3290999999999995
match_15,0,kill,523.899,8.73165
match_15,0,kill,580.283,9.671383333333333
match_15,0,kill,584.177,9.736283333333335
match_15,0,assist,605.185,10.086416666666667
match_15,0,assist,613.019,10.216983333333333
match_15,0,assist,628.3,10.471666666666666
match_15,0,assist,660.237,11.00395
match_15,0,kill,666.245,11.104083333333334
match_15,0,kill,703.841,11.730683333333333
match_15,0,kill,713.88,11.898
match_15,0,kill,750.581,12.509683333333333
match_15,0,kill,755.695,12.594916666666668
match_15,0,kill,764.247,12.737449999999999
match_15,0,kill,815.759,13.595983333333333
match_15,0,assist,819.002,13.650033333333333
match_15,0,kill,840.619,14.010316666666666
match_15,0,kill,852.089,14.201483333333334
match_15,0,assist,857.188,14.286466666666666
match_15,0,kill,875.741,14.595683333333334
match_15,0,kill,885.91,14.765166666666666
match_15,0,kill,890.107,14.835116666666666
match_15,0,kill,895.458,14.924299999999999
match_15,0,kill,906.779,15.112983333333334
match_15,0,kill,917.372,15.289533333333333
match_15,0,assist,924.958,15.415966666666666
match_15,0,assist,925.496,15.424933333333334
match_15,1,assist,52.672,0.8778666666666666
match_15,1,kill,88.813,1.4802166666666667
match_15,1,assist,138.883,2.314716666666667
match_15,1,assist,154.46,2.5743333333333336
match_15,1,assist,188.65,3.1441666666666666
match_15,1,death,207.824,3.4637333333333333
match_15,1,assist,262.313,4.371883333333333
match_15,1,assist,269.804,4.496733333333333
match_15,1,assist,316.887,5.28145
match_15,1,assist,331.802,5.530033333333334
match_15,1,assist,358.073,5.967883333333333
match_15,1,assist,408.877,6.814616666666667
match_15,1,assist,446.133,7.43555
match_15,1,assist,452.736,7.545599999999999
match_15,1,assist,532.617,8.876949999999999
match_15,1,assist,534.57,8.909500000000001
match_15,1,assist,569.543,9.492383333333333
match_15,1,assist,580.283,9.671383333333333
match_15,1,assist,584.177,9.736283333333335
match_15,1,assist,605.185,10.086416666666667
match_15,1,assist,613.019,10.216983333333333
match_15,1,assist,628.3,10.471666666666666
match_15,1,assist,641.879,10.697983333333333
match_15,1,assist,652.011,10.86685
match_15,1,death,652.54,10.875666666666666
match_15,1,assist,748.942,12.482366666666667
match_15,1,assist,765.237,12.75395
match_15,1,assist,801.707,13.361783333333333
match_15,1,assist,812.986,13.549766666666667
match_15,1,assist,815.759,13.595983333333333
match_15,1,assist,840.619,14.010316666666666
match_15,1,assist,848.39,14.139833333333334
match_15,1,assist,852.089,14.201483333333334
match_15,1,assist,855.26,14.254333333333333
match_15,1,assist,857.188,14.286466666666666
match_15,1,assist,885.91,14.765166666666666
match_15,1,assist,890.107,14.835116666666666
match_15,1,assist,895.458,14.924299999999999
match_15,1,death,903.505,15.058416666666666
match_15,1,assist,906.779,15.112983333333334
match_15,2,kill,149.642,2.4940333333333333
match_15,2,death,235.417,3.9236166666666668
match_15,2,kill,309.454,5.157566666666667
match_15,2,assist,330.845,5.514083333333334
match_15,2,assist,383.004,6.3834
match_15,2,kill,453.924,7.5653999999999995
match_15,2,kill,455.244,7.587400000000001
match_15,2,assist,660.237,11.00395
match_15,2,assist,663.902,11.065033333333334
match_15,2,assist,666.245,11.104083333333334
match_15,2,death,698.031,11.633849999999999
match_15,2,assist,703.841,11.730683333333333
match_15,2,assist,713.88,11.898
match_15,2,assist,840.619,14.010316666666666
match_15,2,assist,852.089,14.201483333333334
match_15,2,assist,855.26,14.254333333333333
match_15,2,kill,857.188,14.286466666666666
match_15,2,assist,885.91,14.765166666666666
match_15,2,assist,890.107,14.835116666666666
match_15,2,assist,895.458,14.924299999999999
match_15,2,assist,906.779,15.112983333333334
match_15,2,assist,917.372,15.289533333333333
match_15,2,kill,924.958,15.415966666666666
match_15,2,kill,925.496,15.424933333333334
match_15,3,assist,52.672,0.8778666666666666
match_15,3,assist,88.813,1.4802166666666667
match_15,3,kill,209.573,3.4928833333333333
match_15,3,assist,383.004,6.3834
match_15,3,assist,455.244,7.587400000000001
match_15,3,kill,585.167,9.752783333333333
match_15,3,assist,613.019,10.216983333333333
match_15,3,kill,652.011,10.86685
match_15,3,kill,660.237,11.00395
match_15,3,kill,663.902,11.065033333333334
match_15,3,death,665.585,11.093083333333334
match_15,3,assist,666.245,11.104083333333334
match_15,3,assist,750.581,12.509683333333333
match_15,3,assist,755.695,12.594916666666668
match_15,3,assist,764.247,12.737449999999999
match_15,3,assist,815.759,13.595983333333333
match_15,3,assist,819.002,13.650033333333333
match_15,3,assist,821.444,13.690733333333332
match_15,3,assist,840.619,14.010316666666666
match_15,3,assist,848.39,14.139833333333334
match_15,3,death,848.925,14.14875
match_15,4,kill,52.672,0.8778666666666666
match_15,4,assist,88.813,1.4802166666666667
match_15,4,kill,138.883,2.314716666666667
match_15,4,kill,154.46,2.5743333333333336
match_15,4,kill,188.65,3.1441666666666666
match_15,4,death,204.227,3.4037833333333336
match_15,4,kill,262.313,4.371883333333333
match_15,4,kill,269.804,4.496733333333333
match_15,4,kill,316.887,5.28145
match_15,4,kill,331.802,5.530033333333334
match_15,4,kill,358.073,5.967883333333333
match_15,4,kill,408.877,6.814616666666667
match_15,4,kill,446.133,7.43555
match_15,4,kill,452.736,7.545599999999999
match_15,4,kill,526.644,8.7774
match_15,4,kill,532.617,8.876949999999999
match_15,4,kill,534.57,8.909500000000001
match_15,4,kill,569.543,9.492383333333333
match_15,4,assist,580.283,9.671383333333333
match_15,4,assist,584.177,9.736283333333335
match_15,4,kill,605.185,10.086416666666667
match_15,4,kill,613.019,10.216983333333333
match_15,4,kill,628.3,10.471666666666666
match_15,4,kill,641.879,10.697983333333333
match_15,4,assist,652.011,10.86685
match_15,4,assist,663.902,11.065033333333334
match_15,4,assist,666.245,11.104083333333334
match_15,4,death,679.323,11.322049999999999
match_15,4,kill,748.942,12.482366666666667
match_15,4,kill,765.237,12.75395
match_15,4,kill,801.707,13.361783333333333
match_15,4,kill,812.986,13.549766666666667
match_15,4,assist,815.759,13.595983333333333
match_15,4,kill,819.002,13.650033333333333
match_15,4,kill,821.444,13.690733333333332
match_15,4,assist,840.619,14.010316666666666
match_15,4,kill,848.39,14.139833333333334
match_15,4,assist,852.089,14.201483333333334
match_15,4,kill,855.26,14.254333333333333
match_15,4,assist,857.188,14.286466666666666
match_15,4,death,873.629,14.560483333333334
match_15,4,assist,875.741,14.595683333333334
match_15,5,death,52.672,0.8778666666666666
match_15,5,death,154.46,2.5743333333333336
match_15,5,kill,204.227,3.4037833333333336
match_15,5,kill,207.824,3.4637333333333333
match_15,5,death,269.804,4.496733333333333
match_15,5,death,316.887,5.28145
match_15,5,death,358.073,5.967883333333333
match_15,5,death,408.877,6.814616666666667
match_15,5,death,452.736,7.545599999999999
match_15,5,death,526.644,8.7774
match_15,5,death,569.543,9.492383333333333
match_15,5,death,605.185,10.086416666666667
match_15,5,death,641.879,10.697983333333333
match_15,5,kill,665.585,11.093083333333334
match_15,5,death,666.245,11.104083333333334
match_15,5,death,713.88,11.898
match_15,5,death,764.247,12.737449999999999
match_15,5,death,821.444,13.690733333333332
match_15,5,death,855.26,14.254333333333333
match_15,5,death,890.107,14.835116666666666
match_15,5,death,925.496,15.424933333333334
match_15,6,death,149.642,2.4940333333333333
match_15,6,assist,235.417,3.9236166666666668
match_15,6,death,330.845,5.514083333333334
match_15,6,death,383.004,6.3834
match_15,6,death,453.924,7.5653999999999995
match_15,6,death,755.695,12.594916666666668
match_15,6,death,819.002,13.650033333333333
match_15,6,death,857.188,14.286466666666666
match_15,6,death,895.458,14.924299999999999
match_15,6,kill,903.505,15.058416666666666
match_15,7,death,209.573,3.4928833333333333
match_15,7,death,308.395,5.139916666666666
match_15,7,death,439.746,7.3290999999999995
match_15,7,death,532.617,8.876949999999999
match_15,7,death,584.177,9.736283333333335
match_15,7,death,628.3,10.471666666666666
match_15,7,death,663.902,11.065033333333334
match_15,7,assist,665.585,11.093083333333334
match_15,7,death,750.581,12.509683333333333
match_15,7,death,801.707,13.361783333333333
match_15,7,death,840.619,14.010316666666666
match_15,7,assist,848.925,14.14875
match_15,7,kill,873.629,14.560483333333334
match_15,7,death,875.741,14.595683333333334
match_15,7,death,917.372,15.289533333333333
match_15,8,death,88.813,1.4802166666666667
match_15,8,death,138.883,2.314716666666667
match_15,8,death,188.65,3.1441666666666666
match_15,8,death,262.313,4.371883333333333
match_15,8,death,331.802,5.530033333333334
match_15,8,death,446.133,7.43555
match_15,8,death,534.57,8.909500000000001
match_15,8,death,580.283,9.671383333333333
match_15,8,death,613.019,10.216983333333333
match_15,8,death,652.011,10.86685
match_15,8,assist,652.54,10.875666666666666
match_15,8,kill,679.323,11.322049999999999
match_15,8,assist,698.031,11.633849999999999
match_15,8,death,703.841,11.730683333333333
match_15,8,death,765.237,12.75395
match_15,8,death,812.986,13.549766666666667
match_15,8,death,848.39,14.139833333333334
match_15,8,kill,848.925,14.14875
match_15,8,death,885.91,14.765166666666666
match_15,8,death,924.958,15.415966666666666
match_15,9,kill,235.417,3.9236166666666668
match_15,9,death,309.454,5.157566666666667
match_15,9,death,455.244,7.587400000000001
match_15,9,death,523.899,8.73165
match_15,9,death,585.167,9.752783333333333
match_15,9,kill,652.54,10.875666666666666
match_15,9,death,660.237,11.00395
match_15,9,kill,698.031,11.633849999999999
match_15,9,death,748.942,12.482366666666667
match_15,9,death,815.759,13.595983333333333
match_15,9,death,852.089,14.201483333333334
match_15,9,assist,903.505,15.058416666666666
match_15,9,death,906.779,15.112983333333334
match_16,0,kill,277.227,4.62045
match_16,0,death,402.361,6.706016666666667
match_16,0,death,548.328,9.1388
match_16,0,assist,665.081,11.084683333333334
match_16,0,kill,687.422,11.457033333333333
match_16,0,assist,696.341,11.605683333333333
match_16,0,kill,728.794,12.146566666666667
match_16,0,death,740.4,12.34
match_16,0,kill,814.796,13.579933333333335
match_16,0,kill,911.782,15.196366666666668
match_16,0,kill,914.453,15.240883333333333
match_16,0,kill,928.539,15.47565
match_16,0,assist,934.13,15.568833333333334
match_16,0,kill,1036.87,17.281166666666664
match_16,0,assist,1038.306,17.3051
match_16,0,death,1086.789,18.11315
match_16,0,kill,1258.194,20.9699
match_16,0,death,1368.762,22.8127
match_16,0,assist,1372.885,22.881416666666667
match_16,0,kill,1498.098,24.9683
match_16,0,assist,1499.922,24.9987
match_16,0,assist,1501.317,25.02195
match_16,1,death,108.091,1.8015166666666667
match_16,1,kill,149.096,2.484933333333333
match_16,1,assist,185.355,3.08925
match_16,1,death,213.004,3.5500666666666665
match_16,1,death,293.784,4.8964
match_16,1,assist,493.434,8.2239
match_16,1,kill,498.321,8.30535
match_16,1,death,499.493,8.324883333333334
match_16,1,death,623.021,10.383683333333332
match_16,1,assist,684.313,11.405216666666666
match_16,1,assist,687.422,11.457033333333333
match_16,1,assist,696.341,11.605683333333333
match_16,1,death,716.189,11.936483333333333
match_16,1,assist,728.794,12.146566666666667
match_16,1,assist,788.646,13.1441
match_16,1,assist,814.796,13.579933333333335
match_16,1,assist,911.782,15.196366666666668
match_16,1,assist,914.453,15.240883333333333
match_16,1,kill,934.13,15.568833333333334
match_16,1,assist,1018.587,16.97645
match_16,1,death,1022.127,17.03545
match_16,1,assist,1106.604,18.4434
match_16,1,death,1150.693,19.178216666666668
match_16,1,assist,1154.459,19.240983333333336
match_16,1,assist,1159.349,19.32248333333333
match_16,1,assist,1161.951,19.365850000000002
match_16,1,assist,1164.198,19.4033
match_16,1,kill,1205.428,20.090466666666668
match_16,1,assist,1244.453,20.740883333333333
match_16,1,death,1251.443,20.857383333333335
match_16,1,assist,1258.194,20.9699
match_16,1,assist,1415.278,23.587966666666667
match_16,1,assist,1427.684,23.794733333333333
match_16,1,assist,1446.177,24.10295
match_16,2,death,181.354,3.022566666666667
match_16,2,death,236.757,3.9459500000000003
match_16,2,death,347.994,5.7999
match_16,2,kill,438.195,7.30325
match_16,2,kill,470.941,7.8490166666666665
match_16,2,kill,565.742,9.429033333333333
match_16,2,assist,608.089,10.134816666666667
match_16,2,kill,665.081,11.084683333333334
match_16,2,kill,684.313,11.405216666666666
match_16,2,assist,687.422,11.457033333333333
match_16,2,kill,696.341,11.605683333333333
match_16,2,kill,737.079,12.28465
match_16,2,kill,834.873,13.91455
match_16,2,assist,934.13,15.568833333333334
match_16,2,kill,1018.587,16.97645
match_16,2,kill,1025.894,17.098233333333333
match_16,2,assist,1036.87,17.281166666666664
match_16,2,assist,1038.306,17.3051
match_16,2,kill,1154.459,19.240983333333336
match_16,2,kill,1159.349,19.32248333333333
match_16,2,kill,1161.951,19.365850000000002
match_16,2,kill,1164.198,19.4033
match_16,2,assist,1258.194,20.9699
match_16,2,kill,1415.278,23.587966666666667
match_16,2,kill,1427.684,23.794733333333333
match_16,2,kill,1431.491,23.858183333333333
match_16,2,kill,1446.177,24.10295
match_16,2,assist,1498.098,24.9683
match_16,2,kill,1499.922,24.9987
match_16,2,kill,1501.317,25.02195
match_16,3,assist,149.096,2.484933333333333
match_16,3,death,173.674,2.894566666666667
match_16,3,kill,301.937,5.032283333333334
match_16,3,death,319.628,5.327133333333333
match_16,3,assist,438.195,7.30325
match_16,3,kill,493.434,8.2239
match_16,3,assist,498.321,8.30535
match_16,3,kill,608.089,10.134816666666667
match_16,3,kill,788.646,13.1441
match_16,3,assist,814.796,13.579933333333335
match_16,3,assist,834.873,13.91455
match_16,3,assist,928.539,15.47565
match_16,3,assist,934.13,15.568833333333334
match_16,3,death,1015.426,16.92376666666667
match_16,3,assist,1025.894,17.098233333333333
match_16,3,kill,1106.604,18.4434
match_16,3,assist,1205.428,20.090466666666668
match_16,3,kill,1244.453,20.740883333333333
match_16,3,death,1247.631,20.793850000000003
match_16,3,assist,1258.194,20.9699
match_16,3,kill,1372.885,22.881416666666667
match_16,3,assist,1415.278,23.587966666666667
match_16,3,assist,1501.317,25.02195
match_16,4,death,124.102,2.068366666666667
match_16,4,kill,185.355,3.08925
match_16,4,assist,301.937,5.032283333333334
match_16,4,death,313.619,5.226983333333334
match_16,4,death,492.752,8.212533333333333
match_16,4,assist,493.434,8.2239
match_16,4,assist,498.321,8.30535
match_16,4,death,654.986,10.916433333333334
match_16,4,assist,665.081,11.084683333333334
match_16,4,death,871.797,14.529950000000001
match_16,4,assist,1018.587,16.97645
match_16,4,assist,1036.87,17.281166666666664
match_16,4,kill,1038.306,17.3051
match_16,4,death,1153.608,19.2268
match_16,4,assist,1154.459,19.240983333333336
match_16,4,assist,1161.951,19.365850000000002
match_16,4,assist,1164.198,19.4033
match_16,4,death,1369.79,22.829833333333333
match_16,4,assist,1372.885,22.881416666666667
match_16,4,death,1460.041,24.334016666666667
match_16,5,kill,181.354,3.022566666666667
match_16,5,kill,236.757,3.9459500000000003
match_16,5,kill,347.994,5.7999
match_16,5,death,470.941,7.8490166666666665
match_16,5,death,565.742,9.429033333333333
match_16,5,death,608.089,10.134816666666667
match_16,5,death,737.079,12.28465
match_16,5,death,834.873,13.91455
match_16,5,death,1018.587,16.97645
match_16,5,assist,1022.127,17.03545
match_16,5,death,1106.604,18.4434
match_16,5,death,1205.428,20.090466666666668
match_16,5,death,1446.177,24.10295
match_16,6,death,149.096,2.484933333333333
match_16,6,kill,213.004,3.5500666666666665
match_16,6,assist,492.752,8.212533333333333
match_16,6,death,498.321,8.30535
match_16,6,death,687.422,11.457033333333333
match_16,6,assist,740.4,12.34
match_16,6,death,788.646,13.1441
match_16,6,death,911.782,15.196366666666668
match_16,6,assist,1015.426,16.92376666666667
match_16,6,kill,1022.127,17.03545
match_16,6,death,1025.894,17.098233333333333
match_16,6,kill,1086.789,18.11315
match_16,6,kill,1153.608,19.2268
match_16,6,death,1161.951,19.365850000000002
match_16,6,kill,1247.631,20.793850000000003
match_16,6,kill,1251.443,20.857383333333335
match_16,6,death,1258.194,20.9699
match_16,6,kill,1369.79,22.829833333333333
match_16,6,death,1372.885,22.881416666666667
match_16,6,kill,1460.041,24.334016666666667
match_16,6,death,1499.922,24.9987
match_16,7,death,277.227,4.62045
match_16,7,kill,402.361,6.706016666666667
match_16,7,death,438.195,7.30325
match_16,7,kill,548.328,9.1388
match_16,7,death,696.341,11.605683333333333
match_16,7,death,814.796,13.579933333333335
match_16,7,death,914.453,15.240883333333333
match_16,7,kill,1150.693,19.178216666666668
match_16,7,assist,1153.608,19.2268
match_16,7,death,1164.198,19.4033
match_16,7,death,1427.684,23.794733333333333
match_16,8,assist,108.091,1.8015166666666667
match_16,8,assist,124.102,2.068366666666667
match_16,8,kill,173.674,2.894566666666667
match_16,8,assist,213.004,3.5500666666666665
match_16,8,assist,293.784,4.8964
match_16,8,death,301.937,5.032283333333334
match_16,8,assist,313.619,5.226983333333334
match_16,8,assist,402.361,6.706016666666667
match_16,8,kill,492.752,8.212533333333333
match_16,8,death,493.434,8.2239
match_16,8,assist,499.493,8.324883333333334
match_16,8,assist,548.328,9.1388
match_16,8,assist,623.021,10.383683333333332
match_16,8,assist,654.986,10.916433333333334
match_16,8,death,665.081,11.084683333333334
match_16,8,kill,716.189,11.936483333333333
match_16,8,death,728.794,12.146566666666667
match_16,8,kill,871.797,14.529950000000001
match_16,8,death,934.13,15.568833333333334
match_16,8,assist,1015.426,16.92376666666667
match_16,8,death,1036.87,17.281166666666664
match_16,8,assist,1150.693,19.178216666666668
match_16,8,assist,1153.608,19.2268
match_16,8,death,1154.459,19.240983333333336
match_16,8,assist,1247.631,20.793850000000003
match_16,8,assist,1251.443,20.857383333333335
match_16,8,kill,1368.762,22.8127
match_16,8,death,1415.278,23.587966666666667
match_16,8,death,1501.317,25.02195
match_16,9,kill,108.091,1.8015166666666667
match_16,9,kill,124.102,2.068366666666667
match_16,9,assist,173.674,2.894566666666667
match_16,9,death,185.355,3.08925
match_16,9,kill,293.784,4.8964
match_16,9,kill,313.619,5.226983333333334
match_16,9,kill,319.628,5.327133333333333
match_16,9,assist,492.752,8.212533333333333
match_16,9,kill,499.493,8.324883333333334
match_16,9,kill,623.021,10.383683333333332
match_16,9,kill,654.986,10.916433333333334
match_16,9,death,684.313,11.405216666666666
match_16,9,kill,740.4,12.34
match_16,9,assist,871.797,14.529950000000001
match_16,9,death,928.539,15.47565
match_16,9,kill,1015.426,16.92376666666667
match_16,9,death,1038.306,17.3051
match_16,9,assist,1150.693,19.178216666666668
match_16,9,death,1159.349,19.32248333333333
match_16,9,death,1244.453,20.740883333333333
match_16,9,assist,1247.631,20.793850000000003
match_16,9,assist,1251.443,20.857383333333335
match_16,9,assist,1368.762,22.8127
match_16,9,death,1431.491,23.858183333333333
match_16,9,death,1498.098,24.9683
match_17,0,assist,53.999,0.8999833333333334
match_17,0,kill,88.092,1.4682
match_17,0,kill,163.187,2.7197833333333334
match_17,0,kill,213.887,3.564783333333333
match_17,0,kill,237.0,3.95
match_17,0,kill,286.074,4.7679
match_17,0,kill,374.691,6.24485
match_17,0,kill,436.995,7.28325
match_17,0,kill,469.1,7.818333333333333
match_17,0,assist,545.458,9.090966666666667
match_17,0,assist,545.524,9.092066666666666
match_17,0,kill,578.969,9.649483333333334
match_17,0,kill,587.924,9.798733333333333
match_17,0,kill,619.055,10.317583333333333
match_17,0,assist,620.573,10.342883333333333
match_17,0,assist,632.719,10.545316666666668
match_17,0,kill,651.369,10.856150000000001
match_17,0,assist,661.81,11.030166666666666
match_17,0,assist,675.278,11.254633333333334
match_17,0,assist,677.892,11.298200000000001
match_17,0,assist,685.879,11.431316666666667
match_17,0,assist,690.795,11.51325
match_17,0,kill,701.685,11.694749999999999
match_17,0,assist,722.975,12.049583333333334
match_17,0,assist,730.107,12.16845
match_17,0,kill,734.607,12.24345
match_17,0,kill,759.424,12.657066666666667
match_17,0,assist,888.328,14.805466666666666
match_17,0,kill,896.201,14.936683333333333
match_17,0,kill,899.369,14.989483333333334
match_17,0,kill,906.966,15.1161
match_17,0,kill,917.568,15.2928
match_17,0,kill,929.881,15.498016666666667
match_17,0,kill,937.947,15.63245
match_17,0,kill,944.553,15.74255
match_17,0,kill,961.49,16.024833333333333
match_17,0,assist,975.091,16.251516666666667
match_17,0,assist,978.225,16.30375
match_17,0,death,978.258,16.3043
match_17,1,kill,53.999,0.8999833333333334
match_17,1,kill,73.571,1.2261833333333334
match_17,1,assist,88.092,1.4682
match_17,1,death,237.462,3.9577
match_17,1,assist,309.509,5.158483333333334
match_17,1,assist,313.733,5.228883333333333
match_17,1,assist,348.851,5.814183333333333
match_17,1,assist,387.43,6.457166666666667
match_17,1,death,400.997,6.683283333333334
match_17,1,assist,469.1,7.818333333333333
match_17,1,kill,546.943,9.115716666666666
match_17,1,kill,616.936,10.282266666666667
match_17,1,kill,627.901,10.465016666666665
match_17,1,kill,685.879,11.431316666666667
match_17,1,assist,690.795,11.51325
match_17,1,assist,722.645,12.044083333333333
match_17,1,kill,730.107,12.16845
match_17,1,assist,730.272,12.1712
match_17,1,assist,734.607,12.24345
match_17,1,assist,754.308,12.5718
match_17,1,kill,755.397,12.58995
match_17,1,assist,755.892,12.5982
match_17,1,death,768.204,12.8034
match_17,1,kill,835.155,13.91925
match_17,1,kill,835.98,13.933
match_17,1,kill,843.243,14.05405
match_17,1,kill,847.038,14.1173
match_17,1,assist,849.35,14.155833333333334
match_17,1,assist,874.894,14.581566666666667
match_17,1,death,875.357,14.589283333333332
match_17,1,assist,878.857,14.647616666666666
match_17,1,assist,961.49,16.024833333333333
match_17,1,assist,975.091,16.251516666666667
match_17,1,kill,977.268,16.2878
match_17,1,kill,978.225,16.30375
match_17,1,kill,979.215,16.32025
match_17,2,assist,53.999,0.8999833333333334
match_17,2,assist,156.769,2.612816666666667
match_17,2,kill,167.378,2.789633333333333
match_17,2,death,220.454,3.6742333333333335
match_17,2,kill,283.037,4.717283333333333
match_17,2,kill,289.275,4.82125
match_17,2,kill,324.856,5.414266666666666
match_17,2,kill,337.894,5.631566666666667
match_17,2,kill,367.299,6.12165
match_17,2,kill,379.377,6.3229500000000005
match_17,2,kill,484.579,8.076316666666667
match_17,2,assist,536.323,8.938716666666666
match_17,2,assist,578.969,9.649483333333334
match_17,2,death,623.511,10.39185
match_17,2,assist,632.719,10.545316666666668
match_17,2,assist,661.81,11.030166666666666
match_17,2,assist,663.427,11.057116666666667
match_17,2,assist,675.278,11.254633333333334
match_17,2,assist,677.892,11.298200000000001
match_17,2,kill,690.795,11.51325
match_17,2,kill,699.705,11.661750000000001
match_17,2,assist,701.685,11.694749999999999
match_17,2,kill,722.645,12.044083333333333
match_17,2,assist,730.107,12.16845
match_17,2,assist,730.272,12.1712
match_17,2,assist,734.607,12.24345
match_17,2,kill,754.308,12.5718
match_17,2,assist,755.397,12.58995
match_17,2,death,755.496,12.5916
match_17,2,assist,755.892,12.5982
match_17,2,assist,759.424,12.657066666666667
match_17,2,assist,835.155,13.91925
match_17,2,assist,847.038,14.1173
match_17,2,kill,849.35,14.155833333333334
match_17,2,kill,874.894,14.581566666666667
match_17,2,assist,878.857,14.647616666666666
match_17,2,kill,888.328,14.805466666666666
match_17,2,death,892.255,14.870916666666666
match_17,2,assist,896.201,14.936683333333333
match_17,2,kill,975.091,16.251516666666667
match_17,2,death,977.037,16.28395
match_17,2,assist,977.268,16.2878
match_17,2,assist,979.215,16.32025
match_17,3,assist,53.999,0.8999833333333334
match_17,3,assist,73.571,1.2261833333333334
match_17,3,kill,156.769,2.612816666666667
match_17,3,assist,167.378,2.789633333333333
match_17,3,assist,213.887,3.564783333333333
match_17,3,assist,237.0,3.95
match_17,3,assist,367.299,6.12165
match_17,3,assist,379.377,6.3229500000000005
match_17,3,assist,484.579,8.076316666666667
match_17,3,kill,536.323,8.938716666666666
match_17,3,assist,616.936,10.282266666666667
match_17,3,assist,627.901,10.465016666666665
match_17,3,assist,754.308,12.5718
match_17,3,assist,755.397,12.58995
match_17,3,kill,755.892,12.5982
match_17,3,assist,759.424,12.657066666666667
match_17,3,death,785.773,13.096216666666667
match_17,3,assist,874.894,14.581566666666667
match_17,3,kill,878.857,14.647616666666666
match_17,3,death,879.418,14.656966666666667
match_17,3,assist,888.328,14.805466666666666
match_17,4,assist,53.999,0.8999833333333334
match_17,4,assist,73.571,1.2261833333333334
match_17,4,assist,88.092,1.4682
match_17,4,death,109.939,1.8323166666666666
match_17,4,kill,233.523,3.89205
match_17,4,kill,240.366,4.0061
match_17,4,death,262.741,4.379016666666667
match_17,4,kill,309.509,5.158483333333334
match_17,4,kill,313.733,5.228883333333333
match_17,4,kill,348.851,5.814183333333333
match_17,4,kill,356.936,5.948933333333333
match_17,4,kill,387.43,6.457166666666667
match_17,4,death,398.851,6.647516666666666
match_17,4,kill,488.67,8.1445
match_17,4,kill,489.099,8.15165
match_17,4,kill,545.458,9.090966666666667
match_17,4,kill,545.524,9.092066666666666
match_17,4,assist,578.969,9.649483333333334
match_17,4,assist,587.924,9.798733333333333
match_17,4,assist,619.055,10.317583333333333
match_17,4,kill,620.573,10.342883333333333
match_17,4,kill,632.719,10.545316666666668
match_17,4,kill,661.81,11.030166666666666
match_17,4,kill,663.427,11.057116666666667
match_17,4,kill,675.278,11.254633333333334
match_17,4,kill,677.892,11.298200000000001
match_17,4,assist,685.879,11.431316666666667
match_17,4,assist,701.685,11.694749999999999
match_17,4,assist,722.645,12.044083333333333
match_17,4,kill,722.975,12.049583333333334
match_17,4,assist,730.107,12.16845
match_17,4,kill,730.272,12.1712
match_17,4,assist,734.607,12.24345
match_17,4,death,737.148,12.2858
match_17,4,assist,874.894,14.581566666666667
match_17,4,death,880.606,14.676766666666667
match_17,4,assist,888.328,14.805466666666666
match_17,4,assist,896.201,14.936683333333333
match_17,4,death,980.007,16.33345
match_17,5,death,53.999,0.8999833333333334
match_17,5,death,88.092,1.4682
match_17,5,kill,109.939,1.8323166666666666
match_17,5,death,233.523,3.89205
match_17,5,kill,262.741,4.379016666666667
match_17,5,death,313.733,5.228883333333333
match_17,5,death,356.936,5.948933333333333
match_17,5,kill,398.851,6.647516666666666
match_17,5,kill,400.997,6.683283333333334
match_17,5,death,488.67,8.1445
match_17,5,death,545.458,9.090966666666667
match_17,5,death,587.924,9.798733333333333
match_17,5,death,620.573,10.342883333333333
match_17,5,death,663.427,11.057116666666667
match_17,5,death,699.705,11.661750000000001
match_17,5,death,730.272,12.1712
match_17,5,kill,768.204,12.8034
match_17,5,kill,785.773,13.096216666666667
match_17,5,death,843.243,14.05405
match_17,5,assist,879.418,14.656966666666667
match_17,5,assist,880.606,14.676766666666667
match_17,5,kill,892.255,14.870916666666666
match_17,5,death,896.201,14.936683333333333
match_17,5,death,937.947,15.63245
match_17,5,death,977.268,16.2878
match_17,6,death,156.769,2.612816666666667
match_17,6,death,213.887,3.564783333333333
match_17,6,death,283.037,4.717283333333333
match_17,6,death,324.856,5.414266666666666
match_17,6,death,367.299,6.12165
match_17,6,death,484.579,8.076316666666667
match_17,6,death,536.323,8.938716666666666
match_17,6,death,627.901,10.465016666666665
match_17,6,death,661.81,11.030166666666666
match_17,6,death,690.795,11.51325
match_17,6,death,722.975,12.049583333333334
match_17,6,death,754.308,12.5718
match_17,6,assist,785.773,13.096216666666667
match_17,6,death,849.35,14.155833333333334
match_17,6,kill,880.606,14.676766666666667
match_17,6,death,888.328,14.805466666666666
match_17,6,assist,892.255,14.870916666666666
match_17,6,death,929.881,15.498016666666667
match_17,6,death,979.215,16.32025
match_17,7,death,163.187,2.7197833333333334
match_17,7,death,286.074,4.7679
match_17,7,death,374.691,6.24485
match_17,7,death,469.1,7.818333333333333
match_17,7,death,546.943,9.115716666666666
match_17,7,kill,623.511,10.39185
match_17,7,death,632.719,10.545316666666668
match_17,7,death,675.278,11.254633333333334
match_17,7,death,722.645,12.044083333333333
match_17,7,death,755.892,12.5982
match_17,7,death,847.038,14.1173
match_17,7,assist,892.255,14.870916666666666
match_17,7,death,899.369,14.989483333333334
match_17,7,death,944.553,15.74255
match_17,7,death,978.225,16.30375
match_17,8,death,73.571,1.2261833333333334
match_17,8,assist,109.939,1.8323166666666666
match_17,8,death,240.366,4.0061
match_17,8,death,309.509,5.158483333333334
match_17,8,death,348.851,5.814183333333333
match_17,8,death,387.43,6.457166666666667
match_17,8,assist,398.851,6.647516666666666
match_17,8,death,436.995,7.28325
match_17,8,death,489.099,8.15165
match_17,8,death,545.524,9.092066666666666
match_17,8,death,616.936,10.282266666666667
match_17,8,death,651.369,10.856150000000001
match_17,8,death,677.892,11.298200000000001
match_17,8,death,701.685,11.694749999999999
match_17,8,death,730.107,12.16845
match_17,8,assist,737.148,12.2858
match_17,8,death,755.397,12.58995
match_17,8,assist,785.773,13.096216666666667
match_17,8,death,835.98,13.933
match_17,8,death,874.894,14.581566666666667
match_17,8,assist,875.357,14.589283333333332
match_17,8,death,906.966,15.1161
match_17,8,death,961.49,16.024833333333333
match_17,9,death,167.378,2.789633333333333
match_17,9,kill,220.454,3.6742333333333335
match_17,9,death,237.0,3.95
match_17,9,death,289.275,4.82125
match_17,9,death,337.894,5.631566666666667
match_17,9,death,379.377,6.3229500000000005
match_17,9,death,578.969,9.649483333333334
match_17,9,death,619.055,10.317583333333333
match_17,9,death,685.879,11.431316666666667
match_17,9,death,734.607,12.24345
match_17,9,kill,737.148,12.2858
match_17,9,death,759.424,12.657066666666667
match_17,9,assist,768.204,12.8034
match_17,9,death,835.155,13.91925
match_17,9,kill,875.357,14.589283333333332
match_17,9,death,878.857,14.647616666666666
match_17,9,kill,879.418,14.656966666666667
match_17,9,assist,880.606,14.676766666666667
match_17,9,death,917.568,15.2928
match_17,9,death,975.091,16.251516666666667
match_18,0,assist,383.801,6.396683333333333
match_18,0,kill,786.157,13.102616666666668
match_18,0,death,787.417,13.123616666666667
match_18,0,death,1007.369,16.789483333333333
match_18,0,assist,1007.534,16.792233333333332
match_18,0,kill,1119.424,18.657066666666665
match_18,0,kill,1134.63,18.910500000000003
match_18,0,death,1139.736,18.995600000000003
match_18,0,assist,1141.049,19.017483333333335
match_18,0,kill,1207.168,20.119466666666664
match_18,0,kill,1295.496,21.591600000000003
match_18,0,assist,1329.525,22.15875
match_18,0,kill,1545.333,25.755550000000003
match_18,0,kill,1552.239,25.87065
match_18,0,death,1565.598,26.0933
match_18,0,death,1639.324,27.322066666666668
match_18,0,death,1717.351,28.62251666666667
match_18,0,assist,1717.754,28.62923333333333
match_18,0,kill,1853.318,30.888633333333335
match_18,0,assist,2008.691,33.478183333333334
match_18,0,assist,2027.45,33.79083333333333
match_18,0,kill,2143.785,35.729749999999996
match_18,0,kill,2176.58,36.27633333333333
match_18,0,kill,2210.733,36.84555
match_18,0,assist,2280.688,38.01146666666667
match_18,0,assist,2287.333,38.12221666666667
match_18,0,death,2378.617,39.64361666666667
match_18,1,assist,165.005,2.7500833333333334
match_18,1,kill,227.085,3.7847500000000003
match_18,1,death,358.369,5.9728166666666676
match_18,1,assist,452.079,7.53465
match_18,1,kill,1022.892,17.0482
match_18,1,kill,1056.823,17.61371666666667
match_18,1,kill,1141.049,19.017483333333335
match_18,1,kill,1217.385,20.28975
match_18,1,kill,1656.968,27.616133333333334
match_18,1,assist,1717.754,28.62923333333333
match_18,1,assist,1760.011,29.333516666666664
match_18,1,assist,1825.05,30.4175
match_18,1,assist,1853.318,30.888633333333335
match_18,1,kill,2008.691,33.478183333333334
match_18,1,kill,2027.45,33.79083333333333
match_18,1,kill,2230.638,37.177299999999995
match_18,1,assist,2280.688,38.01146666666667
match_18,1,death,2333.635,38.89391666666667
match_18,2,kill,165.005,2.7500833333333334
match_18,2,kill,258.629,4.310483333333334
match_18,2,assist,262.197,4.36995
match_18,2,kill,452.079,7.53465
match_18,2,death,782.755,13.045916666666667
match_18,2,assist,786.157,13.102616666666668
match_18,2,death,879.221,14.653683333333333
match_18,2,death,932.217,15.53695
match_18,2,kill,1007.534,16.792233333333332
match_18,2,assist,1022.892,17.0482
match_18,2,assist,1056.823,17.61371666666667
match_18,2,assist,1119.424,18.657066666666665
match_18,2,assist,1141.049,19.017483333333335
match_18,2,death,1206.406,20.106766666666665
match_18,2,assist,1207.168,20.119466666666664
match_18,2,death,1267.852,21.13086666666667
match_18,2,kill,1312.194,21.869899999999998
match_18,2,assist,1545.333,25.755550000000003
match_18,2,assist,1552.239,25.87065
match_18,2,death,1654.025,27.567083333333336
match_18,2,kill,1760.011,29.333516666666664
match_18,2,kill,1825.05,30.4175
match_18,2,assist,2008.691,33.478183333333334
match_18,2,assist,2027.45,33.79083333333333
match_18,2,death,2062.847,34.38078333333333
match_18,2,assist,2143.785,35.729749999999996
match_18,2,assist,2230.638,37.177299999999995
match_18,2,assist,2280.688,38.01146666666667
match_18,2,kill,2287.333,38.12221666666667
match_18,2,death,2359.243,39.32071666666666
match_18,3,kill,383.801,6.396683333333333
match_18,3,assist,786.157,13.102616666666668
match_18,3,death,791.019,13.18365
match_18,3,death,1003.929,16.73215
match_18,3,assist,1007.534,16.792233333333332
match_18,3,assist,1056.823,17.61371666666667
match_18,3,assist,1119.424,18.657066666666665
match_18,3,assist,1134.63,18.910500000000003
match_18,3,assist,1141.049,19.017483333333335
match_18,3,death,1187.155,19.785916666666665
match_18,3,assist,1295.496,21.591600000000003
match_18,3,assist,1329.525,22.15875
match_18,3,death,1389.199,23.15331666666667
match_18,3,assist,1552.239,25.87065
match_18,3,assist,1656.968,27.616133333333334
match_18,3,assist,1717.754,28.62923333333333
match_18,3,assist,1825.05,30.4175
match_18,3,assist,1853.318,30.888633333333335
match_18,3,assist,2027.45,33.79083333333333
match_18,3,assist,2143.785,35.729749999999996
match_18,3,assist,2210.733,36.84555
match_18,3,assist,2280.688,38.01146666666667
match_18,3,assist,2287.333,38.12221666666667
match_18,3,death,2362.061,39.36768333333334
match_18,4,kill,262.197,4.36995
match_18,4,kill,448.203,7.47005
match_18,4,kill,535.182,8.9197
match_18,4,death,680.846,11.347433333333333
match_18,4,death,852.477,14.20795
match_18,4,assist,1119.424,18.657066666666665
match_18,4,assist,1134.63,18.910500000000003
match_18,4,assist,1141.049,19.017483333333335
match_18,4,death,1192.174,19.869566666666667
match_18,4,kill,1329.525,22.15875
match_18,4,death,1395.565,23.259416666666667
match_18,4,assist,1552.239,25.87065
match_18,4,kill,1717.754,28.62923333333333
match_18,4,death,1746.829,29.113816666666665
match_18,4,death,1838.512,30.641866666666665
match_18,4,death,2109.55,35.15916666666667
match_18,4,assist,2210.733,36.84555
match_18,4,assist,2230.638,37.177299999999995
match_18,4,kill,2280.688,38.01146666666667
match_18,4,assist,2287.333,38.12221666666667
match_18,4,death,2384.586,39.7431
match_18,5,death,165.005,2.7500833333333334
match_18,5,death,227.085,3.7847500000000003
match_18,5,kill,358.369,5.9728166666666676
match_18,5,death,452.079,7.53465
match_18,5,assist,680.846,11.347433333333333
match_18,5,kill,782.755,13.045916666666667
match_18,5,assist,787.417,13.123616666666667
match_18,5,kill,791.019,13.18365
match_18,5,death,1056.823,17.61371666666667
match_18,5,kill,1187.155,19.785916666666665
match_18,5,assist,1192.174,19.869566666666667
match_18,5,kill,1206.406,20.106766666666665
match_18,5,death,1207.168,20.119466666666664
match_18,5,death,1295.496,21.591600000000003
match_18,5,kill,1389.199,23.15331666666667
match_18,5,assist,1395.565,23.259416666666667
match_18,5,kill,1654.025,27.567083333333336
match_18,5,kill,1717.351,28.62251666666667
match_18,5,death,1717.754,28.62923333333333
match_18,5,kill,1838.512,30.641866666666665
match_18,5,assist,2062.847,34.38078333333333
match_18,5,assist,2109.55,35.15916666666667
match_18,5,death,2210.733,36.84555
match_18,5,assist,2333.635,38.89391666666667
match_18,5,assist,2359.243,39.32071666666666
match_18,5,kill,2362.061,39.36768333333334
match_18,6,assist,787.417,13.123616666666667
match_18,6,assist,791.019,13.18365
match_18,6,kill,1192.174,19.869566666666667
match_18,6,kill,1395.565,23.259416666666667
match_18,6,death,1552.239,25.87065
match_18,6,assist,1639.324,27.322066666666668
match_18,6,assist,1746.829,29.113816666666665
match_18,6,assist,1838.512,30.641866666666665
match_18,6,kill,2062.847,34.38078333333333
match_18,6,kill,2333.635,38.89391666666667
match_18,7,death,258.629,4.310483333333334
match_18,7,death,448.203,7.47005
match_18,7,death,535.182,8.9197
match_18,7,assist,680.846,11.347433333333333
match_18,7,kill,852.477,14.20795
match_18,7,kill,1139.736,18.995600000000003
match_18,7,death,1141.049,19.017483333333335
match_18,7,kill,1267.852,21.13086666666667
match_18,7,assist,1654.025,27.567083333333336
match_18,7,death,1760.011,29.333516666666664
match_18,7,assist,2109.55,35.15916666666667
match_18,7,death,2176.58,36.27633333333333
match_18,7,death,2280.688,38.01146666666667
match_18,7,kill,2378.617,39.64361666666667
match_18,7,kill,2384.586,39.7431
match_18,8,death,262.197,4.36995
match_18,8,death,383.801,6.396683333333333
match_18,8,kill,680.846,11.347433333333333
match_18,8,assist,782.755,13.045916666666667
match_18,8,death,786.157,13.102616666666668
match_18,8,assist,787.417,13.123616666666667
match_18,8,assist,791.019,13.18365
match_18,8,assist,852.477,14.20795
match_18,8,kill,879.221,14.653683333333333
match_18,8,kill,932.217,15.53695
match_18,8,kill,1003.929,16.73215
match_18,8,kill,1007.369,16.789483333333333
match_18,8,death,1007.534,16.792233333333332
match_18,8,death,1119.424,18.657066666666665
match_18,8,assist,1187.155,19.785916666666665
match_18,8,assist,1192.174,19.869566666666667
match_18,8,death,1217.385,20.28975
match_18,8,death,1312.194,21.869899999999998
match_18,8,assist,1389.199,23.15331666666667
match_18,8,assist,1395.565,23.259416666666667
match_18,8,death,1545.333,25.755550000000003
match_18,8,kill,1639.324,27.322066666666668
match_18,8,death,1656.968,27.616133333333334
match_18,8,kill,1746.829,29.113816666666665
match_18,8,death,1853.318,30.888633333333335
match_18,8,death,2008.691,33.478183333333334
match_18,8,kill,2109.55,35.15916666666667
match_18,8,death,2143.785,35.729749999999996
match_18,8,death,2287.333,38.12221666666667
match_18,9,kill,787.417,13.123616666666667
match_18,9,assist,1003.929,16.73215
match_18,9,assist,1007.369,16.789483333333333
match_18,9,death,1022.892,17.0482
match_18,9,death,1134.63,18.910500000000003
match_18,9,assist,1139.736,18.995600000000003
match_18,9,death,1329.525,22.15875
match_18,9,kill,1565.598,26.0933
match_18,9,assist,1639.324,27.322066666666668
match_18,9,assist,1654.025,27.567083333333336
match_18,9,death,1825.05,30.4175
match_18,9,death,2027.45,33.79083333333333
match_18,9,death,2230.638,37.177299999999995
match_18,9,assist,2333.635,38.89391666666667
match_18,9,kill,2359.243,39.32071666666666
match_18,9,assist,2384.586,39.7431
match_19,0,assist,129.024,2.1504
match_19,0,kill,188.777,3.1462833333333333
match_19,0,assist,293.643,4.894049999999999
match_19,0,assist,352.704,5.8784
match_19,0,kill,395.084,6.584733333333333
match_19,0,kill,457.766,7.629433333333334
match_19,0,kill,492.843,8.21405
match_19,0,kill,515.938,8.598966666666666
match_19,0,kill,545.398,9.089966666666667
match_19,0,kill,697.998,11.6333
match_19,0,assist,699.946,11.665766666666666
match_19,0,kill,703.415,11.723583333333332
match_19,0,assist,727.003,12.116716666666667
match_19,0,assist,795.228,13.2538
match_19,0,assist,814.65,13.577499999999999
match_19,0,assist,841.475,14.024583333333334
match_19,0,kill,846.133,14.102216666666667
match_19,0,kill,852.574,14.209566666666666
match_19,0,assist,860.666,14.344433333333335
match_19,0,assist,874.805,14.580083333333333
match_19,0,death,900.335,15.005583333333334
match_19,0,assist,986.918,16.448633333333333
match_19,0,assist,990.485,16.508083333333335
match_19,0,death,1001.684,16.694733333333332
match_19,1,assist,314.056,5.234266666666667
match_19,1,kill,430.617,7.176950000000001
match_19,1,kill,468.433,7.807216666666666
match_19,1,kill,531.097,8.851616666666667
match_19,1,kill,631.477,10.524616666666667
match_19,1,assist,633.592,10.559866666666666
match_19,1,assist,697.998,11.6333
match_19,1,assist,699.946,11.665766666666666
match_19,1,death,724.525,12.075416666666666
match_19,1,assist,727.003,12.116716666666667
match_19,1,kill,789.212,13.153533333333334
match_19,1,kill,795.228,13.2538
match_19,1,assist,800.382,13.339699999999999
match_19,1,assist,814.65,13.577499999999999
match_19,1,assist,841.475,14.024583333333334
match_19,1,assist,846.133,14.102216666666667
match_19,1,assist,852.574,14.209566666666666
match_19,1,kill,860.666,14.344433333333335
match_19,1,assist,874.805,14.580083333333333
match_19,1,kill,932.175,15.536249999999999
match_19,1,kill,932.77,15.546166666666666
match_19,1,death,945.157,15.752616666666666
match_19,1,assist,957.812,15.963533333333334
match_19,1,kill,1020.523,17.00871666666667
match_19,1,assist,1023.927,17.065450000000002
match_19,1,kill,1025.381,17.089683333333333
match_19,2,kill,125.589,2.09315
match_19,2,assist,135.365,2.2560833333333337
match_19,2,assist,293.643,4.894049999999999
match_19,2,kill,314.056,5.234266666666667
match_19,2,assist,368.064,6.1344
match_19,2,assist,373.944,6.2324
match_19,2,assist,468.433,7.807216666666666
match_19,2,kill,596.199,9.936649999999998
match_19,2,assist,631.477,10.524616666666667
match_19,2,kill,633.592,10.559866666666666
match_19,2,kill,667.876,11.131266666666667
match_19,2,assist,697.998,11.6333
match_19,2,kill,699.946,11.665766666666666
match_19,2,assist,727.003,12.116716666666667
match_19,2,assist,795.228,13.2538
match_19,2,kill,800.382,13.339699999999999
match_19,2,assist,814.65,13.577499999999999
match_19,2,assist,822.842,13.714033333333333
match_19,2,kill,841.475,14.024583333333334
match_19,2,death,872.921,14.548683333333335
match_19,2,assist,986.918,16.448633333333333
match_19,2,kill,990.485,16.508083333333335
match_19,2,death,994.186,16.569766666666666
match_19,3,kill,129.024,2.1504
match_19,3,assist,188.777,3.1462833333333333
match_19,3,kill,293.643,4.894049999999999
match_19,3,kill,352.704,5.8784
match_19,3,assist,395.084,6.584733333333333
match_19,3,death,401.755,6.695916666666666
match_19,3,assist,468.433,7.807216666666666
match_19,3,assist,531.097,8.851616666666667
match_19,3,assist,631.477,10.524616666666667
match_19,3,assist,633.592,10.559866666666666
match_19,3,assist,697.998,11.6333
match_19,3,assist,699.946,11.665766666666666
match_19,3,kill,727.003,12.116716666666667
match_19,3,assist,789.212,13.153533333333334
match_19,3,assist,795.228,13.2538
match_19,3,assist,841.475,14.024583333333334
match_19,3,assist,846.133,14.102216666666667
match_19,3,assist,860.666,14.344433333333335
match_19,3,assist,874.805,14.580083333333333
match_19,3,assist,986.918,16.448633333333333
match_19,3,assist,1020.523,17.00871666666667
match_19,3,kill,1023.927,17.065450000000002
match_19,3,assist,1025.381,17.089683333333333
match_19,4,assist,125.589,2.09315
match_19,4,kill,135.365,2.2560833333333337
match_19,4,kill,307.517,5.125283333333333
match_19,4,kill,368.064,6.1344
match_19,4,kill,373.944,6.2324
match_19,4,kill,527.53,8.792166666666667
match_19,4,kill,534.3,8.905
match_19,4,kill,590.023,9.833716666666668
match_19,4,death,646.046,10.767433333333335
match_19,4,kill,814.65,13.577499999999999
match_19,4,kill,822.842,13.714033333333333
match_19,4,assist,841.475,14.024583333333334
match_19,4,assist,852.574,14.209566666666666
match_19,4,assist,860.666,14.344433333333335
match_19,4,kill,874.805,14.580083333333333
match_19,4,death,892.969,14.882816666666667
match_19,4,kill,957.812,15.963533333333334
match_19,4,kill,986.918,16.448633333333333
match_19,4,assist,990.485,16.508083333333335
match_19,4,death,995.144,16.585733333333334
match_19,5,death,129.024,2.1504
match_19,5,death,293.643,4.894049999999999
match_19,5,death,395.084,6.584733333333333
match_19,5,death,457.766,7.629433333333334
match_19,5,death,515.938,8.598966666666666
match_19,5,death,596.199,9.936649999999998
match_19,5,death,800.382,13.339699999999999
match_19,5,death,846.133,14.102216666666667
match_19,5,kill,892.969,14.882816666666667
match_19,5,assist,995.144,16.585733333333334
match_19,5,assist,1001.684,16.694733333333332
match_19,5,death,1025.381,17.089683333333333
match_19,6,death,135.365,2.2560833333333337
match_19,6,death,307.517,5.125283333333333
match_19,6,death,368.064,6.1344
match_19,6,death,534.3,8.905
match_19,6,death,590.023,9.833716666666668
match_19,6,kill,646.046,10.767433333333335
match_19,6,death,667.876,11.131266666666667
match_19,6,kill,724.525,12.075416666666666
match_19,6,death,727.003,12.116716666666667
match_19,6,death,795.228,13.2538
match_19,6,assist,872.921,14.548683333333335
match_19,6,kill,900.335,15.005583333333334
match_19,6,assist,945.157,15.752616666666666
match_19,6,death,990.485,16.508083333333335
match_19,6,assist,994.186,16.569766666666666
match_19,6,assist,995.144,16.585733333333334
match_19,6,assist,1001.684,16.694733333333332
match_19,7,death,314.056,5.234266666666667
match_19,7,death,430.617,7.176950000000001
match_19,7,death,468.433,7.807216666666666
match_19,7,death,531.097,8.851616666666667
match_19,7,death,703.415,11.723583333333332
match_19,7,death,789.212,13.153533333333334
match_19,7,death,822.842,13.714033333333333
match_19,7,death,852.574,14.209566666666666
match_19,7,death,932.175,15.536249999999999
match_19,7,kill,994.186,16.569766666666666
match_19,7,assist,995.144,16.585733333333334
match_19,7,assist,1001.684,16.694733333333332
match_19,7,death,1020.523,17.00871666666667
match_19,8,death,188.777,3.1462833333333333
match_19,8,death,352.704,5.8784
match_19,8,kill,401.755,6.695916666666666
match_19,8,death,492.843,8.21405
match_19,8,death,545.398,9.089966666666667
match_19,8,death,631.477,10.524616666666667
match_19,8,death,699.946,11.665766666666666
match_19,8,death,814.65,13.577499999999999
match_19,8,death,860.666,14.344433333333335
match_19,8,assist,872.921,14.548683333333335
match_19,8,assist,900.335,15.005583333333334
match_19,8,death,932.77,15.546166666666666
match_19,8,death,986.918,16.448633333333333
match_19,8,assist,994.186,16.569766666666666
match_19,8,assist,995.144,16.585733333333334
match_19,9,death,125.589,2.09315
match_19,9,death,373.944,6.2324
match_19,9,death,527.53,8.792166666666667
match_19,9,death,633.592,10.559866666666666
match_19,9,death,697.998,11.6333
match_19,9,death,841.475,14.024583333333334
match_19,9,kill,872.921,14.548683333333335
match_19,9,death,874.805,14.580083333333333
match_19,9,kill,945.157,15.752616666666666
match_19,9,death,957.812,15.963533333333334
match_19,9,assist,994.186,16.569766666666666
match_19,9,kill,995.144,16.585733333333334
match_19,9,kill,1001.684,16.694733333333332
match_19,9,death,1023.927,17.065450000000002
match_2,0,assist,100.859,1.6809833333333333
match_2,0,assist,117.959,1.9659833333333334
match_2,0,assist,145.372,2.4228666666666667
match_2,0,kill,268.03,4.4671666666666665
match_2,0,kill,361.596,6.0266
match_2,0,kill,368.21,6.136833333333333
match_2,0,kill,415.963,6.932716666666667
match_2,0,kill,430.81,7.180166666666667
match_2,0,kill,498.516,8.3086
match_2,0,kill,498.516,8.3086
match_2,0,assist,548.851,9.147516666666666
match_2,0,assist,599.327,9.988783333333334
match_2,0,assist,609.746,10.162433333333333
match_2,0,assist,611.691,10.19485
match_2,0,kill,728.658,12.1443
match_2,0,kill,770.14,12.835666666666667
match_2,0,kill,841.85,14.030833333333334
match_2,0,kill,843.433,14.057216666666667
match_2,0,kill,935.71,15.595166666666668
match_2,0,kill,995.52,16.592
match_2,0,assist,997.956,16.6326
match_2,0,assist,1044.739,17.412316666666666
match_2,0,kill,1045.548,17.4258
match_2,0,assist,1053.476,17.557933333333335
match_2,0,assist,1064.723,17.745383333333333
match_2,1,kill,100.859,1.6809833333333333
match_2,1,kill,117.959,1.9659833333333334
match_2,1,kill,145.372,2.4228666666666667
match_2,1,assist,268.03,4.4671666666666665
match_2,1,assist,361.596,6.0266
match_2,1,assist,368.21,6.136833333333333
match_2,1,assist,415.963,6.932716666666667
match_2,1,assist,430.81,7.180166666666667
match_2,1,assist,460.644,7.6774000000000004
match_2,1,kill,548.851,9.147516666666666
match_2,1,kill,599.327,9.988783333333334
match_2,1,kill,609.746,10.162433333333333
match_2,1,kill,611.691,10.19485
match_2,1,kill,643.705,10.728416666666668
match_2,1,assist,678.305,11.305083333333332
match_2,1,assist,708.452,11.807533333333334
match_2,1,death,716.471,11.941183333333333
match_2,1,kill,723.275,12.054583333333333
match_2,1,assist,728.658,12.1443
match_2,1,kill,782.28,13.038
match_2,1,assist,852.992,14.216533333333333
match_2,1,kill,988.978,16.482966666666666
match_2,1,assist,1026.182,17.103033333333332
match_2,1,kill,1033.486,17.224766666666667
match_2,1,assist,1045.548,17.4258
match_2,1,assist,1053.476,17.557933333333335
match_2,1,assist,1064.723,17.745383333333333
match_2,2,assist,254.484,4.2414000000000005
match_2,2,assist,425.455,7.090916666666667
match_2,2,kill,429.489,7.15815
match_2,2,kill,460.644,7.6774000000000004
match_2,2,kill,550.831,9.180516666666668
match_2,2,kill,587.968,9.799466666666666
match_2,2,assist,643.705,10.728416666666668
match_2,2,kill,711.719,11.861983333333335
match_2,2,kill,763.777,12.729616666666667
match_2,2,assist,906.246,15.104099999999999
match_2,2,kill,959.59,15.993166666666667
match_2,2,kill,982.003,16.36671666666667
match_2,2,kill,997.956,16.6326
match_2,2,assist,1026.182,17.103033333333332
match_2,2,assist,1033.486,17.224766666666667
match_2,2,death,1037.036,17.283933333333334
match_2,3,assist,214.204,3.570066666666667
match_2,3,death,278.426,4.640433333333333
match_2,3,death,341.49,5.6915000000000004
match_2,3,kill,425.455,7.090916666666667
match_2,3,assist,429.489,7.15815
match_2,3,assist,499.672,8.327866666666667
match_2,3,assist,506.773,8.446216666666666
match_2,3,kill,595.756,9.929266666666667
match_2,3,kill,692.675,11.544583333333332
match_2,3,death,750.853,12.514216666666666
match_2,3,kill,829.374,13.8229
match_2,3,kill,852.992,14.216533333333333
match_2,3,kill,870.769,14.512816666666668
match_2,3,kill,892.237,14.870616666666667
match_2,3,kill,906.246,15.104099999999999
match_2,3,assist,959.59,15.993166666666667
match_2,3,assist,982.003,16.36671666666667
match_2,3,assist,1006.292,16.771533333333334
match_2,3,assist,1026.182,17.103033333333332
match_2,3,assist,1033.486,17.224766666666667
match_2,3,kill,1044.739,17.412316666666666
match_2,3,kill,1053.476,17.557933333333335
match_2,3,assist,1064.723,17.745383333333333
match_2,4,kill,214.204,3.570066666666667
match_2,4,kill,254.484,4.2414000000000005
match_2,4,assist,361.596,6.0266
match_2,4,assist,368.21,6.136833333333333
match_2,4,kill,499.672,8.327866666666667
match_2,4,kill,506.773,8.446216666666666
match_2,4,assist,550.831,9.180516666666668
match_2,4,kill,678.305,11.305083333333332
match_2,4,kill,708.452,11.807533333333334
match_2,4,assist,870.769,14.512816666666668
match_2,4,death,871.447,14.524116666666666
match_2,4,kill,1006.292,16.771533333333334
match_2,4,kill,1026.182,17.103033333333332
match_2,4,kill,1064.723,17.745383333333333
match_2,5,death,117.959,1.9659833333333334
match_2,5,death,368.21,6.136833333333333
match_2,5,death,415.963,6.932716666666667
match_2,5,death,498.516,8.3086
match_2,5,death,609.746,10.162433333333333
match_2,5,death,678.305,11.305083333333332
match_2,5,kill,716.471,11.941183333333333
match_2,5,death,723.275,12.054583333333333
match_2,5,death,770.14,12.835666666666667
match_2,5,death,852.992,14.216533333333333
match_2,5,death,959.59,15.993166666666667
match_2,5,death,1006.292,16.771533333333334
match_2,5,death,1045.548,17.4258
match_2,6,death,214.204,3.570066666666667
match_2,6,kill,278.426,4.640433333333333
match_2,6,death,425.455,7.090916666666667
match_2,6,death,506.773,8.446216666666666
match_2,6,death,595.756,9.929266666666667
match_2,6,death,692.675,11.544583333333332
match_2,6,kill,750.853,12.514216666666666
match_2,6,death,782.28,13.038
match_2,6,death,843.433,14.057216666666667
match_2,6,death,935.71,15.595166666666668
match_2,6,death,988.978,16.482966666666666
match_2,6,death,1044.739,17.412316666666666
match_2,7,death,254.484,4.2414000000000005
match_2,7,death,460.644,7.6774000000000004
match_2,7,death,550.831,9.180516666666668
match_2,7,death,611.691,10.19485
match_2,7,death,711.719,11.861983333333335
match_2,7,death,763.777,12.729616666666667
match_2,7,death,829.374,13.8229
match_2,7,kill,871.447,14.524116666666666
match_2,7,death,892.237,14.870616666666667
match_2,7,death,997.956,16.6326
match_2,7,kill,1037.036,17.283933333333334
match_2,7,death,1053.476,17.557933333333335
match_2,8,death,100.859,1.6809833333333333
match_2,8,death,145.372,2.4228666666666667
match_2,8,death,268.03,4.4671666666666665
match_2,8,death,361.596,6.0266
match_2,8,death,430.81,7.180166666666667
match_2,8,death,498.516,8.3086
match_2,8,death,548.851,9.147516666666666
match_2,8,death,599.327,9.988783333333334
match_2,8,death,708.452,11.807533333333334
match_2,8,assist,716.471,11.941183333333333
match_2,8,death,870.769,14.512816666666668
match_2,8,assist,871.447,14.524116666666666
match_2,8,death,995.52,16.592
match_2,8,death,1033.486,17.224766666666667
match_2,9,assist,278.426,4.640433333333333
match_2,9,death,429.489,7.15815
match_2,9,death,499.672,8.327866666666667
match_2,9,death,587.968,9.799466666666666
match_2,9,death,643.705,10.728416666666668
match_2,9,assist,716.471,11.941183333333333
match_2,9,death,728.658,12.1443
match_2,9,death,841.85,14.030833333333334
match_2,9,death,906.246,15.104099999999999
match_2,9,death,982.003,16.36671666666667
match_2,9,death,1026.182,17.103033333333332
match_2,9,assist,1037.036,17.283933333333334
match_2,9,death,1064.723,17.745383333333333
match_20,0,death,154.942,2.5823666666666667
match_20,0,assist,525.706,8.761766666666666
match_20,0,assist,561.192,9.3532
match_20,0,kill,607.326,10.1221
match_20,0,assist,611.424,10.1904
match_20,0,assist,781.813,13.030216666666666
match_20,0,kill,902.417,15.040283333333333
match_20,0,kill,1024.158,17.0693
match_20,0,kill,1026.52,17.108666666666668
match_20,0,assist,1038.17,17.302833333333336
match_20,0,assist,1197.054,19.9509
match_20,0,kill,1209.687,20.16145
match_20,0,kill,1254.405,20.90675
match_20,0,assist,1256.18,20.936333333333334
match_20,0,kill,1369.397,22.823283333333332
match_20,1,death,159.333,2.65555
match_20,1,assist,525.706,8.761766666666666
match_20,1,kill,550.127,9.168783333333332
match_20,1,assist,561.192,9.3532
match_20,1,assist,674.298,11.2383
match_20,1,kill,679.335,11.32225
match_20,1,assist,770.258,12.837633333333335
match_20,1,death,837.513,13.95855
match_20,1,kill,900.095,15.001583333333334
match_20,1,death,979.389,16.323150000000002
match_20,1,assist,1209.687,20.16145
match_20,1,assist,1254.405,20.90675
match_20,1,assist,1256.18,20.936333333333334
match_20,1,death,1322.636,22.04393333333333
match_20,1,assist,1374.726,22.912100000000002
match_20,1,kill,1378.126,22.968766666666667
match_20,1,assist,1382.997,23.049950000000003
match_20,2,kill,525.706,8.761766666666666
match_20,2,assist,550.127,9.168783333333332
match_20,2,kill,561.192,9.3532
match_20,2,assist,607.326,10.1221
match_20,2,assist,611.424,10.1904
match_20,2,kill,674.298,11.2383
match_20,2,death,676.158,11.2693
match_20,2,assist,679.335,11.32225
match_20,2,kill,770.258,12.837633333333335
match_20,2,kill,781.813,13.030216666666666
match_20,2,kill,791.812,13.196866666666667
match_20,2,assist,900.095,15.001583333333334
match_20,2,death,904.827,15.08045
match_20,2,assist,1024.158,17.0693
match_20,2,assist,1026.52,17.108666666666668
match_20,2,kill,1038.17,17.302833333333336
match_20,2,kill,1137.233,18.953883333333334
match_20,2,kill,1197.054,19.9509
match_20,2,kill,1206.308,20.105133333333335
match_20,2,assist,1209.687,20.16145
match_20,2,assist,1254.405,20.90675
match_20,2,kill,1256.18,20.936333333333334
match_20,2,kill,1276.762,21.279366666666665
match_20,2,kill,1321.347,22.02245
match_20,2,kill,1374.726,22.912100000000002
match_20,2,assist,1382.997,23.049950000000003
match_20,3,death,191.598,3.1933000000000002
match_20,3,death,396.774,6.6129
match_20,3,death,473.53,7.892166666666666
match_20,3,assist,525.706,8.761766666666666
match_20,3,assist,607.326,10.1221
match_20,3,kill,611.424,10.1904
match_20,3,death,769.178,12.819633333333334
match_20,3,assist,902.417,15.040283333333333
match_20,3,assist,1024.158,17.0693
match_20,3,assist,1026.52,17.108666666666668
match_20,3,assist,1038.17,17.302833333333336
match_20,3,assist,1197.054,19.9509
match_20,3,assist,1206.308,20.105133333333335
match_20,3,assist,1209.687,20.16145
match_20,3,death,1213.137,20.21895
match_20,3,death,1307.67,21.794500000000003
match_20,3,assist,1369.397,22.823283333333332
match_20,3,assist,1378.126,22.968766666666667
match_20,3,assist,1382.997,23.049950000000003
match_20,4,assist,1024.158,17.0693
match_20,4,assist,1026.52,17.108666666666668
match_20,4,assist,1137.233,18.953883333333334
match_20,4,death,1262.674,21.044566666666665
match_20,4,assist,1369.397,22.823283333333332
match_20,4,kill,1382.997,23.049950000000003
match_20,5,death,561.192,9.3532
match_20,5,kill,676.158,11.2693
match_20,5,death,679.335,11.32225
match_20,5,kill,904.827,15.08045
match_20,5,death,1026.52,17.108666666666668
match_20,5,death,1254.405,20.90675
match_20,5,death,1369.397,22.823283333333332
match_20,6,assist,154.942,2.5823666666666667
match_20,6,assist,191.598,3.1933000000000002
match_20,6,assist,473.53,7.892166666666666
match_20,6,death,525.706,8.761766666666666
match_20,6,death,611.424,10.1904
match_20,6,assist,769.178,12.819633333333334
match_20,6,death,791.812,13.196866666666667
match_20,6,assist,979.389,16.323150000000002
match_20,6,death,1038.17,17.302833333333336
match_20,6,death,1206.308,20.105133333333335
match_20,6,death,1276.762,21.279366666666665
match_20,6,death,1382.997,23.049950000000003
match_20,7,kill,154.942,2.5823666666666667
match_20,7,kill,191.598,3.1933000000000002
match_20,7,kill,396.774,6.6129
match_20,7,kill,473.53,7.892166666666666
match_20,7,death,607.326,10.1221
match_20,7,kill,769.178,12.819633333333334
match_20,7,death,781.813,13.030216666666666
match_20,7,death,902.417,15.040283333333333
match_20,7,kill,979.389,16.323150000000002
match_20,7,death,1197.054,19.9509
match_20,7,kill,1262.674,21.044566666666665
match_20,7,kill,1307.67,21.794500000000003
match_20,7,kill,1322.636,22.04393333333333
match_20,7,death,1374.726,22.912100000000002
match_20,8,death,1137.233,18.953883333333334
match_20,8,kill,1213.137,20.21895
match_20,8,death,1256.18,20.936333333333334
match_20,8,death,1378.126,22.968766666666667
match_20,9,kill,159.333,2.65555
match_20,9,death,550.127,9.168783333333332
match_20,9,death,674.298,11.2383
match_20,9,assist,676.158,11.2693
match_20,9,death,770.258,12.837633333333335
match_20,9,death,900.095,15.001583333333334
match_20,9,assist,904.827,15.08045
match_20,9,death,1024.158,17.0693
match_20,9,death,1209.687,20.16145
match_20,9,assist,1213.137,20.21895
match_20,9,death,1321.347,22.02245
match_21,0,assist,82.845,1.38075
match_21,0,assist,153.633,2.56055
match_21,0,kill,203.242,3.3873666666666664
match_21,0,kill,268.817,4.480283333333333
match_21,0,assist,279.707,4.661783333333333
match_21,0,assist,356.14,5.935666666666666
match_21,0,assist,502.451,8.374183333333333
match_21,0,kill,573.031,9.550516666666665
match_21,0,assist,729.445,12.157416666666668
match_21,0,assist,750.403,12.506716666666668
match_21,0,death,782.353,13.039216666666666
match_21,0,assist,853.724,14.228733333333334
match_21,0,assist,903.477,15.05795
match_21,0,assist,904.962,15.082699999999999
match_21,0,assist,918.208,15.303466666666667
match_21,0,kill,965.377,16.089616666666664
match_21,0,kill,976.582,16.276366666666668
match_21,0,assist,994.34,16.572333333333333
match_21,0,assist,1015.405,16.923416666666665
match_21,1,kill,82.845,1.38075
match_21,1,kill,176.14,2.9356666666666666
match_21,1,kill,335.217,5.58695
match_21,1,kill,556.492,9.274866666666666
match_21,1,kill,602.987,10.049783333333332
match_21,1,kill,607.871,10.131183333333333
match_21,1,kill,661.912,11.031866666666668
match_21,1,kill,676.601,11.276683333333333
match_21,1,assist,744.759,12.412650000000001
match_21,1,assist,750.403,12.506716666666668
match_21,1,death,760.997,12.683283333333332
match_21,1,kill,846.856,14.114266666666667
match_21,1,kill,850.82,14.180333333333333
match_21,1,kill,853.724,14.228733333333334
match_21,1,kill,906.117,15.101949999999999
match_21,1,death,915.988,15.266466666666668
match_21,1,kill,994.34,16.572333333333333
match_21,1,kill,994.34,16.572333333333333
match_21,1,kill,1002.194,16.703233333333333
match_21,1,kill,1015.405,16.923416666666665
match_21,2,kill,140.432,2.340533333333333
match_21,2,assist,223.373,3.7228833333333333
match_21,2,kill,265.384,4.423066666666667
match_21,2,assist,331.125,5.51875
match_21,2,assist,361.355,6.022583333333333
match_21,2,kill,388.752,6.4792000000000005
match_21,2,assist,409.873,6.831216666666666
match_21,2,kill,451.76,7.529333333333333
match_21,2,kill,584.832,9.7472
match_21,2,kill,586.387,9.773116666666665
match_21,2,kill,706.575,11.776250000000001
match_21,2,kill,744.759,12.412650000000001
match_21,2,assist,750.403,12.506716666666668
match_21,2,death,794.992,13.249866666666666
match_21,2,death,881.686,14.694766666666668
match_21,2,assist,965.377,16.089616666666664
match_21,2,assist,976.582,16.276366666666668
match_21,2,assist,994.34,16.572333333333333
match_21,2,assist,994.34,16.572333333333333
match_21,2,assist,1015.405,16.923416666666665
match_21,3,kill,153.633,2.56055
match_21,3,death,167.196,2.7866
match_21,3,assist,203.242,3.3873666666666664
match_21,3,death,232.878,3.8813
match_21,3,kill,279.707,4.661783333333333
match_21,3,kill,356.14,5.935666666666666
match_21,3,death,455.291,7.588183333333333
match_21,3,kill,502.451,8.374183333333333
match_21,3,assist,573.031,9.550516666666665
match_21,3,kill,646.053,10.76755
match_21,3,death,670.496,11.174933333333334
match_21,3,kill,729.445,12.157416666666668
match_21,3,kill,750.403,12.506716666666668
match_21,3,death,774.933,12.91555
match_21,3,death,841.08,14.018
match_21,3,kill,904.962,15.082699999999999
match_21,3,kill,918.208,15.303466666666667
match_21,3,death,922.333,15.372216666666667
match_21,3,assist,994.34,16.572333333333333
match_21,3,assist,994.34,16.572333333333333
match_21,3,assist,1015.405,16.923416666666665
match_21,4,assist,140.432,2.340533333333333
match_21,4,kill,223.373,3.7228833333333333
match_21,4,kill,240.864,4.0144
match_21,4,assist,265.384,4.423066666666667
match_21,4,kill,331.125,5.51875
match_21,4,kill,361.355,6.022583333333333
match_21,4,assist,388.752,6.4792000000000005
match_21,4,kill,409.873,6.831216666666666
match_21,4,kill,501.395,8.356583333333333
match_21,4,kill,515.124,8.5854
match_21,4,assist,584.832,9.7472
match_21,4,assist,586.387,9.773116666666665
match_21,4,assist,706.575,11.776250000000001
match_21,4,assist,744.759,12.412650000000001
match_21,4,assist,750.403,12.506716666666668
match_21,4,kill,828.761,13.812683333333332
match_21,4,kill,830.18,13.836333333333332
match_21,4,death,831.476,13.857933333333333
match_21,4,kill,903.477,15.05795
match_21,4,assist,906.117,15.101949999999999
match_21,4,assist,918.208,15.303466666666667
match_21,4,death,922.333,15.372216666666667
match_21,5,death,153.633,2.56055
match_21,5,kill,232.878,3.8813
match_21,5,death,279.707,4.661783333333333
match_21,5,kill,455.291,7.588183333333333
match_21,5,death,573.031,9.550516666666665
match_21,5,death,646.053,10.76755
match_21,5,kill,774.933,12.91555
match_21,5,death,830.18,13.836333333333332
match_21,5,assist,831.476,13.857933333333333
match_21,5,kill,915.988,15.266466666666668
match_21,5,death,918.208,15.303466666666667
match_21,5,kill,922.333,15.372216666666667
match_21,5,kill,922.333,15.372216666666667
match_21,5,death,994.34,16.572333333333333
match_21,6,death,140.432,2.340533333333333
match_21,6,death,223.373,3.7228833333333333
match_21,6,death,265.384,4.423066666666667
match_21,6,death,331.125,5.51875
match_21,6,death,388.752,6.4792000000000005
match_21,6,death,451.76,7.529333333333333
match_21,6,death,515.124,8.5854
match_21,6,death,584.832,9.7472
match_21,6,death,676.601,11.276683333333333
match_21,6,kill,760.997,12.683283333333332
match_21,6,kill,831.476,13.857933333333333
match_21,6,assist,841.08,14.018
match_21,6,death,853.724,14.228733333333334
match_21,6,death,904.962,15.082699999999999
match_21,6,death,976.582,16.276366666666668
match_21,6,death,1015.405,16.923416666666665
match_21,7,death,82.845,1.38075
match_21,7,death,176.14,2.9356666666666666
match_21,7,death,335.217,5.58695
match_21,7,death,556.492,9.274866666666666
match_21,7,death,607.871,10.131183333333333
match_21,7,death,729.445,12.157416666666668
match_21,7,assist,760.997,12.683283333333332
match_21,7,assist,774.933,12.91555
match_21,7,assist,782.353,13.039216666666666
match_21,7,kill,794.992,13.249866666666666
match_21,7,kill,841.08,14.018
match_21,7,death,846.856,14.114266666666667
match_21,7,kill,881.686,14.694766666666668
match_21,7,death,906.117,15.101949999999999
match_21,7,death,1002.194,16.703233333333333
match_21,8,kill,167.196,2.7866
match_21,8,death,203.242,3.3873666666666664
match_21,8,death,268.817,4.480283333333333
match_21,8,death,356.14,5.935666666666666
match_21,8,assist,455.291,7.588183333333333
match_21,8,death,502.451,8.374183333333333
match_21,8,death,602.987,10.049783333333332
match_21,8,death,706.575,11.776250000000001
match_21,8,death,744.759,12.412650000000001
match_21,8,assist,760.997,12.683283333333332
match_21,8,assist,782.353,13.039216666666666
match_21,8,assist,794.992,13.249866666666666
match_21,8,death,828.761,13.812683333333332
match_21,8,assist,915.988,15.266466666666668
match_21,8,assist,922.333,15.372216666666667
match_21,8,assist,922.333,15.372216666666667
match_21,8,death,965.377,16.089616666666664
match_21,9,death,240.864,4.0144
match_21,9,death,361.355,6.022583333333333
match_21,9,death,409.873,6.831216666666666
match_21,9,death,501.395,8.356583333333333
match_21,9,death,586.387,9.773116666666665
match_21,9,death,661.912,11.031866666666668
match_21,9,death,750.403,12.506716666666668
match_21,9,assist,774.933,12.91555
match_21,9,kill,782.353,13.039216666666666
match_21,9,assist,794.992,13.249866666666666
match_21,9,death,850.82,14.180333333333333
match_21,9,assist,881.686,14.694766666666668
match_21,9,death,903.477,15.05795
match_21,9,death,994.34,16.572333333333333
match_3,0,death,432.605,7.210083333333333
match_3,0,kill,622.025,10.367083333333333
match_3,0,death,777.68,12.961333333333332
match_3,0,death,864.796,14.413266666666667
match_3,0,assist,931.195,15.519916666666667
match_3,0,kill,940.139,15.668983333333333
match_3,0,death,1310.278,21.837966666666667
match_3,1,death,257.913,4.2985500000000005
match_3,1,death,494.906,8.248433333333333
match_3,1,death,684.15,11.4025
match_3,1,assist,695.051,11.584183333333334
match_3,1,death,797.994,13.299900000000001
match_3,1,assist,803.665,13.394416666666666
match_3,1,death,959.736,15.9956
match_3,1,death,1066.124,17.768733333333333
match_3,1,death,1281.493,21.358216666666667
match_3,1,death,1386.427,23.107116666666666
match_3,1,kill,1464.59,24.40983333333333
match_3,1,death,1483.863,24.73105
match_3,1,death,1534.682,25.578033333333334
match_3,2,kill,489.069,8.15115
match_3,2,death,490.596,8.1766
match_3,2,death,621.451,10.357516666666667
match_3,2,kill,695.051,11.584183333333334
match_3,2,death,695.098,11.584966666666666
match_3,2,kill,794.157,13.23595
match_3,2,death,795.58,13.259666666666668
match_3,2,death,902.859,15.04765
match_3,2,death,1024.172,17.069533333333332
match_3,2,death,1378.494,22.974899999999998
match_3,2,death,1455.115,24.251916666666666
match_3,2,death,1540.985,25.683083333333332
match_3,3,death,604.67,10.077833333333333
match_3,3,death,682.3,11.371666666666666
match_3,3,assist,695.051,11.584183333333334
match_3,3,assist,803.665,13.394416666666666
match_3,3,death,808.785,13.47975
match_3,3,death,958.911,15.98185
match_3,3,death,1159.8,19.33
match_3,3,death,1261.502,21.025033333333333
match_3,3,death,1383.383,23.056383333333333
match_3,3,death,1562.075,26.034583333333334
match_3,4,death,469.713,7.828550000000001
match_3,4,death,626.397,10.439950000000001
match_3,4,death,691.173,11.51955
match_3,4,assist,695.051,11.584183333333334
match_3,4,kill,803.665,13.394416666666666
match_3,4,kill,931.195,15.519916666666667
match_3,4,death,931.996,15.533266666666666
match_3,4,assist,940.139,15.668983333333333
match_3,4,death,1068.943,17.815716666666667
match_3,4,death,1247.002,20.783366666666666
match_3,4,death,1375.917,22.931949999999997
match_3,4,death,1500.21,25.0035
match_3,4,death,1579.932,26.3322
match_3,5,assist,257.913,4.2985500000000005
match_3,5,assist,469.713,7.828550000000001
match_3,5,kill,494.906,8.248433333333333
match_3,5,assist,604.67,10.077833333333333
match_3,5,kill,682.3,11.371666666666666
match_3,5,assist,684.15,11.4025
match_3,5,assist,691.173,11.51955
match_3,5,assist,695.098,11.584966666666666
match_3,5,assist,797.994,13.299900000000001
match_3,5,death,803.665,13.394416666666666
match_3,5,assist,808.785,13.47975
match_3,5,assist,958.911,15.98185
match_3,5,kill,959.736,15.9956
match_3,5,assist,1247.002,20.783366666666666
match_3,5,assist,1261.502,21.025033333333333
match_3,5,assist,1310.278,21.837966666666667
match_3,5,assist,1455.115,24.251916666666666
match_3,5,assist,1483.863,24.73105
match_3,5,assist,1540.985,25.683083333333332
match_3,5,assist,1579.932,26.3322
match_3,6,assist,257.913,4.2985500000000005
match_3,6,assist,432.605,7.210083333333333
match_3,6,kill,621.451,10.357516666666667
match_3,6,kill,626.397,10.439950000000001
match_3,6,assist,682.3,11.371666666666666
match_3,6,kill,684.15,11.4025
match_3,6,kill,691.173,11.51955
match_3,6,death,695.051,11.584183333333334
match_3,6,assist,695.098,11.584966666666666
match_3,6,kill,777.68,12.961333333333332
match_3,6,kill,864.796,14.413266666666667
match_3,6,kill,902.859,15.04765
match_3,6,death,931.195,15.519916666666667
match_3,6,assist,931.996,15.533266666666666
match_3,6,kill,1024.172,17.069533333333332
match_3,6,kill,1068.943,17.815716666666667
match_3,6,kill,1159.8,19.33
match_3,6,kill,1247.002,20.783366666666666
match_3,6,kill,1261.502,21.025033333333333
match_3,6,kill,1310.278,21.837966666666667
match_3,6,kill,1378.494,22.974899999999998
match_3,6,kill,1386.427,23.107116666666666
match_3,6,assist,1500.21,25.0035
match_3,7,death,489.069,8.15115
match_3,7,kill,490.596,8.1766
match_3,7,assist,626.397,10.439950000000001
match_3,7,death,794.157,13.23595
match_3,7,kill,795.58,13.259666666666668
match_3,7,assist,958.911,15.98185
match_3,7,assist,959.736,15.9956
match_3,7,kill,1066.124,17.768733333333333
match_3,7,assist,1159.8,19.33
match_3,7,kill,1281.493,21.358216666666667
match_3,7,assist,1310.278,21.837966666666667
match_3,7,kill,1500.21,25.0035
match_3,7,assist,1540.985,25.683083333333332
match_3,7,assist,1579.932,26.3322
match_3,8,kill,432.605,7.210083333333333
match_3,8,death,622.025,10.367083333333333
match_3,8,assist,864.796,14.413266666666667
match_3,8,assist,902.859,15.04765
match_3,8,kill,931.996,15.533266666666666
match_3,8,death,940.139,15.668983333333333
match_3,8,assist,1068.943,17.815716666666667
match_3,8,kill,1375.917,22.931949999999997
match_3,8,kill,1383.383,23.056383333333333
match_3,8,assist,1455.115,24.251916666666666
match_3,8,death,1464.59,24.40983333333333
match_3,8,assist,1579.932,26.3322
match_3,9,kill,257.913,4.2985500000000005
match_3,9,kill,469.713,7.828550000000001
match_3,9,assist,494.906,8.248433333333333
match_3,9,kill,604.67,10.077833333333333
match_3,9,assist,684.15,11.4025
match_3,9,assist,691.173,11.51955
match_3,9,kill,695.098,11.584966666666666
match_3,9,kill,797.994,13.299900000000001
match_3,9,kill,808.785,13.47975
match_3,9,kill,958.911,15.98185
match_3,9,assist,959.736,15.9956
match_3,9,assist,1068.943,17.815716666666667
match_3,9,assist,1375.917,22.931949999999997
match_3,9,kill,1455.115,24.251916666666666
match_3,9,kill,1483.863,24.73105
match_3,9,kill,1534.682,25.578033333333334
match_3,9,kill,1540.985,25.683083333333332
match_3,9,kill,1562.075,26.034583333333334
match_3,9,kill,1579.932,26.3322
match_4,0,assist,353.962,5.899366666666666
match_4,0,assist,398.602,6.643366666666666
match_4,0,kill,399.328,6.655466666666666
match_4,0,kill,506.135,8.435583333333334
match_4,0,kill,586.111,9.768516666666667
match_4,0,assist,601.846,10.030766666666667
match_4,0,kill,704.225,11.737083333333334
match_4,0,assist,717.955,11.965916666666667
match_4,0,kill,742.11,12.368500000000001
match_4,0,kill,749.353,12.489216666666666
match_4,0,assist,816.28,13.604666666666667
match_4,0,kill,828.595,13.809916666666668
match_4,0,kill,839.546,13.992433333333334
match_4,0,kill,848.802,14.146700000000001
match_4,0,kill,850.768,14.179466666666666
match_4,0,death,851.874,14.1979
match_4,0,assist,853.144,14.219066666666667
match_4,1,kill,120.273,2.00455
match_4,1,death,177.449,2.9574833333333337
match_4,1,assist,182.681,3.0446833333333334
match_4,1,assist,232.841,3.8806833333333333
match_4,1,assist,275.75,4.595833333333333
match_4,1,assist,410.113,6.835216666666667
match_4,1,kill,437.925,7.29875
match_4,1,kill,454.233,7.57055
match_4,1,assist,478.256,7.970933333333333
match_4,1,assist,484.065,8.06775
match_4,1,assist,552.616,9.210266666666666
match_4,1,kill,552.915,9.21525
match_4,1,assist,680.527,11.342116666666668
match_4,1,assist,691.087,11.518116666666666
match_4,1,assist,704.225,11.737083333333334
match_4,1,kill,713.859,11.89765
match_4,1,assist,717.955,11.965916666666667
match_4,1,assist,724.008,12.0668
match_4,1,assist,742.11,12.368500000000001
match_4,1,assist,749.353,12.489216666666666
match_4,1,kill,810.115,13.501916666666666
match_4,1,assist,810.723,13.512049999999999
match_4,1,assist,816.28,13.604666666666667
match_4,1,kill,816.742,13.612366666666667
match_4,1,assist,828.595,13.809916666666668
match_4,1,assist,848.802,14.146700000000001
match_4,1,assist,850.768,14.179466666666666
match_4,1,kill,853.144,14.219066666666667
match_4,2,kill,263.236,4.387266666666666
match_4,2,kill,321.554,5.359233333333333
match_4,2,kill,327.405,5.4567499999999995
match_4,2,assist,398.602,6.643366666666666
match_4,2,assist,399.328,6.655466666666666
match_4,2,kill,478.256,7.970933333333333
match_4,2,kill,484.065,8.06775
match_4,2,assist,552.616,9.210266666666666
match_4,2,assist,552.915,9.21525
match_4,2,assist,660.524,11.008733333333334
match_4,2,kill,691.087,11.518116666666666
match_4,2,kill,717.955,11.965916666666667
match_4,2,kill,724.008,12.0668
match_4,2,assist,742.11,12.368500000000001
match_4,2,assist,749.353,12.489216666666666
match_4,2,kill,797.438,13.290633333333334
match_4,2,death,801.915,13.36525
match_4,3,kill,353.962,5.899366666666666
match_4,3,kill,398.602,6.643366666666666
match_4,3,assist,399.328,6.655466666666666
match_4,3,assist,478.256,7.970933333333333
match_4,3,assist,484.065,8.06775
match_4,3,kill,601.846,10.030766666666667
match_4,3,assist,638.389,10.639816666666666
match_4,3,assist,680.527,11.342116666666668
match_4,3,assist,691.087,11.518116666666666
match_4,3,assist,724.008,12.0668
match_4,3,assist,810.115,13.501916666666666
match_4,3,kill,810.723,13.512049999999999
match_4,3,kill,816.28,13.604666666666667
match_4,3,assist,839.546,13.992433333333334
match_4,3,assist,848.802,14.146700000000001
match_4,3,assist,850.768,14.179466666666666
match_4,3,assist,853.144,14.219066666666667
match_4,4,assist,120.273,2.00455
match_4,4,kill,182.681,3.0446833333333334
match_4,4,kill,232.841,3.8806833333333333
match_4,4,kill,275.75,4.595833333333333
match_4,4,kill,364.786,6.079766666666667
match_4,4,kill,388.076,6.467933333333334
match_4,4,kill,410.113,6.835216666666667
match_4,4,assist,437.925,7.29875
match_4,4,assist,454.233,7.57055
match_4,4,kill,552.616,9.210266666666666
match_4,4,assist,552.915,9.21525
match_4,4,kill,638.389,10.639816666666666
match_4,4,kill,660.524,11.008733333333334
match_4,4,kill,680.527,11.342116666666668
match_4,4,assist,691.087,11.518116666666666
match_4,4,assist,704.225,11.737083333333334
match_4,4,death,706.177,11.769616666666668
match_4,4,assist,717.955,11.965916666666667
match_4,4,assist,848.802,14.146700000000001
match_4,4,assist,850.768,14.179466666666666
match_4,4,assist,853.144,14.219066666666667
match_4,5,death,120.273,2.00455
match_4,5,kill,177.449,2.9574833333333337
match_4,5,death,182.681,3.0446833333333334
match_4,5,death,232.841,3.8806833333333333
match_4,5,death,364.786,6.079766666666667
match_4,5,death,410.113,6.835216666666667
match_4,5,death,454.233,7.57055
match_4,5,death,601.846,10.030766666666667
match_4,5,death,749.353,12.489216666666666
match_4,5,death,797.438,13.290633333333334
match_4,5,assist,801.915,13.36525
match_4,5,death,828.595,13.809916666666668
match_4,6,death,327.405,5.4567499999999995
match_4,6,death,398.602,6.643366666666666
match_4,6,death,484.065,8.06775
match_4,6,death,552.915,9.21525
match_4,6,death,704.225,11.737083333333334
match_4,6,assist,706.177,11.769616666666668
match_4,6,death,742.11,12.368500000000001
match_4,6,assist,801.915,13.36525
match_4,6,death,816.742,13.612366666666667
match_4,6,death,848.802,14.146700000000001
match_4,7,death,353.962,5.899366666666666
match_4,7,death,506.135,8.435583333333334
match_4,7,death,713.859,11.89765
match_4,7,assist,801.915,13.36525
match_4,7,death,810.723,13.512049999999999
match_4,7,death,850.768,14.179466666666666
match_4,7,kill,851.874,14.1979
match_4,8,assist,177.449,2.9574833333333337
match_4,8,death,275.75,4.595833333333333
match_4,8,death,388.076,6.467933333333334
match_4,8,death,437.925,7.29875
match_4,8,death,586.111,9.768516666666667
match_4,8,death,660.524,11.008733333333334
match_4,8,death,691.087,11.518116666666666
match_4,8,death,724.008,12.0668
match_4,8,kill,801.915,13.36525
match_4,8,death,810.115,13.501916666666666
match_4,8,death,839.546,13.992433333333334
match_4,8,assist,851.874,14.1979
match_4,9,death,263.236,4.387266666666666
match_4,9,death,321.554,5.359233333333333
match_4,9,death,399.328,6.655466666666666
match_4,9,death,478.256,7.970933333333333
match_4,9,death,552.616,9.210266666666666
match_4,9,death,638.389,10.639816666666666
match_4,9,death,680.527,11.342116666666668
match_4,9,kill,706.177,11.769616666666668
match_4,9,death,717.955,11.965916666666667
match_4,9,assist,801.915,13.36525
match_4,9,death,816.28,13.604666666666667
match_4,9,assist,851.874,14.1979
match_4,9,death,853.144,14.219066666666667
match_5,0,kill,173.585,2.8930833333333337
match_5,0,kill,354.255,5.90425
match_5,0,assist,392.115,6.5352500000000004
match_5,0,assist,570.785,9.513083333333332
match_5,0,kill,771.047,12.850783333333334
match_5,0,assist,777.931,12.965516666666668
match_5,0,kill,876.76,14.612666666666666
match_5,0,death,880.381,14.673016666666665
match_5,0,assist,881.609,14.693483333333335
match_5,0,kill,944.593,15.743216666666665
match_5,1,assist,354.255,5.90425
match_5,1,kill,388.759,6.479316666666667
match_5,1,assist,392.115,6.5352500000000004
match_5,1,assist,399.72,6.662000000000001
match_5,1,kill,489.19,8.153166666666667
match_5,1,death,552.368,9.206133333333334
match_5,1,kill,671.3,11.188333333333333
match_5,1,death,674.992,11.249866666666666
match_5,1,assist,676.329,11.27215
match_5,1,assist,771.047,12.850783333333334
match_5,1,kill,777.931,12.965516666666668
match_5,1,assist,831.843,13.864049999999999
match_5,1,assist,876.76,14.612666666666666
match_5,1,kill,881.609,14.693483333333335
match_5,1,death,891.87,14.8645
match_5,1,kill,1000.474,16.674566666666667
match_5,2,assist,246.137,4.102283333333333
match_5,2,kill,380.65,6.344166666666666
match_5,2,death,488.361,8.13935
match_5,2,kill,602.391,10.03985
match_5,2,death,603.14,10.052333333333333
match_5,2,kill,695.744,11.595733333333333
match_5,2,death,828.759,13.81265
match_5,2,kill,911.158,15.185966666666667
match_5,2,kill,963.388,16.05646666666667
match_5,2,death,996.752,16.61253333333333
match_5,3,kill,246.137,4.102283333333333
match_5,3,kill,346.369,5.772816666666667
match_5,3,assist,388.759,6.479316666666667
match_5,3,kill,392.115,6.5352500000000004
match_5,3,kill,399.72,6.662000000000001
match_5,3,kill,570.785,9.513083333333332
match_5,3,kill,597.631,9.960516666666667
match_5,3,assist,602.391,10.03985
match_5,3,kill,725.784,12.0964
match_5,3,assist,733.848,12.230799999999999
match_5,3,kill,765.068,12.751133333333334
match_5,3,kill,831.843,13.864049999999999
match_5,3,assist,909.395,15.156583333333334
match_5,3,kill,991.174,16.519566666666666
match_5,4,assist,392.115,6.5352500000000004
match_5,4,assist,489.19,8.153166666666667
match_5,4,death,563.009,9.383483333333334
match_5,4,assist,671.3,11.188333333333333
match_5,4,kill,676.329,11.27215
match_5,4,assist,725.784,12.0964
match_5,4,kill,733.848,12.230799999999999
match_5,4,kill,909.395,15.156583333333334
match_5,4,assist,991.174,16.519566666666666
match_5,5,death,346.369,5.772816666666667
match_5,5,death,399.72,6.662000000000001
match_5,5,death,597.631,9.960516666666667
match_5,5,assist,603.14,10.052333333333333
match_5,5,kill,880.381,14.673016666666665
match_5,5,death,881.609,14.693483333333335
match_5,5,assist,891.87,14.8645
match_5,5,death,963.388,16.05646666666667
match_5,5,kill,996.752,16.61253333333333
match_5,6,death,388.759,6.479316666666667
match_5,6,death,489.19,8.153166666666667
match_5,6,kill,552.368,9.206133333333334
match_5,6,kill,563.009,9.383483333333334
match_5,6,death,671.3,11.188333333333333
match_5,6,assist,674.992,11.249866666666666
match_5,6,death,725.784,12.0964
match_5,6,death,777.931,12.965516666666668
match_5,6,death,911.158,15.185966666666667
match_5,7,death,173.585,2.8930833333333337
match_5,7,death,354.255,5.90425
match_5,7,death,570.785,9.513083333333332
match_5,7,death,765.068,12.751133333333334
match_5,7,death,831.843,13.864049999999999
match_5,7,kill,891.87,14.8645
match_5,7,death,944.593,15.743216666666665
match_5,7,death,991.174,16.519566666666666
match_5,8,death,246.137,4.102283333333333
match_5,8,death,380.65,6.344166666666666
match_5,8,kill,488.361,8.13935
match_5,8,death,602.391,10.03985
match_5,8,kill,603.14,10.052333333333333
match_5,8,death,695.744,11.595733333333333
match_5,8,death,771.047,12.850783333333334
match_5,8,kill,828.759,13.81265
match_5,8,death,909.395,15.156583333333334
match_5,8,death,1000.474,16.674566666666667
match_5,9,death,392.115,6.5352500000000004
match_5,9,assist,552.368,9.206133333333334
match_5,9,assist,563.009,9.383483333333334
match_5,9,kill,674.992,11.249866666666666
match_5,9,death,676.329,11.27215
match_5,9,death,733.848,12.230799999999999
match_5,9,assist,828.759,13.81265
match_5,9,death,876.76,14.612666666666666
match_5,9,assist,880.381,14.673016666666665
match_5,9,assist,996.752,16.61253333333333
match_6,0,kill,186.086,3.1014333333333335
match_6,0,kill,252.923,4.2153833333333335
match_6,0,kill,261.48,4.3580000000000005
match_6,0,kill,304.056,5.0676
match_6,0,kill,328.151,5.4691833333333335
match_6,0,death,332.32,5.538666666666667
match_6,0,kill,389.624,6.493733333333334
match_6,0,kill,392.471,6.541183333333334
match_6,0,kill,445.024,7.417066666666667
match_6,0,kill,454.973,7.582883333333333
match_6,0,kill,498.051,8.30085
match_6,0,kill,509.636,8.493933333333334
match_6,0,kill,563.632,9.393866666666666
match_6,0,assist,571.524,9.5254
match_6,0,kill,608.097,10.13495
match_6,0,kill,613.372,10.222866666666667
match_6,0,assist,654.747,10.91245
match_6,0,kill,660.776,11.012933333333333
match_6,0,kill,678.13,11.302166666666666
match_6,0,assist,685.683,11.42805
match_6,0,assist,688.29,11.471499999999999
match_6,0,kill,694.072,11.567866666666667
match_6,0,kill,706.629,11.77715
match_6,0,kill,714.18,11.902999999999999
match_6,0,assist,717.322,11.955366666666666
match_6,0,assist,719.863,11.997716666666667
match_6,1,assist,149.719,2.4953166666666666
match_6,1,kill,246.685,4.111416666666667
match_6,1,assist,365.544,6.0924
match_6,1,assist,369.24,6.154
match_6,1,assist,428.303,7.1383833333333335
match_6,1,assist,432.905,7.215083333333333
match_6,1,assist,478.356,7.9726
match_6,1,assist,514.625,8.577083333333333
match_6,1,kill,525.49,8.758166666666666
match_6,1,assist,685.683,11.42805
match_6,1,assist,688.29,11.471499999999999
match_6,1,assist,717.322,11.955366666666666
match_6,1,assist,719.863,11.997716666666667
match_6,2,assist,187.967,3.1327833333333337
match_6,2,kill,320.858,5.3476333333333335
match_6,2,kill,384.706,6.411766666666667
match_6,2,kill,472.131,7.868849999999999
match_6,2,kill,563.698,9.394966666666667
match_6,2,assist,694.072,11.567866666666667
match_6,2,assist,706.629,11.77715
match_6,2,assist,714.18,11.902999999999999
match_6,2,kill,717.322,11.955366666666666
match_6,2,kill,719.863,11.997716666666667
match_6,3,kill,185.03,3.083833333333333
match_6,3,kill,187.967,3.1327833333333337
match_6,3,assist,365.544,6.0924
match_6,3,assist,369.24,6.154
match_6,3,assist,428.303,7.1383833333333335
match_6,3,kill,432.905,7.215083333333333
match_6,3,kill,571.524,9.5254
match_6,3,assist,654.747,10.91245
match_6,3,assist,660.776,11.012933333333333
match_6,3,assist,678.13,11.302166666666666
match_6,3,assist,685.683,11.42805
match_6,3,kill,688.29,11.471499999999999
match_6,3,assist,694.072,11.567866666666667
match_6,4,kill,149.719,2.4953166666666666
match_6,4,assist,246.685,4.111416666666667
match_6,4,kill,365.544,6.0924
match_6,4,kill,369.24,6.154
match_6,4,kill,428.303,7.1383833333333335
match_6,4,assist,432.905,7.215083333333333
match_6,4,kill,478.356,7.9726
match_6,4,kill,514.625,8.577083333333333
match_6,4,assist,525.49,8.758166666666666
match_6,4,kill,654.747,10.91245
match_6,4,assist,678.13,11.302166666666666
match_6,4,kill,685.683,11.42805
match_6,4,assist,688.29,11.471499999999999
match_6,4,assist,694.072,11.567866666666667
match_6,4,assist,714.18,11.902999999999999
match_6,4,assist,719.863,11.997716666666667
match_6,5,death,149.719,2.4953166666666666
match_6,5,death,246.685,4.111416666666667
match_6,5,death,365.544,6.0924
match_6,5,death,432.905,7.215083333333333
match_6,5,death,525.49,8.758166666666666
match_6,5,death,685.683,11.42805
match_6,5,death,714.18,11.902999999999999
match_6,6,death,185.03,3.083833333333333
match_6,6,death,261.48,4.3580000000000005
match_6,6,death,328.151,5.4691833333333335
match_6,6,kill,332.32,5.538666666666667
match_6,6,death,392.471,6.541183333333334
match_6,6,death,445.024,7.417066666666667
match_6,6,death,498.051,8.30085
match_6,6,death,563.632,9.393866666666666
match_6,6,death,608.097,10.13495
match_6,6,death,678.13,11.302166666666666
match_6,6,death,706.629,11.77715
match_6,7,death,186.086,3.1014333333333335
match_6,7,death,320.858,5.3476333333333335
match_6,7,death,384.706,6.411766666666667
match_6,7,death,472.131,7.868849999999999
match_6,7,death,563.698,9.394966666666667
match_6,7,death,688.29,11.471499999999999
match_6,8,death,369.24,6.154
match_6,8,death,428.303,7.1383833333333335
match_6,8,death,478.356,7.9726
match_6,8,death,514.625,8.577083333333333
match_6,8,death,654.747,10.91245
match_6,8,death,719.863,11.997716666666667
match_6,9,death,187.967,3.1327833333333337
match_6,9,death,252.923,4.2153833333333335
match_6,9,death,304.056,5.0676
match_6,9,death,389.624,6.493733333333334
match_6,9,death,454.973,7.582883333333333
match_6,9,death,509.636,8.493933333333334
match_6,9,death,571.524,9.5254
match_6,9,death,613.372,10.222866666666667
match_6,9,death,660.776,11.012933333333333
match_6,9,death,694.072,11.567866666666667
match_6,9,death,717.322,11.955366666666666
match_7,0,kill,274.933,4.582216666666667
match_7,0,kill,350.338,5.838966666666667
match_7,0,kill,489.618,8.1603
match_7,0,kill,537.352,8.955866666666667
match_7,0,assist,654.647,10.910783333333335
match_7,0,kill,656.612,10.943533333333333
match_7,0,kill,694.593,11.57655
match_7,0,assist,761.897,12.698283333333334
match_7,0,assist,837.787,13.963116666666668
match_7,0,kill,846.14,14.102333333333332
match_7,0,assist,904.18,15.069666666666667
match_7,0,kill,970.86,16.181
match_7,0,kill,1057.243,17.620716666666667
match_7,0,assist,1060.964,17.68273333333333
match_7,0,death,1063.435,17.723916666666664
match_7,0,assist,1066.644,17.7774
match_7,0,kill,1265.1,21.084999999999997
match_7,0,death,1334.674,22.244566666666667
match_7,0,kill,1423.026,23.717100000000002
match_7,0,kill,1508.717,25.145283333333335
match_7,0,assist,1583.42,26.390333333333334
match_7,0,death,1586.519,26.441983333333333
match_7,0,assist,1591.872,26.531200000000002
match_7,1,assist,233.062,3.8843666666666667
match_7,1,assist,654.647,10.910783333333335
match_7,1,death,874.086,14.5681
match_7,1,assist,970.86,16.181
match_7,1,kill,1060.964,17.68273333333333
match_7,1,assist,1066.644,17.7774
match_7,1,death,1341.645,22.36075
match_7,1,assist,1423.026,23.717100000000002
match_7,1,assist,1455.228,24.253800000000002
match_7,1,assist,1508.717,25.145283333333335
match_7,1,assist,1583.42,26.390333333333334
match_7,1,assist,1588.753,26.479216666666666
match_7,1,assist,1591.872,26.531200000000002
match_7,2,death,222.456,3.7076
match_7,2,kill,382.252,6.370866666666667
match_7,2,death,505.869,8.43115
match_7,2,death,623.109,10.385150000000001
match_7,2,death,736.059,12.26765
match_7,2,kill,737.478,12.2913
match_7,2,assist,837.787,13.963116666666668
match_7,2,death,845.047,14.084116666666667
match_7,2,assist,846.14,14.102333333333332
match_7,2,death,953.332,15.888866666666667
match_7,2,assist,1193.689,19.894816666666667
match_7,2,kill,1455.228,24.253800000000002
match_7,2,assist,1506.147,25.102449999999997
match_7,2,assist,1508.717,25.145283333333335
match_7,2,assist,1583.42,26.390333333333334
match_7,2,assist,1588.753,26.479216666666666
match_7,2,assist,1591.872,26.531200000000002
match_7,3,assist,656.612,10.943533333333333
match_7,3,kill,761.897,12.698283333333334
match_7,3,kill,837.787,13.963116666666668
match_7,3,kill,904.18,15.069666666666667
match_7,3,assist,970.86,16.181
match_7,3,assist,1060.964,17.68273333333333
match_7,3,assist,1066.644,17.7774
match_7,3,assist,1193.689,19.894816666666667
match_7,3,death,1321.304,22.021733333333334
match_7,3,assist,1423.026,23.717100000000002
match_7,3,assist,1455.228,24.253800000000002
match_7,3,kill,1506.147,25.102449999999997
match_7,3,assist,1508.717,25.145283333333335
match_7,3,death,1580.103,26.335050000000003
match_7,3,assist,1583.42,26.390333333333334
match_7,4,kill,233.062,3.8843666666666667
match_7,4,death,233.986,3.8997666666666664
match_7,4,kill,654.647,10.910783333333335
match_7,4,death,740.288,12.338133333333333
match_7,4,death,890.574,14.842899999999998
match_7,4,assist,904.18,15.069666666666667
match_7,4,assist,1057.243,17.620716666666667
match_7,4,assist,1060.964,17.68273333333333
match_7,4,kill,1066.644,17.7774
match_7,4,kill,1193.689,19.894816666666667
match_7,4,death,1262.963,21.04938333333333
match_7,4,assist,1265.1,21.084999999999997
match_7,4,assist,1506.147,25.102449999999997
match_7,4,assist,1508.717,25.145283333333335
match_7,4,kill,1583.42,26.390333333333334
match_7,4,kill,1588.753,26.479216666666666
match_7,4,kill,1591.872,26.531200000000002
match_7,5,assist,623.109,10.385150000000001
match_7,5,kill,845.047,14.084116666666667
match_7,5,death,846.14,14.102333333333332
match_7,5,assist,953.332,15.888866666666667
match_7,5,assist,1321.304,22.021733333333334
match_7,5,assist,1341.645,22.36075
match_7,5,death,1423.026,23.717100000000002
match_7,5,death,1506.147,25.102449999999997
match_7,5,assist,1580.103,26.335050000000003
match_7,5,death,1583.42,26.390333333333334
match_7,6,kill,233.986,3.8997666666666664
match_7,6,death,656.612,10.943533333333333
match_7,6,assist,740.288,12.338133333333333
match_7,6,kill,874.086,14.5681
match_7,6,assist,890.574,14.842899999999998
match_7,6,kill,1063.435,17.723916666666664
match_7,6,death,1066.644,17.7774
match_7,6,assist,1321.304,22.021733333333334
match_7,6,assist,1334.674,22.244566666666667
match_7,6,assist,1341.645,22.36075
match_7,6,assist,1580.103,26.335050000000003
match_7,6,kill,1586.519,26.441983333333333
match_7,7,kill,222.456,3.7076
match_7,7,death,382.252,6.370866666666667
match_7,7,kill,505.869,8.43115
match_7,7,death,537.352,8.955866666666667
match_7,7,kill,623.109,10.385150000000001
match_7,7,kill,736.059,12.26765
match_7,7,death,737.478,12.2913
match_7,7,death,837.787,13.963116666666668
match_7,7,assist,845.047,14.084116666666667
match_7,7,kill,953.332,15.888866666666667
match_7,7,death,970.86,16.181
match_7,7,death,1193.689,19.894816666666667
match_7,7,kill,1262.963,21.04938333333333
match_7,7,death,1265.1,21.084999999999997
match_7,7,kill,1321.304,22.021733333333334
match_7,7,assist,1334.674,22.244566666666667
match_7,7,death,1508.717,25.145283333333335
match_7,7,kill,1580.103,26.335050000000003
match_7,7,assist,1586.519,26.441983333333333
match_7,7,death,1591.872,26.531200000000002
match_7,8,death,274.933,4.582216666666667
match_7,8,death,350.338,5.838966666666667
match_7,8,death,489.618,8.1603
match_7,8,death,694.593,11.57655
match_7,8,assist,890.574,14.842899999999998
match_7,8,death,904.18,15.069666666666667
match_7,8,death,1060.964,17.68273333333333
match_7,8,assist,1063.435,17.723916666666664
match_7,8,kill,1334.674,22.244566666666667
match_7,8,death,1455.228,24.253800000000002
match_7,8,assist,1586.519,26.441983333333333
match_7,8,death,1588.753,26.479216666666666
match_7,9,death,233.062,3.8843666666666667
match_7,9,assist,233.986,3.8997666666666664
match_7,9,death,654.647,10.910783333333335
match_7,9,kill,740.288,12.338133333333333
match_7,9,death,761.897,12.698283333333334
match_7,9,assist,874.086,14.5681
match_7,9,kill,890.574,14.842899999999998
match_7,9,death,1057.243,17.620716666666667
match_7,9,assist,1063.435,17.723916666666664
match_7,9,assist,1321.304,22.021733333333334
match_7,9,assist,1334.674,22.244566666666667
match_7,9,kill,1341.645,22.36075
match_7,9,assist,1580.103,26.335050000000003
match_7,9,assist,1586.519,26.441983333333333
match_8,0,death,162.226,2.7037666666666667
match_8,0,death,394.792,6.579866666666666
match_8,0,death,565.732,9.428866666666666
match_8,0,death,735.778,12.262966666666667
match_8,0,assist,739.905,12.33175
match_8,0,death,829.875,13.83125
match_8,0,death,930.673,15.511216666666666
match_8,0,death,1025.299,17.088316666666667
match_8,0,assist,1090.134,18.1689
match_8,0,death,1091.489,18.191483333333334
match_8,0,assist,1149.493,19.158216666666664
match_8,0,death,1184.873,19.747883333333334
match_8,0,death,1245.528,20.7588
match_8,0,kill,1372.743,22.87905
match_8,0,death,1519.328,25.322133333333333
match_8,1,death,279.833,4.663883333333334
match_8,1,death,427.075,7.117916666666667
match_8,1,death,554.135,9.235583333333333
match_8,1,death,654.904,10.915066666666666
match_8,1,death,812.859,13.54765
match_8,1,death,923.773,15.396216666666668
match_8,1,assist,1090.134,18.1689
match_8,1,death,1101.892,18.364866666666668
match_8,1,assist,1104.999,18.41665
match_8,1,assist,1108.07,18.46783333333333
match_8,1,assist,1149.493,19.158216666666664
match_8,1,assist,1231.554,20.5259
match_8,1,death,1232.577,20.54295
match_8,1,death,1327.551,22.12585
match_8,1,assist,1372.743,22.87905
match_8,1,death,1479.545,24.659083333333335
match_8,2,death,269.163,4.4860500000000005
match_8,2,kill,474.888,7.9148
match_8,2,death,625.798,10.429966666666667
match_8,2,kill,739.905,12.33175
match_8,2,death,851.012,14.183533333333333
match_8,2,kill,1104.999,18.41665
match_8,2,kill,1108.07,18.46783333333333
match_8,2,death,1118.377,18.639616666666665
match_8,2,assist,1231.554,20.5259
match_8,2,death,1234.559,20.575983333333333
match_8,2,kill,1356.496,22.60826666666667
match_8,2,death,1358.642,22.644033333333333
match_8,2,death,1477.825,24.63041666666667
match_8,3,death,215.925,3.5987500000000003
match_8,3,assist,739.905,12.33175
match_8,3,kill,872.944,14.549066666666667
match_8,3,death,926.316,15.438600000000001
match_8,3,death,1082.768,18.046133333333334
match_8,3,assist,1090.134,18.1689
match_8,3,death,1141.895,19.031583333333334
match_8,3,assist,1149.493,19.158216666666664
match_8,3,kill,1231.554,20.5259
match_8,3,death,1234.163,20.569383333333334
match_8,3,death,1324.214,22.07023333333333
match_8,3,kill,1472.905,24.548416666666665
match_8,4,death,438.179,7.302983333333333
match_8,4,death,551.094,9.1849
match_8,4,death,934.04,15.567333333333332
match_8,4,death,1028.47,17.141166666666667
match_8,4,kill,1090.134,18.1689
match_8,4,assist,1104.999,18.41665
match_8,4,assist,1108.07,18.46783333333333
match_8,4,kill,1149.493,19.158216666666664
match_8,4,assist,1231.554,20.5259
match_8,4,death,1235.253,20.58755
match_8,4,assist,1372.743,22.87905
match_8,4,assist,1472.905,24.548416666666665
match_8,4,death,1481.893,24.698216666666667
match_8,5,assist,279.833,4.663883333333334
match_8,5,assist,427.075,7.117916666666667
match_8,5,assist,438.179,7.302983333333333
match_8,5,assist,551.094,9.1849
match_8,5,assist,554.135,9.235583333333333
match_8,5,assist,654.904,10.915066666666666
match_8,5,assist,812.859,13.54765
match_8,5,assist,1025.299,17.088316666666667
match_8,5,assist,1082.768,18.046133333333334
match_8,5,assist,1091.489,18.191483333333334
match_8,5,assist,1101.892,18.364866666666668
match_8,5,death,1108.07,18.46783333333333
match_8,5,assist,1184.873,19.747883333333334
match_8,5,assist,1234.163,20.569383333333334
match_8,5,assist,1234.559,20.575983333333333
match_8,5,assist,1235.253,20.58755
match_8,5,assist,1245.528,20.7588
match_8,5,assist,1519.328,25.322133333333333
match_8,6,assist,215.925,3.5987500000000003
match_8,6,assist,394.792,6.579866666666666
match_8,6,kill,438.179,7.302983333333333
match_8,6,kill,654.904,10.915066666666666
match_8,6,death,872.944,14.549066666666667
match_8,6,kill,930.673,15.511216666666666
match_8,6,assist,934.04,15.567333333333332
match_8,6,assist,1082.768,18.046133333333334
match_8,6,kill,1091.489,18.191483333333334
match_8,6,kill,1101.892,18.364866666666668
match_8,6,death,1104.999,18.41665
match_8,6,assist,1232.577,20.54295
match_8,6,kill,1234.163,20.569383333333334
match_8,6,assist,1234.559,20.575983333333333
match_8,6,kill,1235.253,20.58755
match_8,6,assist,1245.528,20.7588
match_8,6,assist,1358.642,22.644033333333333
match_8,6,death,1372.743,22.87905
match_8,6,death,1472.905,24.548416666666665
match_8,6,assist,1481.893,24.698216666666667
match_8,7,kill,215.925,3.5987500000000003
match_8,7,kill,269.163,4.4860500000000005
match_8,7,death,474.888,7.9148
match_8,7,kill,625.798,10.429966666666667
match_8,7,kill,735.778,12.262966666666667
match_8,7,death,739.905,12.33175
match_8,7,kill,851.012,14.183533333333333
match_8,7,kill,923.773,15.396216666666668
match_8,7,kill,926.316,15.438600000000001
match_8,7,assist,930.673,15.511216666666666
match_8,7,kill,934.04,15.567333333333332
match_8,7,kill,1082.768,18.046133333333334
match_8,7,death,1090.134,18.1689
match_8,7,assist,1091.489,18.191483333333334
match_8,7,assist,1184.873,19.747883333333334
match_8,7,death,1231.554,20.5259
match_8,7,assist,1234.559,20.575983333333333
match_8,7,kill,1324.214,22.07023333333333
match_8,7,kill,1327.551,22.12585
match_8,7,death,1356.496,22.60826666666667
match_8,7,kill,1358.642,22.644033333333333
match_8,7,kill,1477.825,24.63041666666667
match_8,7,kill,1479.545,24.659083333333335
match_8,7,kill,1481.893,24.698216666666667
match_8,8,kill,162.226,2.7037666666666667
match_8,8,kill,394.792,6.579866666666666
match_8,8,assist,438.179,7.302983333333333
match_8,8,kill,565.732,9.428866666666666
match_8,8,assist,735.778,12.262966666666667
match_8,8,kill,829.875,13.83125
match_8,8,assist,923.773,15.396216666666668
match_8,8,assist,926.316,15.438600000000001
match_8,8,assist,930.673,15.511216666666666
match_8,8,kill,1028.47,17.141166666666667
match_8,8,kill,1184.873,19.747883333333334
match_8,8,kill,1245.528,20.7588
match_8,8,kill,1519.328,25.322133333333333
match_8,9,kill,279.833,4.663883333333334
match_8,9,kill,427.075,7.117916666666667
match_8,9,kill,551.094,9.1849
match_8,9,kill,554.135,9.235583333333333
match_8,9,assist,654.904,10.915066666666666
match_8,9,kill,812.859,13.54765
match_8,9,kill,1025.299,17.088316666666667
match_8,9,kill,1118.377,18.639616666666665
match_8,9,kill,1141.895,19.031583333333334
match_8,9,death,1149.493,19.158216666666664
match_8,9,kill,1232.577,20.54295
match_8,9,assist,1234.163,20.569383333333334
match_8,9,kill,1234.559,20.575983333333333
match_8,9,assist,1235.253,20.58755
match_8,9,assist,1519.328,25.322133333333333
match_9,0,kill,134.674,2.2445666666666666
match_9,0,assist,265.6,4.426666666666667
match_9,0,kill,320.404,5.340066666666667
match_9,0,assist,361.046,6.017433333333333
match_9,0,kill,386.755,6.445916666666666
match_9,0,kill,442.58,7.376333333333333
match_9,0,kill,495.284,8.254733333333332
match_9,0,kill,600.204,10.0034
match_9,0,kill,614.865,10.24775
match_9,0,assist,650.945,10.849083333333335
match_9,0,assist,680.093,11.334883333333332
match_9,0,kill,716.661,11.944349999999998
match_9,0,death,722.833,12.047216666666666
match_9,0,assist,726.463,12.107716666666667
match_9,0,kill,802.761,13.379349999999999
match_9,0,assist,811.505,13.525083333333333
match_9,0,assist,816.625,13.610416666666667
match_9,0,death,822.797,13.713283333333333
match_9,0,assist,834.249,13.90415
match_9,0,kill,912.486,15.2081
match_9,0,death,918.734,15.312233333333333
match_9,0,assist,929.888,15.498133333333334
match_9,0,kill,1005.548,16.759133333333335
match_9,0,kill,1006.109,16.768483333333332
match_9,1,kill,88.537,1.4756166666666668
match_9,1,assist,127.083,2.1180499999999998
match_9,1,kill,186.091,3.101516666666667
match_9,1,death,272.771,4.5461833333333335
match_9,1,kill,333.516,5.5586
match_9,1,assist,387.58,6.459666666666666
match_9,1,assist,403.421,6.723683333333333
match_9,1,assist,436.339,7.272316666666667
match_9,1,assist,454.196,7.569933333333334
match_9,1,death,504.722,8.412033333333333
match_9,1,assist,510.037,8.500616666666666
match_9,1,assist,567.662,9.461033333333335
match_9,1,kill,655.467,10.92445
match_9,1,assist,746.793,12.44655
match_9,1,assist,762.841,12.714016666666668
match_9,1,assist,768.583,12.809716666666667
match_9,1,assist,802.761,13.379349999999999
match_9,1,assist,816.625,13.610416666666667
match_9,1,death,818.606,13.643433333333332
match_9,1,assist,896.34,14.939
match_9,1,death,907.998,15.1333
match_9,1,assist,912.486,15.2081
match_9,1,kill,991.387,16.523116666666667
match_9,1,assist,1005.548,16.759133333333335
match_9,1,assist,1006.109,16.768483333333332
match_9,2,kill,147.841,2.4640166666666667
match_9,2,kill,156.058,2.6009666666666664
match_9,2,kill,254.339,4.2389833333333335
match_9,2,kill,361.046,6.017433333333333
match_9,2,death,423.303,7.05505
match_9,2,assist,479.839,7.997316666666666
match_9,2,kill,549.105,9.15175
match_9,2,assist,614.865,10.24775
match_9,2,kill,661.612,11.026866666666667
match_9,2,assist,706.629,11.77715
match_9,2,assist,729.071,12.151183333333334
match_9,2,assist,802.761,13.379349999999999
match_9,2,kill,811.505,13.525083333333333
match_9,2,kill,816.625,13.610416666666667
match_9,2,kill,834.249,13.90415
match_9,2,assist,859.274,14.321233333333334
match_9,2,assist,866.674,14.444566666666667
match_9,2,kill,929.888,15.498133333333334
match_9,2,kill,935.532,15.5922
match_9,2,kill,947.148,15.7858
match_9,2,assist,991.387,16.523116666666667
match_9,3,kill,265.6,4.426666666666667
match_9,3,kill,476.011,7.933516666666667
match_9,3,kill,479.839,7.997316666666666
match_9,3,kill,593.963,9.899383333333333
match_9,3,kill,686.564,11.442733333333333
match_9,3,kill,706.629,11.77715
match_9,3,kill,729.071,12.151183333333334
match_9,3,kill,746.793,12.44655
match_9,3,kill,766.339,12.772316666666667
match_9,3,kill,776.673,12.94455
match_9,3,kill,859.274,14.321233333333334
match_9,3,assist,861.163,14.352716666666668
match_9,3,kill,863.44,14.390666666666668
match_9,3,kill,866.674,14.444566666666667
match_9,3,kill,877.937,14.632283333333334
match_9,3,kill,896.34,14.939
match_9,3,death,898.947,14.98245
match_9,3,kill,998.218,16.636966666666666
match_9,3,assist,1001.918,16.698633333333333
match_9,4,assist,88.537,1.4756166666666668
match_9,4,kill,127.083,2.1180499999999998
match_9,4,assist,333.516,5.5586
match_9,4,kill,387.58,6.459666666666666
match_9,4,kill,403.421,6.723683333333333
match_9,4,kill,436.339,7.272316666666667
match_9,4,kill,454.196,7.569933333333334
match_9,4,kill,509.179,8.486316666666665
match_9,4,kill,510.037,8.500616666666666
match_9,4,kill,567.662,9.461033333333335
match_9,4,kill,650.945,10.849083333333335
match_9,4,kill,680.093,11.334883333333332
match_9,4,assist,716.661,11.944349999999998
match_9,4,kill,726.463,12.107716666666667
match_9,4,assist,746.793,12.44655
match_9,4,kill,762.841,12.714016666666668
match_9,4,kill,768.583,12.809716666666667
match_9,4,death,794.625,13.24375
match_9,4,assist,859.274,14.321233333333334
match_9,4,kill,861.163,14.352716666666668
match_9,4,assist,863.44,14.390666666666668
match_9,4,assist,866.674,14.444566666666667
match_9,4,assist,877.937,14.632283333333334
match_9,4,death,895.548,14.9258
match_9,4,assist,896.34,14.939
match_9,4,assist,998.218,16.636966666666666
match_9,4,kill,1001.918,16.698633333333333
match_9,4,death,1019.244,16.9874
match_9,5,death,127.083,2.1180499999999998
match_9,5,death,387.58,6.459666666666666
match_9,5,death,436.339,7.272316666666667
match_9,5,kill,504.722,8.412033333333333
match_9,5,death,509.179,8.486316666666665
match_9,5,death,567.662,9.461033333333335
match_9,5,death,655.467,10.92445
match_9,5,death,766.339,12.772316666666667
match_9,5,kill,818.606,13.643433333333332
match_9,5,assist,822.797,13.713283333333333
match_9,5,death,834.249,13.90415
match_9,5,death,877.937,14.632283333333334
match_9,5,assist,918.734,15.312233333333333
match_9,5,death,929.888,15.498133333333334
match_9,5,death,1006.109,16.768483333333332
match_9,6,death,147.841,2.4640166666666667
match_9,6,death,254.339,4.2389833333333335
match_9,6,kill,423.303,7.05505
match_9,6,death,476.011,7.933516666666667
match_9,6,death,549.105,9.15175
match_9,6,death,614.865,10.24775
match_9,6,death,686.564,11.442733333333333
match_9,6,death,729.071,12.151183333333334
match_9,6,death,776.673,12.94455
match_9,6,death,816.625,13.610416666666667
match_9,6,assist,822.797,13.713283333333333
match_9,6,death,866.674,14.444566666666667
match_9,6,assist,898.947,14.98245
match_9,6,assist,907.998,15.1333
match_9,6,kill,918.734,15.312233333333333
match_9,6,death,1005.548,16.759133333333335
match_9,7,death,134.674,2.2445666666666666
match_9,7,death,265.6,4.426666666666667
match_9,7,death,320.404,5.340066666666667
match_9,7,death,386.755,6.445916666666666
match_9,7,death,442.58,7.376333333333333
match_9,7,death,495.284,8.254733333333332
match_9,7,death,593.963,9.899383333333333
match_9,7,death,650.945,10.849083333333335
match_9,7,death,716.661,11.944349999999998
match_9,7,assist,722.833,12.047216666666666
match_9,7,death,762.841,12.714016666666668
match_9,7,death,802.761,13.379349999999999
match_9,7,death,859.274,14.321233333333334
match_9,7,assist,895.548,14.9258
match_9,7,death,896.34,14.939
match_9,7,assist,898.947,14.98245
match_9,7,assist,907.998,15.1333
match_9,7,death,947.148,15.7858
match_9,7,death,1001.918,16.698633333333333
match_9,8,death,88.537,1.4756166666666668
match_9,8,death,186.091,3.101516666666667
match_9,8,kill,272.771,4.5461833333333335
match_9,8,death,333.516,5.5586
match_9,8,death,403.421,6.723683333333333
match_9,8,death,454.196,7.569933333333334
match_9,8,assist,504.722,8.412033333333333
match_9,8,death,510.037,8.500616666666666
match_9,8,death,680.093,11.334883333333332
match_9,8,kill,722.833,12.047216666666666
match_9,8,death,726.463,12.107716666666667
match_9,8,death,768.583,12.809716666666667
match_9,8,death,811.505,13.525083333333333
match_9,8,death,863.44,14.390666666666668
match_9,8,kill,895.548,14.9258
match_9,8,kill,898.947,14.98245
match_9,8,kill,907.998,15.1333
match_9,8,death,912.486,15.2081
match_9,8,assist,918.734,15.312233333333333
match_9,8,death,998.218,16.636966666666666
match_9,9,death,156.058,2.6009666666666664
match_9,9,death,361.046,6.017433333333333
match_9,9,assist,423.303,7.05505
match_9,9,death,479.839,7.997316666666666
match_9,9,death,600.204,10.0034
match_9,9,death,661.612,11.026866666666667
match_9,9,death,706.629,11.77715
match_9,9,death,746.793,12.44655
match_9,9,kill,794.625,13.24375
match_9,9,assist,818.606,13.643433333333332
match_9,9,kill,822.797,13.713283333333333
match_9,9,death,861.163,14.352716666666668
match_9,9,assist,895.548,14.9258
match_9,9,assist,898.947,14.98245
match_9,9,assist,907.998,15.1333
match_9,9,assist,918.734,15.312233333333333
match_9,9,death,935.532,15.5922
match_9,9,death,991.387,16.523116666666667
