player_folder,match_id,event_type,event_time,stress_before,stress_at_event,stress_after,baseline_at_event,deviation_before,deviation_at_event,deviation_after,high_pressure_threshold,immediate_change,after_change,is_high_pressure,recovery_change,has_recovery_window
player_1,match_0,kill,339.39,0.3607837062714807,0.3550045934083518,0.3671287420327678,0.3641470992080922,-0.0046005197885075,-0.0091425057997404,0.00396426157540995,0.0031055791304002,-0.005779112863128932,0.01212414862441602,False,0.01212414862441602,True
player_1,match_0,assist,458.217,0.3675744141670494,0.369302756221059,0.3715787017320352,0.3657995474310012,0.0026486028203044,0.0035032087900578,0.0048664294843421,0.0031055791304002,0.001728342054009624,0.0022759455109762072,True,0.0022759455109762072,True
player_1,match_0,kill,476.512,0.3675744141670494,0.369302756221059,0.3715787017320352,0.3657995474310012,0.0026486028203044,0.0035032087900578,0.0048664294843421,0.0031055791304002,0.001728342054009624,0.0022759455109762072,True,0.0022759455109762072,True
player_1,match_0,kill,569.397,0.3680145495977058,0.3680564208417576,0.36492670163826746,0.3677944818823776,0.0009731643443114,0.0002619389593799,-0.0029882819127871997,0.0031055791304002,4.187124405180542e-05,-0.0031297192034901444,False,-0.0031297192034901444,True
player_1,match_0,kill,677.099,0.3627650888201577,0.3664054996442722,0.3680205717394453,0.3677944818823776,-0.0050293930622199,-0.0013889822381054,0.00103061483378445,0.0031055791304002,0.003640410824114537,0.0016150720951730868,False,0.0016150720951730868,True
player_1,match_0,death,723.009,0.3653484153686147,0.3706927281102759,0.3725541794676925,0.3669899569056608,-0.0016415415370461,0.003702771204615,0.0053441548467034,0.0031055791304002,0.00534431274166125,0.0018614513574165548,True,0.0018614513574165548,True
player_1,match_0,death,809.812,0.3725788394198586,0.3725295195155264,0.37078462336629103,0.367210024620989,0.0053688147988695,0.0053194948945373,0.0035641309342890498,0.0031055791304002,-4.931990433221234e-05,-0.001744896149235342,True,-0.001744896149235342,True
player_1,match_0,assist,810.373,0.3725295195155264,0.3712191362688985,0.3722403378430642,0.367210024620989,0.0053194948945373,0.0040091116479095,0.00443595519456775,0.0031055791304002,-0.0013103832466278553,0.0010212015741656866,True,0.0010212015741656866,True
player_1,match_0,assist,821.404,0.3725295195155264,0.3712191362688985,0.3722403378430642,0.367210024620989,0.0053194948945373,0.0040091116479095,0.00443595519456775,0.0031055791304002,-0.0013103832466278553,0.0010212015741656866,True,0.0010212015741656866,True
player_1,match_0,assist,821.735,0.3725295195155264,0.3712191362688985,0.3722403378430642,0.367210024620989,0.0053194948945373,0.0040091116479095,0.00443595519456775,0.0031055791304002,-0.0013103832466278553,0.0010212015741656866,True,0.0010212015741656866,True
player_1,match_0,assist,895.524,0.3703501104636836,0.3741305652224448,0.3661273055936552,0.3683778050539779,0.0031191502206686,0.0057527601684669,-0.0043941136933245,0.0031055791304002,0.003780454758761209,-0.008003259628789616,True,-0.008003259628789616,True
player_1,match_0,assist,903.386,0.3741305652224448,0.3661273055936552,,0.3705214192869798,0.0057527601684669,-0.0043941136933245,,0.0031055791304002,-0.008003259628789616,,False,,False
player_1,match_0,assist,906.922,0.3741305652224448,0.3661273055936552,,0.3705214192869798,0.0057527601684669,-0.0043941136933245,,0.0031055791304002,-0.008003259628789616,,False,,False
player_1,match_0,kill,909.928,0.3741305652224448,0.3661273055936552,,0.3705214192869798,0.0057527601684669,-0.0043941136933245,,0.0031055791304002,-0.008003259628789616,,False,,False
player_1,match_0,assist,912.604,0.3741305652224448,0.3661273055936552,,0.3705214192869798,0.0057527601684669,-0.0043941136933245,,0.0031055791304002,-0.008003259628789616,,False,,False
player_1,match_1,kill,368.559,0.362949542464921,0.3661440600909425,0.36678060800028034,0.3641703684230355,-0.0012208259581145,0.001973691667907,0.0022380163144465,0.0031055791304002,0.0031945176260215202,0.0006365479093378146,False,0.0006365479093378146,True
player_1,match_1,death,375.23,0.362949542464921,0.3661440600909425,0.36678060800028034,0.3641703684230355,-0.0012208259581145,0.001973691667907,0.0022380163144465,0.0031055791304002,0.0031945176260215202,0.0006365479093378146,False,0.0006365479093378146,True
player_1,match_1,death,648.203,0.3681327365992536,0.3693824428211695,0.3701329324825783,0.365910325686728,0.0038196697255363,0.0034721171344415,0.0027031735733767,0.0031055791304002,0.0012497062219158916,0.0007504896614087819,True,0.0007504896614087819,True
player_1,match_1,kill,649.094,0.3681327365992536,0.3693824428211695,0.3701329324825783,0.365910325686728,0.0038196697255363,0.0034721171344415,0.0027031735733767,0.0031055791304002,0.0012497062219158916,0.0007504896614087819,True,0.0007504896614087819,True
player_1,match_1,kill,654.704,0.3681327365992536,0.3693824428211695,0.3701329324825783,0.365910325686728,0.0038196697255363,0.0034721171344415,0.0027031735733767,0.0031055791304002,0.0012497062219158916,0.0007504896614087819,True,0.0007504896614087819,True
player_1,match_1,death,766.612,0.3652697149920064,0.3641607262092697,0.37002139126053735,0.3679889560065809,-0.002738965666644,-0.0038282297973111,0.0033201654649072,0.0031055791304002,-0.0011089887827366862,0.005860665051267644,False,0.005860665051267644,True
player_1,match_1,death,867.967,0.3701892995442582,0.3647434275416846,0.3719807034515769,0.3687575897102115,0.0034880737486281,-0.0040141621685269,0.00281122406891645,0.0031055791304002,-0.005445872002573626,0.007237275909892316,False,0.007237275909892316,True
player_1,match_1,death,953.96,0.3724622984465759,0.3672289850306993,0.36236578286393234,0.3698168891329327,0.0028809293914666,-0.0025879041022334,-0.00679498178247105,0.0031055791304002,-0.005233313415876628,-0.0048632021667669445,False,-0.0048632021667669445,True
player_1,match_1,death,1055.579,0.3625424421452002,0.3626611373778289,0.369453611204681,0.3662493500113528,-0.0059621980146739,-0.0035882126335239,0.0021898910597061,0.0031055791304002,0.00011869523262869608,0.006792473826852108,False,0.006792473826852108,True
player_1,match_1,assist,1056.074,0.3625424421452002,0.3626611373778289,0.369453611204681,0.3662493500113528,-0.0059621980146739,-0.0035882126335239,0.0021898910597061,0.0031055791304002,0.00011869523262869608,0.006792473826852108,False,0.006792473826852108,True
player_1,match_1,kill,1126.811,0.3638810622775137,0.3690283734644422,0.3674550161206075,0.3659862062861919,-0.0046601717262441,0.0030421671782502,0.00081406311201605,0.0031055791304002,0.005147311186928516,-0.001573357343834736,False,-0.001573357343834736,True
player_1,match_1,assist,1133.252,0.3638810622775137,0.3690283734644422,0.3674550161206075,0.3659862062861919,-0.0046601717262441,0.0030421671782502,0.00081406311201605,0.0031055791304002,0.005147311186928516,-0.001573357343834736,False,-0.001573357343834736,True
player_1,match_1,death,1152.492,0.3690283734644422,0.3673624144312825,0.3662960202880776,0.3659862062861919,0.0030421671782502,0.0013762081450905,-0.00099967944291325,0.0031055791304002,-0.0016659590331597474,-0.001066394143204863,False,-0.001066394143204863,True
player_1,match_1,assist,1158.242,0.3690283734644422,0.3673624144312825,0.3662960202880776,0.3659862062861919,0.0030421671782502,0.0013762081450905,-0.00099967944291325,0.0031055791304002,-0.0016659590331597474,-0.001066394143204863,False,-0.001066394143204863,True
player_1,match_1,kill,1205.456,0.3673624144312825,0.3675476178099325,0.36470281285433703,0.3672956997309908,0.0013762081450905,0.0002519180789416,-0.0020133889603888002,0.0031055791304002,0.0001852033786500229,-0.00284480495559547,False,-0.00284480495559547,True
player_1,match_1,assist,1343.662,0.366622100464446,0.362824441161396,0.36454866243515016,0.3658332616153343,0.0019192876101089,-0.0030088204539383,-0.0007193747996855,0.0031055791304002,-0.0037976593030499828,0.0017242212737541562,False,0.0017242212737541562,True
player_1,match_1,kill,1345.654,0.366622100464446,0.362824441161396,0.36454866243515016,0.3658332616153343,0.0019192876101089,-0.0030088204539383,-0.0007193747996855,0.0031055791304002,-0.0037976593030499828,0.0017242212737541562,False,0.0017242212737541562,True
player_1,match_1,death,1354.511,0.366622100464446,0.362824441161396,0.36454866243515016,0.3658332616153343,0.0019192876101089,-0.0030088204539383,-0.0007193747996855,0.0031055791304002,-0.0037976593030499828,0.0017242212737541562,False,0.0017242212737541562,True
player_1,match_1,kill,1407.261,0.3635643317868053,0.3655329930834951,0.3662524002663411,0.364702812854337,-0.002268929828529,0.000830180229158,0.0012566398767430995,0.0031055791304002,0.0019686612966897665,0.0007194071828460213,False,0.0007194071828460213,True
player_1,match_1,assist,1505.325,0.3740948991511855,0.36451504865833,,0.364702812854337,0.0093920862968484,-0.000187764196007,,0.0031055791304002,-0.00957985049285548,,False,,False
player_1,match_11,assist,218.387,,0.3782367428158164,0.37409551596008206,0.3663696130003733,,0.011867129815443,0.0012207604253452,0.0031055791304002,,-0.004141226855734315,True,-0.004141226855734315,True
player_1,match_11,death,284.876,0.3734463331613789,0.3747446987587853,0.369520882029276,0.3734463331613789,0.001143155253284,0.0012983655974064,-0.0042500425314544,0.0031055791304002,0.0012983655974064257,-0.0052238167295092786,False,-0.0052238167295092786,True
player_1,match_11,death,504.956,0.3771082882363073,0.3723601292863867,0.3717950740243141,0.3738849801128309,0.0044640047582651,-0.0015248508264442,-0.00070713235790025,0.0031055791304002,-0.0047481589499206445,-0.0005650552620725668,False,-0.0005650552620725668,True
player_1,match_11,kill,730.575,0.3705013264658118,0.3797297680107185,0.3708652275899305,0.3717950740243141,-0.0015170096885012,0.0079346939864043,-0.0009298464343836003,0.0031055791304002,0.009228441544906707,-0.008864540420787992,True,-0.008864540420787992,True
player_1,match_11,death,817.172,0.3751978320246476,0.3811337165565058,0.37742878463973106,0.3717950740243141,0.0034027580003335,0.0093386425321916,0.0055220795504174,0.0031055791304002,0.005935884531858171,-0.003704931916774734,True,-0.003704931916774734,True
player_1,match_11,death,876.472,0.3783481476859821,0.37650942159348,0.37415382133795383,0.372018336154313,0.0065530736616679,0.0044910854391669,-0.0006072613620024499,0.0031055791304002,-0.0018387260925020743,-0.002355600255526169,True,-0.002355600255526169,True
player_1,match_11,death,943.057,0.3774716346055844,0.3708360080703232,0.37356725402092006,0.3758536268090638,0.0038030960147357,-0.0050176187387406,-0.0022863727881437,0.0031055791304002,-0.00663562653526123,0.0027312459505968723,False,0.0027312459505968723,True
player_1,match_11,assist,943.752,0.3774716346055844,0.3708360080703232,0.37356725402092006,0.3758536268090638,0.0038030960147357,-0.0050176187387406,-0.0022863727881437,0.0031055791304002,-0.00663562653526123,0.0027312459505968723,False,0.0027312459505968723,True
player_1,match_11,kill,1072.423,0.36720531619696,0.3689930412551591,0.3745536952658777,0.3747907690292718,-0.0075854528323117,-0.0057977277741126,0.0009864412449576,0.0031055791304002,0.0017877250581990745,0.005560654010718591,False,0.005560654010718591,True
player_1,match_11,death,1078.702,0.36720531619696,0.3689930412551591,0.3745536952658777,0.3747907690292718,-0.0075854528323117,-0.0057977277741126,0.0009864412449576,0.0031055791304002,0.0017877250581990745,0.005560654010718591,False,0.005560654010718591,True
player_1,match_11,assist,1091.481,0.36720531619696,0.3689930412551591,0.3745536952658777,0.3747907690292718,-0.0075854528323117,-0.0057977277741126,0.0009864412449576,0.0031055791304002,0.0017877250581990745,0.005560654010718591,False,0.005560654010718591,True
player_1,match_11,kill,1207.91,0.3707654422612587,0.3711269576442496,0.3704825746730309,0.3717934050391337,-0.0021291690538536,-0.0006664473948841,-0.00048126673198935004,0.0031055791304002,0.0003615153829908957,-0.00064438297121866,False,-0.00064438297121866,True
player_1,match_11,kill,1212.064,0.3707654422612587,0.3711269576442496,0.3704825746730309,0.3717934050391337,-0.0021291690538536,-0.0006664473948841,-0.00048126673198935004,0.0031055791304002,0.0003615153829908957,-0.00064438297121866,False,-0.00064438297121866,True
player_1,match_11,death,1261.767,0.3693851573065956,0.3715799920394662,0.37712068086904627,0.3709461999527541,-0.0015963255506907,0.000633792086712,0.0061744809162921,0.0031055791304002,0.0021948347328705764,0.005540688829580087,False,0.005540688829580087,True
player_1,match_11,kill,1331.371,0.379161598515971,0.3750797632221216,0.3715171410626571,0.3709461999527541,0.0082153985632168,0.0041335632693674,0.00016366622079919997,0.0031055791304002,-0.004081835293849367,-0.0035626221594645124,True,-0.0035626221594645124,True
player_1,match_11,kill,1361.62,0.3750797632221216,0.3705088657380384,0.37595894997407747,0.3713534748418579,0.0041335632693674,-0.0008446091038195,0.004255860446463,0.0031055791304002,-0.004570897484083236,0.005450084236039099,False,0.005450084236039099,True
player_1,match_11,death,1397.225,0.3705088657380384,0.3725254163872758,0.3774164836391297,0.3713534748418579,-0.0008446091038195,0.0011719415454179,0.0053637794257587,0.0031055791304002,0.0020165506492374474,0.004891067251853898,False,0.004891067251853898,True
player_1,match_11,assist,1502.514,0.3774145132878004,0.3709914272088562,0.3774854891346325,0.3738025898046987,0.0053618090744294,-0.0028111625958425,0.0029541324974076,0.0031055791304002,-0.006423086078944207,0.006494061925776284,False,0.006494061925776284,True
player_1,match_11,assist,1511.332,0.3774145132878004,0.3709914272088562,0.3774854891346325,0.3738025898046987,0.0053618090744294,-0.0028111625958425,0.0029541324974076,0.0031055791304002,-0.006423086078944207,0.006494061925776284,False,0.006494061925776284,True
player_1,match_11,assist,1735.609,0.3719610691210275,0.3704997881456117,0.368238381195785,0.3745277132194301,-0.0036926686974975,-0.0040279250738184,-0.0041859414017351,0.0031055791304002,-0.001461280975415813,-0.002261406949826683,False,-0.002261406949826683,True
player_1,match_11,death,1754.465,0.3719610691210275,0.3704997881456117,0.368238381195785,0.3745277132194301,-0.0036926686974975,-0.0040279250738184,-0.0041859414017351,0.0031055791304002,-0.001461280975415813,-0.002261406949826683,False,-0.002261406949826683,True
player_1,match_11,assist,1759.843,0.3719610691210275,0.3704997881456117,0.368238381195785,0.3745277132194301,-0.0036926686974975,-0.0040279250738184,-0.0041859414017351,0.0031055791304002,-0.001461280975415813,-0.002261406949826683,False,-0.002261406949826683,True
player_1,match_11,assist,1915.674,0.3732008620839375,0.3719410754262753,0.37180731184991755,0.3712304286333195,0.0019704334506179,0.0007106467929557,-1.794705337029997e-05,0.0031055791304002,-0.0012597866576621874,-0.00013376357635774827,False,-0.00013376357635774827,True
player_1,match_11,assist,1920.102,0.3732008620839375,0.3719410754262753,0.37180731184991755,0.3712304286333195,0.0019704334506179,0.0007106467929557,-1.794705337029997e-05,0.0031055791304002,-0.0012597866576621874,-0.00013376357635774827,False,-0.00013376357635774827,True
player_1,match_11,assist,1945.833,0.3719410754262753,0.3714578156395735,0.373845003715486,0.3719510722736514,0.0007106467929557,-0.0004932566340779,0.00214555818256165,0.0031055791304002,-0.00048325978670182845,0.0023871880759125386,False,0.0023871880759125386,True
player_1,match_11,death,1990.558,0.3714578156395735,0.3721568080602617,0.3738757496306009,0.3716994455329244,-0.0004932566340779,0.0004573625273373,0.00217630409767645,0.0031055791304002,0.0006989924206882159,0.0017189415703391941,False,0.0017189415703391941,True
player_1,match_11,death,2113.045,0.3764418308697356,0.3696714190533845,0.36909072454634,0.3721875539753765,0.004392889126467,-0.0025161349219919,-0.00302752331298245,0.0031055791304002,-0.006770411816351074,-0.0005806945070445102,False,-0.0005806945070445102,True
player_1,match_11,assist,2119.751,0.3764418308697356,0.3696714190533845,0.36909072454634,0.3721875539753765,0.004392889126467,-0.0025161349219919,-0.00302752331298245,0.0031055791304002,-0.006770411816351074,-0.0005806945070445102,False,-0.0005806945070445102,True
player_1,match_11,assist,2183.762,0.3679676591935746,0.364028666865283,,0.3720489417432685,-0.0040812825496939,-0.0080202748779855,,0.0031055791304002,-0.003938992328291591,,False,,False
player_1,match_12,death,299.946,0.3677353243462261,0.377335790667485,0.3716248972338677,0.3670700049460605,0.001330638800331,0.0102657857214244,0.00320972953830195,0.0031055791304002,0.009600466321258938,-0.005710893433617303,True,-0.005710893433617303,True
player_1,match_12,kill,357.442,0.377335790667485,0.3704546977435848,0.3707357613763589,0.3677353243462261,0.0102657857214244,0.0027193733973587,0.00096090698211375,0.0031055791304002,-0.006881092923900212,0.0002810636327740812,False,0.0002810636327740812,True
player_1,match_12,kill,371.353,0.3704546977435848,0.3727950967241507,0.3679973385907288,0.3690950110449054,0.0027193733973587,0.0037000856792452,-0.00201279122410155,0.0031055791304002,0.002340398980565872,-0.00479775813342187,True,-0.00479775813342187,True
player_1,match_12,kill,451.343,0.3673182511528905,0.3683785450121957,0.3719889843872526,0.3686764260285671,-0.0022473107331854,-0.0002978810163714,0.00338702861277835,0.0031055791304002,0.0010602938593051725,0.0036104393750568953,False,0.0036104393750568953,True
player_1,match_12,kill,511.572,0.3750117704996802,0.368966198274825,0.37212649422021293,0.3686764260285671,0.0064842849792988,0.0002897722462579,0.0028606141397624,0.0031055791304002,-0.006045572224855189,0.0031602959453879143,False,0.0031602959453879143,True
player_1,match_12,kill,574.225,0.3723815727421824,0.3718714156982435,0.37145368762736125,0.3697104480092049,0.0035602605904863,0.0021609676890385,0.0009000081215032499,0.0031055791304002,-0.0005101570439389191,-0.0004177280708822506,False,-0.0004177280708822506,True
player_1,match_12,kill,578.883,0.3723815727421824,0.3718714156982435,0.37145368762736125,0.3697104480092049,0.0035602605904863,0.0021609676890385,0.0009000081215032499,0.0031055791304002,-0.0005101570439389191,-0.0004177280708822506,False,-0.0004177280708822506,True
player_1,match_12,kill,639.562,0.3694339068380189,0.3734734684167036,0.37169549444963135,0.3699443022908019,-0.0017291498828952,0.0035291661259017,0.0015845243737951,0.0031055791304002,0.004039561578684681,-0.0017779739670722439,True,-0.0017779739670722439,True
player_1,match_12,kill,646.334,0.3694339068380189,0.3734734684167036,0.37169549444963135,0.3699443022908019,-0.0017291498828952,0.0035291661259017,0.0015845243737951,0.0031055791304002,0.004039561578684681,-0.0017779739670722439,True,-0.0017779739670722439,True
player_1,match_12,kill,696.57,0.3697046509290636,0.3736863379701991,0.3626238100798041,0.3695692788835413,-0.0009480103390676,0.0041170590866578,-0.0081642232338494,0.0031055791304002,0.003981687041135495,-0.011062527890395024,True,-0.011062527890395024,True
player_1,match_12,assist,763.149,0.3599106116760673,0.3653370084835409,0.3681966152441454,0.3707880333136535,-0.0108774216375862,-0.0054510248301126,-0.001982040854451997,0.0031055791304002,0.005426396807473588,0.002859606760604483,False,0.002859606760604483,True
player_1,match_12,assist,788.623,0.3653370084835409,0.3667808480071123,0.37072526716429743,0.3707880333136535,-0.0054510248301126,-0.0040071853065412,0.0011113693699662031,0.0031055791304002,0.0014438395235714108,0.003944419157185131,False,0.003944419157185131,True
player_1,match_12,assist,789.251,0.3653370084835409,0.3667808480071123,0.37072526716429743,0.3707880333136535,-0.0054510248301126,-0.0040071853065412,0.0011113693699662031,0.0031055791304002,0.0014438395235714108,0.003944419157185131,False,0.003944419157185131,True
player_1,match_12,kill,829.922,0.3667808480071123,0.3696123824811785,0.3718381518474163,0.3695692788835413,-0.0040071853065412,4.310359763720628e-05,0.0021796351422952,0.0031055791304002,0.0028315344740661996,0.0022257693662378064,False,0.0022257693662378064,True
player_1,match_12,assist,832.07,0.3667808480071123,0.3696123824811785,0.3718381518474163,0.3695692788835413,-0.0040071853065412,4.310359763720628e-05,0.0021796351422952,0.0031055791304002,0.0028315344740661996,0.0022257693662378064,False,0.0022257693662378064,True
player_1,match_13,kill,185.263,,0.3529834909314809,0.3696682062786661,0.3641511560770779,,-0.0111676651455969,0.00830896648798745,0.0031055791304002,,0.016684715347185186,False,0.016684715347185186,True
player_1,match_13,death,367.503,0.3671588602983264,0.3717027485321131,0.3682737438770328,0.3687512569220612,-0.0017754125178645,0.0029514916100519,-0.0005690209920932502,0.0031055791304002,0.004543888233786708,-0.003429004655080281,False,-0.003429004655080281,True
player_1,match_13,death,498.786,0.3696383903680793,0.3707642291314688,0.3679974709143158,0.3693778395392,0.0007041175518883,0.0013863895922687,-0.0012888606778193,0.0031055791304002,0.0011258387633895084,-0.002766758217152998,False,-0.002766758217152998,True
player_1,match_13,death,592.582,0.3697787249141608,0.3663772935328339,0.3672591930415954,0.3691948236450702,0.0005839012690905,-0.0028175301122363,-0.00117244564345835,0.0031055791304002,-0.003401431381326925,0.0008818995087614967,False,0.0008818995087614967,True
player_1,match_13,kill,714.085,0.3669272014405011,0.3613235836843091,0.36438997630736986,0.3672591930415954,-0.0003319916010942,-0.0059356093572862,-0.00268736060161105,0.0031055791304002,-0.005603617756192003,0.003066392623060743,False,0.003066392623060743,True
player_1,match_13,death,715.57,0.3669272014405011,0.3613235836843091,0.36438997630736986,0.3672591930415954,-0.0003319916010942,-0.0059356093572862,-0.00268736060161105,0.0031055791304002,-0.005603617756192003,0.003066392623060743,False,0.003066392623060743,True
player_1,match_13,death,780.67,0.3662138827004504,0.3625660699142893,0.3657530611131199,0.3670773369089809,-0.0008634542085305,-0.0045112669946916,-0.0008991863735475499,0.0031055791304002,-0.0036478127861611087,0.003186991198830591,False,0.003186991198830591,True
player_1,match_13,kill,899.081,0.3603774331091966,0.3678715697992172,0.36125305863699714,0.3662955881166421,-0.0062748143774708,0.001575981682575,-0.0045401491499559,0.0031055791304002,0.007494136690020581,-0.006618511162220064,False,-0.006618511162220064,True
player_1,match_13,death,1006.42,0.360136147187749,0.3717518642844199,0.3663606756779203,0.3631919671103498,-0.0048797263156813,0.0085598971740701,0.0022567553710302,0.0031055791304002,0.011615717096670919,-0.0053911886064996195,True,-0.0053911886064996195,True
player_1,match_13,assist,1009.133,0.3717518642844199,0.3669989944019361,0.36202139979592973,0.3631919671103498,0.0085598971740701,0.0038070272915863,-0.00287159227086415,0.0031055791304002,-0.004752869882483801,-0.004977594606006386,True,-0.004977594606006386,True
player_1,match_13,assist,1100.877,0.358320442637955,0.3553321361135567,0.3647755576998425,0.3647701106301574,-0.0064496679922024,-0.0094379745166007,0.0013291355022492998,0.0031055791304002,-0.0029883065243982987,0.009443421586285805,False,0.009443421586285805,True
player_1,match_13,assist,1108.174,0.358320442637955,0.3553321361135567,0.3647755576998425,0.3647701106301574,-0.0064496679922024,-0.0094379745166007,0.0013291355022492998,0.0031055791304002,-0.0029883065243982987,0.009443421586285805,False,0.009443421586285805,True
player_1,match_13,assist,1159.943,0.3652278843114718,0.3643232310882132,0.36866374053503215,0.3637989271988585,0.002133967115144,0.0005243038893546,0.004190919282262701,0.0031055791304002,-0.0009046532232586113,0.004340509446818963,False,0.004340509446818963,True
player_1,match_13,assist,1170.77,0.3652278843114718,0.3643232310882132,0.36866374053503215,0.3637989271988585,0.002133967115144,0.0005243038893546,0.004190919282262701,0.0031055791304002,-0.0009046532232586113,0.004340509446818963,False,0.004340509446818963,True
player_1,match_13,assist,1187.255,0.3643232310882132,0.3640169385231796,0.36961258844867956,0.3647755576998425,0.0005243038893546,-0.0007586191766628,0.005139767195910101,0.0031055791304002,-0.0003062925650335613,0.005595649925499935,False,0.005595649925499935,True
player_1,match_13,assist,1271.228,0.3733105425468846,0.3659146343504745,0.3618175370261998,0.3647755576998425,0.0091404577411882,0.001139076650632,-0.0033078021400655,0.0031055791304002,-0.007395908196410117,-0.004097097324274712,False,-0.004097097324274712,True
player_1,match_13,kill,1274.658,0.3733105425468846,0.3659146343504745,0.3618175370261998,0.3647755576998425,0.0091404577411882,0.001139076650632,-0.0033078021400655,0.0031055791304002,-0.007395908196410117,-0.004097097324274712,False,-0.004097097324274712,True
player_1,match_13,kill,1291.857,0.3659146343504745,0.3609917785898959,0.3643260543216873,0.3654751206326881,0.001139076650632,-0.0044833420427922,-0.00014676693108214996,0.0031055791304002,-0.004922855760578604,0.003334275731791403,False,0.003334275731791403,True
player_1,match_13,kill,1323.318,0.3609917785898959,0.3626432954625037,0.3683581733672646,0.3647755576998425,-0.0044833420427922,-0.0021322622373388,0.0041880885615682,0.0031055791304002,0.0016515168726077833,0.00571487790476094,False,0.00571487790476094,True
player_1,match_13,kill,1341.45,0.3626432954625037,0.366008813180871,0.36666761978675644,0.3641700848056964,-0.0021322622373388,0.0018387283751745,0.0021947985339870503,0.0031055791304002,0.0033655177183672946,0.0006588066058854647,False,0.0006588066058854647,True
player_1,match_13,kill,1342.063,0.3626432954625037,0.366008813180871,0.36666761978675644,0.3641700848056964,-0.0021322622373388,0.0018387283751745,0.0021947985339870503,0.0031055791304002,0.0033655177183672946,0.0006588066058854647,False,0.0006588066058854647,True
player_1,match_13,death,1350.017,0.3626432954625037,0.366008813180871,0.36666761978675644,0.3641700848056964,-0.0021322622373388,0.0018387283751745,0.0021947985339870503,0.0031055791304002,0.0033655177183672946,0.0006588066058854647,False,0.0006588066058854647,True
player_1,match_13,assist,1459.948,0.365776312024721,0.3575181626854255,0.3657688976328469,0.3650497715564671,0.0010007543248785,-0.0075316088710415,0.0010300158804329,0.0031055791304002,-0.008258149339295473,0.008250734947421401,False,0.008250734947421401,True
player_1,match_13,death,1530.663,0.3633859644370346,0.3681518308286593,0.3658167320762301,0.3645811382308778,-0.0015106608369157,0.0035706925977815,0.0012355938453522501,0.0031055791304002,0.00476586639162474,-0.00233509875242921,True,-0.00233509875242921,True
player_1,match_13,assist,1544.985,0.3633859644370346,0.3681518308286593,0.3658167320762301,0.3645811382308778,-0.0015106608369157,0.0035706925977815,0.0012355938453522501,0.0031055791304002,0.00476586639162474,-0.00233509875242921,True,-0.00233509875242921,True
player_1,match_13,death,1650.527,0.3654330537987155,0.3736465787724949,0.3633106363587605,0.3656046829117182,0.0008519155678377,0.0080418958607766,-0.0018698663113628998,0.0031055791304002,0.008213524973779418,-0.010335942413734422,True,-0.010335942413734422,True
player_1,match_13,death,1798.506,0.3638702835856785,0.366291843127828,0.3630684954123411,0.3639749373220102,0.0001375058379902,0.0023169058058177,-0.0012971344629283499,0.0031055791304002,0.002421559542149454,-0.0032233477154868795,False,-0.0032233477154868795,True
player_1,match_13,assist,1891.787,0.3628289479402727,0.3623150849341005,0.36673886921287135,0.363589163235044,-0.0011459893817375,-0.0012740783009435,0.0031497059778273504,0.0031055791304002,-0.0005138630061722327,0.004423784278770881,False,0.004423784278770881,True
player_1,match_13,assist,1903.591,0.3628289479402727,0.3623150849341005,0.36673886921287135,0.363589163235044,-0.0011459893817375,-0.0012740783009435,0.0031497059778273504,0.0031055791304002,-0.0005138630061722327,0.004423784278770881,False,0.004423784278770881,True
player_1,match_13,death,1934.01,0.3623150849341005,0.3673421276408694,0.36805657339456843,0.363589163235044,-0.0012740783009435,0.0037529644058253,0.0044674101595244,0.0031055791304002,0.005027042706768903,0.0007144457536990556,True,0.0007144457536990556,True
player_1,match_13,assist,2044.644,0.3551552704401419,0.3617174224809856,0.3847285313248841,0.363589163235044,-0.008433892794902,-0.0018717407540583,0.0211393680898401,0.0031055791304002,0.006562152040843705,0.02301110884389851,False,0.02301110884389851,True
player_1,match_13,death,2067.03,0.3617174224809856,0.3847285313248841,,0.363589163235044,-0.0018717407540583,0.0211393680898401,,0.0031055791304002,0.02301110884389851,,True,,False
player_1,match_14,assist,510.733,0.3539470884538778,0.3552339836816251,0.3638276107233158,0.3633786141878833,-0.0103580651093264,-0.0081446305062581,0.0024851541619971,0.0031055791304002,0.0012868952277473311,0.008593627041690699,False,0.008593627041690699,True
player_1,match_14,kill,514.396,0.3552339836816251,0.3653691981008078,0.36457262815717634,0.3593062989347542,-0.0081446305062581,0.0060628991660536,0.00146716167980785,0.0031055791304002,0.010135214419182692,-0.0007965699436314755,True,-0.0007965699436314755,True
player_1,match_14,assist,518.389,0.3552339836816251,0.3653691981008078,0.36457262815717634,0.3593062989347542,-0.0081446305062581,0.0060628991660536,0.00146716167980785,0.0031055791304002,0.010135214419182692,-0.0007965699436314755,True,-0.0007965699436314755,True
player_1,match_14,death,701.367,0.3561782605495182,0.3573687697173738,0.36088046441952326,0.3621733920723788,-0.0061077627963057,-0.004804622355005,-0.0007053953533811501,0.0031055791304002,0.0011905091678556246,0.0035116947021494593,False,0.0035116947021494593,True
player_1,match_14,assist,883.681,0.3703614631700709,0.3610394253347942,0.3615524203026067,0.3610121496349295,0.0093493135351414,2.727569986471501e-05,0.00110555338416125,0.0031055791304002,-0.009322037835276686,0.0005129949678124857,False,0.0005129949678124857,True
player_1,match_14,assist,888.565,0.3703614631700709,0.3610394253347942,0.3615524203026067,0.3610121496349295,0.0093493135351414,2.727569986471501e-05,0.00110555338416125,0.0031055791304002,-0.009322037835276686,0.0005129949678124857,False,0.0005129949678124857,True
player_1,match_14,death,1020.699,0.3644687819998515,0.3660878876427411,0.35740926479498697,0.360976382928889,0.0045514310918496,0.005111504713852,-0.0041543144545394,0.0031055791304002,0.0016191056428895845,-0.008678622847754114,True,-0.008678622847754114,True
player_1,match_14,kill,1108.407,0.3577172993550902,0.3660901867297354,0.36695004842288786,0.360976382928889,-0.0032590835737988,0.0051138038008463,0.0034812569331296,0.0031055791304002,0.0083728873746452,0.0008598616931524417,True,0.0008598616931524417,True
player_1,match_14,kill,1114.484,0.3660901867297354,0.3735781266581169,0.35895760610229854,0.3626114523234939,0.0051138038008463,0.0109666743346229,-0.00451118538745965,0.0031055791304002,0.007487939928381482,-0.014620520555818362,True,-0.014620520555818362,True
player_1,match_14,death,1143.333,0.3660901867297354,0.3735781266581169,0.35895760610229854,0.3626114523234939,0.0051138038008463,0.0109666743346229,-0.00451118538745965,0.0031055791304002,0.007487939928381482,-0.014620520555818362,True,-0.014620520555818362,True
player_1,match_14,death,1273.013,0.3680104124125974,0.3616833683876892,0.356199326357427,0.3643108165989714,0.0038422471574549,-0.0026274482112822,-0.00576106318285505,0.0031055791304002,-0.0063270440249081905,-0.005484042030262204,False,-0.005484042030262204,True
player_1,match_14,assist,1348.738,0.3573310054732586,0.3550676472415955,0.36178883999837375,0.361002669287674,-0.0055871043196317,-0.0059350220460784,0.00078617071069975,0.0031055791304002,-0.0022633582316630707,0.006721192756778238,False,0.006721192756778238,True
player_1,match_14,assist,1391.507,0.3589835090669312,0.3645941709298163,0.368622523860408,0.361002669287674,-0.0020191602207427,0.0035915016421422,0.007619854572734,0.0031055791304002,0.005610661862885058,0.004028352930591728,True,0.004028352930591728,True
player_1,match_14,assist,1397.304,0.3589835090669312,0.3645941709298163,0.368622523860408,0.361002669287674,-0.0020191602207427,0.0035915016421422,0.007619854572734,0.0031055791304002,0.005610661862885058,0.004028352930591728,True,0.004028352930591728,True
player_1,match_14,assist,1461.129,0.3700003368646263,0.3672447108561897,0.36245515159769004,0.361002669287674,0.0089976675769523,0.0062420415685157,-0.0008336854075366999,0.0031055791304002,-0.0027556260084365958,-0.004789559258499665,True,-0.004789559258499665,True
player_1,match_14,assist,1544.348,0.3617440259583451,0.3549863069408889,0.37052452870286195,0.36245515159769,-0.001915538259218,-0.0074688446568011,0.0084401043175083,0.0031055791304002,-0.0067577190174561985,0.015538221761973059,False,0.015538221761973059,True
player_1,match_14,assist,1544.932,0.3617440259583451,0.3549863069408889,0.37052452870286195,0.36245515159769,-0.001915538259218,-0.0074688446568011,0.0084401043175083,0.0031055791304002,-0.0067577190174561985,0.015538221761973059,False,0.015538221761973059,True
player_1,match_14,assist,1547.193,0.3617440259583451,0.3549863069408889,0.37052452870286195,0.36245515159769,-0.001915538259218,-0.0074688446568011,0.0084401043175083,0.0031055791304002,-0.0067577190174561985,0.015538221761973059,False,0.015538221761973059,True
player_1,match_14,kill,1620.905,0.3755307898066726,0.3655182675990513,0.36173693971266774,0.36245515159769,0.0138170926336554,0.0030631160013612,-0.0021432843707579,0.0031055791304002,-0.010012522207621277,-0.0037813278863835786,False,-0.0037813278863835786,True
player_1,match_14,assist,1623.869,0.3755307898066726,0.3655182675990513,0.36173693971266774,0.36245515159769,0.0138170926336554,0.0030631160013612,-0.0021432843707579,0.0031055791304002,-0.010012522207621277,-0.0037813278863835786,False,-0.0037813278863835786,True
player_1,match_14,assist,1735.313,0.3691915220342496,0.3701316399868937,0.36494878201506264,0.3643422724180432,0.0053112979508239,0.0057893675688505,0.0006405315897100999,0.0031055791304002,0.0009401179526440928,-0.005182857971831045,True,-0.005182857971831045,True
player_1,match_14,death,1750.061,0.3701316399868937,0.3653821796282887,0.3684257743883232,0.3643422724180432,0.0057893675688505,0.0010399072102454,0.0038142691644609,0.0031055791304002,-0.004749460358605018,0.003043594760034518,False,0.003043594760034518,True
player_1,match_14,kill,1751.429,0.3701316399868937,0.3653821796282887,0.3684257743883232,0.3643422724180432,0.0057893675688505,0.0010399072102454,0.0038142691644609,0.0031055791304002,-0.004749460358605018,0.003043594760034518,False,0.003043594760034518,True
player_1,match_14,death,1863.228,0.3723361643748097,0.3729655104744866,,0.3654502236136699,0.007387382359747,0.0075152868608166,,0.0031055791304002,0.0006293460996769085,,True,,False
player_1,match_18,assist,165.005,0.363294902631854,0.3598784601732569,0.36028489882035053,0.3550217755848143,0.0087006462838658,0.0048566845884426,0.00404895208842555,0.0031055791304002,-0.0034164424585970687,0.0004064386470936099,True,0.0004064386470936099,True
player_1,match_18,kill,227.085,0.354855109396274,0.365714688244427,0.3677919338099763,0.3550217755848143,-0.0025950084827615,0.0106929126596126,0.00912764478383005,0.0031055791304002,0.010859578848152973,0.002077245565549335,True,0.002077245565549335,True
player_1,match_18,death,358.369,0.3626410468941383,0.3714543155654825,0.36906596603109865,0.3626410468941383,0.0010543654915828,0.0088132686713441,0.0054651141259771,0.0031055791304002,0.008813268671344188,-0.002388349534383827,True,-0.002388349534383827,True
player_1,match_18,assist,452.079,0.3714274132360303,0.3640617786028567,0.36131098279415375,0.3654436218535333,0.0071936841887834,-0.0013818432506766,-0.0041326390593796,0.0031055791304002,-0.007365634633173579,-0.002750795808702966,False,-0.002750795808702966,True
player_1,match_18,kill,1022.892,0.3720210914066079,0.3675031242444134,0.3642222220191616,0.3661164522224722,0.0061219771204011,0.0013866720219412,-0.0018942302033106,0.0031055791304002,-0.004517967162194492,-0.0032809022252517916,False,-0.0032809022252517916,True
player_1,match_18,kill,1056.823,0.3667123236639486,0.3617321203743746,0.3648589595367268,0.3661164522224722,0.0005958714414764,-0.0043843318480976,-0.00139232860676555,0.0031055791304002,-0.004980203289574048,0.003126839162352235,False,0.003126839162352235,True
player_1,match_18,kill,1141.049,0.370035319432162,0.3596825996412916,0.3671981976531593,0.3663861240645125,0.0039188672096898,-0.0067035244232209,0.0012990833669526002,0.0031055791304002,-0.01035271979087038,0.007515598011867686,False,0.007515598011867686,True
player_1,match_18,kill,1217.385,0.3712722048895172,0.3590762058532569,0.36498259609777106,0.3663861240645125,0.0053730906033104,-0.0073099182112556,-0.0005891893652379002,0.0031055791304002,-0.012195999036260285,0.00590639024451417,False,0.00590639024451417,True
player_1,match_18,kill,1656.968,0.3643113271932711,0.3570273535668554,0.3699334019776642,0.3596181244408246,0.0046932027524465,-0.0025907708739691,0.01075452023036785,0.0031055791304002,-0.007283973626415696,0.012906048410808835,False,0.012906048410808835,True
player_1,match_18,assist,1717.754,0.3683541572696648,0.3715126466856636,0.36556935015915876,0.3596181244408246,0.0096145182158967,0.011894522244839,0.00501086349370645,0.0031055791304002,0.0031584894159987775,-0.0059432965265048265,True,-0.0059432965265048265,True
player_1,match_18,assist,1760.011,0.3715126466856636,0.3666520671787844,0.36424162589733244,0.3596181244408246,0.011894522244839,0.0070339427379598,0.0017450180158908,0.0031055791304002,-0.004860579506879181,-0.0024104412814519582,True,-0.0024104412814519582,True
player_1,match_18,assist,1825.05,0.3644866331395331,0.3639966186551317,0.36012701453800944,0.3634943668728031,0.0029877842494531,0.0005022517823285,-0.00402695838619185,0.0031055791304002,-0.000490014484401391,-0.003869604117122283,False,-0.003869604117122283,True
player_1,match_18,assist,1853.318,0.3639966186551317,0.3616710716887091,0.36213987558880273,0.3641539729242014,0.0005022517823285,-0.0024829012354922,-0.0020140973353986002,0.0031055791304002,-0.0023255469664226203,0.0004688039000936284,False,0.0004688039000936284,True
player_1,match_18,kill,2008.691,0.3599664161279677,0.3622433564937148,0.3581315732428828,0.3642416258973324,-0.0042752097693647,-0.0019982694036176,-0.00440702758993475,0.0031055791304002,0.0022769403657471043,-0.004111783250832002,False,-0.004111783250832002,True
player_1,match_18,kill,2027.45,0.3622433564937148,0.35509486477332,0.35999031431991,0.3631199875744232,-0.0019982694036176,-0.0080251228011032,-0.00169813107598455,0.0031055791304002,-0.007148491720394834,0.004895449546590047,False,0.004895449546590047,True
player_1,match_18,kill,2230.638,0.3571999568070075,0.3580085320415381,0.35932149824020165,0.358006151867191,-0.0021894247206635,2.3801743471163483e-06,0.0017172538159288,0.0031055791304002,0.0008085752345305952,0.0013129661986635566,False,0.0013129661986635566,True
player_1,match_18,assist,2280.688,0.3580085320415381,0.3580781447495138,0.36364844603274704,0.3576042444242728,2.3801743471163483e-06,0.000473900325241,0.006044201608474249,0.0031055791304002,6.961270797573027e-05,0.005570301283233214,False,0.005570301283233214,True
player_1,match_18,death,2333.635,0.3605648517308894,0.3667320403346047,0.3607542871388127,0.3576042444242728,0.0029606073066166,0.0091277959103319,0.0027109487432867,0.0031055791304002,0.00616718860371529,-0.005977753195792024,True,-0.005977753195792024,True
player_1,match_19,assist,314.056,0.3667873185346483,0.3670506163593802,0.36413843763972986,0.3663173110854623,0.0009400148983719,0.0007333052739179,-0.0021788734457324,0.0031055791304002,0.00026329782473188956,-0.002912178719650327,False,-0.002912178719650327,True
player_1,match_19,kill,430.617,0.3698121454394089,0.3714403344813182,0.36845450956083414,0.3662340367129008,0.004048116175694,0.0052062977684174,0.0012288714849884273,0.0031055791304002,0.0016281890419093115,-0.002985824920484048,True,-0.002985824920484048,True
player_1,match_19,kill,468.433,0.3714403344813182,0.3694548944192168,0.3672282452927871,0.3669189674470142,0.0052062977684174,0.0025359269722025,-0.0004049404976578726,0.0031055791304002,-0.0019854400621013846,-0.002226649126429725,False,-0.002226649126429725,True
player_1,match_19,kill,531.097,0.3674541247024515,0.3670023658831226,0.3678270979086026,0.3677340628762128,-7.818400222564525e-05,-0.0007316969930901,4.640212694649999e-05,0.0031055791304002,-0.0004517588193288513,0.0008247320254799462,False,0.0008247320254799462,True
player_1,match_19,kill,631.477,0.3674536631454579,0.3639083868622365,0.36629119214145855,0.3678273286870994,-0.0003736655416414,-0.0039189418248629,-0.0013494191640683998,0.0031055791304002,-0.0035452762832214324,0.0023828052792220777,False,0.0023828052792220777,True
player_1,match_19,assist,633.592,0.3674536631454579,0.3639083868622365,0.36629119214145855,0.3678273286870994,-0.0003736655416414,-0.0039189418248629,-0.0013494191640683998,0.0031055791304002,-0.0035452762832214324,0.0023828052792220777,False,0.0023828052792220777,True
player_1,match_19,assist,697.998,0.3668184323579921,0.368996321493259,0.3684323444937504,0.3674538939239546,-0.0006354615659625,0.0015424275693043,0.00097845056979575,0.0031055791304002,0.002177889135266897,-0.0005639769995086086,False,-0.0005639769995086086,True
player_1,match_19,assist,699.946,0.3668184323579921,0.368996321493259,0.3684323444937504,0.3674538939239546,-0.0006354615659625,0.0015424275693043,0.00097845056979575,0.0031055791304002,0.002177889135266897,-0.0005639769995086086,False,-0.0005639769995086086,True
player_1,match_19,death,724.525,0.368996321493259,0.3712071541689884,0.365375861614902,0.3674538939239546,0.0015424275693043,0.0037532602450337,-0.0019650926042204,0.0031055791304002,0.0022108326757294128,-0.005831292554086431,True,-0.005831292554086431,True
player_1,match_19,assist,727.003,0.368996321493259,0.3712071541689884,0.365375861614902,0.3674538939239546,0.0015424275693043,0.0037532602450337,-0.0019650926042204,0.0031055791304002,0.0022108326757294128,-0.005831292554086431,True,-0.005831292554086431,True
player_1,match_19,kill,789.212,0.3656575348185124,0.3650941884112916,0.3679418617654923,0.3672280145142902,-0.0017963591054422,-0.0021338261029986,0.00091863832935105,0.0031055791304002,-0.0005633464072207772,0.0028476733542007193,False,0.0028476733542007193,True
player_1,match_19,kill,795.228,0.3656575348185124,0.3650941884112916,0.3679418617654923,0.3672280145142902,-0.0017963591054422,-0.0021338261029986,0.00091863832935105,0.0031055791304002,-0.0005633464072207772,0.0028476733542007193,False,0.0028476733542007193,True
player_1,match_19,assist,800.382,0.3656575348185124,0.3650941884112916,0.3679418617654923,0.3672280145142902,-0.0017963591054422,-0.0021338261029986,0.00091863832935105,0.0031055791304002,-0.0005633464072207772,0.0028476733542007193,False,0.0028476733542007193,True
player_1,match_19,assist,814.65,0.3650941884112916,0.3676964959877944,0.3681154645447877,0.3669103991205573,-0.0021338261029986,0.000786096867237,0.0009794167930626,0.0031055791304002,0.002602307576502816,0.0004189685569933044,False,0.0004189685569933044,True
player_1,match_19,assist,841.475,0.3650941884112916,0.3676964959877944,0.3681154645447877,0.3669103991205573,-0.0021338261029986,0.000786096867237,0.0009794167930626,0.0031055791304002,0.002602307576502816,0.0004189685569933044,False,0.0004189685569933044,True
player_1,match_19,assist,846.133,0.3676964959877944,0.3681872275431902,0.36591068292524953,0.367136047751725,0.000786096867237,0.0010511797914651,-0.0012860730370596,0.0031055791304002,0.0004907315553958069,-0.00227654461794069,False,-0.00227654461794069,True
player_1,match_19,assist,852.574,0.3676964959877944,0.3681872275431902,0.36591068292524953,0.367136047751725,0.000786096867237,0.0010511797914651,-0.0012860730370596,0.0031055791304002,0.0004907315553958069,-0.00227654461794069,False,-0.00227654461794069,True
player_1,match_19,kill,860.666,0.3676964959877944,0.3681872275431902,0.36591068292524953,0.367136047751725,0.000786096867237,0.0010511797914651,-0.0012860730370596,0.0031055791304002,0.0004907315553958069,-0.00227654461794069,False,-0.00227654461794069,True
player_1,match_19,assist,874.805,0.3681872275431902,0.3680437015463852,0.3641228681824338,0.367136047751725,0.0010511797914651,0.0009076537946601,-0.0031345959904594,0.0031055791304002,-0.0001435259968050051,-0.003920833363951437,False,-0.003920833363951437,True
player_1,match_19,kill,932.175,0.3680437015463852,0.3637776643041139,0.36546576375004247,0.3672574641728933,0.0009076537946601,-0.0034797998687793,-0.0017917004228507499,0.0031055791304002,-0.004266037242271314,0.0016880994459285703,False,0.0016880994459285703,True
player_1,match_19,kill,932.77,0.3680437015463852,0.3637776643041139,0.36546576375004247,0.3672574641728933,0.0009076537946601,-0.0034797998687793,-0.0017917004228507499,0.0031055791304002,-0.004266037242271314,0.0016880994459285703,False,0.0016880994459285703,True
player_1,match_19,death,945.157,0.3637776643041139,0.3644680720607537,0.36832450514164716,0.3672574641728933,-0.0034797998687793,-0.0027893921121395,0.0011557851984191,0.0031055791304002,0.0006904077566398104,0.003856433080893451,False,0.003856433080893451,True
player_1,match_19,assist,957.812,0.3637776643041139,0.3644680720607537,0.36832450514164716,0.3672574641728933,-0.0034797998687793,-0.0027893921121395,0.0011557851984191,0.0031055791304002,0.0006904077566398104,0.003856433080893451,False,0.003856433080893451,True
player_1,match_19,kill,1020.523,0.3664634554393313,0.3701855548439631,,0.3670799757135629,-0.000794008733562,0.0031055791304002,,0.0031055791304002,0.0037220994046318068,,True,,False
player_1,match_19,assist,1023.927,0.3664634554393313,0.3701855548439631,,0.3670799757135629,-0.000794008733562,0.0031055791304002,,0.0031055791304002,0.0037220994046318068,,True,,False
player_1,match_2,kill,100.859,0.369473573810786,0.3752906255331207,0.3736595109691453,0.3702647381615409,-0.0012215788489459,0.0050258873715798,0.0031795655585089,0.0031055791304002,0.00581705172233471,-0.001631114563975411,True,-0.001631114563975411,True
player_1,match_2,kill,117.959,0.369473573810786,0.3752906255331207,0.3736595109691453,0.3702647381615409,-0.0012215788489459,0.0050258873715798,0.0031795655585089,0.0031055791304002,0.00581705172233471,-0.001631114563975411,True,-0.001631114563975411,True
player_1,match_2,kill,145.372,0.3752906255331207,0.3698496920500814,0.3741848506915695,0.3706951526597319,0.0050258873715798,-0.0008454606096505,0.003704905280933,0.0031055791304002,-0.005440933483039312,0.0043351586414880905,False,0.0043351586414880905,True
player_1,match_2,assist,268.03,0.3754916163631577,0.3739342731321445,0.3705588418183263,0.3710129693264263,0.0045912448682279,0.0029213038057181,-0.00051042642384835,0.0031055791304002,-0.0015573432310131974,-0.003375431313818178,False,-0.003375431313818178,True
player_1,match_2,assist,361.596,0.3715340348857417,0.3725510773267504,0.36994820770564296,0.3713298010218323,0.0005210655593153,0.001221276304918,-0.0026944079622038004,0.0031055791304002,0.0010170424410086976,-0.002602869621107451,False,-0.002602869621107451,True
player_1,match_2,assist,368.21,0.3725510773267504,0.3757425714863024,0.3642434586618175,0.372042556106246,0.001221276304918,0.0037000153800563,-0.0083991570060292,0.0031055791304002,0.0031914941595519997,-0.011499112824484903,True,-0.011499112824484903,True
player_1,match_2,assist,415.963,0.3757425714863024,0.3641538439249835,0.3646390740864061,0.3732426752294474,0.0037000153800563,-0.0090888313044639,-0.0074034820198399,0.0031055791304002,-0.011588727561318901,0.00048523016142260067,False,0.00048523016142260067,True
player_1,match_2,assist,430.81,0.3641538439249835,0.3643330733986515,0.36683581923884323,0.372042556106246,-0.0090888313044639,-0.0077094827075945,-0.0047940604094476,0.0031055791304002,0.00017922947366799669,0.0025027458401917224,False,0.0025027458401917224,True
player_1,match_2,assist,460.644,0.3643330733986515,0.3649450747741607,0.36854948075658756,0.372042556106246,-0.0077094827075945,-0.0070974813320853,-0.00233854174774335,0.0031055791304002,0.000612001375509208,0.0036044059824268393,False,0.0036044059824268393,True
player_1,match_2,kill,548.851,0.3683723978096495,0.3662693543981203,0.3709563053659869,0.3691551062272183,-0.0021864440086768,-0.002885751829098,0.00240682460939925,0.0031055791304002,-0.0021030434115291707,0.004686950967866588,False,0.004686950967866588,True
player_1,match_2,kill,599.327,0.3662693543981203,0.3693052156260421,0.37233948348705037,0.3685494807565875,-0.002885751829098,0.0007557348694545,0.0037900027304628003,0.0031055791304002,0.003035861227921821,0.003034267861008244,False,0.003034267861008244,True
player_1,match_2,kill,609.746,0.3693052156260421,0.3726073951059316,0.3701182602109784,0.3685494807565875,0.0007557348694545,0.004057914349344,0.0015687794543908001,0.0031055791304002,0.0033021794798894777,-0.0024891348949532266,True,-0.0024891348949532266,True
player_1,match_2,kill,611.691,0.3693052156260421,0.3726073951059316,0.3701182602109784,0.3685494807565875,0.0007557348694545,0.004057914349344,0.0015687794543908001,0.0031055791304002,0.0033021794798894777,-0.0024891348949532266,True,-0.0024891348949532266,True
player_1,match_2,kill,643.705,0.3726073951059316,0.3720715718681692,0.3669715537660537,0.3685494807565875,0.004057914349344,0.0035220911115816,-0.0014375232030992499,0.0031055791304002,-0.0005358232377624117,-0.005100018102115467,True,-0.005100018102115467,True
player_1,match_2,assist,678.305,0.3720715718681692,0.3681649485537875,0.36775119342178264,0.3685494807565875,0.0035220911115816,-0.0003845322028,-0.0005174797599359,0.0031055791304002,-0.003906623314381685,-0.00041375513200486713,False,-0.00041375513200486713,True
player_1,match_2,assist,708.452,0.3681649485537875,0.36577815897832,0.3681003371417322,0.3682686731817185,-0.0003845322028,-0.0024905142033985,-0.00030873982742089996,0.0031055791304002,-0.0023867895754675073,0.0023221781634121808,False,0.0023221781634121808,True
player_1,match_2,death,716.471,0.3681649485537875,0.36577815897832,0.3681003371417322,0.3682686731817185,-0.0003845322028,-0.0024905142033985,-0.00030873982742089996,0.0031055791304002,-0.0023867895754675073,0.0023221781634121808,False,0.0023221781634121808,True
player_1,match_2,kill,723.275,0.3681649485537875,0.36577815897832,0.3681003371417322,0.3682686731817185,-0.0003845322028,-0.0024905142033985,-0.00030873982742089996,0.0031055791304002,-0.0023867895754675073,0.0023221781634121808,False,0.0023221781634121808,True
player_1,match_2,assist,728.658,0.36577815897832,0.3697242278652453,0.3669290952457656,0.3682686731817185,-0.0024905142033985,0.0014555546835267,-0.0016203855108219,0.0031055791304002,0.00394606888692528,-0.0027951326194796677,False,-0.0027951326194796677,True
player_1,match_2,kill,782.28,0.3697242278652453,0.366476446418219,0.36924312503848533,0.3685494807565875,0.0014555546835267,-0.0020730343383685,0.00083404806933225,0.0031055791304002,-0.0032477814470262545,0.002766678620266305,False,0.002766678620266305,True
player_1,match_2,assist,852.992,0.3711045060036584,0.368849256258793,0.37124566084734406,0.3687350820899148,0.0028358328219398,0.0001141741688782,0.00206367184512565,0.0031055791304002,-0.0022552497448654063,0.00239640458855106,False,0.00239640458855106,True
player_1,match_2,kill,988.978,0.3685437701668687,0.3763922544831678,0.3670911839370288,0.3686965132128308,-0.0007429718951504,0.007695741270337,-0.0021955581249903,0.0031055791304002,0.007848484316299142,-0.009301070546139045,True,-0.009301070546139045,True
player_1,match_2,assist,1026.182,0.367427022059739,0.3667553458143186,,0.3692867420620191,-0.0018597200022801,-0.0025313962477005,,0.0031055791304002,-0.0006716762454203606,,False,,False
player_1,match_2,kill,1033.486,0.367427022059739,0.3667553458143186,,0.3692867420620191,-0.0018597200022801,-0.0025313962477005,,0.0031055791304002,-0.0006716762454203606,,False,,False
player_1,match_2,assist,1045.548,0.367427022059739,0.3667553458143186,,0.3692867420620191,-0.0018597200022801,-0.0025313962477005,,0.0031055791304002,-0.0006716762454203606,,False,,False
player_1,match_2,assist,1053.476,0.367427022059739,0.3667553458143186,,0.3692867420620191,-0.0018597200022801,-0.0025313962477005,,0.0031055791304002,-0.0006716762454203606,,False,,False
player_1,match_20,death,159.333,0.3603488843458095,0.3579037405245546,0.36444712369133253,0.3700070617183304,-0.0124850927121884,-0.0121033211937758,-0.0006405192999953499,0.0031055791304002,-0.0024451438212548804,0.0065433831667779385,False,0.0065433831667779385,True
player_1,match_20,assist,525.706,0.367079705721726,0.363613168600804,0.37204079573427273,0.3662150977406292,0.0018121172950988,-0.0026019291398252,0.0060937448098909,0.0031055791304002,-0.0034665371209219864,0.00842762713346873,False,0.00842762713346873,True
player_1,match_20,kill,550.127,0.363613168600804,0.3696433264341738,0.370706947246044,0.3652675884266271,-0.0026019291398252,0.0043757380075466,0.0040804338239076,0.0031055791304002,0.006030157833369798,0.001063620811870225,True,0.001063620811870225,True
player_1,match_20,assist,561.192,0.363613168600804,0.3696433264341738,0.370706947246044,0.3652675884266271,-0.0026019291398252,0.0043757380075466,0.0040804338239076,0.0031055791304002,0.006030157833369798,0.001063620811870225,True,0.001063620811870225,True
player_1,match_20,assist,674.298,0.3647047519136878,0.3602158168026826,0.3643671290561413,0.3665744752901316,-0.0023229156760333,-0.0063586584874489,-0.0018402039317753998,0.0031055791304002,-0.004488935111005177,0.004151312253458717,False,0.004151312253458717,True
player_1,match_20,kill,679.335,0.3647047519136878,0.3602158168026826,0.3643671290561413,0.3665744752901316,-0.0023229156760333,-0.0063586584874489,-0.0018402039317753998,0.0031055791304002,-0.004488935111005177,0.004151312253458717,False,0.004151312253458717,True
player_1,match_20,assist,770.258,0.3646755750669687,0.3650514504770186,0.36981462671310744,0.365840190685702,-0.0011646156187333,-0.0007887402086834,0.00493652551775425,0.0031055791304002,0.00037587541004990843,0.004763176236088851,False,0.004763176236088851,True
player_1,match_20,death,837.513,0.367748877517041,0.3718803759091739,0.36787296363749145,0.3648781011953532,0.0028707763216878,0.0070022747138207,0.0023523602784003,0.0031055791304002,0.004131498392132893,-0.004007412271682442,True,-0.004007412271682442,True
player_1,match_20,kill,900.095,0.365003883024611,0.3707420442503719,0.36660492131613953,0.3650276667508147,-0.0010096569427565,0.0057143774995571,0.0016639292061574498,0.0031055791304002,0.005738161225760874,-0.004137122934232351,True,-0.004137122934232351,True
player_1,match_20,death,979.389,0.368776265765506,0.3676527075820212,0.3702815026598293,0.3650276667508147,0.0039219482963565,0.0026250408312064,0.0034726073695175,0.0031055791304002,-0.0011235581834848074,0.0026287950778081104,False,0.0026287950778081104,True
player_1,match_20,assist,1209.687,0.3624253677473866,0.3627777000635585,0.3665759711942246,0.3672657115511035,-0.0057891189263769,-0.004488011487545,-0.0003267892001831501,0.0031055791304002,0.0003523323161718772,0.0037982711306661088,False,0.0037982711306661088,True
player_1,match_20,assist,1254.405,0.3627777000635585,0.3640272198999425,0.36427427279751257,0.3672657115511035,-0.004488011487545,-0.003238491651161,-0.0022655364401993,0.0031055791304002,0.0012495198363840498,0.00024705289757004367,False,0.00024705289757004367,True
player_1,match_20,assist,1256.18,0.3627777000635585,0.3640272198999425,0.36427427279751257,0.3672657115511035,-0.004488011487545,-0.003238491651161,-0.0022655364401993,0.0031055791304002,0.0012495198363840498,0.00024705289757004367,False,0.00024705289757004367,True
player_1,match_20,death,1322.636,0.3691247224885066,0.3594238231065185,0.3679108800145543,0.3665398092377118,0.0025849132507947,-0.0071159861311933,0.00278880835658345,0.0031055791304002,-0.009700899381988093,0.008487056908035806,False,0.008487056908035806,True
player_1,match_20,assist,1374.726,0.3661154605419339,0.3697062994871747,,0.3651007110546448,0.0009720282806371,0.0046055884325298,,0.0031055791304002,0.003590838945240815,,True,,False
player_1,match_20,kill,1378.126,0.3661154605419339,0.3697062994871747,,0.3651007110546448,0.0009720282806371,0.0046055884325298,,0.0031055791304002,0.003590838945240815,,True,,False
player_1,match_20,assist,1382.997,0.3661154605419339,0.3697062994871747,,0.3651007110546448,0.0009720282806371,0.0046055884325298,,0.0031055791304002,0.003590838945240815,,True,,False
player_1,match_21,kill,82.845,0.3746910267695902,0.365373614332883,0.3663470345758938,0.3737529293221532,0.001876194894874,-0.0083793149892701,-0.0046074929133640505,0.0031055791304002,-0.009317412436707195,0.0009734202430107808,False,0.0009734202430107808,True
player_1,match_21,kill,176.14,0.3685854665986184,0.3651861218690636,0.3654350942482729,0.3685854665986184,-0.0005087565051811,-0.0033993447295548,-0.0014398137394104498,0.0031055791304002,-0.003399344729554832,0.00024897237920934456,False,0.00024897237920934456,True
player_1,match_21,kill,335.217,0.3681530451755603,0.3672590328515933,0.3700427221548185,0.3660993587653036,0.0020536864102566,0.0011596740862896,0.0039433633895148,0.0031055791304002,-0.0008940123239670195,0.002783689303225201,False,0.002783689303225201,True
player_1,match_21,kill,556.492,0.3649706993864918,0.3720594191127478,0.36824377657573787,0.3670404722084887,-0.0020697728219969,0.005018946904259,0.0008705209647051002,0.0031055791304002,0.007088719726256021,-0.0038156425370099445,True,-0.0038156425370099445,True
player_1,match_21,kill,602.987,0.3720594191127478,0.3644121035554804,0.36502176930132735,0.3677060390135768,0.005018946904259,-0.0032939354580963,-0.0020187029071613996,0.0031055791304002,-0.007647315557267387,0.0006096657458469212,False,0.0006096657458469212,True
player_1,match_21,kill,607.871,0.3644121035554804,0.3720754495959953,0.36310378937610943,0.3670404722084887,-0.0032939354580963,0.0050349773875065,-0.00355934028255125,0.0031055791304002,0.0076633460405148845,-0.00897166021988588,True,-0.00897166021988588,True
player_1,match_21,kill,661.912,0.3720754495959953,0.3579680890066594,0.3663439681935784,0.3670404722084887,0.0050349773875065,-0.0090723832018293,-0.0005642756885737999,0.0031055791304002,-0.014107360589335927,0.00837587918691901,False,0.00837587918691901,True
player_1,match_21,kill,676.601,0.3579680890066594,0.3682394897455594,0.36469193965741475,0.3662857871088326,-0.0090723832018293,0.0019537026367268,-0.00221630422473735,0.0031055791304002,0.010271400738900038,-0.0035475500881446687,False,-0.0035475500881446687,True
player_1,match_21,assist,744.759,0.3644484466415973,0.3649354326732322,0.3638778171564011,0.3662857871088326,-0.0030822540138744,-0.0013503544356003,-0.00175042609126115,0.0031055791304002,0.00048698603163488396,-0.0010576155168310897,False,-0.0010576155168310897,True
player_1,match_21,assist,750.403,0.3644484466415973,0.3649354326732322,0.3638778171564011,0.3662857871088326,-0.0030822540138744,-0.0013503544356003,-0.00175042609126115,0.0031055791304002,0.00048698603163488396,-0.0010576155168310897,False,-0.0010576155168310897,True
player_1,match_21,death,760.997,0.3649354326732322,0.3680088116488234,0.3632691636551751,0.3653601810193864,-0.0013503544356003,0.0026486306294369,-0.00215552209772495,0.0031055791304002,0.003073378975591179,-0.004739647993648288,False,-0.004739647993648288,True
player_1,match_21,kill,846.856,0.3667915046463714,0.3666849615336855,0.36264664368666916,0.3658634686598018,0.0018384386165093,0.0008214928738837,-0.00316355341678965,0.0031055791304002,-0.00010654311268587513,-0.004038317847016359,False,-0.004038317847016359,True
player_1,match_21,kill,850.82,0.3667915046463714,0.3666849615336855,0.36264664368666916,0.3658634686598018,0.0018384386165093,0.0008214928738837,-0.00316355341678965,0.0031055791304002,-0.00010654311268587513,-0.004038317847016359,False,-0.004038317847016359,True
player_1,match_21,kill,853.724,0.3667915046463714,0.3666849615336855,0.36264664368666916,0.3658634686598018,0.0018384386165093,0.0008214928738837,-0.00316355341678965,0.0031055791304002,-0.00010654311268587513,-0.004038317847016359,False,-0.004038317847016359,True
player_1,match_21,kill,906.117,0.3643470888142966,0.3609461985590417,0.3711581317301062,0.3658101971034588,-0.0014631082891622,-0.0048639985444171,0.0059070633496693505,0.0031055791304002,-0.003400890255254918,0.010211933171064502,False,0.010211933171064502,True
player_1,match_21,death,915.988,0.3643470888142966,0.3609461985590417,0.3711581317301062,0.3658101971034588,-0.0014631082891622,-0.0048639985444171,0.0059070633496693505,0.0031055791304002,-0.003400890255254918,0.010211933171064502,False,0.010211933171064502,True
player_1,match_3,death,257.913,0.3580444764392295,0.3596874764760974,0.3616358456918829,0.3595094024801537,-0.0015612141409538,0.0001780739959436,0.002009708637721,0.0031055791304002,0.0016430000368679032,0.001948369215785506,False,0.001948369215785506,True
player_1,match_3,death,494.906,0.3594060320260671,0.3687132149612491,0.36115478401326073,0.3615498050085216,-0.0021437729824545,0.0071634099527274,-0.0009596926277915999,0.0031055791304002,0.009307182935182012,-0.007558430947988359,True,-0.007558430947988359,True
player_1,match_3,death,684.15,0.3594082748497217,0.3674606797860425,0.3612205464564098,0.3618615214041526,-0.0027393877606154,0.0055991583818899,-0.0006409749477429,0.0031055791304002,0.008052404936320812,-0.006240133329632747,True,-0.006240133329632747,True
player_1,match_3,assist,695.051,0.3674606797860425,0.36336668322043,0.3581346106923867,0.3618615214041526,0.0055991583818899,0.0015051618162773,-0.0031708580869046,0.0031055791304002,-0.0040939965656125454,-0.005232072528043252,False,-0.005232072528043252,True
player_1,match_3,death,797.994,0.357194811692384,0.363787336730093,0.36711435730660746,0.3607494161544301,-0.0035546044620461,0.0030379205756628,0.00580888852731605,0.0031055791304002,0.006592525037709018,0.003327020576514461,False,0.003327020576514461,True
player_1,match_3,assist,803.665,0.357194811692384,0.363787336730093,0.36711435730660746,0.3607494161544301,-0.0035546044620461,0.0030379205756628,0.00580888852731605,0.0031055791304002,0.006592525037709018,0.003327020576514461,False,0.003327020576514461,True
player_1,match_3,death,959.736,0.3554152950705809,0.3622366374919561,0.3736394239947408,0.3634179058028951,-0.0080026107323142,-0.001181268310939,0.010221518191845651,0.0031055791304002,0.0068213424213752205,0.0114027865027847,False,0.0114027865027847,True
player_1,match_3,death,1066.124,0.3684716043447704,0.3675489591130872,0.36790425220618506,0.3647869007756884,0.0048433717870437,0.0027620583373987,0.00068776710190345,0.0031055791304002,-0.0009226452316831724,0.0003552930930978415,False,0.0003552930930978415,True
player_1,match_3,death,1281.493,0.3722462541438005,0.3714006304170346,0.3652530891499641,0.3696908910130442,0.0033729403776453,0.0017097394039903,-0.00469205917324965,0.0031055791304002,-0.0008456237267659428,-0.0061475412670704555,False,-0.0061475412670704555,True
player_1,match_3,death,1386.427,0.361028974047408,0.3637210358210749,0.36252212193132294,0.3696908910130442,-0.0086619169656362,-0.0059698551919693,-0.0059932348434339,0.0031055791304002,0.002692061773666876,-0.0011989138897519624,False,-0.0011989138897519624,True
player_1,match_3,kill,1464.59,0.3635222315738771,0.3615220122887688,0.36609618307658026,0.3685153567747569,-0.0049931252008798,-0.006993344485988,0.00041153009837855,0.0031055791304002,-0.0020002192851082956,0.004574170787811471,False,0.004574170787811471,True
player_1,match_3,death,1483.863,0.3615220122887688,0.3675408499086835,0.36498494397822384,0.3657383630915243,-0.006993344485988,0.0018024868171592,7.633452939629997e-05,0.0031055791304002,0.00601883761991473,-0.0025559059304596787,False,-0.0025559059304596787,True
player_1,match_3,death,1534.682,0.364651516244477,0.3653183717119707,,0.364186276032776,-0.0009794266204021,0.0011320956791947,,0.0031055791304002,0.0006668554674936766,,False,,False
player_2,match_11,death,443.581,0.3504196113239055,0.3558618378488947,0.34849882741041427,0.3528975495314185,-0.0042719274427737,0.0029642883174761,-0.00588086627974225,0.0045732013590325995,0.005442226524989213,-0.007363010438480422,False,-0.007363010438480422,True
player_2,match_11,death,803.463,0.3623590929673098,0.359169829842677,0.357087115425674,0.3533934544638699,0.0098822008320648,0.005776375378807,0.00198121758449995,0.0045732013590325995,-0.003189263124632802,-0.0020827144170029732,True,-0.0020827144170029732,True
player_2,match_11,kill,943.752,0.3583597325658738,0.3515318215708733,0.3556738213935292,0.3580834958161566,0.0015159810978946,-0.0065516742452833,-0.001761273433982,0.0045732013590325995,-0.0068279109950004635,0.004141999822655895,False,0.004141999822655895,True
player_2,match_11,death,956.04,0.3515318215708733,0.3529032358074925,0.3565160372631252,0.3580834958161566,-0.0065516742452833,-0.0051802600086641,-0.00107834454266755,0.0045732013590325995,0.001371414236619184,0.003612801455632697,False,0.003612801455632697,True
player_2,match_11,assist,1071.399,0.3542273054806108,0.3528713018906441,0.35648311288579865,0.3567866938388657,-0.004174764292109,-0.0039153919482216,0.0018128994611710002,0.0045732013590325995,-0.0013560035899667366,0.003611810995154563,False,0.003611810995154563,True
player_2,match_11,kill,1077.346,0.3542273054806108,0.3528713018906441,0.35648311288579865,0.3567866938388657,-0.004174764292109,-0.0039153919482216,0.0018128994611710002,0.0045732013590325995,-0.0013560035899667366,0.003611810995154563,False,0.003611810995154563,True
player_2,match_11,kill,1151.23,0.3542918634932837,0.3586743622783136,0.35626017819768624,0.3544397655199841,-0.0006087978359874,0.0042345967583294,0.0018204126777021002,0.0045732013590325995,0.004382498785029942,-0.0024141840806273795,False,-0.0024141840806273795,True
player_2,match_11,assist,1207.91,0.3628829599914778,0.3496373964038947,0.352555053986827,0.3544397655199841,0.0084431944714936,-0.0048023691160894,-0.0017045305001202001,0.0045732013590325995,-0.013245563587583109,0.0029176575829323315,False,0.0029176575829323315,True
player_2,match_11,assist,1212.064,0.3628829599914778,0.3496373964038947,0.352555053986827,0.3544397655199841,0.0084431944714936,-0.0048023691160894,-0.0017045305001202001,0.0045732013590325995,-0.013245563587583109,0.0029176575829323315,False,0.0029176575829323315,True
player_2,match_11,assist,1361.62,0.3601400729440033,0.3620542166916908,0.3518280294542382,0.3541199208064378,0.0060201521375654,0.0079342958852529,-0.00232417035853605,0.0045732013590325995,0.0019141437476875023,-0.01022618723745261,True,-0.01022618723745261,True
player_2,match_11,assist,1411.686,0.351581383370699,0.3520746755377773,0.3536159335152238,0.3541521998127743,-0.0025708164420752,-0.0020775242749969,0.0004317237097397498,0.0045732013590325995,0.0004932921670783297,0.0015412579774464752,False,0.0015412579774464752,True
player_2,match_11,kill,1414.99,0.351581383370699,0.3520746755377773,0.3536159335152238,0.3541521998127743,-0.0025708164420752,-0.0020775242749969,0.0004317237097397498,0.0045732013590325995,0.0004932921670783297,0.0015412579774464752,False,0.0015412579774464752,True
player_2,match_11,death,1416.08,0.351581383370699,0.3520746755377773,0.3536159335152238,0.3541521998127743,-0.0025708164420752,-0.0020775242749969,0.0004317237097397498,0.0045732013590325995,0.0004932921670783297,0.0015412579774464752,False,0.0015412579774464752,True
player_2,match_11,death,1500.532,0.3498869788843488,0.3508862532570093,0.35355198839353463,0.3522152795082402,-0.0032972309211352,-0.0013290262512309,0.0012381129672805501,0.0045732013590325995,0.000999274372660508,0.002665735136525349,False,0.002665735136525349,True
player_2,match_11,assist,1502.514,0.3498869788843488,0.3508862532570093,0.35355198839353463,0.3522152795082402,-0.0032972309211352,-0.0013290262512309,0.0012381129672805501,0.0045732013590325995,0.000999274372660508,0.002665735136525349,False,0.002665735136525349,True
player_2,match_11,assist,1511.332,0.3498869788843488,0.3508862532570093,0.35355198839353463,0.3522152795082402,-0.0032972309211352,-0.0013290262512309,0.0012381129672805501,0.0045732013590325995,0.000999274372660508,0.002665735136525349,False,0.002665735136525349,True
player_2,match_11,kill,1613.881,0.3480464352473976,0.3578592175250677,0.35814568443219186,0.3522718673738049,-0.0043660360968701,0.0055873501512628,0.00587381705838695,0.0045732013590325995,0.009812782277670129,0.0002864669071241388,True,0.0002864669071241388,True
player_2,match_11,kill,1812.32,0.351954655636049,0.3448839526877144,0.35864140196130845,0.3535519883935346,-0.0015973327574856,-0.0086680357058202,0.004398471360108,0.0045732013590325995,-0.007070702948334617,0.013757449273594069,False,0.013757449273594069,True
player_2,match_11,kill,1823.256,0.3448839526877144,0.357540347112547,0.3513767832251081,0.3535519883935346,-0.0086680357058202,0.0039883587190123,-0.0042834469675855505,0.0045732013590325995,0.012656394424832629,-0.006163563887438883,False,-0.006163563887438883,True
player_2,match_11,assist,1920.102,0.3430111096401464,0.3503602993699283,0.36173160301882074,0.3563865875765213,-0.0133754779363748,-0.006026288206593,0.00813786118054835,0.0045732013590325995,0.00734918972978188,0.011371303648892439,False,0.011371303648892439,True
player_2,match_11,kill,1933.049,0.3430111096401464,0.3503602993699283,0.36173160301882074,0.3563865875765213,-0.0133754779363748,-0.006026288206593,0.00813786118054835,0.0045732013590325995,0.00734918972978188,0.011371303648892439,False,0.011371303648892439,True
player_2,match_11,kill,1945.833,0.3503602993699283,0.3642757409546938,0.3539645199525624,0.3535937418382723,-0.006026288206593,0.0106819991164214,-0.00020610165372274974,0.0045732013590325995,0.013915441584765487,-0.010311221002131388,True,-0.010311221002131388,True
player_2,match_11,death,2036.684,0.3487415748221771,0.3600145504218735,0.34901739636946916,0.3511574775029886,-0.0060059265521208,0.0088570729188848,-0.00634968533080015,0.0045732013590325995,0.011272975599696422,-0.010997154052404368,True,-0.010997154052404368,True
player_2,match_11,assist,2119.751,0.3544329769399345,0.3436018157990039,0.3484879450981828,0.3559866620262407,-0.0003145244343635,-0.0123848462272368,-0.0069084745484519,0.0045732013590325995,-0.010831161140930579,0.004886129299178921,False,0.004886129299178921,True
player_2,match_11,assist,2145.712,0.3436018157990039,0.3551793775941232,0.3497422196703922,0.3559866620262407,-0.0123848462272368,-0.0008072844321175,-0.0038591880405879496,0.0045732013590325995,0.011577561795119318,-0.005437157923731006,False,-0.005437157923731006,True
player_2,match_11,assist,2168.932,0.3551793775941232,0.3417965126022425,0.3576879267385419,0.3548061772670288,-0.0008072844321175,-0.0130096646647863,0.0052912885836104,0.0045732013590325995,-0.013382864991880739,0.01589141413629941,False,0.01589141413629941,True
player_2,match_11,kill,2178.966,0.3551793775941232,0.3417965126022425,0.3576879267385419,0.3548061772670288,-0.0008072844321175,-0.0130096646647863,0.0052912885836104,0.0045732013590325995,-0.013382864991880739,0.01589141413629941,False,0.01589141413629941,True
player_2,match_11,assist,2183.762,0.3417965126022425,0.3576879267385419,,0.3523966381549314,-0.0130096646647863,0.0052912885836104,,0.0045732013590325995,0.01589141413629941,,True,,False
player_2,match_12,death,335.791,0.359019235377337,0.3638671060116094,0.3631766006636123,0.3577616154462876,0.001452950890569,0.0061054905653217,0.0044717702690376,0.0045732013590325995,0.004847870634272389,-0.0006905053479970835,True,-0.0006905053479970835,True
player_2,match_12,assist,340.254,0.359019235377337,0.3638671060116094,0.3631766006636123,0.3577616154462876,0.001452950890569,0.0061054905653217,0.0044717702690376,0.0045732013590325995,0.004847870634272389,-0.0006905053479970835,True,-0.0006905053479970835,True
player_2,match_12,kill,413.616,0.3662091813206558,0.3601440200065688,0.354212710896025,0.359019235377337,0.0078187559088434,0.0011247846292318,-0.00508772063861985,0.0045732013590325995,-0.006065161314086964,-0.005931309110543792,False,-0.005931309110543792,True
player_2,match_12,kill,423.558,0.3601440200065688,0.3511866937675182,0.35491652830686415,0.3595816276919529,0.0011247846292318,-0.0083949339244346,-0.00378830208771045,0.0045732013590325995,-0.0089573262390506,0.0037298345393459442,False,0.0037298345393459442,True
player_2,match_12,kill,462.179,0.3511866937675182,0.3572387280245318,0.35446549826081786,0.359019235377337,-0.0083949339244346,-0.0017805073528051,-0.00361052216823205,0.0045732013590325995,0.0060520342570136165,-0.002773229763713969,False,-0.002773229763713969,True
player_2,match_12,assist,474.998,0.3511866937675182,0.3572387280245318,0.35446549826081786,0.359019235377337,-0.0083949339244346,-0.0017805073528051,-0.00361052216823205,0.0045732013590325995,0.0060520342570136165,-0.002773229763713969,False,-0.002773229763713969,True
player_2,match_12,kill,578.092,0.3756088500479052,0.3500637708213369,0.3490650400266896,0.3583904254118123,0.0180425655611372,-0.0083266545904754,-0.008393299813020349,0.0045732013590325995,-0.02554507922656829,-0.0009987307946472956,False,-0.0009987307946472956,True
player_2,match_12,assist,578.62,0.3756088500479052,0.3500637708213369,0.3490650400266896,0.3583904254118123,0.0180425655611372,-0.0083266545904754,-0.008393299813020349,0.0045732013590325995,-0.02554507922656829,-0.0009987307946472956,False,-0.0009987307946472956,True
player_2,match_12,kill,617.779,0.3500637708213369,0.3473545548228566,0.3516267378172888,0.3581289817009344,-0.0083266545904754,-0.0107744268780778,-0.00399986030236285,0.0045732013590325995,-0.0027092159984802855,0.0042721829944322165,False,0.0042721829944322165,True
player_2,match_12,assist,733.607,0.3604327087356105,0.3497376944239574,0.35451798526734213,0.3525361394966257,0.0078965692389847,-0.0027984450726683,0.0019818457707164,0.0045732013590325995,-0.010695014311653095,0.004780290843384716,False,0.004780290843384716,True
player_2,match_12,kill,763.149,0.3497376944239574,0.3578951264269972,0.35300154567328357,0.3525361394966257,-0.0027984450726683,0.0053589869303714,0.0008287772970351499,0.0045732013590325995,0.00815743200303981,-0.0048935807537136555,True,-0.0048935807537136555,True
player_2,match_12,death,788.325,0.3578951264269972,0.3511408441076871,0.3575343760602361,0.3525361394966257,0.0053589869303714,-0.0013952953889386,0.005724978804365,0.0045732013590325995,-0.006754282319310134,0.006393531952548992,False,0.006393531952548992,True
player_2,match_12,assist,878.411,0.3602065048815921,0.3598732957926495,,0.351809397255871,0.0083971076257211,0.0080638985367784,,0.0045732013590325995,-0.000333209088942632,,True,,False
player_2,match_13,death,490.634,0.3557887589315322,0.3576268435531141,0.35657642244227733,0.353774906528113,0.0020138524034191,0.003851937025001,0.0016558232105737,0.0045732013590325995,0.0018380846215818591,-0.0010504211108367523,False,-0.0010504211108367523,True
player_2,match_13,death,707.32,0.3586824097786923,0.3633901968946194,0.3514982903592925,0.3561781289763099,0.003672600150103,0.0072120679183094,-0.0050781320829848,0.0045732013590325995,0.0047077871159270646,-0.011891906535326902,True,-0.011891906535326902,True
player_2,match_13,assist,714.085,0.3586824097786923,0.3633901968946194,0.3514982903592925,0.3561781289763099,0.003672600150103,0.0072120679183094,-0.0050781320829848,0.0045732013590325995,0.0047077871159270646,-0.011891906535326902,True,-0.011891906535326902,True
player_2,match_13,kill,808.987,0.3508018164451409,0.3583751574097943,0.363463393868171,0.3552111527286117,-0.0057746059971364,0.0031640046811825,0.00792005969060695,0.0045732013590325995,0.007573340964653397,0.005088236458376694,False,0.005088236458376694,True
player_2,match_13,kill,818.426,0.3508018164451409,0.3583751574097943,0.363463393868171,0.3552111527286117,-0.0057746059971364,0.0031640046811825,0.00792005969060695,0.0045732013590325995,0.007573340964653397,0.005088236458376694,False,0.005088236458376694,True
player_2,match_13,death,985.263,0.3524856669639733,0.3624472591252272,0.3469636139354465,0.3554304121868838,-0.0036293149589917,0.0070168469383433,-0.00706929912173945,0.0045732013590325995,0.009961592161253863,-0.015483645189780681,True,-0.015483645189780681,True
player_2,match_13,assist,1100.877,0.3537922184300753,0.3496448848687461,0.34963226892535304,0.3532886896605391,0.0011568045025871,-0.003643804791793,-0.0023622735689249504,0.0045732013590325995,-0.004147333561329181,-1.2615943393079476e-05,False,-1.2615943393079476e-05,True
player_2,match_13,assist,1108.174,0.3537922184300753,0.3496448848687461,0.34963226892535304,0.3532886896605391,0.0011568045025871,-0.003643804791793,-0.0023622735689249504,0.0045732013590325995,-0.004147333561329181,-1.2615943393079476e-05,False,-1.2615943393079476e-05,True
player_2,match_13,assist,1144.593,0.3496448848687461,0.3502216751581627,0.35332267476319235,0.3526354139274881,-0.003643804791793,-0.0024137387693254,0.0026791992259312,0.0045732013590325995,0.0005767902894165955,0.0031009996050296307,False,0.0031009996050296307,True
player_2,match_13,kill,1159.943,0.3502216751581627,0.3490428626925434,0.355457594549949,0.351353671061068,-0.0024137387693254,-0.0023108083685245,0.0048141190126877505,0.0045732013590325995,-0.0011788124656192944,0.006414731857405598,False,0.006414731857405598,True
player_2,match_13,kill,1170.77,0.3502216751581627,0.3490428626925434,0.355457594549949,0.351353671061068,-0.0024137387693254,-0.0023108083685245,0.0048141190126877505,0.0045732013590325995,-0.0011788124656192944,0.006414731857405598,False,0.006414731857405598,True
player_2,match_13,death,1185.035,0.3502216751581627,0.3490428626925434,0.355457594549949,0.351353671061068,-0.0024137387693254,-0.0023108083685245,0.0048141190126877505,0.0045732013590325995,-0.0011788124656192944,0.006414731857405598,False,0.006414731857405598,True
player_2,match_13,assist,1187.255,0.3490428626925434,0.3576024868338413,0.35596421948078294,0.3499332800134544,-0.0023108083685245,0.0076692068203869,0.0039696769865047495,0.0045732013590325995,0.008559624141297906,-0.0016382673530583869,True,-0.0016382673530583869,True
player_2,match_13,death,1267.991,0.3533127022660567,0.3586157366955091,0.3553873099567842,0.3526354139274881,0.0019590312049886,0.0059803227680209,0.0023383783782542997,0.0045732013590325995,0.005303034429452402,-0.003228426738724921,True,-0.003228426738724921,True
player_2,match_13,assist,1271.228,0.3533127022660567,0.3586157366955091,0.3553873099567842,0.3526354139274881,0.0019590312049886,0.0059803227680209,0.0023383783782542997,0.0045732013590325995,0.005303034429452402,-0.003228426738724921,True,-0.003228426738724921,True
player_2,match_13,assist,1323.318,0.3558911659349209,0.3548834539786475,0.352519282871954,0.3530489315785298,0.002842234356391,0.0018345224001176,-0.0014258654042597,0.0045732013590325995,-0.0010077119562733605,-0.0023641711066935134,False,-0.0023641711066935134,True
player_2,match_13,death,1328.601,0.3558911659349209,0.3548834539786475,0.352519282871954,0.3530489315785298,0.002842234356391,0.0018345224001176,-0.0014258654042597,0.0045732013590325995,-0.0010077119562733605,-0.0023641711066935134,False,-0.0023641711066935134,True
player_2,match_13,assist,1342.063,0.3548834539786475,0.3558478376501847,0.34865862287120153,0.353552460348066,0.0018345224001176,0.0022953773021187,-0.0055593342921552,0.0045732013590325995,0.0009643836715371723,-0.007189214778983155,False,-0.007189214778983155,True
player_2,match_13,kill,1394.21,0.3558478376501847,0.3491907280937233,0.35269879627743816,0.3543378362043614,0.0022953773021187,-0.0051471081106381,-0.00139928184491395,0.0045732013590325995,-0.006657109556461371,0.003508068183714852,False,0.003508068183714852,True
player_2,match_13,kill,1516.451,0.3614766287633903,0.3446399199958436,0.35884973753083516,0.3553656458144161,0.0061109829489742,-0.0107257258185725,0.003484091716419,0.0045732013590325995,-0.016836708767546726,0.014209817534991565,False,0.014209817534991565,True
player_2,match_13,kill,1544.985,0.3614766287633903,0.3446399199958436,0.35884973753083516,0.3553656458144161,0.0061109829489742,-0.0107257258185725,0.003484091716419,0.0045732013590325995,-0.016836708767546726,0.014209817534991565,False,0.014209817534991565,True
player_2,match_13,kill,1650.0,0.345930465668591,0.3502014693901765,0.36637467280816693,0.3531327507950785,-0.0085003127699165,-0.002931281404902,0.01418608039013615,0.0045732013590325995,0.004271003721585509,0.016173203417990445,False,0.016173203417990445,True
player_2,match_13,kill,1667.495,0.3502014693901765,0.3703385758242164,0.35616356573896635,0.351244434040983,-0.002931281404902,0.0190941417832334,0.0017848958902860002,0.0045732013590325995,0.02013710643403993,-0.014175010085250073,True,-0.014175010085250073,True
player_2,match_13,kill,1672.251,0.3502014693901765,0.3703385758242164,0.35616356573896635,0.351244434040983,-0.002931281404902,0.0190941417832334,0.0017848958902860002,0.0045732013590325995,0.02013710643403993,-0.014175010085250073,True,-0.014175010085250073,True
player_2,match_13,death,1672.779,0.3502014693901765,0.3703385758242164,0.35616356573896635,0.351244434040983,-0.002931281404902,0.0190941417832334,0.0017848958902860002,0.0045732013590325995,0.02013710643403993,-0.014175010085250073,True,-0.014175010085250073,True
player_2,match_13,kill,1797.046,0.3562794052252598,0.3584313585349122,0.3577594878258231,0.3551287540618137,0.0031466544301812,0.0033026044730984,0.0015174198548733,0.0045732013590325995,0.002151953309652399,-0.0006718707090890841,False,-0.0006718707090890841,True
player_2,match_13,death,1829.469,0.3584313585349122,0.3603123588181561,0.35385328275530264,0.3551287540618137,0.0033026044730984,0.0051836047563423,-0.0026959136994278,0.0045732013590325995,0.0018810002832438943,-0.006459076062853453,True,-0.006459076062853453,True
player_2,match_13,kill,1891.787,0.3552066168334902,0.3524999486771151,0.35782561275841407,0.355743011029375,-0.0021487650465957,-0.0032430623522599,0.00127641630368355,0.0045732013590325995,-0.0027066681563751027,0.005325664081298975,False,0.005325664081298975,True
player_2,match_13,kill,1903.591,0.3552066168334902,0.3524999486771151,0.35782561275841407,0.355743011029375,-0.0021487650465957,-0.0032430623522599,0.00127641630368355,0.0045732013590325995,-0.0027066681563751027,0.005325664081298975,False,0.005325664081298975,True
player_2,match_13,kill,1934.406,0.3524999486771151,0.3631607469012429,0.35214400519219424,0.355743011029375,-0.0032430623522599,0.0074177358718678,-0.00521137668789165,0.0045732013590325995,0.010660798224127799,-0.01101674170904865,True,-0.01101674170904865,True
player_2,match_13,kill,2044.644,0.340179058574219,0.3572876549780059,0.3693112778659196,0.3538532827553026,-0.015563952455156,0.0034343722227032,0.0135682668365446,0.0045732013590325995,0.017108596403786924,0.012023622887913699,False,0.012023622887913699,True
player_2,match_13,death,2052.485,0.340179058574219,0.3572876549780059,0.3693112778659196,0.3538532827553026,-0.015563952455156,0.0034343722227032,0.0135682668365446,0.0045732013590325995,0.017108596403786924,0.012023622887913699,False,0.012023622887913699,True
player_2,match_14,death,506.471,0.3641461603293668,0.3690535546440732,0.37425150124396944,0.3737175648927322,-0.0138938837140506,-0.004664010248659,0.00399138694069495,0.0045732013590325995,0.004907394314706381,0.005197946599896253,False,0.005197946599896253,True
player_2,match_14,death,831.712,0.3787353414747925,0.3728814985946297,0.36696399402804025,0.373100658179934,0.0096412297336827,-0.0002191595853042,-0.0078521080310195,0.0045732013590325995,-0.005853842880162774,-0.00591750456658946,False,-0.00591750456658946,True
player_2,match_14,kill,907.724,0.3574932245308225,0.3550837008070684,0.37356152565450734,0.3704376281481232,-0.0171649065291213,-0.0153539273410548,0.0035098296293969997,0.0045732013590325995,-0.002409523723754081,0.01847782484743893,False,0.01847782484743893,True
player_2,match_14,death,958.846,0.36639948092068,0.3807235703883347,0.37198494679907473,0.3696657639020975,-0.0040381472274432,0.0110578064862372,0.0038073694224560997,0.0045732013590325995,0.014324089467654733,-0.008738623589259975,True,-0.008738623589259975,True
player_2,match_14,death,1017.414,0.3669287524927144,0.3770411411054351,0.3701348930816723,0.3666893908511398,-0.002737011409383,0.0103517502542952,-0.00097644359823485,0.0045732013590325995,0.01011238861272068,-0.006906248023762773,True,-0.006906248023762773,True
player_2,match_14,death,1107.965,0.3685161891256898,0.3816754097043516,0.3818480018157109,0.3701348930816723,-0.0038013586904524,0.0115405166226792,0.0117131087340385,0.0045732013590325995,0.013159220578661812,0.0001725921113592821,True,0.0001725921113592821,True
player_2,match_14,assist,1114.484,0.3685161891256898,0.3816754097043516,0.3818480018157109,0.3701348930816723,-0.0038013586904524,0.0115405166226792,0.0117131087340385,0.0045732013590325995,0.013159220578661812,0.0001725921113592821,True,0.0001725921113592821,True
player_2,match_14,death,1279.338,0.3856442173356282,0.3830609585603136,0.38132065456092556,0.3810872076152591,0.0067618615887433,0.0019737509450544,-0.00024247271234194994,0.0045732013590325995,-0.002583258775314623,-0.0017403039993880154,False,-0.0017403039993880154,True
player_2,match_14,assist,1397.304,0.3677096356684665,0.3857631684215131,0.37765802477768884,0.3819602842467948,-0.0142506485783283,0.0038028841747182,-0.00471280016385315,0.0045732013590325995,0.01805353275304661,-0.008105143643824253,False,-0.008105143643824253,True
player_2,match_14,assist,1544.348,0.3858820430287356,0.3849844560354558,0.37218257075928896,0.3827154736611244,0.0034488031008448,0.0022689823743313,-0.010139752248375199,0.0045732013590325995,-0.0008975869932797975,-0.012801885276166824,False,-0.012801885276166824,True
player_2,match_14,assist,1544.932,0.3858820430287356,0.3849844560354558,0.37218257075928896,0.3827154736611244,0.0034488031008448,0.0022689823743313,-0.010139752248375199,0.0045732013590325995,-0.0008975869932797975,-0.012801885276166824,False,-0.012801885276166824,True
player_2,match_14,assist,1547.193,0.3858820430287356,0.3849844560354558,0.37218257075928896,0.3827154736611244,0.0034488031008448,0.0022689823743313,-0.010139752248375199,0.0045732013590325995,-0.0008975869932797975,-0.012801885276166824,False,-0.012801885276166824,True
player_2,match_14,death,1554.796,0.3858820430287356,0.3849844560354558,0.37218257075928896,0.3827154736611244,0.0034488031008448,0.0022689823743313,-0.010139752248375199,0.0045732013590325995,-0.0008975869932797975,-0.012801885276166824,False,-0.012801885276166824,True
player_2,match_14,assist,1620.905,0.378612493588534,0.3799438417272548,0.37441732919699633,0.381929172354204,-0.00331667876567,-0.0019853306269492,-0.0062987696398674005,0.0045732013590325995,0.0013313481387208226,-0.005526512530258487,False,-0.005526512530258487,True
player_2,match_14,assist,1623.869,0.378612493588534,0.3799438417272548,0.37441732919699633,0.381929172354204,-0.00331667876567,-0.0019853306269492,-0.0062987696398674005,0.0045732013590325995,0.0013313481387208226,-0.005526512530258487,False,-0.005526512530258487,True
player_2,match_14,death,1660.899,0.3799438417272548,0.3705984245807103,0.3790961234144672,0.3807160988368637,-0.0019853306269492,-0.0101176742561534,-0.0009010098329119,0.0045732013590325995,-0.009345417146544521,0.008497698833756895,False,0.008497698833756895,True
player_2,match_14,kill,1735.313,0.3782362338132823,0.379956013015652,0.37781580573671064,0.3792781676578944,-0.0024798650235814,0.0006778453577576,-0.0017982417779632998,0.0045732013590325995,0.001719779202369709,-0.002140207278941375,False,-0.002140207278941375,True
player_2,match_14,death,1747.757,0.379956013015652,0.3802125419620615,0.3790705526594545,0.3792781676578944,0.0006778453577576,0.000934374304167,-0.0005434948552193999,0.0045732013590325995,0.0002565289464094844,-0.001141989302607005,False,-0.001141989302607005,True
player_2,match_14,assist,1751.429,0.379956013015652,0.3802125419620615,0.3790705526594545,0.3792781676578944,0.0006778453577576,0.000934374304167,-0.0005434948552193999,0.0045732013590325995,0.0002565289464094844,-0.001141989302607005,False,-0.001141989302607005,True
player_2,match_14,death,1856.762,0.3827220358075492,0.384872179755914,0.3857089318223381,0.3792781676578944,0.0034438681496548,0.0055940120980195,0.0064307641644437,0.0045732013590325995,0.002150143948364769,0.0008367520664241401,True,0.0008367520664241401,True
player_2,match_18,kill,165.005,0.3333108208662482,0.345039455015367,0.33429925682261497,0.3333108208662482,-0.0017834501131755,0.0117286341491187,-0.0014168484257411,0.0045732013590325995,0.011728634149118788,-0.010740198192752015,True,-0.010740198192752015,True
player_2,match_18,kill,258.629,0.3324157368223929,0.3366481568805837,0.3416192881093071,0.3347467988445426,-0.0037670400004441,0.001901358036041,0.0053201662720332495,0.0045732013590325995,0.0042324200581908,0.004971131228723391,False,0.004971131228723391,True
player_2,match_18,assist,262.197,0.3324157368223929,0.3366481568805837,0.3416192881093071,0.3347467988445426,-0.0037670400004441,0.001901358036041,0.0053201662720332495,0.0045732013590325995,0.0042324200581908,0.004971131228723391,False,0.004971131228723391,True
player_2,match_18,kill,452.079,0.3432192635677852,0.3350879882267464,0.33995680912123694,0.3370655370896062,0.0066689868971304,-0.0019775488628597,0.0031489022411064,0.0045732013590325995,-0.008131275341038802,0.004868820894490533,False,0.004868820894490533,True
player_2,match_18,death,782.755,0.3448290575252066,0.3434916557696285,0.3421413358923052,0.3399129716982056,0.006550190906887,0.0035786840714228,0.0024770243998834,0.0045732013590325995,-0.001337401755578116,-0.0013503198773232583,False,-0.0013503198773232583,True
player_2,match_18,assist,786.157,0.3448290575252066,0.3434916557696285,0.3421413358923052,0.3399129716982056,0.006550190906887,0.0035786840714228,0.0024770243998834,0.0045732013590325995,-0.001337401755578116,-0.0013503198773232583,False,-0.0013503198773232583,True
player_2,match_18,death,879.221,0.3495303071920765,0.3361156401208166,0.3515017075315098,0.3394156512866381,0.0101146559054384,-0.0033000111658215,0.01208605624487165,0.0045732013590325995,-0.013414667071259934,0.015386067410693205,False,0.015386067410693205,True
player_2,match_18,death,932.217,0.3541501884317054,0.3488532266313142,0.33913294181884557,0.3394156512866381,0.0147345371450673,0.009437575344676,-0.0031377642492307995,0.0045732013590325995,-0.005296961800391242,-0.009720284812468616,True,-0.009720284812468616,True
player_2,match_18,kill,1007.534,0.3400939881379254,0.3381718954997658,0.33207196531153627,0.3422707060680764,-0.002176717930151,-0.0040988105683106,-0.0099597986993904,0.0045732013590325995,-0.0019220926381596226,-0.006099930188229519,False,-0.006099930188229519,True
player_2,match_18,assist,1022.892,0.3381718954997658,0.3348067320439253,0.3279210380521751,0.3422707060680764,-0.0040988105683106,-0.0074639740241511,-0.012541843834136049,0.0045732013590325995,-0.003365163455840481,-0.006885693991750208,False,-0.006885693991750208,True
player_2,match_18,assist,1056.823,0.3348067320439253,0.3293371985791472,0.3294134222858682,0.3417928219537769,-0.0074639740241511,-0.0124556233746297,-0.00872493252870015,0.0045732013590325995,-0.005469533464778131,7.622370672100143e-05,False,7.622370672100143e-05,True
player_2,match_18,assist,1119.424,0.3265048775252031,0.3323219670465333,0.3363260147441781,0.3371437678102912,-0.0126280642936424,-0.0048218007637579,2.3537797846999962e-05,0.0045732013590325995,0.005817089521330199,0.004004047697644841,False,0.004004047697644841,True
player_2,match_18,assist,1141.049,0.3323219670465333,0.3337291685252073,0.34531161991377535,0.3371437678102912,-0.0048218007637579,-0.0034145992850839,0.00933636998666705,0.0045732013590325995,0.001407201478674014,0.01158245138856806,False,0.01158245138856806,True
player_2,match_18,death,1206.406,0.3389228609631489,0.3517003788644018,0.3516343965235206,0.3364893137718455,0.0034616748807779,0.0152110650925562,0.01514508275167495,0.0045732013590325995,0.012777517901252922,-6.598234088123212e-05,True,-6.598234088123212e-05,True
player_2,match_18,assist,1207.168,0.3389228609631489,0.3517003788644018,0.3516343965235206,0.3364893137718455,0.0034616748807779,0.0152110650925562,0.01514508275167495,0.0045732013590325995,0.012777517901252922,-6.598234088123212e-05,True,-6.598234088123212e-05,True
player_2,match_18,death,1267.852,0.3490652407829648,0.3542035522640763,0.3453340525322999,0.3364893137718455,0.0125759270111192,0.0177142384922307,0.0086569973946085,0.0045732013590325995,0.0051383114811114905,-0.00886949973177642,True,-0.00886949973177642,True
player_2,match_18,kill,1312.194,0.3542035522640763,0.3450594065517481,0.34786662284438574,0.3364893137718455,0.0177142384922307,0.0085700927799025,0.00843865771389295,0.0045732013590325995,-0.009144145712328189,0.0028072162926376376,True,0.0028072162926376376,True
player_2,match_18,assist,1545.333,0.3485933087465222,0.3470656126910504,0.3460714204896807,0.3486590097238238,-0.0003016669955229,-0.0015933970327734,-0.0016108265603829999,0.0045732013590325995,-0.0015276960554718166,-0.0009941922013697035,False,-0.0009941922013697035,True
player_2,match_18,assist,1552.239,0.3485933087465222,0.3470656126910504,0.3460714204896807,0.3486590097238238,-0.0003016669955229,-0.0015933970327734,-0.0016108265603829999,0.0045732013590325995,-0.0015276960554718166,-0.0009941922013697035,False,-0.0009941922013697035,True
player_2,match_18,death,1654.025,0.3488734944763949,0.3506027004355254,0.3516307310808243,0.3482988814090771,0.0013384610950537,0.0023038190264482,0.0031517855143738003,0.0045732013590325995,0.0017292059591305087,0.0010280306452989385,False,0.0010280306452989385,True
player_2,match_18,kill,1760.011,0.3541581584001197,0.345688064329766,0.33633588572394474,0.3487334016114585,0.0054991486762958,-0.0030453372816925,-0.01218025578632305,0.0045732013590325995,-0.008470094070353706,-0.00935217860582127,False,-0.00935217860582127,True
player_2,match_18,kill,1825.05,0.3326693180378737,0.3400024534100158,0.34219610292391056,0.3482988814090771,-0.0160640835735848,-0.0082964279990613,-0.00499454336710945,0.0045732013590325995,0.0073331353721420856,0.00219364951389478,False,0.00219364951389478,True
player_2,match_18,assist,2008.691,0.3380502998090423,0.3413220872770194,0.3432698200515678,0.3403151797104711,-0.0051076853613039,0.0010069075665483,0.0029546403410967,0.0045732013590325995,0.0032717874679771275,0.0019477327745484052,False,0.0019477327745484052,True
player_2,match_18,assist,2027.45,0.3413220872770194,0.343904158985471,0.3384501222271368,0.3403151797104711,0.0010069075665483,0.0035889792749999,-0.00186505748333435,0.0045732013590325995,0.0025820717084515943,-0.005454036758334224,False,-0.005454036758334224,True
player_2,match_18,death,2062.847,0.343904158985471,0.3426354811176647,0.3375461198735672,0.3403151797104711,0.0035889792749999,0.0023203014071935,-0.0027690598369039003,0.0045732013590325995,-0.0012686778678063226,-0.005089361244097479,False,-0.005089361244097479,True
player_2,match_18,assist,2143.785,0.3408274764105256,0.3473991879895003,0.3383992361481133,0.340727691210726,0.0005122967000544,0.0066714967787743,-0.0025020003791358996,0.0045732013590325995,0.006571711578974737,-0.008999951841387022,True,-0.008999951841387022,True
player_2,match_18,assist,2230.638,0.336181382784005,0.3365268249516931,0.33912084823976796,0.340727691210726,-0.0045463084267209,-0.0042008662590328,-0.00177768416280505,0.0045732013590325995,0.00034544216768811475,0.0025940232880748426,False,0.0025940232880748426,True
player_2,match_18,assist,2280.688,0.3428101631062468,0.3354315333732892,0.3448254444748978,0.3410747818437725,0.0020878801448732,-0.0056432484704833,0.0041031615135242,0.0045732013590325995,-0.007378629732957609,0.009393911101608643,False,0.009393911101608643,True
player_2,match_18,kill,2287.333,0.3428101631062468,0.3354315333732892,0.3448254444748978,0.3410747818437725,0.0020878801448732,-0.0056432484704833,0.0041031615135242,0.0045732013590325995,-0.007378629732957609,0.009393911101608643,False,0.009393911101608643,True
player_2,match_18,death,2359.243,0.3450125775700123,0.3446383113797833,,0.3407222829613736,0.0042902946086387,0.0039160284184097,,0.0045732013590325995,-0.0003742661902290112,,False,,False
player_2,match_19,kill,125.589,0.3348860878636933,0.3406729261929779,0.3406303638266839,0.3348860878636933,-0.0052431205918591,0.0057868383292846,0.0014041472160270995,0.0045732013590325995,0.005786838329284616,-4.256236629401888e-05,True,-4.256236629401888e-05,True
player_2,match_19,assist,135.365,0.3406729261929779,0.3458801077521276,0.3388105359038765,0.3377795070283356,0.0057868383292846,0.0081006007237919,-0.0005393137161669999,0.0045732013590325995,0.005207181559149676,-0.007069571848251077,True,-0.007069571848251077,True
player_2,match_19,assist,293.643,0.3461277431611728,0.3354012122432074,0.3425369111649982,0.3422404519065128,0.0046710541114274,-0.0068392396633054,0.0010802221152527997,0.0045732013590325995,-0.010726530917965382,0.0071356989217907785,False,0.0071356989217907785,True
player_2,match_19,kill,314.056,0.3354012122432074,0.3395979923997623,0.34469781188256915,0.3414566890497453,-0.0068392396633054,-0.001858696649983,0.00324112283282375,0.0045732013590325995,0.004196780156554891,0.0050998194828068555,False,0.0050998194828068555,True
player_2,match_19,assist,368.064,0.3395979923997623,0.345475829930234,0.3422246946839965,0.3414566890497453,-0.001858696649983,0.0040191408804886,0.00030139639874035,0.0045732013590325995,0.005877837530471719,-0.003251135246237491,False,-0.003251135246237491,True
player_2,match_19,assist,373.944,0.345475829930234,0.3439197938349043,0.3379351699555842,0.3414566890497453,0.0040191408804886,0.0024631047851589,-0.0044547375651828,0.0045732013590325995,-0.001556036095329727,-0.0059846238793200834,False,-0.0059846238793200834,True
player_2,match_19,assist,468.433,0.3353407443780796,0.3389329562063064,0.33853513268537205,0.3413850237198008,-0.0070491631426874,-0.0024520675134944,-0.0021892761577410502,0.0045732013590325995,0.0035922118282268323,-0.00039782352093437057,False,-0.00039782352093437057,True
player_2,match_19,kill,596.199,0.3320560055102009,0.3318740683533744,0.3287891588734134,0.3391278491205581,-0.007404361707085,-0.0072537807671836,-0.00994488557242575,0.0045732013590325995,-0.00018193715682651712,-0.0030849094799609844,False,-0.0030849094799609844,True
player_2,match_19,assist,631.477,0.3318740683533744,0.3278554195698935,0.32838590949462887,0.3391278491205581,-0.0072537807671836,-0.0112724295506645,-0.0090562773194347,0.0045732013590325995,-0.004018648783480905,0.0005304899247353667,False,0.0005304899247353667,True
player_2,match_19,kill,633.592,0.3318740683533744,0.3278554195698935,0.32838590949462887,0.3391278491205581,-0.0072537807671836,-0.0112724295506645,-0.0090562773194347,0.0045732013590325995,-0.004018648783480905,0.0005304899247353667,False,0.0005304899247353667,True
player_2,match_19,kill,667.876,0.3278554195698935,0.3297228981769333,0.33482476195300237,0.3383402397711204,-0.0112724295506645,-0.008617341594187,-0.00029649244757120035,0.0045732013590325995,0.0018674786070397853,0.005101863776069082,False,0.005101863776069082,True
player_2,match_19,assist,697.998,0.3297228981769333,0.3270489208123245,0.3417685526078412,0.336544133857007,-0.008617341594187,-0.0094952130446824,0.00807017766370095,0.0045732013590325995,-0.0026739773646087817,0.014719631795516719,False,0.014719631795516719,True
player_2,match_19,kill,699.946,0.3270489208123245,0.3426006030936803,0.3400258675256205,0.3336983749441402,-0.0094952130446824,0.00890222814954,0.0057257978420165,0.0045732013590325995,0.015551682281355783,-0.002574735568059816,True,-0.002574735568059816,True
player_2,match_19,assist,727.003,0.3270489208123245,0.3426006030936803,0.3400258675256205,0.3336983749441402,-0.0094952130446824,0.00890222814954,0.0057257978420165,0.0045732013590325995,0.015551682281355783,-0.002574735568059816,True,-0.002574735568059816,True
player_2,match_19,assist,795.228,0.3391152329292388,0.3400052258773308,0.34070096376734527,0.3349017644230676,0.0042134685061711,0.0051034614542631,0.00602699711841325,0.0045732013590325995,0.0008899929480919999,0.0006957378900144806,True,0.0006957378900144806,True
player_2,match_19,kill,800.382,0.3391152329292388,0.3400052258773308,0.34070096376734527,0.3349017644230676,0.0042134685061711,0.0051034614542631,0.00602699711841325,0.0045732013590325995,0.0008899929480919999,0.0006957378900144806,True,0.0006957378900144806,True
player_2,match_19,assist,814.65,0.3391152329292388,0.3400052258773308,0.34070096376734527,0.3349017644230676,0.0042134685061711,0.0051034614542631,0.00602699711841325,0.0045732013590325995,0.0008899929480919999,0.0006957378900144806,True,0.0006957378900144806,True
player_2,match_19,assist,822.842,0.3400052258773308,0.3354686226460875,0.3445313128385318,0.3355856192197198,0.0051034614542631,-0.0001169965736323,0.00900419190562805,0.0045732013590325995,-0.004536603231243275,0.009062690192444267,False,0.009062690192444267,True
player_2,match_19,kill,841.475,0.3400052258773308,0.3354686226460875,0.3445313128385318,0.3355856192197198,0.0051034614542631,-0.0001169965736323,0.00900419190562805,0.0045732013590325995,-0.004536603231243275,0.009062690192444267,False,0.009062690192444267,True
player_2,match_19,death,872.921,0.3354686226460875,0.3459333048886031,0.3408218809845643,0.3337623140781442,-0.0001169965736323,0.0121709908104588,0.00239580238909035,0.0045732013590325995,0.010464682242515566,-0.005111423904038792,True,-0.005111423904038792,True
player_2,match_19,assist,986.918,0.3343007802507478,0.349206861760976,0.3441164138051836,0.3395602294032848,-0.005259449152537,0.0096466323576911,0.003645549805517,0.0045732013590325995,0.014906081510228208,-0.005090447955792388,True,-0.005090447955792388,True
player_2,match_19,kill,990.485,0.3343007802507478,0.349206861760976,0.3441164138051836,0.3395602294032848,-0.005259449152537,0.0096466323576911,0.003645549805517,0.0045732013590325995,0.014906081510228208,-0.005090447955792388,True,-0.005090447955792388,True
player_2,match_19,death,994.186,0.3343007802507478,0.349206861760976,0.3441164138051836,0.3395602294032848,-0.005259449152537,0.0096466323576911,0.003645549805517,0.0045732013590325995,0.014906081510228208,-0.005090447955792388,True,-0.005090447955792388,True
player_2,match_20,kill,525.706,0.3392458228555731,0.3388983442442479,0.3347217145649945,0.3345668826676896,0.0056433125322944,0.0043314615765583,-0.0009972133253223,0.0045732013590325995,-0.00034747861132516933,-0.0041766296792534185,False,-0.0041766296792534185,True
player_2,match_20,assist,550.127,0.3388983442442479,0.3351268842209777,0.3361106128799449,0.3365823312337319,0.0043314615765583,-0.0014554470127542,0.0012550883330432,0.0045732013590325995,-0.0037714600232702233,0.0009837286589672312,False,0.0009837286589672312,True
player_2,match_20,kill,561.192,0.3388983442442479,0.3351268842209777,0.3361106128799449,0.3365823312337319,0.0043314615765583,-0.0014554470127542,0.0012550883330432,0.0045732013590325995,-0.0037714600232702233,0.0009837286589672312,False,0.0009837286589672312,True
player_2,match_20,assist,607.326,0.3343165449090113,0.3379046808508786,0.3371353276460577,0.3348555245469017,-0.0005389796378904,0.0030491563039768,0.00184134301749685,0.0045732013590325995,0.0035881359418672987,-0.0007693532048209106,False,-0.0007693532048209106,True
player_2,match_20,assist,611.424,0.3343165449090113,0.3379046808508786,0.3371353276460577,0.3348555245469017,-0.0005389796378904,0.0030491563039768,0.00184134301749685,0.0045732013590325995,0.0035881359418672987,-0.0007693532048209106,False,-0.0007693532048209106,True
player_2,match_20,kill,674.298,0.3363380051994621,0.3379326500926533,0.3353357042319318,0.3357324447102199,0.0014824806525604,0.0022002053824333,-0.00109118963576335,0.0045732013590325995,0.001594644893191166,-0.0025969458607214557,False,-0.0025969458607214557,True
player_2,match_20,death,676.158,0.3363380051994621,0.3379326500926533,0.3353357042319318,0.3357324447102199,0.0014824806525604,0.0022002053824333,-0.00109118963576335,0.0045732013590325995,0.001594644893191166,-0.0025969458607214557,False,-0.0025969458607214557,True
player_2,match_20,assist,679.335,0.3363380051994621,0.3379326500926533,0.3353357042319318,0.3357324447102199,0.0014824806525604,0.0022002053824333,-0.00109118963576335,0.0045732013590325995,0.001594644893191166,-0.0025969458607214557,False,-0.0025969458607214557,True
player_2,match_20,kill,770.258,0.3358917452889606,0.3370374759137476,0.34502911591245444,0.3361148752442113,0.0001593005787406,0.0009226006695362,0.00834137535584955,0.0045732013590325995,0.0011457306247870114,0.007991639998706834,False,0.007991639998706834,True
player_2,match_20,kill,781.813,0.3358917452889606,0.3370374759137476,0.34502911591245444,0.3361148752442113,0.0001593005787406,0.0009226006695362,0.00834137535584955,0.0045732013590325995,0.0011457306247870114,0.007991639998706834,False,0.007991639998706834,True
player_2,match_20,kill,791.812,0.3370374759137476,0.3484873893207561,0.343346301573042,0.3366877405566049,0.0009226006695362,0.0117996487641512,0.00665856101643705,0.0045732013590325995,0.011449913407008516,-0.0051410877477141015,True,-0.0051410877477141015,True
player_2,match_20,assist,900.095,0.3451217606419312,0.3386106892728854,0.3373552186516096,0.3374710783823131,0.0084340200853262,0.0011396108905722,-0.00073994892565805,0.0045732013590325995,-0.006511071369045773,-0.0012554706212757893,False,-0.0012554706212757893,True
player_2,match_20,death,904.827,0.3386106892728854,0.3468488539947831,0.33084468368348263,0.3379186654717659,0.0011396108905722,0.0089301885230171,-0.007426985999286701,0.0045732013590325995,0.0082381647218977,-0.01600417031130047,True,-0.01600417031130047,True
player_2,match_20,assist,1024.158,0.3418994525680865,0.3456420772536654,0.33730629782885857,0.3400907658885191,0.0040753699747699,0.0055513113651463,-0.004428849707261,0.0045732013590325995,0.003742624685578899,-0.008335779424806844,True,-0.008335779424806844,True
player_2,match_20,assist,1026.52,0.3418994525680865,0.3456420772536654,0.33730629782885857,0.3400907658885191,0.0040753699747699,0.0055513113651463,-0.004428849707261,0.0045732013590325995,0.003742624685578899,-0.008335779424806844,True,-0.008335779424806844,True
player_2,match_20,kill,1038.17,0.3418994525680865,0.3456420772536654,0.33730629782885857,0.3400907658885191,0.0040753699747699,0.0055513113651463,-0.004428849707261,0.0045732013590325995,0.003742624685578899,-0.008335779424806844,True,-0.008335779424806844,True
player_2,match_20,kill,1137.233,0.3384085228750632,0.3379005731440138,0.3387363744165838,0.3400907658885191,-0.0033266246610564,-0.0021901927445053,0.00022676834260950004,0.0045732013590325995,-0.0005079497310493952,0.0008358012725699915,False,0.0008358012725699915,True
player_2,match_20,kill,1197.054,0.3398810955794717,0.3375916532536959,0.3368673193547713,0.3385096060739743,0.0013714895054974,-0.0009179528202784,-0.0010830112494253498,0.0045732013590325995,-0.0022894423257758256,-0.0007243338989245673,False,-0.0007243338989245673,True
player_2,match_20,kill,1206.308,0.3375916532536959,0.3328425025650137,0.33989860851378373,0.3381545480095385,-0.0009179528202784,-0.0053120454445247,0.00194827790958705,0.0045732013590325995,-0.004749150688682202,0.007056105948770042,False,0.007056105948770042,True
player_2,match_20,assist,1209.687,0.3375916532536959,0.3328425025650137,0.33989860851378373,0.3381545480095385,-0.0009179528202784,-0.0053120454445247,0.00194827790958705,0.0045732013590325995,-0.004749150688682202,0.007056105948770042,False,0.007056105948770042,True
player_2,match_20,assist,1254.405,0.3328425025650137,0.3408921361445289,0.33587240799198537,0.3377461131988548,-0.0053120454445247,0.003146022945674,-0.0025332669523092997,0.0045732013590325995,0.008049633579515214,-0.0050197281525435344,False,-0.0050197281525435344,True
player_2,match_20,kill,1256.18,0.3328425025650137,0.3408921361445289,0.33587240799198537,0.3377461131988548,-0.0053120454445247,0.003146022945674,-0.0025332669523092997,0.0045732013590325995,0.008049633579515214,-0.0050197281525435344,False,-0.0050197281525435344,True
player_2,match_20,kill,1276.762,0.3408921361445289,0.3389050808830386,0.33662876074525505,0.3381545480095385,0.003146022945674,0.0007505328735001,-0.0017769141990395998,0.0045732013590325995,-0.001987055261490289,-0.0022763201377835607,False,-0.0022763201377835607,True
player_2,match_20,kill,1321.347,0.3389050808830386,0.3328397351009322,0.3380353916015902,0.3386568018790509,0.0007505328735001,-0.0058170667781187,-0.00011915640794824987,0.0045732013590325995,-0.006065345782106435,0.005195656500658008,False,0.005195656500658008,True
player_2,match_20,kill,1374.726,0.340417786389578,0.3356529968136024,,0.3381545480095385,0.0022632383800395,-0.002501551195936,,0.0045732013590325995,-0.004764789575975592,,False,,False
player_2,match_20,assist,1382.997,0.340417786389578,0.3356529968136024,,0.3381545480095385,0.0022632383800395,-0.002501551195936,,0.0045732013590325995,-0.004764789575975592,,False,,False
player_2,match_21,kill,140.432,0.3437331360862961,0.344426930890646,0.34273856545674825,0.3510359128572075,-0.0073926886452942,-0.0066089819665614,-0.0065776680030316505,0.0045732013590325995,0.0006937948043499453,-0.001688365433897776,False,-0.001688365433897776,True
player_2,match_21,assist,223.373,0.3452114763041523,0.3452824259339977,0.3433191909153982,0.3452114763041523,-0.002474989632583,7.09496298454404e-05,-0.0019454976111382002,0.0045732013590325995,7.09496298454404e-05,-0.0019632350185995184,False,-0.0019632350185995184,True
player_2,match_21,kill,265.384,0.3452824259339977,0.3455514028535512,0.3419960866710118,0.345246951119075,7.09496298454404e-05,0.0003044517344761,-0.0032686018555245,0.0045732013590325995,0.00026897691955346525,-0.003555316182539403,False,-0.003555316182539403,True
player_2,match_21,assist,331.125,0.3429051943647784,0.3406912719511548,0.341349621698531,0.3448192035973991,-0.0023417567542965,-0.0041279316462443,-0.00234997765847315,0.0045732013590325995,-0.0022139224136236146,0.000658349747376219,False,0.000658349747376219,True
player_2,match_21,assist,361.355,0.3406912719511548,0.3392231683565208,0.34233685268517655,0.344080033488471,-0.0041279316462443,-0.0048568651319502,-0.00091804727892195,0.0045732013590325995,-0.001468103594634007,0.0031136843286557747,False,0.0031136843286557747,True
player_2,match_21,kill,388.752,0.3406912719511548,0.3392231683565208,0.34233685268517655,0.344080033488471,-0.0041279316462443,-0.0048568651319502,-0.00091804727892195,0.0045732013590325995,-0.001468103594634007,0.0031136843286557747,False,0.0031136843286557747,True
player_2,match_21,assist,409.873,0.3392231683565208,0.3434760750405412,0.3453248970957298,0.3433191652255372,-0.0048568651319502,0.0001569098150039,0.0027038735707523,0.0045732013590325995,0.004252906684020397,0.0018488220551886037,False,0.0018488220551886037,True
player_2,match_21,kill,451.76,0.3411976303298119,0.3494521638616476,0.35118235992285585,0.3420514123472951,-0.0019930043728478,0.0074007515143524,0.00799172522019605,0.0045732013590325995,0.00825453353183575,0.0017301960612082223,True,0.0017301960612082223,True
player_2,match_21,kill,584.832,0.3412778511982496,0.3442520115048312,0.34712021563179246,0.342091522781514,-0.0019127835044101,0.0021604887233172,0.0035928766441194497,0.0045732013590325995,0.002974160306581597,0.00286820412696126,False,0.00286820412696126,True
player_2,match_21,kill,586.387,0.3412778511982496,0.3442520115048312,0.34712021563179246,0.342091522781514,-0.0019127835044101,0.0021604887233172,0.0035928766441194497,0.0045732013590325995,0.002974160306581597,0.00286820412696126,False,0.00286820412696126,True
player_2,match_21,kill,706.575,0.351413010690947,0.3423261628513054,0.336279417018646,0.3471202156317924,0.0063784350311486,-0.004794052780487,-0.0108407986131464,0.0045732013590325995,-0.009086847839641587,-0.006046745832659406,False,-0.006046745832659406,True
player_2,match_21,kill,744.759,0.3423261628513054,0.337774619233811,0.340272706472604,0.3471202156317924,-0.004794052780487,-0.0093455963979814,-0.0058046891731914005,0.0045732013590325995,-0.00455154361749438,0.0024980872387929676,False,0.0024980872387929676,True
player_2,match_21,assist,750.403,0.337774619233811,0.334784214803481,0.341427729761969,0.3471202156317924,-0.0093455963979814,-0.0123360008283114,-0.0035928604795697496,0.0045732013590325995,-0.0029904044303300514,0.006643514958488028,False,0.006643514958488028,True
player_2,match_21,death,794.992,0.334784214803481,0.345761198141727,0.3410087362879899,0.3450345756597983,-0.0123360008283114,0.0007266224819286,-0.0031391097126837997,0.0045732013590325995,0.010976983338246038,-0.004752461853737122,False,-0.004752461853737122,True
player_2,match_21,death,881.686,0.3449232111937688,0.3514739233992947,0.3485114577292958,0.3445876113493,0.0016341240157005,0.0068863120499946,0.0031692530615479502,0.0045732013590325995,0.006550712205525888,-0.0029624656699988594,True,-0.0029624656699988594,True
player_2,match_21,assist,965.377,0.3447502554946036,0.3421772263657886,,0.3448367333441862,-0.0005919491731443,-0.0026595069783975,,0.0045732013590325995,-0.002573029128814963,,False,,False
player_2,match_21,assist,976.582,0.3447502554946036,0.3421772263657886,,0.3448367333441862,-0.0005919491731443,-0.0026595069783975,,0.0045732013590325995,-0.002573029128814963,,False,,False
player_3,match_11,death,528.444,0.3541325214359512,0.3583368146265953,0.358880890280734,0.3620287739887596,-0.0081376325895104,-0.0036919593621643,-0.0031478837080256,0.004220416319336,0.004204293190644082,0.0005440756541387204,False,0.0005440756541387204,True
player_3,match_11,assist,531.781,0.3541325214359512,0.3583368146265953,0.358880890280734,0.3620287739887596,-0.0081376325895104,-0.0036919593621643,-0.0031478837080256,0.004220416319336,0.004204293190644082,0.0005440756541387204,False,0.0005440756541387204,True
player_3,match_11,death,619.31,0.3586766416089193,0.3604322560279789,0.35792635064920353,0.3613940487117518,-0.0033521323798403,-0.0009617926837728,-0.00228688224327365,0.004220416319336,0.0017556144190595813,-0.002505905378775375,False,-0.002505905378775375,True
player_3,match_11,death,680.62,0.3557197358405625,0.3601329654578445,0.36142778580841595,0.3597586974902638,-0.004948032454128,0.0003742679675807,0.0018187336032194,0.004220416319336,0.004413229617282022,0.001294820350571435,False,0.001294820350571435,True
player_3,match_11,death,797.285,0.3594705569028953,0.357063950067889,0.35820971970131665,0.358880890280734,0.0005896666221613,-0.001816940212845,-0.0006711705794173001,0.004220416319336,-0.0024066068350063197,0.0011457696334276624,False,0.0011457696334276624,True
player_3,match_11,death,908.938,0.3585022502419329,0.3535844950838764,0.35710740145764414,0.3585709368076606,-0.0001558822492209,-0.0049864417237842,-0.00128705834074485,0.004220416319336,-0.0049177551580564804,0.0035229063737677313,False,0.0035229063737677313,True
player_3,match_11,assist,1071.399,0.3520308263480469,0.3614017118502551,0.3658212963071209,0.3574218830485669,-0.0058259393347264,0.0039798288016881,0.008039838215042951,0.004220416319336,0.009370885502208215,0.004419584456865799,False,0.004419584456865799,True
player_3,match_11,assist,1077.346,0.3520308263480469,0.3614017118502551,0.3658212963071209,0.3574218830485669,-0.0058259393347264,0.0039798288016881,0.008039838215042951,0.004220416319336,0.009370885502208215,0.004419584456865799,False,0.004419584456865799,True
player_3,match_11,death,1140.823,0.3702291062613285,0.3614134863529133,0.3587499981978633,0.3581410331355888,0.0128072232127615,0.0032724532173244,0.0001258919140524001,0.004220416319336,-0.008815619908415173,-0.00266348815505002,False,-0.00266348815505002,True
player_3,match_11,assist,1151.23,0.3614134863529133,0.3615631685867044,0.3561377443369719,0.3581410331355888,0.0032724532173244,0.0034221354511155,-0.0023280794868333,0.004220416319336,0.00014968223379108192,-0.0054254242497325245,False,-0.0054254242497325245,True
player_3,match_11,death,1324.901,0.3568479370518875,0.3636909219722246,0.3548520745655803,0.3586855813891213,-0.0018376443372338,0.0050053405831032,-0.0047315231549118,0.004220416319336,0.006842984920337081,-0.008838847406644257,True,-0.008838847406644257,True
player_3,match_11,death,1385.829,0.3499287929379264,0.3597753561932343,0.3592831993753426,0.3586855813891213,-0.0105528211139365,0.0010897748041129,0.00059761798622125,0.004220416319336,0.009846563255307916,-0.0004921568178917202,False,-0.0004921568178917202,True
player_3,match_11,assist,1502.514,0.3562224034280911,0.3527946333302468,0.3554326379727918,0.3573287917883296,-0.0024631779610302,-0.0045341584580828,-0.0018961538155377999,0.004220416319336,-0.003427770097844285,0.002638004642544989,False,0.002638004642544989,True
player_3,match_11,death,1511.002,0.3527946333302468,0.355970373550578,0.35458902218143934,0.3573287917883296,-0.0045341584580828,-0.0013584182377516,-0.00234295883272005,0.004220416319336,0.00317574022033118,-0.0013813513691386392,False,-0.0013813513691386392,True
player_3,match_11,assist,1511.332,0.3527946333302468,0.355970373550578,0.35458902218143934,0.3573287917883296,-0.0045341584580828,-0.0013584182377516,-0.00234295883272005,0.004220416319336,0.00317574022033118,-0.0013813513691386392,False,-0.0013813513691386392,True
player_3,match_11,death,1580.928,0.3548949023950056,0.3542831419678731,0.3561445115299488,0.3565351702399892,-0.002433889393324,-0.0022520282721161,4.812304061425004e-05,0.004220416319336,-0.0006117604271325128,0.001861369562075721,False,0.001861369562075721,True
player_3,match_11,assist,1735.609,0.3564554421078797,0.3555704729097633,0.3588652793527043,0.3556527836760658,0.0008026584318138,-8.23107663025513e-05,0.0034124459970457997,0.004220416319336,-0.0008849691981164254,0.0032948064429410007,False,0.0032948064429410007,True
player_3,match_11,assist,1812.32,0.3573576027484058,0.3611319856687746,0.3556213845543358,0.3557704232301706,0.0019047693927473,0.0053615624386039,-0.00039157295448574996,0.004220416319336,0.0037743829203688017,-0.005510601114438796,True,-0.005510601114438796,True
player_3,match_11,assist,1823.256,0.3573576027484058,0.3611319856687746,0.3556213845543358,0.3557704232301706,0.0019047693927473,0.0053615624386039,-0.00039157295448574996,0.004220416319336,0.0037743829203688017,-0.005510601114438796,True,-0.005510601114438796,True
player_3,match_11,assist,1915.674,0.3571864215126227,0.342312861184518,0.34649872661985975,0.3567046356831118,0.0011734640038011,-0.0143917744985938,-0.0095142308889617,0.004220416319336,-0.014873560328104718,0.0041858654353417735,False,0.0041858654353417735,True
player_3,match_11,death,1917.594,0.3571864215126227,0.342312861184518,0.34649872661985975,0.3567046356831118,0.0011734640038011,-0.0143917744985938,-0.0095142308889617,0.004220416319336,-0.014873560328104718,0.0041858654353417735,False,0.0041858654353417735,True
player_3,match_11,assist,1920.102,0.3571864215126227,0.342312861184518,0.34649872661985975,0.3567046356831118,0.0011734640038011,-0.0143917744985938,-0.0095142308889617,0.004220416319336,-0.014873560328104718,0.0041858654353417735,False,0.0041858654353417735,True
player_3,match_11,death,2004.431,0.3494836532444272,0.3551003846770486,0.3579802227735246,0.3560129575088215,-0.0065293042643942,-0.0009125728317729,0.00276211905413315,0.004220416319336,0.005616731432621369,0.0028798380964760173,False,0.0028798380964760173,True
player_3,match_11,death,2062.186,0.3551011726137054,0.3608592729333438,0.35256579562287527,0.355100778645377,-0.0002342561797005,0.0057584942879668,-0.00253498302250165,0.004220416319336,0.005758100319638415,-0.008293477310468533,True,-0.008293477310468533,True
player_3,match_11,assist,2119.751,0.3554450936776759,0.3496864975680747,0.3540941322713349,0.355100778645377,0.0003443150322989,-0.0054142810773022,-0.0007454401196279,0.004220416319336,-0.005758596109601222,0.0044076347032602214,False,0.0044076347032602214,True
player_3,match_11,assist,2145.712,0.3496864975680747,0.3603515510539516,0.359650845417976,0.3545783661365487,-0.0054142810773022,0.0057731849174029,0.00590373553400665,0.004220416319336,0.01066505348587693,-0.0007007056359756292,True,-0.0007007056359756292,True
player_3,match_11,death,2156.541,0.3496864975680747,0.3603515510539516,0.359650845417976,0.3545783661365487,-0.0054142810773022,0.0057731849174029,0.00590373553400665,0.004220416319336,0.01066505348587693,-0.0007007056359756292,True,-0.0007007056359756292,True
player_3,match_11,death,2266.185,0.3687288218923427,0.3802603554659671,,0.3552731331456906,0.0136280432469657,0.0249872223202764,,0.004220416319336,0.011531533573624408,,True,,False
player_3,match_12,kill,311.584,0.3761210349623063,0.3738834265580172,0.3731668862010552,0.3798439011720363,-0.0049098459253383,-0.0059604746140191,-0.00667701497098105,0.004220416319336,-0.0022376084042891042,-0.0007165403569620032,False,-0.0007165403569620032,True
player_3,match_12,kill,437.068,0.374583322226702,0.3764205169614257,0.37356042001553896,0.3773889782093671,-0.0052605789453343,-0.0009684612479414,-0.0027103559463269996,0.004220416319336,0.0018371947347237128,-0.0028600969458867365,False,-0.0028600969458867365,True
player_3,match_12,kill,560.415,0.3821222190410408,0.3700487536672527,0.37613001854553607,0.3753521785945041,0.0067700404465366,-0.0053034249272514,0.00182013075270405,0.004220416319336,-0.012073465373788117,0.006081264878283366,False,0.006081264878283366,True
player_3,match_12,kill,667.221,0.371746265334529,0.3747780047947036,0.37663556675083926,0.374309887792832,-0.002563622458303,0.0004681170018715,0.0025022429699869,0.004220416319336,0.0030317394601745984,0.0018575619561356782,False,0.0018575619561356782,True
player_3,match_12,kill,733.607,0.3712877656344547,0.3819833678672238,0.38111163553326,0.3735859840510019,-0.003392897876248,0.0083973838162218,0.007525651482258,0.004220416319336,0.010695602232769108,-0.000871732333963815,True,-0.000871732333963815,True
player_3,match_12,assist,763.149,0.3819833678672238,0.3810860323770447,0.37881255572403993,0.3735859840510019,0.0083973838162218,0.0075000483260427,0.0033585440539201,0.004220416319336,-0.0008973354901791186,-0.002273476653004758,True,-0.002273476653004758,True
player_3,match_12,kill,789.251,0.3810860323770447,0.3811372386894753,0.37836167675179033,0.3735859840510019,0.0075000483260427,0.0075512546384733,0.00188418771884445,0.004220416319336,5.120631243060725e-05,-0.002775561937684967,True,-0.002775561937684967,True
player_3,match_12,assist,829.922,0.3811372386894753,0.3764878727586045,0.3802354807449761,0.3773220392892377,0.0075512546384733,-0.0008341665306331,0.004602541968322,0.004220416319336,-0.004649365930870786,0.0037476079863715817,False,0.0037476079863715817,True
player_3,match_12,assist,832.07,0.3811372386894753,0.3764878727586045,0.3802354807449761,0.3773220392892377,0.0075512546384733,-0.0008341665306331,0.004602541968322,0.004220416319336,-0.004649365930870786,0.0037476079863715817,False,0.0037476079863715817,True
player_3,match_12,kill,854.481,0.3764878727586045,0.3802354807449761,,0.375632938776654,-0.0008341665306331,0.004602541968322,,0.004220416319336,0.0037476079863715817,,True,,False
player_3,match_13,assist,209.386,0.3724014556799451,0.3705317571519499,0.3698793490443002,0.3761025231175866,-0.0038598503161358,-0.0055707659656367,-0.0051788200550052,0.004220416319336,-0.0018696985279951783,-0.0006524081076497157,False,-0.0006524081076497157,True
player_3,match_13,kill,448.195,0.377199531644543,0.3703958007438044,0.37164700200311696,0.3733816162991,0.0038179153454429,-0.0029858155552956,-0.0009741106078420501,0.004220416319336,-0.006803730900738603,0.001251201259312551,False,0.001251201259312551,True
player_3,match_13,kill,583.133,0.3726225406829226,0.3700764393491064,0.3639186488032876,0.3731034836047581,-0.0013505610395017,-0.0030270442556517,-0.0079605786127184,0.004220416319336,-0.0025461013338162197,-0.006157790545818775,False,-0.006157790545818775,True
player_3,match_13,assist,583.694,0.3726225406829226,0.3700764393491064,0.3639186488032876,0.3731034836047581,-0.0013505610395017,-0.0030270442556517,-0.0079605786127184,0.004220416319336,-0.0025461013338162197,-0.006157790545818775,False,-0.006157790545818775,True
player_3,match_13,death,595.156,0.3726225406829226,0.3700764393491064,0.3639186488032876,0.3731034836047581,-0.0013505610395017,-0.0030270442556517,-0.0079605786127184,0.004220416319336,-0.0025461013338162197,-0.006157790545818775,False,-0.006157790545818775,True
player_3,match_13,kill,676.296,0.3579224904123259,0.3756616323035126,0.38035889595638994,0.3702361200464554,-0.0134000520189006,0.0054255122570572,0.00884972524302635,0.004220416319336,0.01773914189118675,0.004697263652877315,True,0.004697263652877315,True
player_3,match_13,kill,691.017,0.3579224904123259,0.3756616323035126,0.38035889595638994,0.3702361200464554,-0.0134000520189006,0.0054255122570572,0.00884972524302635,0.004220416319336,0.01773914189118675,0.004697263652877315,True,0.004697263652877315,True
player_3,match_13,death,796.182,0.3815720112609884,0.3693497382870833,0.36831331353446345,0.3741420864932176,0.0084685276562302,-0.0047923482061343,-0.00479449598486175,0.004220416319336,-0.012222272973905102,-0.0010364247526198356,False,-0.0010364247526198356,True
player_3,match_13,death,922.224,0.3689043838708667,0.3698635440738599,0.37184152027650796,0.3707196658010963,-0.001896098007658,-0.0008561217272363,-0.00028641414377470007,0.004220416319336,0.0009591602029931923,0.0019779762026480574,False,0.0019779762026480574,True
player_3,match_13,kill,1100.877,0.376656288329433,0.3663291816387506,0.3619169739031499,0.3691270610789749,0.007529227250458,-0.0027978794402243,-0.0067393010995661,0.004220416319336,-0.010327106690682375,-0.004412207735600693,False,-0.004412207735600693,True
player_3,match_13,assist,1108.174,0.376656288329433,0.3663291816387506,0.3619169739031499,0.3691270610789749,0.007529227250458,-0.0027978794402243,-0.0067393010995661,0.004220416319336,-0.010327106690682375,-0.004412207735600693,False,-0.004412207735600693,True
player_3,match_13,kill,1144.593,0.3663291816387506,0.3641174418908435,0.3626645924810372,0.3688400191270454,-0.0027978794402243,-0.0047225772362019,-0.005807938397349499,0.004220416319336,-0.0022117397479071155,-0.0014528494098062783,False,-0.0014528494098062783,True
player_3,match_13,assist,1159.943,0.3641174418908435,0.3597165059154564,0.36907566073204373,0.3684725308783867,-0.0047225772362019,-0.0087560249629303,0.0007760695090551998,0.004220416319336,-0.004400935975387099,0.009359154816587334,False,0.009359154816587334,True
player_3,match_13,assist,1170.77,0.3641174418908435,0.3597165059154564,0.36907566073204373,0.3684725308783867,-0.0047225772362019,-0.0087560249629303,0.0007760695090551998,0.004220416319336,-0.004400935975387099,0.009359154816587334,False,0.009359154816587334,True
player_3,match_13,assist,1187.255,0.3597165059154564,0.365612679046618,0.3746108239356258,0.3684725308783867,-0.0087560249629303,-0.0028598518317687,0.006484172368035401,0.004220416319336,0.005896173131161586,0.008998144889007798,False,0.008998144889007798,True
player_3,match_13,assist,1271.228,0.3766830054537821,0.3763210388989369,0.37400192518006276,0.3681266515675903,0.0085563538861917,0.0081943873313465,0.0051449819713536,0.004220416319336,-0.00036196655484516116,-0.002319113718874166,True,-0.002319113718874166,True
player_3,match_13,assist,1274.658,0.3766830054537821,0.3763210388989369,0.37400192518006276,0.3681266515675903,0.0085563538861917,0.0081943873313465,0.0051449819713536,0.004220416319336,-0.00036196655484516116,-0.002319113718874166,True,-0.002319113718874166,True
player_3,match_13,assist,1291.857,0.3766830054537821,0.3763210388989369,0.37400192518006276,0.3681266515675903,0.0085563538861917,0.0081943873313465,0.0051449819713536,0.004220416319336,-0.00036196655484516116,-0.002319113718874166,True,-0.002319113718874166,True
player_3,match_13,death,1297.071,0.3763210388989369,0.3703133037045137,0.377007189947628,0.3684725308783867,0.0081943873313465,0.0018407728261269,0.00667352564761645,0.004220416319336,-0.006007735194423214,0.006693886243114289,False,0.006693886243114289,True
player_3,match_13,death,1377.661,0.3776905466556118,0.3763238332396442,0.3732440851645052,0.3714259730609915,0.0084491911165803,0.0048978601786526,0.0018181121035136497,0.004220416319336,-0.001366713415967613,-0.0030797480751389994,True,-0.0030797480751389994,True
player_3,match_13,assist,1459.948,0.3762798330671912,0.3750237363635997,0.3720098375739086,0.3744092377423303,0.0048538600061996,0.0006144986212693,-0.0036419471414868,0.004220416319336,-0.0012560967035915027,-0.003013898789691105,False,-0.003013898789691105,True
player_3,match_13,assist,1544.985,0.3707483649146857,0.3717079734633822,0.3740871867238804,0.3756517847153954,-0.0049034198007097,-0.0039438112520132,0.0007686041505691999,0.004220416319336,0.0009596085486964778,0.0023792132604982252,False,0.0023792132604982252,True
player_3,match_13,death,1647.206,0.3779614124447435,0.3718574976728691,0.3709431669386679,0.3741475232983656,0.0054717705964866,-0.0022900256254965,-0.0012304028218950002,0.004220416319336,-0.006103914771874441,-0.0009143307342011631,False,-0.0009143307342011631,True
player_3,match_13,assist,1650.0,0.3779614124447435,0.3718574976728691,0.3709431669386679,0.3741475232983656,0.0054717705964866,-0.0022900256254965,-0.0012304028218950002,0.004220416319336,-0.006103914771874441,-0.0009143307342011631,False,-0.0009143307342011631,True
player_3,match_13,assist,1797.046,0.3733565132795634,0.3755022408882018,0.37174200544446345,0.3716845892055851,0.0016719240739782,0.0038176516826166,5.7416238878350064e-05,0.004220416319336,0.0021457276086384036,-0.0037602354437383245,False,-0.0037602354437383245,True
player_3,match_13,death,1807.138,0.3755022408882018,0.3669774169451854,0.3768556508414742,0.3716845892055851,0.0038176516826166,-0.0047071722603997,0.005133680583517351,0.004220416319336,-0.008524823943016402,0.009878233896288835,False,0.009878233896288835,True
player_3,match_13,assist,1816.421,0.3755022408882018,0.3669774169451854,0.3768556508414742,0.3716845892055851,0.0038176516826166,-0.0047071722603997,0.005133680583517351,0.004220416319336,-0.008524823943016402,0.009878233896288835,False,0.009878233896288835,True
player_3,match_13,death,1887.002,0.3765065939437416,0.3772047077392069,0.3704910371327802,0.3717593513103285,0.0048220047381564,0.0054453564288783,-0.0016921412604921997,0.004220416319336,0.0006981137954653049,-0.0067136706064266916,True,-0.0067136706064266916,True
player_3,match_13,assist,1891.787,0.3765065939437416,0.3772047077392069,0.3704910371327802,0.3717593513103285,0.0048220047381564,0.0054453564288783,-0.0016921412604921997,0.004220416319336,0.0006981137954653049,-0.0067136706064266916,True,-0.0067136706064266916,True
player_3,match_13,death,2039.236,0.3697382418872722,0.3635745374071671,0.3791788103727306,0.3726081171328921,-0.0028698752456198,-0.0090335797257249,0.0065706932398384,0.004220416319336,-0.006163704480105114,0.015604272965563493,False,0.015604272965563493,True
player_3,match_13,assist,2044.644,0.3697382418872722,0.3635745374071671,0.3791788103727306,0.3726081171328921,-0.0028698752456198,-0.0090335797257249,0.0065706932398384,0.004220416319336,-0.006163704480105114,0.015604272965563493,False,0.015604272965563493,True
player_3,match_21,kill,153.633,0.3510959162775245,0.3598716967837083,0.3707327327113187,0.3565205644581316,-0.0071214743663104,0.0033511323255767,0.011698819009004501,0.004220416319336,0.008775780506183772,0.010861035927610396,False,0.010861035927610396,True
player_3,match_21,death,167.196,0.3510959162775245,0.3598716967837083,0.3707327327113187,0.3565205644581316,-0.0071214743663104,0.0033511323255767,0.011698819009004501,0.004220416319336,0.008775780506183772,0.010861035927610396,False,0.010861035927610396,True
player_3,match_21,assist,203.242,0.3598716967837083,0.3647875024252835,0.37410094104011493,0.3581961306209199,0.0033511323255767,0.0065913718043635,0.0142186142449491,0.004220416319336,0.004915805641575233,0.009313438614831415,True,0.009313438614831415,True
player_3,match_21,death,232.878,0.3647875024252835,0.3766779629973538,0.36804642765494433,0.3598716967837083,0.0065913718043635,0.0168062662136455,0.0081428408368635,0.004220416319336,0.011890460572070272,-0.008631535342409458,True,-0.008631535342409458,True
player_3,match_21,kill,279.707,0.371523919082876,0.3645689362270126,0.35985473947765817,0.3599142168295383,0.0116309622762527,0.0046547193974743,-0.00147832451585075,0.004220416319336,-0.006954982855863434,-0.004714196749354416,True,-0.004714196749354416,True
player_3,match_21,kill,356.14,0.3637253158247564,0.3559841631305599,0.36293209141502353,0.3622858387423134,0.003345026580052,-0.0063016756117535,7.100254603479997e-05,0.004220416319336,-0.007741152694196507,0.0069479282844636114,False,0.0069479282844636114,True
player_3,match_21,death,455.291,0.3666068576891039,0.3694091921277401,0.37099524870438927,0.3641471260258845,0.0031705186934398,0.0052620661018555,0.005862190562286099,0.004220416319336,0.0028023344386362004,0.0015860565766491752,True,0.0015860565766491752,True
player_3,match_21,kill,502.451,0.3694091921277401,0.3700255137098884,0.37084632094257974,0.3646782193261481,0.0052620661018555,0.0053472943837403,0.00525842398452145,0.004220416319336,0.0006163215821483048,0.0008208072326913451,True,0.0008208072326913451,True
player_3,match_21,assist,573.031,0.3697276581862693,0.3733024520339017,0.36960491171807097,0.3655878969580582,0.004139761228211,0.0077145550758434,0.0008166866853575499,0.004220416319336,0.0035747938476324292,-0.0036975403158307496,True,-0.0036975403158307496,True
player_3,match_21,kill,646.053,0.3733859406963952,0.3658238827397467,0.35988827592805045,0.3695684251570047,0.0053779157879731,-0.003744542417258,-0.00968014922895425,0.004220416319336,-0.0075620579566484936,-0.005935606811696248,False,-0.005935606811696248,True
player_3,match_21,death,670.496,0.3658238827397467,0.3621858202859252,0.35364874427961684,0.3695684251570047,-0.003744542417258,-0.0073826048710795,-0.01591968087738785,0.004220416319336,-0.003638062453821478,-0.008537076006308375,False,-0.008537076006308375,True
player_3,match_21,kill,729.445,0.3575907315701757,0.349706756989058,0.3670055142481406,0.3695684251570047,-0.011977693586829,-0.0198616681679467,-0.0016665835618657999,0.004220416319336,-0.00788397458111767,0.017298757259082587,False,0.017298757259082587,True
player_3,match_21,kill,750.403,0.3575907315701757,0.349706756989058,0.3670055142481406,0.3695684251570047,-0.011977693586829,-0.0198616681679467,-0.0016665835618657999,0.004220416319336,-0.00788397458111767,0.017298757259082587,False,0.017298757259082587,True
player_3,match_21,death,774.933,0.349706756989058,0.3657311368008307,0.3646728083421235,0.3695684251570047,-0.0198616681679467,-0.003837288356174,-0.00274102049817985,0.004220416319336,0.016024379811772682,-0.0010583284587071806,False,-0.0010583284587071806,True
player_3,match_21,death,841.08,0.3682798916954505,0.3610657249887965,0.365012320388864,0.3670518872175986,0.0005041212324424,-0.0059861622288021,-0.0005244826118756,0.004220416319336,-0.007214166706653979,0.003946595400067476,False,0.003946595400067476,True
player_3,match_21,kill,904.962,0.3651635851161774,0.3675557782735171,0.366947363394334,0.365012320388864,-0.0001325111150132,0.002543457884653,0.00193504300547,0.004220416319336,0.0023921931573396837,-0.0006084148791831168,False,-0.0006084148791831168,True
player_3,match_21,kill,918.208,0.3651635851161774,0.3675557782735171,0.366947363394334,0.365012320388864,-0.0001325111150132,0.002543457884653,0.00193504300547,0.004220416319336,0.0023921931573396837,-0.0006084148791831168,False,-0.0006084148791831168,True
player_3,match_21,death,922.333,0.3651635851161774,0.3675557782735171,0.366947363394334,0.365012320388864,-0.0001325111150132,0.002543457884653,0.00193504300547,0.004220416319336,0.0023921931573396837,-0.0006084148791831168,False,-0.0006084148791831168,True
player_3,match_8,death,215.925,0.3517894298083724,0.3429897178851515,0.36631376402120813,0.3589533138683619,-0.0118226896096244,-0.0159635959832104,0.0075342738921487,0.004220416319336,-0.008799711923220932,0.023324046136056653,False,0.023324046136056653,True
player_3,match_8,assist,739.905,0.3664786655744899,0.3555864017234522,0.3594351578481091,0.365568543527241,0.0018971032619997,-0.0099821418037888,-0.0052736633466386,0.004220416319336,-0.010892263851037698,0.0038487561246569046,False,0.0038487561246569046,True
player_3,match_8,kill,872.944,0.3738369232995939,0.3658281425883891,0.3643745903024277,0.3616334162389512,0.0122035070606427,0.0041947263494379,0.0024074211014983,0.004220416319336,-0.00800878071120481,-0.0014535522859613903,False,-0.0014535522859613903,True
player_3,match_8,death,926.316,0.3646822247624376,0.3640669558424177,0.3692005309947015,0.3623009221629074,0.0030488085234864,0.0017660336795102,0.004385644005781,0.004220416319336,-0.0006152689200198957,0.005133575152283798,False,0.005133575152283798,True
player_3,match_8,death,1082.768,0.3728547971832004,0.3651669540637701,0.36988429649825216,0.3652551836754133,0.0084802068807727,-8.822961164323129e-05,0.0040490170357115,0.004220416319336,-0.0076878431194303265,0.004717342434482075,False,0.004717342434482075,True
player_3,match_8,assist,1090.134,0.3651669540637701,0.3749089206562505,0.36749181627287025,0.3654975483260796,-8.822961164323129e-05,0.0094113723301708,0.00165653681032955,0.004220416319336,0.009741966592480389,-0.007417104383380224,True,-0.007417104383380224,True
player_3,match_8,death,1141.895,0.3749089206562505,0.3648596723402539,0.3666983930016806,0.3661730105990017,0.0094113723301708,-0.0013133382587478,0.00102841067029465,0.004220416319336,-0.010049248315996573,0.001838720661426707,False,0.001838720661426707,True
player_3,match_8,assist,1149.493,0.3648596723402539,0.3701239602054866,0.3677849247469391,0.3654975483260796,-0.0013133382587478,0.0046264118794069,0.00194250841024675,0.004220416319336,0.005264287865232697,-0.0023390354585475226,True,-0.0023390354585475226,True
player_3,match_8,kill,1231.554,0.3632728257978747,0.3722970236960035,0.36415359023423893,0.3658424163366923,-0.0025695905388176,0.0064546073593111,-0.0041673291733115994,0.004220416319336,0.009024197898128805,-0.008143433461764549,True,-0.008143433461764549,True
player_3,match_8,death,1234.163,0.3722970236960035,0.3739403306430378,0.36294307126390685,0.3683209194075505,0.0064546073593111,0.0056194112354872,-0.005040117007182599,0.004220416319336,0.0016433069470342954,-0.01099725937913093,True,-0.01099725937913093,True
player_3,match_8,death,1324.214,0.3715192927023736,0.3770397205465715,0.36169539373934545,0.3708216264539301,0.0038738355677452,0.0062180940926413,-0.00912623271458465,0.004220416319336,0.005520427844197873,-0.015344326807226027,True,-0.015344326807226027,True
player_3,match_8,kill,1472.905,0.3605884656637623,0.3695459213134836,0.3656085651468478,0.3673166720592954,-0.0069033506091079,0.0022292492541882,-0.0014190874664461,0.004220416319336,0.008957455649721335,-0.003937356166635819,False,-0.003937356166635819,True
player_3,match_9,kill,265.6,0.3555282452445135,0.3635410335071344,0.364971654127427,0.3623003133099981,-0.0073489540998764,0.0012407201971362,0.0019284962423509,0.004220416319336,0.008012788262620918,0.0014306206202925886,False,0.0014306206202925886,True
player_3,match_9,kill,476.011,0.3561958552136312,0.3608738253451154,0.365516442772845,0.3618358842533267,-0.0056400290396955,-0.0009620589082112,0.0041053594847638,0.004220416319336,0.004677970131484244,0.0046426174277295895,False,0.0046426174277295895,True
player_3,match_9,kill,479.839,0.3561958552136312,0.3608738253451154,0.365516442772845,0.3618358842533267,-0.0056400290396955,-0.0009620589082112,0.0041053594847638,0.004220416319336,0.004677970131484244,0.0046426174277295895,False,0.0046426174277295895,True
player_3,match_9,kill,593.963,0.3578779544108336,0.349966138399782,0.3550099200891931,0.3593954943538423,-0.0035331288772476,-0.0094293559540603,-0.0027458780376703497,0.004220416319336,-0.007911816011051565,0.005043781689411053,False,0.005043781689411053,True
player_3,match_9,kill,686.564,0.3530751094817244,0.3614341094160719,0.3647206202351597,0.3571474255099396,-0.0045389278853011,0.0042866839061322,0.006964822108296199,0.004220416319336,0.008358999934347522,0.003286510819087818,True,0.003286510819087818,True
player_3,match_9,kill,706.629,0.3614341094160719,0.3633295317777232,0.3683393631774484,0.3576140373670256,0.0042866839061322,0.0057154944106976,0.00969283655717655,0.004220416319336,0.0018954223616513,0.0050098313997252175,True,0.0050098313997252175,True
player_3,match_9,kill,729.071,0.3633295317777232,0.3661117086925962,0.3731368373203703,0.3578975588867014,0.0057154944106976,0.0082141498058948,0.013601271948788799,0.004220416319336,0.0027821769148729802,0.007025128627774102,True,0.007025128627774102,True
player_3,match_9,kill,746.793,0.3633295317777232,0.3661117086925962,0.3731368373203703,0.3578975588867014,0.0057154944106976,0.0082141498058948,0.013601271948788799,0.004220416319336,0.0027821769148729802,0.007025128627774102,True,0.007025128627774102,True
player_3,match_9,kill,766.339,0.3661117086925962,0.3705670176623007,0.3640891194232794,0.3593954943538423,0.0082141498058948,0.0111715233084583,0.004413483033958799,0.004220416319336,0.00445530896970453,-0.00647789823902134,True,-0.00647789823902134,True
player_3,match_9,kill,776.673,0.3661117086925962,0.3705670176623007,0.3640891194232794,0.3593954943538423,0.0082141498058948,0.0111715233084583,0.004413483033958799,0.004220416319336,0.00445530896970453,-0.00647789823902134,True,-0.00647789823902134,True
player_3,match_9,kill,859.274,0.3524715818681188,0.3497669041105775,0.36353937388774776,0.3596560319134527,-0.0072040545212017,-0.0098891278028752,0.00275375356111555,0.004220416319336,-0.002704677757541296,0.013772469777170282,False,0.013772469777170282,True
player_3,match_9,assist,861.163,0.3524715818681188,0.3497669041105775,0.36353937388774776,0.3596560319134527,-0.0072040545212017,-0.0098891278028752,0.00275375356111555,0.004220416319336,-0.002704677757541296,0.013772469777170282,False,0.013772469777170282,True
player_3,match_9,kill,863.44,0.3524715818681188,0.3497669041105775,0.36353937388774776,0.3596560319134527,-0.0072040545212017,-0.0098891278028752,0.00275375356111555,0.004220416319336,-0.002704677757541296,0.013772469777170282,False,0.013772469777170282,True
player_3,match_9,kill,866.674,0.3524715818681188,0.3497669041105775,0.36353937388774776,0.3596560319134527,-0.0072040545212017,-0.0098891278028752,0.00275375356111555,0.004220416319336,-0.002704677757541296,0.013772469777170282,False,0.013772469777170282,True
player_3,match_9,kill,877.937,0.3497669041105775,0.3640459528855268,0.3636070637637222,0.3591894200563668,-0.0098891278028752,0.00485653282916,0.0008255717983503999,0.004220416319336,0.014279048774949343,-0.0004388891218046198,True,-0.0004388891218046198,True
player_3,match_9,kill,896.34,0.3497669041105775,0.3640459528855268,0.3636070637637222,0.3591894200563668,-0.0098891278028752,0.00485653282916,0.0008255717983503999,0.004220416319336,0.014279048774949343,-0.0004388891218046198,True,-0.0004388891218046198,True
player_3,match_9,death,898.947,0.3497669041105775,0.3640459528855268,0.3636070637637222,0.3591894200563668,-0.0098891278028752,0.00485653282916,0.0008255717983503999,0.004220416319336,0.014279048774949343,-0.0004388891218046198,True,-0.0004388891218046198,True
player_4,match_10,kill,123.836,0.3527035971054338,0.3577328045818275,0.36426011692162147,0.3627550123442252,-0.0154307836515866,-0.0050222077623977,0.0027606565179957004,0.0039505068444591,0.005029207476393682,0.006527312339793978,False,0.006527312339793978,True
player_4,match_10,kill,129.456,0.3577328045818275,0.3687004345852902,0.3573031184986647,0.3602439084630263,-0.0050222077623977,0.0084565261222638,-0.0047180905739923,0.0039505068444591,0.010967630003462736,-0.01139731608662553,True,-0.01139731608662553,True
player_4,match_11,kill,218.387,,0.3763830439270454,0.37508551570167775,0.3763311263117175,,5.191761532791217e-05,-0.0012845488215357,0.0039505068444591,,-0.0012975282253676612,False,-0.0012975282253676612,True
player_4,match_11,death,677.45,0.3737922425967918,0.3813163594306537,0.3781018004649732,0.375451377206708,-0.0021835243173417,0.0058649822239456,0.0026504232582652,0.0039505068444591,0.0075241168338618936,-0.0032145589656804585,True,-0.0032145589656804585,True
player_4,match_11,death,845.251,0.3753959122359772,0.378378632333432,0.3753049373497483,0.3743868353428525,0.0010090768931246,0.0039917969905794,0.00042488740510765,0.0039505068444591,0.0029827200974548163,-0.0030736949836837058,True,-0.0030736949836837058,True
player_4,match_11,death,1010.876,0.3797191087918027,0.380350824304133,0.37462795174845154,0.3744585712932833,0.0052605374985194,0.0058922530108496,-0.00102039724744075,0.0039505068444591,0.0006317155123302665,-0.005722872555681435,True,-0.005722872555681435,True
player_4,match_11,kill,1071.399,0.3748111208588129,0.3744447826380902,0.3710217426821454,0.3756483489958924,-0.0008372281370794,-0.0012035663578021,-0.0044804084694559,0.0039505068444591,-0.00036633822072268396,-0.00342303995594484,False,-0.00342303995594484,True
player_4,match_11,death,1074.141,0.3748111208588129,0.3744447826380902,0.3710217426821454,0.3756483489958924,-0.0008372281370794,-0.0012035663578021,-0.0044804084694559,0.0039505068444591,-0.00036633822072268396,-0.00342303995594484,False,-0.00342303995594484,True
player_4,match_11,assist,1077.346,0.3748111208588129,0.3744447826380902,0.3710217426821454,0.3756483489958924,-0.0008372281370794,-0.0012035663578021,-0.0044804084694559,0.0039505068444591,-0.00036633822072268396,-0.00342303995594484,False,-0.00342303995594484,True
player_4,match_11,death,1204.74,0.3781748740094006,0.3716622490210325,0.3740123046989869,0.3753559533073102,0.003546922260949,-0.0036937042862777,-0.0005449018786371191,0.0039505068444591,-0.0065126249883680765,0.002350055677954377,False,0.002350055677954377,True
player_4,match_11,assist,1207.91,0.3781748740094006,0.3716622490210325,0.3740123046989869,0.3753559533073102,0.003546922260949,-0.0036937042862777,-0.0005449018786371191,0.0039505068444591,-0.0065126249883680765,0.002350055677954377,False,0.002350055677954377,True
player_4,match_11,assist,1282.284,0.3734964692224709,0.3738295023460112,0.3772415837845851,0.3744864614067965,-0.0009899921843256,-0.0006569590607853,0.00310444129253435,0.0039505068444591,0.0003330331235403272,0.0034120814385739107,False,0.0034120814385739107,True
player_4,match_11,assist,1331.371,0.3738295023460112,0.3764752138902062,0.3754139146043671,0.3741371424920507,-0.0006569590607853,0.0023380713981555,0.0012767721123164,0.0039505068444591,0.0026457115441950174,-0.0010612992858390902,False,-0.0010612992858390902,True
player_4,match_11,death,1364.13,0.3764752138902062,0.378007953678964,0.3727881856218753,0.3741371424920507,0.0023380713981555,0.0038708111869132,-0.0011118785162705,0.0039505068444591,0.0015327397887577865,-0.005219768057088681,False,-0.005219768057088681,True
player_4,match_11,assist,1494.919,0.3739994432699778,0.3772106039792096,0.3757718814774841,0.3739144728079945,-0.0001793779907792,0.003296131171215,0.0012476771109971,0.0039505068444591,0.003211160709231775,-0.0014387225017254979,False,-0.0014387225017254979,True
player_4,match_11,kill,1502.514,0.3739994432699778,0.3772106039792096,0.3757718814774841,0.3739144728079945,-0.0001793779907792,0.003296131171215,0.0012476771109971,0.0039505068444591,0.003211160709231775,-0.0014387225017254979,False,-0.0014387225017254979,True
player_4,match_11,assist,1511.332,0.3739994432699778,0.3772106039792096,0.3757718814774841,0.3739144728079945,-0.0001793779907792,0.003296131171215,0.0012476771109971,0.0039505068444591,0.003211160709231775,-0.0014387225017254979,False,-0.0014387225017254979,True
player_4,match_11,death,1660.394,0.3759737755278203,0.3730946618081785,0.37128833848805376,0.3756319625906434,0.0003418129371768,-0.0025373007824648,-0.0038478431001269563,0.0039505068444591,-0.0028791137196417793,-0.0018063233201247586,False,-0.0018063233201247586,True
player_4,match_11,death,1728.604,0.3750958025097971,0.3731330494747536,0.37395170068429995,0.3753327966301433,-4.037907838361221e-05,-0.0021997471553896,-0.0009474867835346003,0.0039505068444591,-0.0019627530350435074,0.0008186512095463283,False,0.0008186512095463283,True
player_4,match_11,assist,1735.609,0.3750958025097971,0.3731330494747536,0.37395170068429995,0.3753327966301433,-4.037907838361221e-05,-0.0021997471553896,-0.0009474867835346003,0.0039505068444591,-0.0019627530350435074,0.0008186512095463283,False,0.0008186512095463283,True
player_4,match_11,death,1803.733,0.3703931211363936,0.3775102802322063,0.3725169656755343,0.3748991874678345,-0.0045060663314409,0.0026110927643717,-0.0018915335335394,0.0039505068444591,0.007117159095812675,-0.004993314556672013,False,-0.004993314556672013,True
player_4,match_11,assist,1812.32,0.3703931211363936,0.3775102802322063,0.3725169656755343,0.3748991874678345,-0.0045060663314409,0.0026110927643717,-0.0018915335335394,0.0039505068444591,0.007117159095812675,-0.004993314556672013,False,-0.004993314556672013,True
player_4,match_11,assist,1915.674,0.3730570388074815,0.383253869721263,0.37425357853211044,0.3730758503078299,-5.681683398456317e-05,0.010178019413433,0.0011681313076366499,0.0039505068444591,0.01019683091378154,-0.009000291189152576,True,-0.009000291189152576,True
player_4,match_11,assist,1920.102,0.3730570388074815,0.383253869721263,0.37425357853211044,0.3730758503078299,-5.681683398456317e-05,0.010178019413433,0.0011681313076366499,0.0039505068444591,0.01019683091378154,-0.009000291189152576,True,-0.009000291189152576,True
player_4,match_11,death,1933.479,0.3730570388074815,0.383253869721263,0.37425357853211044,0.3730758503078299,-5.681683398456317e-05,0.010178019413433,0.0011681313076366499,0.0039505068444591,0.01019683091378154,-0.009000291189152576,True,-0.009000291189152576,True
player_4,match_11,death,2030.472,0.3752209219852398,0.3728793212309825,0.3722516562738927,0.3733659417858499,0.0018549801993898,-0.0004866205548674,-0.00153910121826945,0.0039505068444591,-0.0023416007542573225,-0.0006276649570898241,False,-0.0006276649570898241,True
player_4,match_11,death,2091.832,0.3764525629688193,0.3680507495789661,0.37521750494725825,0.3742535785321104,0.0031246265166054,-0.0062028289531443,0.0014267474550961501,0.0039505068444591,-0.008401813389853185,0.007166755368292144,False,0.007166755368292144,True
player_4,match_11,death,2167.114,0.3774919743116993,0.3729430355828173,0.3743394435834541,0.3742535785321104,0.0041640378594854,-0.0013105429492931,8.586505134366984e-05,0.0039505068444591,-0.004548938728882013,0.0013964080006368396,False,0.0013964080006368396,True
player_4,match_11,assist,2168.932,0.3774919743116993,0.3729430355828173,0.3743394435834541,0.3742535785321104,0.0041640378594854,-0.0013105429492931,8.586505134366984e-05,0.0039505068444591,-0.004548938728882013,0.0013964080006368396,False,0.0013964080006368396,True
player_4,match_12,kill,340.254,0.3689545975937393,0.3707885297391973,0.3744245665246454,0.3663976549718036,0.0045400703751977,0.0043908747673936,0.006109204586390001,0.0039505068444591,0.001833932145458017,0.0036360367854481046,True,0.0036360367854481046,True
player_4,match_12,death,361.014,0.3707885297391973,0.3780347258223197,0.36984139030323826,0.3676761262827714,0.0043908747673936,0.0103585995395482,0.00042830967313449994,0.0039505068444591,0.00724619608312238,-0.008193335519081413,True,-0.008193335519081413,True
player_4,match_12,assist,474.998,0.3688683733795054,0.3613152816542754,0.3567777732634628,0.3689545975937393,-0.0010031902869628,-0.0076393159394638,-0.01211215616960095,0.0039505068444591,-0.007553091725229999,-0.004537508390812572,False,-0.004537508390812572,True
player_4,match_12,kill,788.623,0.3660908970624721,0.3699486760373576,0.36589074963874546,0.366015780622749,0.0003350184791353,0.0039328954146086,-0.0006887355130948,0.0039505068444591,0.003857778974885484,-0.004057926398612133,False,-0.004057926398612133,True
player_4,match_12,assist,789.251,0.3660908970624721,0.3699486760373576,0.36589074963874546,0.366015780622749,0.0003350184791353,0.0039328954146086,-0.0006887355130948,0.0039505068444591,0.003857778974885484,-0.004057926398612133,False,-0.004057926398612133,True
player_4,match_12,death,791.598,0.3660908970624721,0.3699486760373576,0.36589074963874546,0.366015780622749,0.0003350184791353,0.0039328954146086,-0.0006887355130948,0.0039505068444591,0.003857778974885484,-0.004057926398612133,False,-0.004057926398612133,True
player_4,match_12,assist,854.481,0.3648230731387292,0.3669584261387617,0.3668159866189496,0.3665794851518402,-0.001756412013111,0.0003789409869214,-0.0001972630710354,0.0039505068444591,0.0021353530000324805,-0.00014243951981207648,False,-0.00014243951981207648,True
player_4,match_12,kill,878.411,0.3669584261387617,0.3668159866189496,,0.367013249689985,0.0003789409869214,-0.0001972630710354,,0.0039505068444591,-0.00014243951981207648,,False,,False
player_4,match_12,assist,888.889,0.3669584261387617,0.3668159866189496,,0.367013249689985,0.0003789409869214,-0.0001972630710354,,0.0039505068444591,-0.00014243951981207648,,False,,False
player_4,match_13,kill,233.216,0.354277459086392,0.3664731616569975,0.35567127464857873,0.3520857301614319,0.0039238631976897,0.0143874314955655,0.0019417477934267503,0.0039505068444591,0.012195702570605482,-0.010801887008418776,True,-0.010801887008418776,True
player_4,match_13,kill,239.882,0.354277459086392,0.3664731616569975,0.35567127464857873,0.3520857301614319,0.0039238631976897,0.0143874314955655,0.0019417477934267503,0.0039505068444591,0.012195702570605482,-0.010801887008418776,True,-0.010801887008418776,True
player_4,match_13,death,243.314,0.354277459086392,0.3664731616569975,0.35567127464857873,0.3520857301614319,0.0039238631976897,0.0143874314955655,0.0019417477934267503,0.0039505068444591,0.012195702570605482,-0.010801887008418776,True,-0.010801887008418776,True
player_4,match_13,assist,314.663,0.3454216451093172,0.3493994348996304,0.35966455983092294,0.3531815946239119,-0.0088558139770748,-0.0037821597242815,0.00703089743825095,0.0039505068444591,0.003977789790313158,0.010265124931292557,False,0.010265124931292557,True
player_4,match_13,assist,448.195,0.3527447309391619,0.3530414953879063,0.35401948362521696,0.353511095012777,-0.0015327281472301,-0.0004695996248706,-0.0006270662833821,0.0039505068444591,0.0002967644487443799,0.0009779882373106563,False,0.0009779882373106563,True
player_4,match_13,death,590.239,0.3538787254931839,0.3657412425541763,0.3538189173270664,0.3528931131635341,0.0009856123296497,0.0128481293906421,0.00035880688652130003,0.0039505068444591,0.011862517060992395,-0.011922325227109898,True,-0.011922325227109898,True
player_4,match_13,death,793.474,0.3460234232751777,0.3557632887118024,0.35803507839247906,0.3536421933631021,-0.0076187700879243,0.0021210953487003,0.0040644967316389,0.0039505068444591,0.009739865436624695,0.00227178968067665,False,0.00227178968067665,True
player_4,match_13,death,1008.272,0.3526625329110657,0.3558448991783105,0.3553566400105672,0.3564552990999727,-0.003792766188907,-0.0006103999216622,-0.0014546430687234,0.0039505068444591,0.0031823662672448294,-0.00048825916774331013,False,-0.00048825916774331013,True
player_4,match_13,kill,1009.133,0.3526625329110657,0.3558448991783105,0.3553566400105672,0.3564552990999727,-0.003792766188907,-0.0006103999216622,-0.0014546430687234,0.0039505068444591,0.0031823662672448294,-0.00048825916774331013,False,-0.00048825916774331013,True
player_4,match_13,assist,1100.877,0.3506543737194909,0.3579096627000848,0.3569219172168664,0.357185938071985,-0.0065315643524941,0.0007237246280997,-0.0005996488154644,0.0039505068444591,0.00725528898059391,-0.000987745483218394,False,-0.000987745483218394,True
player_4,match_13,kill,1108.174,0.3506543737194909,0.3579096627000848,0.3569219172168664,0.357185938071985,-0.0065315643524941,0.0007237246280997,-0.0005996488154644,0.0039505068444591,0.00725528898059391,-0.000987745483218394,False,-0.000987745483218394,True
player_4,match_13,kill,1187.255,0.3550188158554339,0.3474832366326272,0.3512443610723962,0.3578571939926765,-0.0028383781372426,-0.0103739573600493,-0.0048839738019346,0.0039505068444591,-0.0075355792228066765,0.0037611244397690036,False,0.0037611244397690036,True
player_4,match_13,assist,1271.228,0.3489739241789321,0.3535147979658603,0.36059496681711956,0.3554318575168722,-0.0078508880528573,-0.0019170595510119,0.0057456346033599,0.0039505068444591,0.00454087378692819,0.007080168851259283,False,0.007080168851259283,True
player_4,match_13,death,1272.748,0.3489739241789321,0.3535147979658603,0.36059496681711956,0.3554318575168722,-0.0078508880528573,-0.0019170595510119,0.0057456346033599,0.0039505068444591,0.00454087378692819,0.007080168851259283,False,0.007080168851259283,True
player_4,match_13,assist,1341.45,0.3562382461461286,0.3652860154366955,0.35230572904117297,0.3556285310007812,0.0008063886292563,0.0096574844359142,-0.00332280195960825,0.0039505068444591,0.009047769290566887,-0.012980286395522511,True,-0.012980286395522511,True
player_4,match_13,assist,1342.063,0.3562382461461286,0.3652860154366955,0.35230572904117297,0.3556285310007812,0.0008063886292563,0.0096574844359142,-0.00332280195960825,0.0039505068444591,0.009047769290566887,-0.012980286395522511,True,-0.012980286395522511,True
player_4,match_13,death,1432.249,0.3533721207734152,0.3606245039587398,0.3588695662404726,0.354266806910647,-0.002256410227366,0.0063576970480927,0.00429790175715185,0.0039505068444591,0.007252383185324618,-0.00175493771826718,True,-0.00175493771826718,True
player_4,match_13,death,1540.294,0.3556144654070465,0.3611490108861002,0.3603978657047589,0.3559263557765875,0.000737943351052,0.0052226551095126,0.0008158230041649501,0.0039505068444591,0.005534545479053687,-0.0007511451813412839,True,-0.0007511451813412839,True
player_4,match_13,assist,1544.985,0.3611490108861002,0.3608409167387678,0.3602605756912707,0.3584313750524341,0.0052226551095126,0.0024095416863336,-0.0002506091404786,0.0039505068444591,-0.00030809414733240503,-0.0005803410474971016,False,-0.0005803410474971016,True
player_4,match_13,assist,1650.0,0.3605663367117914,0.3624362806266122,0.3637060543239723,0.3605954203352656,0.0002766773970465,0.0018408602913466,0.003041988981962649,0.0039505068444591,0.0018699439148208152,0.0012697736973600882,False,0.0012697736973600882,True
player_4,match_13,death,1654.172,0.3605663367117914,0.3624362806266122,0.3637060543239723,0.3605954203352656,0.0002766773970465,0.0018408602913466,0.003041988981962649,0.0039505068444591,0.0018699439148208152,0.0012697736973600882,False,0.0012697736973600882,True
player_4,match_13,assist,1797.046,0.3525327662861706,0.3591143583806685,0.35357833431647834,0.3602605756912707,-0.0081708604391089,-0.0011462173106021,-0.006319246792011551,0.0039505068444591,0.0065815920944979345,-0.0055360240641901814,False,-0.0055360240641901814,True
player_4,match_13,death,1805.014,0.3525327662861706,0.3591143583806685,0.35357833431647834,0.3602605756912707,-0.0081708604391089,-0.0011462173106021,-0.006319246792011551,0.0039505068444591,0.0065815920944979345,-0.0055360240641901814,False,-0.0055360240641901814,True
player_4,match_13,assist,1903.591,0.3523582890953678,0.3431887316737227,0.34924775550988607,0.3588361860223032,-0.0071762974303414,-0.0156474543485805,-0.00592412924643555,0.0039505068444591,-0.009169557421645103,0.0060590238361633575,False,0.0060590238361633575,True
player_4,match_13,assist,2044.644,0.3554582302004559,0.3580747460026786,0.3678179459436373,0.3544442698921889,0.0021467669339761,0.0036304761104896,0.0133736760514484,0.0039505068444591,0.002616515802222663,0.009743199940958736,False,0.009743199940958736,True
player_4,match_13,death,2045.627,0.3554582302004559,0.3580747460026786,0.3678179459436373,0.3544442698921889,0.0021467669339761,0.0036304761104896,0.0133736760514484,0.0039505068444591,0.002616515802222663,0.009743199940958736,False,0.009743199940958736,True
player_4,match_14,kill,510.733,0.3609006721622109,0.358448740282916,0.3680354176483202,0.3660151945862302,-0.0102290448480386,-0.0075664543033142,0.005952222663171599,0.0039505068444591,-0.0024519318792948774,0.009586677365404195,False,0.009586677365404195,True
player_4,match_14,assist,514.396,0.3609006721622109,0.358448740282916,0.3680354176483202,0.3660151945862302,-0.0102290448480386,-0.0075664543033142,0.005952222663171599,0.0039505068444591,-0.0024519318792948774,0.009586677365404195,False,0.009586677365404195,True
player_4,match_14,assist,518.389,0.3609006721622109,0.358448740282916,0.3680354176483202,0.3660151945862302,-0.0102290448480386,-0.0075664543033142,0.005952222663171599,0.0039505068444591,-0.0024519318792948774,0.009586677365404195,False,0.009586677365404195,True
player_4,match_14,death,704.844,0.3615033295940699,0.3605641585503205,0.3674519606474784,0.3619012365933135,-0.0007958139984873,-0.001337078042993,0.006249959769338,0.0039505068444591,-0.0009391710437494094,0.006887802097157947,False,0.006887802097157947,True
player_4,match_14,assist,883.681,0.366455770902591,0.3627604878624608,0.36716758969631075,0.3643774572475741,0.0024908173793316,-0.0016169693851132,0.0035986171412933,0.0039505068444591,-0.003695283040130226,0.004407101833849958,False,0.004407101833849958,True
player_4,match_14,assist,888.565,0.366455770902591,0.3627604878624608,0.36716758969631075,0.3643774572475741,0.0024908173793316,-0.0016169693851132,0.0035986171412933,0.0039505068444591,-0.003695283040130226,0.004407101833849958,False,0.004407101833849958,True
player_4,match_14,assist,1108.407,0.3735082261132326,0.374227686645544,0.3606109267652773,0.3667126225446556,0.0068679557655289,0.0075150641008883,-0.0055925522005042,0.0039505068444591,0.0007194605323114223,-0.013616759880266727,True,-0.013616759880266727,True
player_4,match_14,assist,1114.484,0.3735082261132326,0.374227686645544,0.3606109267652773,0.3667126225446556,0.0068679557655289,0.0075150641008883,-0.0055925522005042,0.0039505068444591,0.0007194605323114223,-0.013616759880266727,True,-0.013616759880266727,True
player_4,match_14,death,1166.385,0.3571573757507937,0.3640644777797609,0.36838646152666676,0.3654378197931716,-0.0098117623875978,-0.0013733420134106,0.0026845133268843004,0.0039505068444591,0.006907102028967216,0.004321983746905844,False,0.004321983746905844,True
player_4,match_14,death,1265.808,0.3695765911879178,0.3682380064676264,0.36620926547855503,0.3673394186198039,0.0039461863653294,0.0008985878478224,-0.00165099044235415,0.0039505068444591,-0.0013385847202914136,-0.0020287409890713537,False,-0.0020287409890713537,True
player_4,match_14,kill,1397.304,0.3676406845858632,0.3583550401762124,0.3654318269407173,0.3679393455267448,-7.648458065789843e-05,-0.0095843053505323,-0.0016656514940897502,0.0039505068444591,-0.009285644409650795,0.007076786764504905,False,0.007076786764504905,True
player_4,match_14,assist,1461.129,0.3663565654225335,0.3645070884589011,0.36196121628498984,0.3667764486439746,-0.001061942803106,-0.0022693601850735,-0.004815232358984751,0.0039505068444591,-0.0018494769636323571,-0.002545872173911279,False,-0.002545872173911279,True
player_4,match_14,assist,1544.348,0.3628310066040277,0.3683343737239984,0.3707132985166275,0.3654318269407173,-0.0039454420399469,0.0029025467832811,0.0052814715759101,0.0039505068444591,0.005503367119970737,0.002378924792629078,False,0.002378924792629078,True
player_4,match_14,assist,1544.932,0.3628310066040277,0.3683343737239984,0.3707132985166275,0.3654318269407173,-0.0039454420399469,0.0029025467832811,0.0052814715759101,0.0039505068444591,0.005503367119970737,0.002378924792629078,False,0.002378924792629078,True
player_4,match_14,kill,1547.193,0.3628310066040277,0.3683343737239984,0.3707132985166275,0.3654318269407173,-0.0039454420399469,0.0029025467832811,0.0052814715759101,0.0039505068444591,0.005503367119970737,0.002378924792629078,False,0.002378924792629078,True
player_4,match_14,assist,1620.905,0.369238580338494,0.3674848209002888,0.36919927750406456,0.3654318269407173,0.0038067533977766,0.0020529939595714,0.0022785843426533503,0.0039505068444591,-0.0017537594382052157,0.0017144566037757825,False,0.0017144566037757825,True
player_4,match_14,assist,1623.869,0.369238580338494,0.3674848209002888,0.36919927750406456,0.3654318269407173,0.0038067533977766,0.0020529939595714,0.0022785843426533503,0.0039505068444591,-0.0017537594382052157,0.0017144566037757825,False,0.0017144566037757825,True
player_4,match_14,death,1712.853,0.3672096566343142,0.3663225409846938,0.3732826683514303,0.3673472387673014,0.000288963472903,-0.0010246977826076,0.0056542503117077494,0.0039505068444591,-0.0008871156496204069,0.006960127366736513,False,0.006960127366736513,True
player_4,match_14,death,1851.958,0.3689347831178661,0.3704233721360343,,0.36908668172818,0.0001483060866198,0.0013366904078542,,0.0039505068444591,0.0014885890181682293,,False,,False
player_4,match_8,death,438.179,0.3602439712924019,0.3866603937736881,0.3668037031249679,0.3596417257551926,0.0003386101997301,0.0270186680184955,0.005215881200064351,0.0039505068444591,0.026416422481286228,-0.0198566906487202,True,-0.0198566906487202,True
player_4,match_8,death,551.094,0.3629978970781834,0.3652379684456349,0.3608926778270932,0.3639487189820948,-0.0009508219039114,0.00128924946354,-0.004326188459984901,0.0039505068444591,0.0022400713674514683,-0.004345290618541664,False,-0.004345290618541664,True
player_4,match_8,death,934.04,0.3704216491662964,0.3814762855449453,0.36570906084989896,0.3604786494785107,0.0105690360968057,0.0209976360664345,0.00337231916087915,0.0039505068444591,0.011054636378648897,-0.015767224695046322,True,-0.015767224695046322,True
player_4,match_8,death,1028.47,0.3713781789555069,0.3632643486127079,0.3594940181273206,0.3637331405495223,0.0108880361691027,-0.0004687919368144,-0.005851325356410151,0.0039505068444591,-0.008113830342799,-0.0037703304853872743,False,-0.0037703304853872743,True
player_4,match_8,kill,1090.134,0.3595778149085797,0.3594102213460616,0.36045013323243164,0.3653453434837308,-0.0057675285751511,-0.0059351221376692,-0.00489521025129915,0.0039505068444591,-0.00016759356251810908,0.0010399118863700374,False,0.0010399118863700374,True
player_4,match_8,assist,1104.999,0.3595778149085797,0.3594102213460616,0.36045013323243164,0.3653453434837308,-0.0057675285751511,-0.0059351221376692,-0.00489521025129915,0.0039505068444591,-0.00016759356251810908,0.0010399118863700374,False,0.0010399118863700374,True
player_4,match_8,assist,1108.07,0.3595778149085797,0.3594102213460616,0.36045013323243164,0.3653453434837308,-0.0057675285751511,-0.0059351221376692,-0.00489521025129915,0.0039505068444591,-0.00016759356251810908,0.0010399118863700374,False,0.0010399118863700374,True
player_4,match_8,kill,1149.493,0.3629698133073487,0.3579304531575146,0.37001238507727285,0.3653453434837308,-0.0023755301763821,-0.0074148903262162,0.00689530411724455,0.0039505068444591,-0.005039360149834082,0.01208193191975826,False,0.01208193191975826,True
player_4,match_8,assist,1231.554,0.3730545357314156,0.3669702344231301,0.37404043822280864,0.3631170809600282,0.0099374547713873,0.0038531534631018,0.010923357262780299,0.0039505068444591,-0.006084301308285522,0.007070203799678543,False,0.007070203799678543,True
player_4,match_8,death,1235.253,0.3669702344231301,0.3804670730199179,0.3606801074237169,0.3631170809600282,0.0038531534631018,0.0173499920598896,-0.0034370788152567004,0.0039505068444591,0.013496838596787797,-0.019786965596200967,True,-0.019786965596200967,True
player_4,match_8,assist,1372.743,0.3589203842741349,0.3618484821923372,0.3589324728112391,0.3612738141079642,-0.0041966966858933,0.0005746680843729,-0.00347667493860385,0.0039505068444591,0.002928097918202255,-0.0029160093810980947,False,-0.0029160093810980947,True
player_4,match_8,assist,1472.905,0.3654156922459378,0.361016272869871,0.3671169336841538,0.3636320872191375,0.0030065444960948,-0.0026158143492664,0.0034848464650163,0.0039505068444591,-0.004399419376066804,0.006100660814282843,False,0.006100660814282843,True
player_4,match_8,death,1481.893,0.361016272869871,0.3671169336841538,,0.3636320872191375,-0.0026158143492664,0.0034848464650163,,0.0039505068444591,0.006100660814282843,,False,,False
player_4,match_9,assist,88.537,0.3527432175310302,0.3578503708024128,0.35897572819135337,0.359631329376085,-0.0137762236901095,-0.0017809585736722,-0.00085942593619125,0.0039505068444591,0.0051071532713825585,0.0011253573889405954,False,0.0011253573889405954,True
player_4,match_9,kill,127.083,0.3578503708024128,0.3657895041029401,0.35120466371727777,0.3578503708024128,-0.0017809585736722,0.0079391333005273,-0.00863049041026685,0.0039505068444591,0.007939133300527312,-0.014584840385662323,True,-0.014584840385662323,True
player_4,match_9,assist,333.516,0.3783296671440921,0.3573615904139876,0.35458021575428655,0.3584584858370282,0.0204792963416793,-0.0010968954230406,-0.0030257648539135,0.0039505068444591,-0.020968076730104535,-0.002781374659701019,False,-0.002781374659701019,True
player_4,match_9,kill,387.58,0.3569997532560015,0.3521606782525717,0.35826615286098773,0.3576059806082001,-0.0006062273521986,-0.0054453023556284,0.0012401044153465,0.0039505068444591,-0.0048390750034297825,0.006105474608416039,False,0.006105474608416039,True
player_4,match_9,kill,403.421,0.3521606782525717,0.3567430968565744,0.3629312730528606,0.3571806718349945,-0.0054453023556284,-0.0004375749784201,0.0059052246072193,0.0039505068444591,0.004582418604002714,0.006188176196286199,False,0.006188176196286199,True
player_4,match_9,kill,436.339,0.3567430968565744,0.3597892088654011,0.3568062909397215,0.3568714250562879,-0.0004375749784201,0.0029177838091131,-0.0008910927991836,0.0039505068444591,0.003046112008826707,-0.002982917925679618,False,-0.002982917925679618,True
player_4,match_9,kill,454.196,0.3567430968565744,0.3597892088654011,0.3568062909397215,0.3568714250562879,-0.0004375749784201,0.0029177838091131,-0.0008910927991836,0.0039505068444591,0.003046112008826707,-0.002982917925679618,False,-0.002982917925679618,True
player_4,match_9,kill,509.179,0.3660733372403201,0.3475392446391229,0.36910678822487497,0.3582140956428156,0.0088926654053255,-0.0106748510036927,0.0112287524875305,0.0039505068444591,-0.018534092601197205,0.02156754358575208,False,0.02156754358575208,True
player_4,match_9,kill,510.037,0.3660733372403201,0.3475392446391229,0.36910678822487497,0.3582140956428156,0.0088926654053255,-0.0106748510036927,0.0112287524875305,0.0039505068444591,-0.018534092601197205,0.02156754358575208,False,0.02156754358575208,True
player_4,match_9,kill,567.662,0.3692728754662669,0.3689407009834831,0.36540469041236745,0.3585753996396943,0.0120922036312723,0.0103653013437887,0.00682929077267315,0.0039505068444591,-0.0003321744827838313,-0.003536010571115633,True,-0.003536010571115633,True
player_4,match_9,kill,650.945,0.348531409392883,0.3542110371283792,0.35805370908562384,0.3583944810607012,-0.0100439902468112,-0.004183443932322,-0.0016777434946911,0.0039505068444591,0.005679627735496184,0.0038426719572446366,False,0.0038426719572446366,True
player_4,match_9,kill,680.093,0.3542110371283792,0.3626042957338831,0.36014728235396976,0.3582661528609877,-0.004183443932322,0.0043381428728953,-0.0010494699456723498,0.0039505068444591,0.008393258605503884,-0.002457013379913331,True,-0.002457013379913331,True
player_4,match_9,assist,716.661,0.3626042957338831,0.3535031224373646,0.3656138072968924,0.3611967522996421,0.0043381428728953,-0.0076936298622775,0.002846022903520502,0.0039505068444591,-0.009101173296518494,0.01211068485952782,False,0.01211068485952782,True
player_4,match_9,kill,726.463,0.3626042957338831,0.3535031224373646,0.3656138072968924,0.3611967522996421,0.0043381428728953,-0.0076936298622775,0.002846022903520502,0.0039505068444591,-0.009101173296518494,0.01211068485952782,False,0.01211068485952782,True
player_4,match_9,assist,746.793,0.3535031224373646,0.366791442270575,0.3683362002199474,0.3611967522996421,-0.0076936298622775,0.0055946899709328,0.004406674962123352,0.0039505068444591,0.013288319833210382,0.0015447579493724217,True,0.0015447579493724217,True
player_4,match_9,kill,762.841,0.366791442270575,0.3644361723232098,0.37060606123356205,0.3643388164871016,0.0055946899709328,9.735583610820386e-05,0.006039040570842549,0.0039505068444591,-0.0023552699473651795,0.00616988891035225,False,0.00616988891035225,True
player_4,match_9,kill,768.583,0.366791442270575,0.3644361723232098,0.37060606123356205,0.3643388164871016,0.0055946899709328,9.735583610820386e-05,0.006039040570842549,0.0039505068444591,-0.0023552699473651795,0.00616988891035225,False,0.00616988891035225,True
player_4,match_9,death,794.625,0.3644361723232098,0.372236228116685,0.36690532440896295,0.3635202340285464,9.735583610820386e-05,0.0087159940881385,0.0012915171120705,0.0039505068444591,0.007800055793475202,-0.005330903707722046,True,-0.005330903707722046,True
player_4,match_9,assist,859.274,0.3689758943504391,0.3648347544674868,0.37577949095435237,0.3656138072968924,0.0033620870535466,-0.0007790528294056,0.011144027559004,0.0039505068444591,-0.004141139882952283,0.010944736486865558,False,0.010944736486865558,True
player_4,match_9,kill,861.163,0.3689758943504391,0.3648347544674868,0.37577949095435237,0.3656138072968924,0.0033620870535466,-0.0007790528294056,0.011144027559004,0.0039505068444591,-0.004141139882952283,0.010944736486865558,False,0.010944736486865558,True
player_4,match_9,assist,863.44,0.3689758943504391,0.3648347544674868,0.37577949095435237,0.3656138072968924,0.0033620870535466,-0.0007790528294056,0.011144027559004,0.0039505068444591,-0.004141139882952283,0.010944736486865558,False,0.010944736486865558,True
player_4,match_9,assist,866.674,0.3689758943504391,0.3648347544674868,0.37577949095435237,0.3656138072968924,0.0033620870535466,-0.0007790528294056,0.011144027559004,0.0039505068444591,-0.004141139882952283,0.010944736486865558,False,0.010944736486865558,True
player_4,match_9,assist,877.937,0.3689758943504391,0.3648347544674868,0.37577949095435237,0.3656138072968924,0.0033620870535466,-0.0007790528294056,0.011144027559004,0.0039505068444591,-0.004141139882952283,0.010944736486865558,False,0.010944736486865558,True
player_4,match_9,death,895.548,0.3648347544674868,0.3758730475142463,0.3682228859083537,0.3646354633953483,-0.0007790528294056,0.0112375841188979,0.0029986050261642,0.0039505068444591,0.011038293046759462,-0.007650161605892547,True,-0.007650161605892547,True
player_4,match_9,assist,896.34,0.3648347544674868,0.3758730475142463,0.3682228859083537,0.3646354633953483,-0.0007790528294056,0.0112375841188979,0.0029986050261642,0.0039505068444591,0.011038293046759462,-0.007650161605892547,True,-0.007650161605892547,True
player_4,match_9,assist,998.218,0.3607598374222491,0.3645357308167739,,0.3658130983690308,-0.0050532609467817,-0.0012773675522569,,0.0039505068444591,0.0037758933945247763,,False,,False
