model,row_index,player_folder,match_id,window_start,window_end,actual_stress,predicted_stress
Dummy Mean,0,player_1,match_0,0.0,30.0,0.3089558967741935,0.3633514088643319
Dummy Mean,1,player_1,match_0,30.0,60.0,0.293013805734767,0.3633514088643319
Dummy Mean,2,player_1,match_0,60.0,90.0,0.3186742338709677,0.3633514088643319
Dummy Mean,3,player_1,match_0,90.0,120.0,0.3088151419354837,0.3633514088643319
Dummy Mean,4,player_1,match_0,120.0,150.0,0.2586407629032257,0.3633514088643319
Dummy Mean,5,player_1,match_0,150.0,180.0,0.2626157370967741,0.3633514088643319
Dummy Mean,6,player_1,match_0,180.0,210.0,0.2673253306451613,0.3633514088643319
Dummy Mean,7,player_1,match_0,210.0,240.0,0.262403414516129,0.3633514088643319
Dummy Mean,8,player_1,match_0,240.0,270.0,0.284407179032258,0.3633514088643319
Dummy Mean,9,player_1,match_0,270.0,300.0,0.2913860887096773,0.3633514088643319
Dummy Mean,10,player_1,match_0,300.0,330.0,0.2618468435483871,0.3633514088643319
Dummy Mean,11,player_1,match_0,330.0,360.0,0.2690541677419354,0.3633514088643319
Dummy Mean,12,player_1,match_0,360.0,390.0,0.2794713403225806,0.3633514088643319
Dummy Mean,13,player_1,match_0,390.0,420.0,0.3035584258064515,0.3633514088643319
Dummy Mean,14,player_1,match_0,420.0,450.0,0.2994459048387096,0.3633514088643319
Dummy Mean,15,player_1,match_0,450.0,480.0,0.2647599161290321,0.3633514088643319
Dummy Mean,16,player_1,match_0,480.0,510.0,0.3334233080645161,0.3633514088643319
Dummy Mean,17,player_1,match_0,510.0,540.0,0.2825128983870967,0.3633514088643319
Dummy Mean,18,player_1,match_0,540.0,570.0,0.2714513209677418,0.3633514088643319
Dummy Mean,19,player_1,match_0,570.0,600.0,0.2878617693548387,0.3633514088643319
Dummy Mean,20,player_1,match_0,600.0,630.0,0.3189576483870967,0.3633514088643319
Dummy Mean,21,player_1,match_0,630.0,660.0,0.2880222548387097,0.3633514088643319
Dummy Mean,22,player_1,match_0,660.0,690.0,0.2710485612903225,0.3633514088643319
Dummy Mean,23,player_1,match_0,690.0,720.0,0.2761948435483871,0.3633514088643319
Dummy Mean,24,player_1,match_0,720.0,750.0,0.3103824580645161,0.3633514088643319
Dummy Mean,25,player_1,match_0,750.0,780.0,0.2959241612903225,0.3633514088643319
Dummy Mean,26,player_1,match_0,780.0,810.0,0.2792054548387096,0.3633514088643319
Dummy Mean,27,player_1,match_0,810.0,840.0,0.4803356887096774,0.3633514088643319
Dummy Mean,28,player_1,match_0,840.0,870.0,0.4701610854838709,0.3633514088643319
Dummy Mean,29,player_1,match_0,870.0,900.0,0.4655304225806451,0.3633514088643319
Dummy Mean,30,player_1,match_0,900.0,930.0,0.2989577419354838,0.3633514088643319
Dummy Mean,31,player_1,match_1,7.0,37.0,0.326792464516129,0.3633514088643319
Dummy Mean,32,player_1,match_1,37.0,67.0,0.3146942025089605,0.3633514088643319
Dummy Mean,33,player_1,match_1,67.0,97.0,0.327580964516129,0.3633514088643319
Dummy Mean,34,player_1,match_1,97.0,127.0,0.3033205887096774,0.3633514088643319
Dummy Mean,35,player_1,match_1,127.0,157.0,0.2627608532258064,0.3633514088643319
Dummy Mean,36,player_1,match_1,157.0,187.0,0.2688933999999999,0.3633514088643319
Dummy Mean,37,player_1,match_1,187.0,217.0,0.2837630806451612,0.3633514088643319
Dummy Mean,38,player_1,match_1,217.0,247.0,0.271203708064516,0.3633514088643319
Dummy Mean,39,player_1,match_1,247.0,277.0,0.2798041016129032,0.3633514088643319
Dummy Mean,40,player_1,match_1,277.0,307.0,0.2588016451612903,0.3633514088643319
Dummy Mean,41,player_1,match_1,307.0,337.0,0.2964694806451612,0.3633514088643319
Dummy Mean,42,player_1,match_1,337.0,367.0,0.2562407983870967,0.3633514088643319
Dummy Mean,43,player_1,match_1,367.0,397.0,0.3099167709677419,0.3633514088643319
Dummy Mean,44,player_1,match_1,397.0,427.0,0.3193273854838709,0.3633514088643319
Dummy Mean,45,player_1,match_1,427.0,457.0,0.2609561080645161,0.3633514088643319
Dummy Mean,46,player_1,match_1,457.0,487.0,0.2648506709677419,0.3633514088643319
Dummy Mean,47,player_1,match_1,487.0,517.0,0.2760417177419354,0.3633514088643319
Dummy Mean,48,player_1,match_1,517.0,547.0,0.2991992596774193,0.3633514088643319
Dummy Mean,49,player_1,match_1,547.0,577.0,0.4693328548387097,0.3633514088643319
Dummy Mean,50,player_1,match_1,577.0,607.0,0.3155598387096773,0.3633514088643319
Dummy Mean,51,player_1,match_1,607.0,637.0,0.3107442612903225,0.3633514088643319
Dummy Mean,52,player_1,match_1,637.0,667.0,0.3418126048387097,0.3633514088643319
Dummy Mean,53,player_1,match_1,667.0,697.0,0.4955745064516129,0.3633514088643319
Dummy Mean,54,player_1,match_1,697.0,727.0,0.4025211887096774,0.3633514088643319
Dummy Mean,55,player_1,match_1,727.0,757.0,0.4099977258064515,0.3633514088643319
Dummy Mean,56,player_1,match_1,757.0,787.0,0.4764586903225807,0.3633514088643319
Dummy Mean,57,player_1,match_1,787.0,817.0,0.4500446580645161,0.3633514088643319
Dummy Mean,58,player_1,match_1,817.0,847.0,0.5814184774193548,0.3633514088643319
Dummy Mean,59,player_1,match_1,847.0,877.0,0.3919543064516128,0.3633514088643319
Dummy Mean,60,player_1,match_1,877.0,907.0,0.4392985548387096,0.3633514088643319
Dummy Mean,61,player_1,match_1,907.0,937.0,0.4926014854838709,0.3633514088643319
Dummy Mean,62,player_1,match_1,937.0,967.0,0.342435014516129,0.3633514088643319
Dummy Mean,63,player_1,match_1,967.0,997.0,0.3776644999999999,0.3633514088643319
Dummy Mean,64,player_1,match_1,997.0,1027.0,0.2881532822580644,0.3633514088643319
Dummy Mean,65,player_1,match_1,1027.0,1057.0,0.3654509419354838,0.3633514088643319
Dummy Mean,66,player_1,match_1,1057.0,1087.0,0.3716624532258064,0.3633514088643319
Dummy Mean,67,player_1,match_1,1087.0,1117.0,0.3102842241935483,0.3633514088643319
Dummy Mean,68,player_1,match_1,1117.0,1147.0,0.2924984032258064,0.3633514088643319
Dummy Mean,69,player_1,match_1,1147.0,1177.0,0.3274675064516128,0.3633514088643319
Dummy Mean,70,player_1,match_1,1177.0,1207.0,0.3139987612903225,0.3633514088643319
Dummy Mean,71,player_1,match_1,1207.0,1237.0,0.3041761096774192,0.3633514088643319
Dummy Mean,72,player_1,match_1,1237.0,1267.0,0.2918950306451612,0.3633514088643319
Dummy Mean,73,player_1,match_1,1267.0,1297.0,0.3080974322580645,0.3633514088643319
Dummy Mean,74,player_1,match_1,1297.0,1327.0,0.3178463758064516,0.3633514088643319
Dummy Mean,75,player_1,match_1,1327.0,1357.0,0.2968616967741935,0.3633514088643319
Dummy Mean,76,player_1,match_1,1357.0,1387.0,0.3722757193548387,0.3633514088643319
Dummy Mean,77,player_1,match_1,1387.0,1417.0,0.3155762887096773,0.3633514088643319
Dummy Mean,78,player_1,match_1,1417.0,1447.0,0.3206064874551971,0.3633514088643319
Dummy Mean,79,player_1,match_1,1447.0,1477.0,0.3224366129032258,0.3633514088643319
Dummy Mean,80,player_1,match_1,1477.0,1507.0,0.297328814516129,0.3633514088643319
Dummy Mean,96,player_1,match_11,172.0,202.0,0.4136623241935483,0.3633514088643319
Dummy Mean,97,player_1,match_11,202.0,232.0,0.416332764516129,0.3633514088643319
Dummy Mean,98,player_1,match_11,232.0,262.0,0.4717237370967742,0.3633514088643319
Dummy Mean,99,player_1,match_11,262.0,292.0,0.5031590225806452,0.3633514088643319
Dummy Mean,100,player_1,match_11,292.0,322.0,0.4347989661290322,0.3633514088643319
Dummy Mean,101,player_1,match_11,322.0,352.0,0.4280991516129032,0.3633514088643319
Dummy Mean,102,player_1,match_11,352.0,382.0,0.4635560725806451,0.3633514088643319
Dummy Mean,103,player_1,match_11,382.0,412.0,0.4437919649417562,0.3633514088643319
Dummy Mean,104,player_1,match_11,412.0,442.0,0.4541907066532257,0.3633514088643319
Dummy Mean,105,player_1,match_11,442.0,472.0,0.4438867373900292,0.3633514088643319
Dummy Mean,106,player_1,match_11,472.0,502.0,0.4038241983870967,0.3633514088643319
Dummy Mean,107,player_1,match_11,502.0,532.0,0.3913221564516129,0.3633514088643319
Dummy Mean,108,player_1,match_11,532.0,562.0,0.4260377967741935,0.3633514088643319
Dummy Mean,109,player_1,match_11,562.0,592.0,0.4308283129032257,0.3633514088643319
Dummy Mean,110,player_1,match_11,592.0,622.0,0.4629238661290322,0.3633514088643319
Dummy Mean,111,player_1,match_11,622.0,652.0,0.4602110887096773,0.3633514088643319
Dummy Mean,112,player_1,match_11,652.0,682.0,0.3935223306451613,0.3633514088643319
Dummy Mean,113,player_1,match_11,682.0,712.0,0.3982104741935484,0.3633514088643319
Dummy Mean,114,player_1,match_11,712.0,742.0,0.4295733951612902,0.3633514088643319
Dummy Mean,115,player_1,match_11,742.0,772.0,0.4238557,0.3633514088643319
Dummy Mean,116,player_1,match_11,772.0,802.0,0.4175289983870967,0.3633514088643319
Dummy Mean,117,player_1,match_11,802.0,832.0,0.379765129032258,0.3633514088643319
Dummy Mean,118,player_1,match_11,832.0,862.0,0.3948746887096773,0.3633514088643319
Dummy Mean,119,player_1,match_11,862.0,892.0,0.4160788564516128,0.3633514088643319
Dummy Mean,120,player_1,match_11,892.0,922.0,0.3652540870967741,0.3633514088643319
Dummy Mean,121,player_1,match_11,922.0,952.0,0.3925473532258065,0.3633514088643319
Dummy Mean,122,player_1,match_11,952.0,982.0,0.3322909274193548,0.3633514088643319
Dummy Mean,123,player_1,match_11,982.0,1012.0,0.3801257870967742,0.3633514088643319
Dummy Mean,124,player_1,match_11,1012.0,1042.0,0.3373334903225806,0.3633514088643319
Dummy Mean,125,player_1,match_11,1042.0,1072.0,0.3478639967741935,0.3633514088643319
Dummy Mean,126,player_1,match_11,1072.0,1102.0,0.4415434661290323,0.3633514088643319
Dummy Mean,127,player_1,match_11,1102.0,1132.0,0.2853860983870968,0.3633514088643319
Dummy Mean,128,player_1,match_11,1132.0,1162.0,0.293957064516129,0.3633514088643319
Dummy Mean,129,player_1,match_11,1162.0,1192.0,0.3479358064516128,0.3633514088643319
Dummy Mean,130,player_1,match_11,1192.0,1222.0,0.3663038322580645,0.3633514088643319
Dummy Mean,131,player_1,match_11,1222.0,1252.0,0.4008660596774193,0.3633514088643319
Dummy Mean,132,player_1,match_11,1252.0,1282.0,0.4250461225806451,0.3633514088643319
Dummy Mean,133,player_1,match_11,1282.0,1312.0,0.4056366209677419,0.3633514088643319
Dummy Mean,134,player_1,match_11,1312.0,1342.0,0.3596767419354838,0.3633514088643319
Dummy Mean,135,player_1,match_11,1342.0,1372.0,0.4587094032258064,0.3633514088643319
Dummy Mean,136,player_1,match_11,1372.0,1402.0,0.3524431048387096,0.3633514088643319
Dummy Mean,137,player_1,match_11,1402.0,1432.0,0.3985929903225805,0.3633514088643319
Dummy Mean,138,player_1,match_11,1432.0,1462.0,0.4153332693548386,0.3633514088643319
Dummy Mean,139,player_1,match_11,1462.0,1492.0,0.4259003451612903,0.3633514088643319
Dummy Mean,140,player_1,match_11,1492.0,1522.0,0.4547701946236558,0.3633514088643319
Dummy Mean,141,player_1,match_11,1522.0,1552.0,0.3945448564516129,0.3633514088643319
Dummy Mean,142,player_1,match_11,1552.0,1582.0,0.3744696951612902,0.3633514088643319
Dummy Mean,143,player_1,match_11,1582.0,1612.0,0.4127492435483871,0.3633514088643319
Dummy Mean,144,player_1,match_11,1612.0,1642.0,0.3248093854838709,0.3633514088643319
Dummy Mean,145,player_1,match_11,1642.0,1672.0,0.4427095725806451,0.3633514088643319
Dummy Mean,146,player_1,match_11,1672.0,1702.0,0.4044388838709676,0.3633514088643319
Dummy Mean,147,player_1,match_11,1702.0,1732.0,0.3678745677419354,0.3633514088643319
Dummy Mean,148,player_1,match_11,1732.0,1762.0,0.3491393933002481,0.3633514088643319
Dummy Mean,149,player_1,match_11,1762.0,1792.0,0.4061422532258064,0.3633514088643319
Dummy Mean,150,player_1,match_11,1792.0,1822.0,0.3585060322580644,0.3633514088643319
Dummy Mean,151,player_1,match_11,1822.0,1852.0,0.3783669338709676,0.3633514088643319
Dummy Mean,152,player_1,match_11,1852.0,1882.0,0.450786529032258,0.3633514088643319
Dummy Mean,153,player_1,match_11,1882.0,1912.0,0.3480020048387097,0.3633514088643319
Dummy Mean,154,player_1,match_11,1912.0,1942.0,0.3644472564516129,0.3633514088643319
Dummy Mean,155,player_1,match_11,1942.0,1972.0,0.4806962903225806,0.3633514088643319
Dummy Mean,156,player_1,match_11,1972.0,2002.0,0.4444146887096774,0.3633514088643319
Dummy Mean,157,player_1,match_11,2002.0,2032.0,0.3196661161290322,0.3633514088643319
Dummy Mean,158,player_1,match_11,2032.0,2062.0,0.3275598387096774,0.3633514088643319
Dummy Mean,159,player_1,match_11,2062.0,2092.0,0.3751879677419354,0.3633514088643319
Dummy Mean,160,player_1,match_11,2092.0,2122.0,0.3702284112903224,0.3633514088643319
Dummy Mean,161,player_1,match_11,2122.0,2152.0,0.5152851870967742,0.3633514088643319
Dummy Mean,162,player_1,match_11,2152.0,2182.0,0.3809551032258064,0.3633514088643319
Dummy Mean,163,player_1,match_11,2182.0,2212.0,0.3728131241935484,0.3633514088643319
Dummy Mean,376,player_1,match_12,239.0,269.0,0.3400579516129032,0.3633514088643319
Dummy Mean,377,player_1,match_12,269.0,299.0,0.3144669612903226,0.3633514088643319
Dummy Mean,378,player_1,match_12,299.0,329.0,0.5110473161290323,0.3633514088643319
Dummy Mean,379,player_1,match_12,329.0,359.0,0.4311793887096774,0.3633514088643319
Dummy Mean,380,player_1,match_12,359.0,389.0,0.4683972016129032,0.3633514088643319
Dummy Mean,381,player_1,match_12,389.0,419.0,0.4162375016129032,0.3633514088643319
Dummy Mean,382,player_1,match_12,419.0,449.0,0.4214025806451612,0.3633514088643319
Dummy Mean,383,player_1,match_12,449.0,479.0,0.4019269548387096,0.3633514088643319
Dummy Mean,384,player_1,match_12,479.0,509.0,0.3542751080645161,0.3633514088643319
Dummy Mean,385,player_1,match_12,509.0,539.0,0.392424593548387,0.3633514088643319
Dummy Mean,386,player_1,match_12,539.0,569.0,0.3975517532258064,0.3633514088643319
Dummy Mean,387,player_1,match_12,569.0,599.0,0.4097716967741935,0.3633514088643319
Dummy Mean,388,player_1,match_12,599.0,629.0,0.3381159469534049,0.3633514088643319
Dummy Mean,389,player_1,match_12,629.0,659.0,0.3241692,0.3633514088643319
Dummy Mean,390,player_1,match_12,659.0,689.0,0.3956984741935483,0.3633514088643319
Dummy Mean,391,player_1,match_12,689.0,719.0,0.3604701967741935,0.3633514088643319
Dummy Mean,392,player_1,match_12,719.0,749.0,0.4092552193548386,0.3633514088643319
Dummy Mean,393,player_1,match_12,749.0,779.0,0.381246243548387,0.3633514088643319
Dummy Mean,394,player_1,match_12,779.0,809.0,0.3435942,0.3633514088643319
Dummy Mean,395,player_1,match_12,809.0,839.0,0.3481626516129031,0.3633514088643319
Dummy Mean,396,player_1,match_12,839.0,869.0,0.329289729032258,0.3633514088643319
Dummy Mean,470,player_1,match_13,137.0,167.0,0.4297108421146953,0.3633514088643319
Dummy Mean,471,player_1,match_13,167.0,197.0,0.4261963,0.3633514088643319
Dummy Mean,472,player_1,match_13,197.0,227.0,0.3807079999999999,0.3633514088643319
Dummy Mean,473,player_1,match_13,227.0,257.0,0.4518187258064515,0.3633514088643319
Dummy Mean,474,player_1,match_13,257.0,287.0,0.4522258548387096,0.3633514088643319
Dummy Mean,475,player_1,match_13,287.0,317.0,0.4434951919354838,0.3633514088643319
Dummy Mean,476,player_1,match_13,317.0,347.0,0.3814994806451612,0.3633514088643319
Dummy Mean,477,player_1,match_13,347.0,377.0,0.3740176983870967,0.3633514088643319
Dummy Mean,478,player_1,match_13,377.0,407.0,0.3679258548387096,0.3633514088643319
Dummy Mean,479,player_1,match_13,407.0,437.0,0.4163013999999999,0.3633514088643319
Dummy Mean,480,player_1,match_13,437.0,467.0,0.3734376612903225,0.3633514088643319
Dummy Mean,481,player_1,match_13,467.0,497.0,0.3954941016129032,0.3633514088643319
Dummy Mean,482,player_1,match_13,497.0,527.0,0.3866611483870967,0.3633514088643319
Dummy Mean,483,player_1,match_13,527.0,557.0,0.4719075193548386,0.3633514088643319
Dummy Mean,484,player_1,match_13,557.0,587.0,0.2849969387096773,0.3633514088643319
Dummy Mean,485,player_1,match_13,587.0,617.0,0.3055833983870967,0.3633514088643319
Dummy Mean,486,player_1,match_13,617.0,647.0,0.3457568602150537,0.3633514088643319
Dummy Mean,487,player_1,match_13,647.0,677.0,0.3561092387096773,0.3633514088643319
Dummy Mean,488,player_1,match_13,677.0,707.0,0.5017185967741935,0.3633514088643319
Dummy Mean,489,player_1,match_13,707.0,737.0,0.3352148564516128,0.3633514088643319
Dummy Mean,490,player_1,match_13,737.0,767.0,0.3232410071684587,0.3633514088643319
Dummy Mean,491,player_1,match_13,767.0,797.0,0.3319687419354838,0.3633514088643319
Dummy Mean,492,player_1,match_13,797.0,827.0,0.3787868693548386,0.3633514088643319
Dummy Mean,493,player_1,match_13,827.0,857.0,0.3573640483870968,0.3633514088643319
Dummy Mean,494,player_1,match_13,857.0,887.0,0.36030815,0.3633514088643319
Dummy Mean,495,player_1,match_13,887.0,917.0,0.3700600615835777,0.3633514088643319
Dummy Mean,496,player_1,match_13,917.0,947.0,0.4018305112903225,0.3633514088643319
Dummy Mean,497,player_1,match_13,947.0,977.0,0.4777713887096774,0.3633514088643319
Dummy Mean,498,player_1,match_13,977.0,1007.0,0.4825169677419355,0.3633514088643319
Dummy Mean,499,player_1,match_13,1007.0,1037.0,0.4120946451612902,0.3633514088643319
Dummy Mean,500,player_1,match_13,1037.0,1067.0,0.3189861989247311,0.3633514088643319
Dummy Mean,501,player_1,match_13,1067.0,1097.0,0.2867375225806451,0.3633514088643319
Dummy Mean,502,player_1,match_13,1097.0,1127.0,0.3511622177419354,0.3633514088643319
Dummy Mean,503,player_1,match_13,1127.0,1157.0,0.4818510516129031,0.3633514088643319
Dummy Mean,504,player_1,match_13,1157.0,1187.0,0.3894725306451612,0.3633514088643319
Dummy Mean,505,player_1,match_13,1187.0,1217.0,0.4749633854838709,0.3633514088643319
Dummy Mean,506,player_1,match_13,1217.0,1247.0,0.5027637548387096,0.3633514088643319
Dummy Mean,507,player_1,match_13,1247.0,1277.0,0.4474593967741935,0.3633514088643319
Dummy Mean,508,player_1,match_13,1277.0,1307.0,0.3817496338709677,0.3633514088643319
Dummy Mean,509,player_1,match_13,1307.0,1337.0,0.4277196951612903,0.3633514088643319
Dummy Mean,510,player_1,match_13,1337.0,1367.0,0.4311164306451612,0.3633514088643319
Dummy Mean,511,player_1,match_13,1367.0,1397.0,0.4622056483870967,0.3633514088643319
Dummy Mean,512,player_1,match_13,1397.0,1427.0,0.3698741612903226,0.3633514088643319
Dummy Mean,513,player_1,match_13,1427.0,1457.0,0.4040003428315412,0.3633514088643319
Dummy Mean,514,player_1,match_13,1457.0,1487.0,0.4624870016129032,0.3633514088643319
Dummy Mean,515,player_1,match_13,1487.0,1517.0,0.4829153225806451,0.3633514088643319
Dummy Mean,516,player_1,match_13,1517.0,1547.0,0.3507165499999999,0.3633514088643319
Dummy Mean,517,player_1,match_13,1547.0,1577.0,0.4577799,0.3633514088643319
Dummy Mean,518,player_1,match_13,1577.0,1607.0,0.4131685822580645,0.3633514088643319
Dummy Mean,519,player_1,match_13,1607.0,1637.0,0.5196829693548387,0.3633514088643319
Dummy Mean,520,player_1,match_13,1637.0,1667.0,0.4005708806451612,0.3633514088643319
Dummy Mean,521,player_1,match_13,1667.0,1697.0,0.5110959516129032,0.3633514088643319
Dummy Mean,522,player_1,match_13,1697.0,1727.0,0.5381736774193548,0.3633514088643319
Dummy Mean,523,player_1,match_13,1727.0,1757.0,0.4434894193548387,0.3633514088643319
Dummy Mean,524,player_1,match_13,1757.0,1787.0,0.3746342467741935,0.3633514088643319
Dummy Mean,525,player_1,match_13,1787.0,1817.0,0.3379895209677419,0.3633514088643319
Dummy Mean,526,player_1,match_13,1817.0,1847.0,0.4141112580645161,0.3633514088643319
Dummy Mean,527,player_1,match_13,1847.0,1877.0,0.3742167112903225,0.3633514088643319
Dummy Mean,528,player_1,match_13,1877.0,1907.0,0.3697015591397848,0.3633514088643319
Dummy Mean,529,player_1,match_13,1907.0,1937.0,0.4048530274193548,0.3633514088643319
Dummy Mean,530,player_1,match_13,1937.0,1967.0,0.2652047612903225,0.3633514088643319
Dummy Mean,531,player_1,match_13,1967.0,1997.0,0.3488528193548386,0.3633514088643319
Dummy Mean,532,player_1,match_13,1997.0,2027.0,0.3670864032258064,0.3633514088643319
Dummy Mean,533,player_1,match_13,2027.0,2057.0,0.4078593241935483,0.3633514088643319
Dummy Mean,534,player_1,match_13,2057.0,2087.0,0.4180620564516129,0.3633514088643319
Dummy Mean,734,player_1,match_14,394.0,424.0,0.329956329032258,0.3633514088643319
Dummy Mean,735,player_1,match_14,424.0,454.0,0.2993918573393348,0.3633514088643319
Dummy Mean,736,player_1,match_14,454.0,484.0,0.2910753457114278,0.3633514088643319
Dummy Mean,737,player_1,match_14,484.0,514.0,0.2827588340835208,0.3633514088643319
Dummy Mean,738,player_1,match_14,514.0,544.0,0.2744423224556138,0.3633514088643319
Dummy Mean,739,player_1,match_14,544.0,574.0,0.2707195919354838,0.3633514088643319
Dummy Mean,740,player_1,match_14,574.0,604.0,0.2634844580645161,0.3633514088643319
Dummy Mean,741,player_1,match_14,604.0,634.0,0.3307987274193548,0.3633514088643319
Dummy Mean,742,player_1,match_14,634.0,664.0,0.3718515516129032,0.3633514088643319
Dummy Mean,743,player_1,match_14,664.0,694.0,0.2566187677419353,0.3633514088643319
Dummy Mean,744,player_1,match_14,694.0,724.0,0.2521627016129032,0.3633514088643319
Dummy Mean,745,player_1,match_14,724.0,754.0,0.3387252241935484,0.3633514088643319
Dummy Mean,746,player_1,match_14,754.0,784.0,0.2438232354838709,0.3633514088643319
Dummy Mean,747,player_1,match_14,784.0,814.0,0.2675964661290322,0.3633514088643319
Dummy Mean,748,player_1,match_14,814.0,844.0,0.2718040758064516,0.3633514088643319
Dummy Mean,749,player_1,match_14,844.0,874.0,0.2869475951612902,0.3633514088643319
Dummy Mean,750,player_1,match_14,874.0,904.0,0.289157864516129,0.3633514088643319
Dummy Mean,751,player_1,match_14,904.0,934.0,0.2668230016129032,0.3633514088643319
Dummy Mean,752,player_1,match_14,934.0,964.0,0.2973100241935483,0.3633514088643319
Dummy Mean,753,player_1,match_14,964.0,994.0,0.3126952774193547,0.3633514088643319
Dummy Mean,754,player_1,match_14,994.0,1024.0,0.3368025629032257,0.3633514088643319
Dummy Mean,755,player_1,match_14,1024.0,1054.0,0.3230093758064516,0.3633514088643319
Dummy Mean,756,player_1,match_14,1054.0,1084.0,0.2887739258064515,0.3633514088643319
Dummy Mean,757,player_1,match_14,1084.0,1114.0,0.2846323612903225,0.3633514088643319
Dummy Mean,758,player_1,match_14,1114.0,1144.0,0.3458288548387097,0.3633514088643319
Dummy Mean,759,player_1,match_14,1144.0,1174.0,0.2876663016129032,0.3633514088643319
Dummy Mean,760,player_1,match_14,1174.0,1204.0,0.3187364483870967,0.3633514088643319
Dummy Mean,761,player_1,match_14,1204.0,1234.0,0.2769541564516128,0.3633514088643319
Dummy Mean,762,player_1,match_14,1234.0,1264.0,0.3034009096774193,0.3633514088643319
Dummy Mean,763,player_1,match_14,1264.0,1294.0,0.3052135903225806,0.3633514088643319
Dummy Mean,764,player_1,match_14,1294.0,1324.0,0.2810469241935482,0.3633514088643319
Dummy Mean,765,player_1,match_14,1324.0,1354.0,0.2712858629032257,0.3633514088643319
Dummy Mean,766,player_1,match_14,1354.0,1384.0,0.308564164516129,0.3633514088643319
Dummy Mean,767,player_1,match_14,1384.0,1414.0,0.2781091774193548,0.3633514088643319
Dummy Mean,768,player_1,match_14,1414.0,1444.0,0.3313043209677418,0.3633514088643319
Dummy Mean,769,player_1,match_14,1444.0,1474.0,0.3813909451612903,0.3633514088643319
Dummy Mean,770,player_1,match_14,1474.0,1504.0,0.3995235177419354,0.3633514088643319
Dummy Mean,771,player_1,match_14,1504.0,1534.0,0.2877168677419354,0.3633514088643319
Dummy Mean,772,player_1,match_14,1534.0,1564.0,0.2648341516129032,0.3633514088643319
Dummy Mean,773,player_1,match_14,1564.0,1594.0,0.3137279225806451,0.3633514088643319
Dummy Mean,774,player_1,match_14,1594.0,1624.0,0.3933622274193548,0.3633514088643319
Dummy Mean,775,player_1,match_14,1624.0,1654.0,0.287526043548387,0.3633514088643319
Dummy Mean,776,player_1,match_14,1654.0,1684.0,0.2981030709677419,0.3633514088643319
Dummy Mean,777,player_1,match_14,1684.0,1714.0,0.3973651096774194,0.3633514088643319
Dummy Mean,778,player_1,match_14,1714.0,1744.0,0.3146204016129031,0.3633514088643319
Dummy Mean,779,player_1,match_14,1744.0,1774.0,0.3720404870967742,0.3633514088643319
Dummy Mean,780,player_1,match_14,1774.0,1804.0,0.3306750983870967,0.3633514088643319
Dummy Mean,781,player_1,match_14,1804.0,1834.0,0.4044475838709677,0.3633514088643319
Dummy Mean,782,player_1,match_14,1834.0,1864.0,0.3351733838709677,0.3633514088643319
Dummy Mean,882,player_1,match_18,65.0,95.0,0.4903846806451613,0.3633514088643319
Dummy Mean,883,player_1,match_18,95.0,125.0,0.4900290274193548,0.3633514088643319
Dummy Mean,884,player_1,match_18,125.0,155.0,0.4216675161290322,0.3633514088643319
Dummy Mean,885,player_1,match_18,155.0,185.0,0.4281842338709677,0.3633514088643319
Dummy Mean,886,player_1,match_18,185.0,215.0,0.3942215951612903,0.3633514088643319
Dummy Mean,887,player_1,match_18,215.0,245.0,0.4428200919354838,0.3633514088643319
Dummy Mean,888,player_1,match_18,245.0,275.0,0.3800381499999999,0.3633514088643319
Dummy Mean,889,player_1,match_18,275.0,305.0,0.424114085483871,0.3633514088643319
Dummy Mean,890,player_1,match_18,305.0,335.0,0.3540663193548387,0.3633514088643319
Dummy Mean,891,player_1,match_18,335.0,365.0,0.3890096903225806,0.3633514088643319
Dummy Mean,892,player_1,match_18,365.0,395.0,0.4142705121863799,0.3633514088643319
Dummy Mean,893,player_1,match_18,395.0,425.0,0.361949864516129,0.3633514088643319
Dummy Mean,894,player_1,match_18,425.0,455.0,0.3998154858870967,0.3633514088643319
Dummy Mean,895,player_1,match_18,455.0,485.0,0.4608750548387096,0.3633514088643319
Dummy Mean,896,player_1,match_18,485.0,515.0,0.4413816612903226,0.3633514088643319
Dummy Mean,897,player_1,match_18,515.0,545.0,0.4072058532258064,0.3633514088643319
Dummy Mean,898,player_1,match_18,545.0,575.0,0.4313362693548387,0.3633514088643319
Dummy Mean,899,player_1,match_18,575.0,605.0,0.3883011435483871,0.3633514088643319
Dummy Mean,900,player_1,match_18,605.0,635.0,0.3999302999999999,0.3633514088643319
Dummy Mean,901,player_1,match_18,635.0,665.0,0.3973900967741935,0.3633514088643319
Dummy Mean,902,player_1,match_18,665.0,695.0,0.402514929032258,0.3633514088643319
Dummy Mean,903,player_1,match_18,695.0,725.0,0.388979979032258,0.3633514088643319
Dummy Mean,904,player_1,match_18,725.0,755.0,0.4493199241935484,0.3633514088643319
Dummy Mean,905,player_1,match_18,755.0,785.0,0.4547159870967742,0.3633514088643319
Dummy Mean,906,player_1,match_18,785.0,815.0,0.4786723951612902,0.3633514088643319
Dummy Mean,907,player_1,match_18,815.0,845.0,0.4543706693548386,0.3633514088643319
Dummy Mean,908,player_1,match_18,845.0,875.0,0.4450819112903226,0.3633514088643319
Dummy Mean,909,player_1,match_18,875.0,905.0,0.3898048854838709,0.3633514088643319
Dummy Mean,910,player_1,match_18,905.0,935.0,0.4455010274193548,0.3633514088643319
Dummy Mean,911,player_1,match_18,935.0,965.0,0.4510370403225806,0.3633514088643319
Dummy Mean,912,player_1,match_18,965.0,995.0,0.3433650370967741,0.3633514088643319
Dummy Mean,913,player_1,match_18,995.0,1025.0,0.413941770967742,0.3633514088643319
Dummy Mean,914,player_1,match_18,1025.0,1055.0,0.4272219677419355,0.3633514088643319
Dummy Mean,915,player_1,match_18,1055.0,1085.0,0.3561701612903226,0.3633514088643319
Dummy Mean,916,player_1,match_18,1085.0,1115.0,0.3801260129032258,0.3633514088643319
Dummy Mean,917,player_1,match_18,1115.0,1145.0,0.3460726258064516,0.3633514088643319
Dummy Mean,918,player_1,match_18,1145.0,1175.0,0.4570099370967742,0.3633514088643319
Dummy Mean,919,player_1,match_18,1175.0,1205.0,0.4312639806451612,0.3633514088643319
Dummy Mean,920,player_1,match_18,1205.0,1235.0,0.4574239193548387,0.3633514088643319
Dummy Mean,921,player_1,match_18,1235.0,1265.0,0.4404858451612902,0.3633514088643319
Dummy Mean,922,player_1,match_18,1265.0,1295.0,0.4074666499999999,0.3633514088643319
Dummy Mean,923,player_1,match_18,1295.0,1325.0,0.420292243548387,0.3633514088643319
Dummy Mean,924,player_1,match_18,1325.0,1355.0,0.3914861870967742,0.3633514088643319
Dummy Mean,925,player_1,match_18,1355.0,1385.0,0.3828698806451612,0.3633514088643319
Dummy Mean,926,player_1,match_18,1385.0,1415.0,0.4066304532258065,0.3633514088643319
Dummy Mean,927,player_1,match_18,1415.0,1445.0,0.3114662709677419,0.3633514088643319
Dummy Mean,928,player_1,match_18,1445.0,1475.0,0.3201552419354839,0.3633514088643319
Dummy Mean,929,player_1,match_18,1475.0,1505.0,0.3667958193548387,0.3633514088643319
Dummy Mean,930,player_1,match_18,1505.0,1535.0,0.4142223951612902,0.3633514088643319
Dummy Mean,931,player_1,match_18,1535.0,1565.0,0.334844158064516,0.3633514088643319
Dummy Mean,932,player_1,match_18,1565.0,1595.0,0.4041086580645161,0.3633514088643319
Dummy Mean,933,player_1,match_18,1595.0,1625.0,0.3583298096774193,0.3633514088643319
Dummy Mean,934,player_1,match_18,1625.0,1655.0,0.3680079677419354,0.3633514088643319
Dummy Mean,935,player_1,match_18,1655.0,1685.0,0.3733173758064515,0.3633514088643319
Dummy Mean,936,player_1,match_18,1685.0,1715.0,0.4471321741935483,0.3633514088643319
Dummy Mean,937,player_1,match_18,1715.0,1745.0,0.3571136258064515,0.3633514088643319
Dummy Mean,938,player_1,match_18,1745.0,1775.0,0.3141510209677419,0.3633514088643319
Dummy Mean,939,player_1,match_18,1775.0,1805.0,0.319278529032258,0.3633514088643319
Dummy Mean,940,player_1,match_18,1805.0,1835.0,0.3425857064516129,0.3633514088643319
Dummy Mean,941,player_1,match_18,1835.0,1865.0,0.3955945096774192,0.3633514088643319
Dummy Mean,942,player_1,match_18,1865.0,1895.0,0.3310328129032257,0.3633514088643319
Dummy Mean,943,player_1,match_18,1895.0,1925.0,0.3494332516129032,0.3633514088643319
Dummy Mean,944,player_1,match_18,1925.0,1955.0,0.4393587096774193,0.3633514088643319
Dummy Mean,945,player_1,match_18,1955.0,1985.0,0.4718739387096773,0.3633514088643319
Dummy Mean,946,player_1,match_18,1985.0,2015.0,0.3235580279569892,0.3633514088643319
Dummy Mean,947,player_1,match_18,2015.0,2045.0,0.4282874827956989,0.3633514088643319
Dummy Mean,948,player_1,match_18,2045.0,2075.0,0.3798978268817203,0.3633514088643319
Dummy Mean,949,player_1,match_18,2075.0,2105.0,0.3466557096774193,0.3633514088643319
Dummy Mean,950,player_1,match_18,2105.0,2135.0,0.4128237854838709,0.3633514088643319
Dummy Mean,951,player_1,match_18,2135.0,2165.0,0.3962035838709677,0.3633514088643319
Dummy Mean,952,player_1,match_18,2165.0,2195.0,0.4174065806451613,0.3633514088643319
Dummy Mean,953,player_1,match_18,2195.0,2225.0,0.4007655806451612,0.3633514088643319
Dummy Mean,954,player_1,match_18,2225.0,2255.0,0.4051961274193548,0.3633514088643319
Dummy Mean,955,player_1,match_18,2255.0,2285.0,0.3618894451612902,0.3633514088643319
Dummy Mean,956,player_1,match_18,2285.0,2315.0,0.3889859241935484,0.3633514088643319
Dummy Mean,957,player_1,match_18,2315.0,2345.0,0.3682580241935484,0.3633514088643319
Dummy Mean,958,player_1,match_18,2345.0,2375.0,0.4278256209677419,0.3633514088643319
Dummy Mean,1036,player_1,match_19,4.0,34.0,0.346955036344086,0.3633514088643319
Dummy Mean,1037,player_1,match_19,34.0,64.0,0.4860952193548387,0.3633514088643319
Dummy Mean,1038,player_1,match_19,64.0,94.0,0.2503748451612902,0.3633514088643319
Dummy Mean,1039,player_1,match_19,94.0,124.0,0.3339913580645161,0.3633514088643319
Dummy Mean,1040,player_1,match_19,124.0,154.0,0.2979476258064516,0.3633514088643319
Dummy Mean,1041,player_1,match_19,154.0,184.0,0.3438236467741935,0.3633514088643319
Dummy Mean,1042,player_1,match_19,184.0,214.0,0.4131600645161289,0.3633514088643319
Dummy Mean,1043,player_1,match_19,214.0,244.0,0.3620903795698924,0.3633514088643319
Dummy Mean,1044,player_1,match_19,244.0,274.0,0.3750370725806451,0.3633514088643319
Dummy Mean,1045,player_1,match_19,274.0,304.0,0.3312729403225806,0.3633514088643319
Dummy Mean,1046,player_1,match_19,304.0,334.0,0.2992506311827957,0.3633514088643319
Dummy Mean,1047,player_1,match_19,334.0,364.0,0.3115837322580644,0.3633514088643319
Dummy Mean,1048,player_1,match_19,364.0,394.0,0.3697505870967741,0.3633514088643319
Dummy Mean,1049,player_1,match_19,394.0,424.0,0.2926450806451612,0.3633514088643319
Dummy Mean,1050,player_1,match_19,424.0,454.0,0.3417411096774193,0.3633514088643319
Dummy Mean,1051,player_1,match_19,454.0,484.0,0.4074611709677419,0.3633514088643319
Dummy Mean,1052,player_1,match_19,484.0,514.0,0.460586214516129,0.3633514088643319
Dummy Mean,1053,player_1,match_19,514.0,544.0,0.3249116758064515,0.3633514088643319
Dummy Mean,1054,player_1,match_19,544.0,574.0,0.3767467306451612,0.3633514088643319
Dummy Mean,1055,player_1,match_19,574.0,604.0,0.3643226838709676,0.3633514088643319
Dummy Mean,1056,player_1,match_19,604.0,634.0,0.3196262645161289,0.3633514088643319
Dummy Mean,1057,player_1,match_19,634.0,664.0,0.3825130403225806,0.3633514088643319
Dummy Mean,1058,player_1,match_19,664.0,694.0,0.2664388306451613,0.3633514088643319
Dummy Mean,1059,player_1,match_19,694.0,724.0,0.4317197419354838,0.3633514088643319
Dummy Mean,1060,player_1,match_19,724.0,754.0,0.4267420435483871,0.3633514088643319
Dummy Mean,1061,player_1,match_19,754.0,784.0,0.3077548532258064,0.3633514088643319
Dummy Mean,1062,player_1,match_19,784.0,814.0,0.2900432338709677,0.3633514088643319
Dummy Mean,1063,player_1,match_19,814.0,844.0,0.3189259016129032,0.3633514088643319
Dummy Mean,1064,player_1,match_19,844.0,874.0,0.3310214225806451,0.3633514088643319
Dummy Mean,1065,player_1,match_19,874.0,904.0,0.4569588354838709,0.3633514088643319
Dummy Mean,1066,player_1,match_19,904.0,934.0,0.4133246967741935,0.3633514088643319
Dummy Mean,1067,player_1,match_19,934.0,964.0,0.4087482870967741,0.3633514088643319
Dummy Mean,1068,player_1,match_19,964.0,994.0,0.5050125741935484,0.3633514088643319
Dummy Mean,1069,player_1,match_19,994.0,1024.0,0.4477181580645161,0.3633514088643319
Dummy Mean,1104,player_1,match_2,4.0,34.0,0.2958652661290322,0.3633514088643319
Dummy Mean,1105,player_1,match_2,34.0,64.0,0.2775176467741935,0.3633514088643319
Dummy Mean,1106,player_1,match_2,64.0,94.0,0.2637238629032258,0.3633514088643319
Dummy Mean,1107,player_1,match_2,94.0,124.0,0.2586034,0.3633514088643319
Dummy Mean,1108,player_1,match_2,124.0,154.0,0.3067604274193548,0.3633514088643319
Dummy Mean,1109,player_1,match_2,154.0,184.0,0.3346776854838709,0.3633514088643319
Dummy Mean,1110,player_1,match_2,184.0,214.0,0.2801252564516128,0.3633514088643319
Dummy Mean,1111,player_1,match_2,214.0,244.0,0.3093890403225806,0.3633514088643319
Dummy Mean,1112,player_1,match_2,244.0,274.0,0.2566419408602149,0.3633514088643319
Dummy Mean,1113,player_1,match_2,274.0,304.0,0.2652927387096773,0.3633514088643319
Dummy Mean,1114,player_1,match_2,304.0,334.0,0.2742754129032257,0.3633514088643319
Dummy Mean,1115,player_1,match_2,334.0,364.0,0.3004889838709677,0.3633514088643319
Dummy Mean,1116,player_1,match_2,364.0,394.0,0.2880322241935483,0.3633514088643319
Dummy Mean,1117,player_1,match_2,394.0,424.0,0.2722221096774193,0.3633514088643319
Dummy Mean,1118,player_1,match_2,424.0,454.0,0.2656520806451613,0.3633514088643319
Dummy Mean,1119,player_1,match_2,454.0,484.0,0.3102619983870968,0.3633514088643319
Dummy Mean,1120,player_1,match_2,484.0,514.0,0.2792051919354838,0.3633514088643319
Dummy Mean,1121,player_1,match_2,514.0,544.0,0.3022927983870968,0.3633514088643319
Dummy Mean,1122,player_1,match_2,544.0,574.0,0.2844382032258064,0.3633514088643319
Dummy Mean,1123,player_1,match_2,574.0,604.0,0.2853032274193547,0.3633514088643319
Dummy Mean,1124,player_1,match_2,604.0,634.0,0.2881203322580645,0.3633514088643319
Dummy Mean,1125,player_1,match_2,634.0,664.0,0.3373394419354838,0.3633514088643319
Dummy Mean,1126,player_1,match_2,664.0,694.0,0.2931663677419354,0.3633514088643319
Dummy Mean,1127,player_1,match_2,694.0,724.0,0.28431085,0.3633514088643319
Dummy Mean,1128,player_1,match_2,724.0,754.0,0.3184956838709677,0.3633514088643319
Dummy Mean,1129,player_1,match_2,754.0,784.0,0.3055769,0.3633514088643319
Dummy Mean,1130,player_1,match_2,784.0,814.0,0.2926449499999999,0.3633514088643319
Dummy Mean,1131,player_1,match_2,814.0,844.0,0.3067503661290321,0.3633514088643319
Dummy Mean,1132,player_1,match_2,844.0,874.0,0.289839793548387,0.3633514088643319
Dummy Mean,1133,player_1,match_2,874.0,904.0,0.3378765919354839,0.3633514088643319
Dummy Mean,1134,player_1,match_2,904.0,934.0,0.3269790983870967,0.3633514088643319
Dummy Mean,1135,player_1,match_2,934.0,964.0,0.3132642403225806,0.3633514088643319
Dummy Mean,1136,player_1,match_2,964.0,994.0,0.3223875709677419,0.3633514088643319
Dummy Mean,1137,player_1,match_2,994.0,1024.0,0.3215101564516129,0.3633514088643319
Dummy Mean,1138,player_1,match_2,1024.0,1054.0,0.3371445725806451,0.3633514088643319
Dummy Mean,1139,player_1,match_20,8.0,38.0,0.3989269854838709,0.3633514088643319
Dummy Mean,1140,player_1,match_20,38.0,68.0,0.4316900344086021,0.3633514088643319
Dummy Mean,1141,player_1,match_20,68.0,98.0,0.3397370677419354,0.3633514088643319
Dummy Mean,1142,player_1,match_20,98.0,128.0,0.3017111225806451,0.3633514088643319
Dummy Mean,1143,player_1,match_20,128.0,158.0,0.3798366677419355,0.3633514088643319
Dummy Mean,1144,player_1,match_20,158.0,188.0,0.3745574080645161,0.3633514088643319
Dummy Mean,1145,player_1,match_20,188.0,218.0,0.3556796903225807,0.3633514088643319
Dummy Mean,1146,player_1,match_20,218.0,248.0,0.3473440016129032,0.3633514088643319
Dummy Mean,1147,player_1,match_20,248.0,278.0,0.3123709129032258,0.3633514088643319
Dummy Mean,1148,player_1,match_20,278.0,308.0,0.3874297354838709,0.3633514088643319
Dummy Mean,1149,player_1,match_20,308.0,338.0,0.3102420612903225,0.3633514088643319
Dummy Mean,1150,player_1,match_20,338.0,368.0,0.3197564532258065,0.3633514088643319
Dummy Mean,1151,player_1,match_20,368.0,398.0,0.4100833096774193,0.3633514088643319
Dummy Mean,1152,player_1,match_20,398.0,428.0,0.393396693548387,0.3633514088643319
Dummy Mean,1153,player_1,match_20,428.0,458.0,0.385809793548387,0.3633514088643319
Dummy Mean,1154,player_1,match_20,458.0,488.0,0.3220859338709677,0.3633514088643319
Dummy Mean,1155,player_1,match_20,488.0,518.0,0.4059238080645161,0.3633514088643319
Dummy Mean,1156,player_1,match_20,518.0,548.0,0.4215177967741935,0.3633514088643319
Dummy Mean,1157,player_1,match_20,548.0,578.0,0.4170904209677418,0.3633514088643319
Dummy Mean,1158,player_1,match_20,578.0,608.0,0.3580198709677418,0.3633514088643319
Dummy Mean,1159,player_1,match_20,608.0,638.0,0.3240940629032258,0.3633514088643319
Dummy Mean,1160,player_1,match_20,638.0,668.0,0.4082569467741935,0.3633514088643319
Dummy Mean,1161,player_1,match_20,668.0,698.0,0.3032243564516129,0.3633514088643319
Dummy Mean,1162,player_1,match_20,698.0,728.0,0.3439332903225806,0.3633514088643319
Dummy Mean,1163,player_1,match_20,728.0,758.0,0.3478509258064515,0.3633514088643319
Dummy Mean,1164,player_1,match_20,758.0,788.0,0.4013233741935483,0.3633514088643319
Dummy Mean,1165,player_1,match_20,788.0,818.0,0.4152917016129032,0.3633514088643319
Dummy Mean,1166,player_1,match_20,818.0,848.0,0.424755858064516,0.3633514088643319
Dummy Mean,1167,player_1,match_20,848.0,878.0,0.3946000548387096,0.3633514088643319
Dummy Mean,1168,player_1,match_20,878.0,908.0,0.3284972451612902,0.3633514088643319
Dummy Mean,1169,player_1,match_20,908.0,938.0,0.4403926483870967,0.3633514088643319
Dummy Mean,1170,player_1,match_20,938.0,968.0,0.4816861806451612,0.3633514088643319
Dummy Mean,1171,player_1,match_20,968.0,998.0,0.4418031258064515,0.3633514088643319
Dummy Mean,1172,player_1,match_20,998.0,1028.0,0.3454945629032258,0.3633514088643319
Dummy Mean,1173,player_1,match_20,1028.0,1058.0,0.3381067080645161,0.3633514088643319
Dummy Mean,1174,player_1,match_20,1058.0,1088.0,0.3687248887096774,0.3633514088643319
Dummy Mean,1175,player_1,match_20,1088.0,1118.0,0.4259811403225805,0.3633514088643319
Dummy Mean,1176,player_1,match_20,1118.0,1148.0,0.418253,0.3633514088643319
Dummy Mean,1177,player_1,match_20,1148.0,1178.0,0.419524279032258,0.3633514088643319
Dummy Mean,1178,player_1,match_20,1178.0,1208.0,0.3381845822580644,0.3633514088643319
Dummy Mean,1179,player_1,match_20,1208.0,1238.0,0.3538950322580645,0.3633514088643319
Dummy Mean,1180,player_1,match_20,1238.0,1268.0,0.3349326193548387,0.3633514088643319
Dummy Mean,1181,player_1,match_20,1268.0,1298.0,0.4908100338709676,0.3633514088643319
Dummy Mean,1182,player_1,match_20,1298.0,1328.0,0.4540041129032258,0.3633514088643319
Dummy Mean,1183,player_1,match_20,1328.0,1358.0,0.3569337725806452,0.3633514088643319
Dummy Mean,1184,player_1,match_20,1358.0,1388.0,0.4102828046594982,0.3633514088643319
Dummy Mean,1231,player_1,match_21,3.0,33.0,0.4004845535483871,0.3633514088643319
Dummy Mean,1232,player_1,match_21,33.0,63.0,0.4099569516129032,0.3633514088643319
Dummy Mean,1233,player_1,match_21,63.0,93.0,0.4049818806451613,0.3633514088643319
Dummy Mean,1234,player_1,match_21,93.0,123.0,0.3200000661290322,0.3633514088643319
Dummy Mean,1235,player_1,match_21,123.0,153.0,0.3533985403225805,0.3633514088643319
Dummy Mean,1236,player_1,match_21,153.0,183.0,0.3228522677419354,0.3633514088643319
Dummy Mean,1237,player_1,match_21,183.0,213.0,0.3965992741935483,0.3633514088643319
Dummy Mean,1238,player_1,match_21,213.0,243.0,0.3613735806451612,0.3633514088643319
Dummy Mean,1239,player_1,match_21,243.0,273.0,0.3413423725806451,0.3633514088643319
Dummy Mean,1240,player_1,match_21,273.0,303.0,0.3935567467741935,0.3633514088643319
Dummy Mean,1241,player_1,match_21,303.0,333.0,0.4224229661290322,0.3633514088643319
Dummy Mean,1242,player_1,match_21,333.0,363.0,0.4005380483870967,0.3633514088643319
Dummy Mean,1243,player_1,match_21,363.0,393.0,0.4055830661290321,0.3633514088643319
Dummy Mean,1244,player_1,match_21,393.0,423.0,0.3407616548387097,0.3633514088643319
Dummy Mean,1245,player_1,match_21,423.0,453.0,0.3872321983870967,0.3633514088643319
Dummy Mean,1246,player_1,match_21,453.0,483.0,0.3013079306451613,0.3633514088643319
Dummy Mean,1247,player_1,match_21,483.0,513.0,0.2541387903225806,0.3633514088643319
Dummy Mean,1248,player_1,match_21,513.0,543.0,0.3072809516129032,0.3633514088643319
Dummy Mean,1249,player_1,match_21,543.0,573.0,0.3827155387096774,0.3633514088643319
Dummy Mean,1250,player_1,match_21,573.0,603.0,0.2854157129032257,0.3633514088643319
Dummy Mean,1251,player_1,match_21,603.0,633.0,0.3713720967741934,0.3633514088643319
Dummy Mean,1252,player_1,match_21,633.0,663.0,0.3908297422939067,0.3633514088643319
Dummy Mean,1253,player_1,match_21,663.0,693.0,0.4158240161290322,0.3633514088643319
Dummy Mean,1254,player_1,match_21,693.0,723.0,0.377770993548387,0.3633514088643319
Dummy Mean,1255,player_1,match_21,723.0,753.0,0.3551171693548386,0.3633514088643319
Dummy Mean,1256,player_1,match_21,753.0,783.0,0.6543495838709678,0.3633514088643319
Dummy Mean,1257,player_1,match_21,783.0,813.0,0.6062418838709678,0.3633514088643319
Dummy Mean,1258,player_1,match_21,813.0,843.0,0.4450721623655913,0.3633514088643319
Dummy Mean,1259,player_1,match_21,843.0,873.0,0.3495499709677419,0.3633514088643319
Dummy Mean,1260,player_1,match_21,873.0,903.0,0.3791292774193547,0.3633514088643319
Dummy Mean,1261,player_1,match_21,903.0,933.0,0.5089486177419356,0.3633514088643319
Dummy Mean,1262,player_1,match_21,933.0,963.0,0.3916851064516128,0.3633514088643319
Dummy Mean,1263,player_1,match_21,963.0,993.0,0.3715880693548387,0.3633514088643319
Dummy Mean,1330,player_1,match_3,0.0,30.0,0.3446366951612903,0.3633514088643319
Dummy Mean,1331,player_1,match_3,30.0,60.0,0.3109970064516129,0.3633514088643319
Dummy Mean,1332,player_1,match_3,60.0,90.0,0.326121629032258,0.3633514088643319
Dummy Mean,1333,player_1,match_3,90.0,120.0,0.329823464516129,0.3633514088643319
Dummy Mean,1334,player_1,match_3,120.0,150.0,0.3237445967741935,0.3633514088643319
Dummy Mean,1335,player_1,match_3,150.0,180.0,0.337025514516129,0.3633514088643319
Dummy Mean,1336,player_1,match_3,180.0,210.0,0.3217871096774193,0.3633514088643319
Dummy Mean,1337,player_1,match_3,210.0,240.0,0.3234279951612903,0.3633514088643319
Dummy Mean,1338,player_1,match_3,240.0,270.0,0.3458482322580645,0.3633514088643319
Dummy Mean,1339,player_1,match_3,270.0,300.0,0.3226254032258064,0.3633514088643319
Dummy Mean,1340,player_1,match_3,300.0,330.0,0.3182741322580644,0.3633514088643319
Dummy Mean,1341,player_1,match_3,330.0,360.0,0.3315618693548386,0.3633514088643319
Dummy Mean,1342,player_1,match_3,360.0,390.0,0.3394417532258064,0.3633514088643319
Dummy Mean,1343,player_1,match_3,390.0,420.0,0.322517014874552,0.3633514088643319
Dummy Mean,1344,player_1,match_3,420.0,450.0,0.3606450629032257,0.3633514088643319
Dummy Mean,1345,player_1,match_3,450.0,480.0,0.3394956532258064,0.3633514088643319
Dummy Mean,1346,player_1,match_3,480.0,510.0,0.3613336209677419,0.3633514088643319
Dummy Mean,1347,player_1,match_3,510.0,540.0,0.3539220612903225,0.3633514088643319
Dummy Mean,1348,player_1,match_3,540.0,570.0,0.4476641435483871,0.3633514088643319
Dummy Mean,1349,player_1,match_3,570.0,600.0,0.3146005225806451,0.3633514088643319
Dummy Mean,1350,player_1,match_3,600.0,630.0,0.3320542483870968,0.3633514088643319
Dummy Mean,1351,player_1,match_3,630.0,660.0,0.3357328080645161,0.3633514088643319
Dummy Mean,1352,player_1,match_3,660.0,690.0,0.3524776774193549,0.3633514088643319
Dummy Mean,1353,player_1,match_3,690.0,720.0,0.3604634919354839,0.3633514088643319
Dummy Mean,1354,player_1,match_3,720.0,750.0,0.343651643548387,0.3633514088643319
Dummy Mean,1355,player_1,match_3,750.0,780.0,0.3439974709677419,0.3633514088643319
Dummy Mean,1356,player_1,match_3,780.0,810.0,0.3666215258064516,0.3633514088643319
Dummy Mean,1357,player_1,match_3,810.0,840.0,0.3664728241935484,0.3633514088643319
Dummy Mean,1358,player_1,match_3,840.0,870.0,0.3279021645161291,0.3633514088643319
Dummy Mean,1359,player_1,match_3,870.0,900.0,0.3354657758064516,0.3633514088643319
Dummy Mean,1360,player_1,match_3,900.0,930.0,0.3314160274193548,0.3633514088643319
Dummy Mean,1361,player_1,match_3,930.0,960.0,0.322504043548387,0.3633514088643319
Dummy Mean,1362,player_1,match_3,960.0,990.0,0.3488482370967741,0.3633514088643319
Dummy Mean,1363,player_1,match_3,990.0,1020.0,0.3799896870967741,0.3633514088643319
Dummy Mean,1364,player_1,match_3,1020.0,1050.0,0.471963843548387,0.3633514088643319
Dummy Mean,1365,player_1,match_3,1050.0,1080.0,0.4195100596774193,0.3633514088643319
Dummy Mean,1366,player_1,match_3,1080.0,1110.0,0.4289013516129032,0.3633514088643319
Dummy Mean,1367,player_1,match_3,1110.0,1140.0,0.3872684548387097,0.3633514088643319
Dummy Mean,1368,player_1,match_3,1140.0,1170.0,0.3958297032258063,0.3633514088643319
Dummy Mean,1369,player_1,match_3,1170.0,1200.0,0.4394950258064516,0.3633514088643319
Dummy Mean,1370,player_1,match_3,1200.0,1230.0,0.4009759838709676,0.3633514088643319
Dummy Mean,1371,player_1,match_3,1230.0,1260.0,0.4137728451612903,0.3633514088643319
Dummy Mean,1372,player_1,match_3,1260.0,1290.0,0.3938032241935484,0.3633514088643319
Dummy Mean,1373,player_1,match_3,1290.0,1320.0,0.3852829967741935,0.3633514088643319
Dummy Mean,1374,player_1,match_3,1320.0,1350.0,0.309360026344086,0.3633514088643319
Dummy Mean,1375,player_1,match_3,1350.0,1380.0,0.318415143548387,0.3633514088643319
Dummy Mean,1376,player_1,match_3,1380.0,1410.0,0.3252842548387097,0.3633514088643319
Dummy Mean,1377,player_1,match_3,1410.0,1440.0,0.3482156177419355,0.3633514088643319
Dummy Mean,1378,player_1,match_3,1440.0,1470.0,0.3271847951612903,0.3633514088643319
Dummy Mean,1379,player_1,match_3,1470.0,1500.0,0.3052435903225806,0.3633514088643319
Dummy Mean,1380,player_1,match_3,1500.0,1530.0,0.3606436612903225,0.3633514088643319
Dummy Mean,1381,player_1,match_3,1530.0,1560.0,0.3602180016129032,0.3633514088643319
Dummy Mean,164,player_2,match_11,171.0,201.0,0.2623217354838709,0.37107489582765274
Dummy Mean,165,player_2,match_11,201.0,231.0,0.2642272387096774,0.37107489582765274
Dummy Mean,166,player_2,match_11,231.0,261.0,0.2897477274193548,0.37107489582765274
Dummy Mean,167,player_2,match_11,261.0,291.0,0.2672184693548387,0.37107489582765274
Dummy Mean,168,player_2,match_11,291.0,321.0,0.3197311193548386,0.37107489582765274
Dummy Mean,169,player_2,match_11,321.0,351.0,0.2947617032258064,0.37107489582765274
Dummy Mean,170,player_2,match_11,351.0,381.0,0.2879285322580645,0.37107489582765274
Dummy Mean,171,player_2,match_11,381.0,411.0,0.2963167114695341,0.37107489582765274
Dummy Mean,172,player_2,match_11,411.0,441.0,0.3226705258064515,0.37107489582765274
Dummy Mean,173,player_2,match_11,441.0,471.0,0.3006176103942651,0.37107489582765274
Dummy Mean,174,player_2,match_11,471.0,501.0,0.3150016870967741,0.37107489582765274
Dummy Mean,175,player_2,match_11,501.0,531.0,0.319758179032258,0.37107489582765274
Dummy Mean,176,player_2,match_11,531.0,561.0,0.3478589580645161,0.37107489582765274
Dummy Mean,177,player_2,match_11,561.0,591.0,0.3491936887096774,0.37107489582765274
Dummy Mean,178,player_2,match_11,591.0,621.0,0.3256973661290322,0.37107489582765274
Dummy Mean,179,player_2,match_11,621.0,651.0,0.3642662774193548,0.37107489582765274
Dummy Mean,180,player_2,match_11,651.0,681.0,0.3218441629032258,0.37107489582765274
Dummy Mean,181,player_2,match_11,681.0,711.0,0.3067237870967741,0.37107489582765274
Dummy Mean,182,player_2,match_11,711.0,741.0,0.3288741129032257,0.37107489582765274
Dummy Mean,183,player_2,match_11,741.0,771.0,0.3536145096774193,0.37107489582765274
Dummy Mean,184,player_2,match_11,771.0,801.0,0.3532903854838709,0.37107489582765274
Dummy Mean,185,player_2,match_11,801.0,831.0,0.3739670596774193,0.37107489582765274
Dummy Mean,186,player_2,match_11,831.0,861.0,0.373655414516129,0.37107489582765274
Dummy Mean,187,player_2,match_11,861.0,891.0,0.3933243725806451,0.37107489582765274
Dummy Mean,188,player_2,match_11,891.0,921.0,0.3680768258064516,0.37107489582765274
Dummy Mean,189,player_2,match_11,921.0,951.0,0.3522220774193548,0.37107489582765274
Dummy Mean,190,player_2,match_11,951.0,981.0,0.3449581516129031,0.37107489582765274
Dummy Mean,191,player_2,match_11,981.0,1011.0,0.3654426387096773,0.37107489582765274
Dummy Mean,192,player_2,match_11,1011.0,1041.0,0.3250653225806451,0.37107489582765274
Dummy Mean,193,player_2,match_11,1041.0,1071.0,0.3537423403225806,0.37107489582765274
Dummy Mean,194,player_2,match_11,1071.0,1101.0,0.3534418838709677,0.37107489582765274
Dummy Mean,195,player_2,match_11,1101.0,1131.0,0.402032293548387,0.37107489582765274
Dummy Mean,196,player_2,match_11,1131.0,1161.0,0.353488993548387,0.37107489582765274
Dummy Mean,197,player_2,match_11,1161.0,1191.0,0.3527295758064516,0.37107489582765274
Dummy Mean,198,player_2,match_11,1191.0,1221.0,0.3663112983870968,0.37107489582765274
Dummy Mean,199,player_2,match_11,1221.0,1251.0,0.3421548838709678,0.37107489582765274
Dummy Mean,200,player_2,match_11,1251.0,1281.0,0.3399633569892473,0.37107489582765274
Dummy Mean,201,player_2,match_11,1281.0,1311.0,0.3775074919354838,0.37107489582765274
Dummy Mean,202,player_2,match_11,1311.0,1341.0,0.3787978612903226,0.37107489582765274
Dummy Mean,203,player_2,match_11,1341.0,1371.0,0.3619137467741935,0.37107489582765274
Dummy Mean,204,player_2,match_11,1371.0,1401.0,0.3974881903225806,0.37107489582765274
Dummy Mean,205,player_2,match_11,1401.0,1431.0,0.3531865903225805,0.37107489582765274
Dummy Mean,206,player_2,match_11,1431.0,1461.0,0.355686429032258,0.37107489582765274
Dummy Mean,207,player_2,match_11,1461.0,1491.0,0.3920973467741935,0.37107489582765274
Dummy Mean,208,player_2,match_11,1491.0,1521.0,0.2766111258064515,0.37107489582765274
Dummy Mean,209,player_2,match_11,1521.0,1551.0,0.203704429032258,0.37107489582765274
Dummy Mean,210,player_2,match_11,1551.0,1581.0,0.3272110537634408,0.37107489582765274
Dummy Mean,211,player_2,match_11,1581.0,1611.0,0.3821864854838709,0.37107489582765274
Dummy Mean,212,player_2,match_11,1611.0,1641.0,0.3492578951612903,0.37107489582765274
Dummy Mean,213,player_2,match_11,1641.0,1671.0,0.3789353112903225,0.37107489582765274
Dummy Mean,214,player_2,match_11,1671.0,1701.0,0.3978354161290323,0.37107489582765274
Dummy Mean,215,player_2,match_11,1701.0,1731.0,0.3644581532258064,0.37107489582765274
Dummy Mean,216,player_2,match_11,1731.0,1761.0,0.3794783499999999,0.37107489582765274
Dummy Mean,217,player_2,match_11,1761.0,1791.0,0.343785158064516,0.37107489582765274
Dummy Mean,218,player_2,match_11,1791.0,1821.0,0.3737829274193548,0.37107489582765274
Dummy Mean,219,player_2,match_11,1821.0,1851.0,0.3272990322580645,0.37107489582765274
Dummy Mean,220,player_2,match_11,1851.0,1881.0,0.3433125677419354,0.37107489582765274
Dummy Mean,221,player_2,match_11,1881.0,1911.0,0.3572977758064516,0.37107489582765274
Dummy Mean,222,player_2,match_11,1911.0,1941.0,0.4145039112903225,0.37107489582765274
Dummy Mean,223,player_2,match_11,1941.0,1971.0,0.3868440903225806,0.37107489582765274
Dummy Mean,224,player_2,match_11,1971.0,2001.0,0.3498666951612902,0.37107489582765274
Dummy Mean,225,player_2,match_11,2001.0,2031.0,0.3401527967741935,0.37107489582765274
Dummy Mean,226,player_2,match_11,2031.0,2061.0,0.2524957580645161,0.37107489582765274
Dummy Mean,227,player_2,match_11,2061.0,2091.0,0.2840511193548386,0.37107489582765274
Dummy Mean,228,player_2,match_11,2091.0,2121.0,0.3270610548387096,0.37107489582765274
Dummy Mean,229,player_2,match_11,2121.0,2151.0,0.3724038903225806,0.37107489582765274
Dummy Mean,230,player_2,match_11,2151.0,2181.0,0.3577526896057347,0.37107489582765274
Dummy Mean,231,player_2,match_11,2181.0,2211.0,0.3386293274193548,0.37107489582765274
Dummy Mean,397,player_2,match_12,235.0,265.0,0.3823774387096774,0.37107489582765274
Dummy Mean,398,player_2,match_12,265.0,295.0,0.185351493548387,0.37107489582765274
Dummy Mean,399,player_2,match_12,295.0,325.0,0.3765021580645161,0.37107489582765274
Dummy Mean,400,player_2,match_12,325.0,355.0,0.2657585096774193,0.37107489582765274
Dummy Mean,401,player_2,match_12,355.0,385.0,0.2251858177419354,0.37107489582765274
Dummy Mean,402,player_2,match_12,385.0,415.0,0.3591942516129032,0.37107489582765274
Dummy Mean,403,player_2,match_12,415.0,445.0,0.3646629112903226,0.37107489582765274
Dummy Mean,404,player_2,match_12,445.0,475.0,0.4387410129032257,0.37107489582765274
Dummy Mean,405,player_2,match_12,475.0,505.0,0.4251420129032257,0.37107489582765274
Dummy Mean,406,player_2,match_12,505.0,535.0,0.3513109016129032,0.37107489582765274
Dummy Mean,407,player_2,match_12,535.0,565.0,0.4308218306451612,0.37107489582765274
Dummy Mean,408,player_2,match_12,565.0,595.0,0.3958078387096774,0.37107489582765274
Dummy Mean,409,player_2,match_12,595.0,625.0,0.4089173139784946,0.37107489582765274
Dummy Mean,410,player_2,match_12,625.0,655.0,0.4168825080645161,0.37107489582765274
Dummy Mean,411,player_2,match_12,655.0,685.0,0.4286712467741935,0.37107489582765274
Dummy Mean,412,player_2,match_12,685.0,715.0,0.3285415370967741,0.37107489582765274
Dummy Mean,413,player_2,match_12,715.0,745.0,0.3409090370967741,0.37107489582765274
Dummy Mean,414,player_2,match_12,745.0,775.0,0.3877052741935483,0.37107489582765274
Dummy Mean,415,player_2,match_12,775.0,805.0,0.2174056338709677,0.37107489582765274
Dummy Mean,416,player_2,match_12,805.0,835.0,0.2127050419354837,0.37107489582765274
Dummy Mean,417,player_2,match_12,835.0,865.0,0.3839272258064515,0.37107489582765274
Dummy Mean,418,player_2,match_12,865.0,895.0,0.4120720758064515,0.37107489582765274
Dummy Mean,535,player_2,match_13,136.0,166.0,0.3203768499999999,0.37107489582765274
Dummy Mean,536,player_2,match_13,166.0,196.0,0.3510273596774194,0.37107489582765274
Dummy Mean,537,player_2,match_13,196.0,226.0,0.3371809887096774,0.37107489582765274
Dummy Mean,538,player_2,match_13,226.0,256.0,0.383885364516129,0.37107489582765274
Dummy Mean,539,player_2,match_13,256.0,286.0,0.3411146758064516,0.37107489582765274
Dummy Mean,540,player_2,match_13,286.0,316.0,0.3868784494623656,0.37107489582765274
Dummy Mean,541,player_2,match_13,316.0,346.0,0.3792455322580644,0.37107489582765274
Dummy Mean,542,player_2,match_13,346.0,376.0,0.3741152919354837,0.37107489582765274
Dummy Mean,543,player_2,match_13,376.0,406.0,0.3264390580645161,0.37107489582765274
Dummy Mean,544,player_2,match_13,406.0,436.0,0.3255267806451613,0.37107489582765274
Dummy Mean,545,player_2,match_13,436.0,466.0,0.3150696709677419,0.37107489582765274
Dummy Mean,546,player_2,match_13,466.0,496.0,0.4319719096774194,0.37107489582765274
Dummy Mean,547,player_2,match_13,496.0,526.0,0.4407557629032258,0.37107489582765274
Dummy Mean,548,player_2,match_13,526.0,556.0,0.3546817096774193,0.37107489582765274
Dummy Mean,549,player_2,match_13,556.0,586.0,0.3732421043010752,0.37107489582765274
Dummy Mean,550,player_2,match_13,586.0,616.0,0.3148285612903225,0.37107489582765274
Dummy Mean,551,player_2,match_13,616.0,646.0,0.3574014596774193,0.37107489582765274
Dummy Mean,552,player_2,match_13,646.0,676.0,0.3697791403225806,0.37107489582765274
Dummy Mean,553,player_2,match_13,676.0,706.0,0.4517991048387096,0.37107489582765274
Dummy Mean,554,player_2,match_13,706.0,736.0,0.4374386838709677,0.37107489582765274
Dummy Mean,555,player_2,match_13,736.0,766.0,0.3904528258064516,0.37107489582765274
Dummy Mean,556,player_2,match_13,766.0,796.0,0.348101143548387,0.37107489582765274
Dummy Mean,557,player_2,match_13,796.0,826.0,0.3713494290322581,0.37107489582765274
Dummy Mean,558,player_2,match_13,826.0,856.0,0.3897900387096774,0.37107489582765274
Dummy Mean,559,player_2,match_13,856.0,886.0,0.4105739999999999,0.37107489582765274
Dummy Mean,560,player_2,match_13,886.0,916.0,0.3379924193548387,0.37107489582765274
Dummy Mean,561,player_2,match_13,916.0,946.0,0.3449711725806451,0.37107489582765274
Dummy Mean,562,player_2,match_13,946.0,976.0,0.3369980064516129,0.37107489582765274
Dummy Mean,563,player_2,match_13,976.0,1006.0,0.4247304225806451,0.37107489582765274
Dummy Mean,564,player_2,match_13,1006.0,1036.0,0.3343436720430107,0.37107489582765274
Dummy Mean,565,player_2,match_13,1036.0,1066.0,0.3092625354838709,0.37107489582765274
Dummy Mean,566,player_2,match_13,1066.0,1096.0,0.3347051774193548,0.37107489582765274
Dummy Mean,567,player_2,match_13,1096.0,1126.0,0.3847860887096774,0.37107489582765274
Dummy Mean,568,player_2,match_13,1126.0,1156.0,0.3455779096774193,0.37107489582765274
Dummy Mean,569,player_2,match_13,1156.0,1186.0,0.3266729903225805,0.37107489582765274
Dummy Mean,570,player_2,match_13,1186.0,1216.0,0.422052343548387,0.37107489582765274
Dummy Mean,571,player_2,match_13,1216.0,1246.0,0.1645994806451612,0.37107489582765274
Dummy Mean,572,player_2,match_13,1246.0,1276.0,0.3763427903225806,0.37107489582765274
Dummy Mean,573,player_2,match_13,1276.0,1306.0,0.3162066,0.37107489582765274
Dummy Mean,574,player_2,match_13,1306.0,1336.0,0.3953508790322581,0.37107489582765274
Dummy Mean,575,player_2,match_13,1336.0,1366.0,0.3588329274193548,0.37107489582765274
Dummy Mean,576,player_2,match_13,1366.0,1396.0,0.3196100596774193,0.37107489582765274
Dummy Mean,577,player_2,match_13,1396.0,1426.0,0.2876119548387096,0.37107489582765274
Dummy Mean,578,player_2,match_13,1426.0,1456.0,0.2933735241935484,0.37107489582765274
Dummy Mean,579,player_2,match_13,1456.0,1486.0,0.3974378951612903,0.37107489582765274
Dummy Mean,580,player_2,match_13,1486.0,1516.0,0.3782936725806451,0.37107489582765274
Dummy Mean,581,player_2,match_13,1516.0,1546.0,0.3539775564516129,0.37107489582765274
Dummy Mean,582,player_2,match_13,1546.0,1576.0,0.3561329,0.37107489582765274
Dummy Mean,583,player_2,match_13,1576.0,1606.0,0.332876629032258,0.37107489582765274
Dummy Mean,584,player_2,match_13,1606.0,1636.0,0.3529130204301075,0.37107489582765274
Dummy Mean,585,player_2,match_13,1636.0,1666.0,0.3827875596774193,0.37107489582765274
Dummy Mean,586,player_2,match_13,1666.0,1696.0,0.3981103306451612,0.37107489582765274
Dummy Mean,587,player_2,match_13,1696.0,1726.0,0.3469473403225805,0.37107489582765274
Dummy Mean,588,player_2,match_13,1726.0,1756.0,0.3716753629032258,0.37107489582765274
Dummy Mean,589,player_2,match_13,1756.0,1786.0,0.3561163548387096,0.37107489582765274
Dummy Mean,590,player_2,match_13,1786.0,1816.0,0.3643941064516128,0.37107489582765274
Dummy Mean,591,player_2,match_13,1816.0,1846.0,0.3386539403225806,0.37107489582765274
Dummy Mean,592,player_2,match_13,1846.0,1876.0,0.1999594967741935,0.37107489582765274
Dummy Mean,593,player_2,match_13,1876.0,1906.0,0.3757436596774193,0.37107489582765274
Dummy Mean,594,player_2,match_13,1906.0,1936.0,0.3974150596774193,0.37107489582765274
Dummy Mean,595,player_2,match_13,1936.0,1966.0,0.3722060032258064,0.37107489582765274
Dummy Mean,596,player_2,match_13,1966.0,1996.0,0.4333785596774193,0.37107489582765274
Dummy Mean,597,player_2,match_13,1996.0,2026.0,0.4152561161290322,0.37107489582765274
Dummy Mean,598,player_2,match_13,2026.0,2056.0,0.3866705693548387,0.37107489582765274
Dummy Mean,599,player_2,match_13,2056.0,2086.0,0.4045804333333334,0.37107489582765274
Dummy Mean,783,player_2,match_14,387.0,417.0,0.37754,0.37107489582765274
Dummy Mean,784,player_2,match_14,417.0,447.0,0.37754,0.37107489582765274
Dummy Mean,785,player_2,match_14,447.0,477.0,0.37754,0.37107489582765274
Dummy Mean,786,player_2,match_14,477.0,507.0,0.37754,0.37107489582765274
Dummy Mean,787,player_2,match_14,507.0,537.0,0.37754,0.37107489582765274
Dummy Mean,788,player_2,match_14,537.0,567.0,0.3781911483870968,0.37107489582765274
Dummy Mean,789,player_2,match_14,567.0,597.0,0.377540464516129,0.37107489582765274
Dummy Mean,790,player_2,match_14,597.0,627.0,0.37754,0.37107489582765274
Dummy Mean,791,player_2,match_14,627.0,657.0,0.37754,0.37107489582765274
Dummy Mean,792,player_2,match_14,657.0,687.0,0.4035301129032258,0.37107489582765274
Dummy Mean,793,player_2,match_14,687.0,717.0,0.3785550129032257,0.37107489582765274
Dummy Mean,794,player_2,match_14,717.0,747.0,0.37754,0.37107489582765274
Dummy Mean,795,player_2,match_14,747.0,777.0,0.37754,0.37107489582765274
Dummy Mean,796,player_2,match_14,777.0,807.0,0.37754,0.37107489582765274
Dummy Mean,797,player_2,match_14,807.0,837.0,0.37754,0.37107489582765274
Dummy Mean,798,player_2,match_14,837.0,867.0,0.37754,0.37107489582765274
Dummy Mean,799,player_2,match_14,867.0,897.0,0.37754,0.37107489582765274
Dummy Mean,800,player_2,match_14,897.0,927.0,0.37754,0.37107489582765274
Dummy Mean,801,player_2,match_14,927.0,957.0,0.37754,0.37107489582765274
Dummy Mean,802,player_2,match_14,957.0,987.0,0.37754,0.37107489582765274
Dummy Mean,803,player_2,match_14,987.0,1017.0,0.37754,0.37107489582765274
Dummy Mean,804,player_2,match_14,1017.0,1047.0,0.37754,0.37107489582765274
Dummy Mean,805,player_2,match_14,1047.0,1077.0,0.37754,0.37107489582765274
Dummy Mean,806,player_2,match_14,1077.0,1107.0,0.37754,0.37107489582765274
Dummy Mean,807,player_2,match_14,1107.0,1137.0,0.37754,0.37107489582765274
Dummy Mean,808,player_2,match_14,1137.0,1167.0,0.37754,0.37107489582765274
Dummy Mean,809,player_2,match_14,1167.0,1197.0,0.37754,0.37107489582765274
Dummy Mean,810,player_2,match_14,1197.0,1227.0,0.37754,0.37107489582765274
Dummy Mean,811,player_2,match_14,1227.0,1257.0,0.37754,0.37107489582765274
Dummy Mean,812,player_2,match_14,1257.0,1287.0,0.37754,0.37107489582765274
Dummy Mean,813,player_2,match_14,1287.0,1317.0,0.37754,0.37107489582765274
Dummy Mean,814,player_2,match_14,1317.0,1347.0,0.37754,0.37107489582765274
Dummy Mean,815,player_2,match_14,1347.0,1377.0,0.37754,0.37107489582765274
Dummy Mean,816,player_2,match_14,1377.0,1407.0,0.37754,0.37107489582765274
Dummy Mean,817,player_2,match_14,1407.0,1437.0,0.37754,0.37107489582765274
Dummy Mean,818,player_2,match_14,1437.0,1467.0,0.37754,0.37107489582765274
Dummy Mean,819,player_2,match_14,1467.0,1497.0,0.37754,0.37107489582765274
Dummy Mean,820,player_2,match_14,1497.0,1527.0,0.37754,0.37107489582765274
Dummy Mean,821,player_2,match_14,1527.0,1557.0,0.37754,0.37107489582765274
Dummy Mean,822,player_2,match_14,1557.0,1587.0,0.37754,0.37107489582765274
Dummy Mean,823,player_2,match_14,1587.0,1617.0,0.37754,0.37107489582765274
Dummy Mean,824,player_2,match_14,1617.0,1647.0,0.37754,0.37107489582765274
Dummy Mean,825,player_2,match_14,1647.0,1677.0,0.37754,0.37107489582765274
Dummy Mean,826,player_2,match_14,1677.0,1707.0,0.37754,0.37107489582765274
Dummy Mean,827,player_2,match_14,1707.0,1737.0,0.37754,0.37107489582765274
Dummy Mean,828,player_2,match_14,1737.0,1767.0,0.37754,0.37107489582765274
Dummy Mean,829,player_2,match_14,1767.0,1797.0,0.37754,0.37107489582765274
Dummy Mean,830,player_2,match_14,1797.0,1827.0,0.37754,0.37107489582765274
Dummy Mean,831,player_2,match_14,1827.0,1857.0,0.37754,0.37107489582765274
Dummy Mean,832,player_2,match_14,1857.0,1887.0,0.37754,0.37107489582765274
Dummy Mean,959,player_2,match_18,60.0,90.0,0.1265018822580644,0.37107489582765274
Dummy Mean,960,player_2,match_18,90.0,120.0,0.1975462064516129,0.37107489582765274
Dummy Mean,961,player_2,match_18,120.0,150.0,0.2099745709677419,0.37107489582765274
Dummy Mean,962,player_2,match_18,150.0,180.0,0.0826861806451612,0.37107489582765274
Dummy Mean,963,player_2,match_18,180.0,210.0,0.2091167494623655,0.37107489582765274
Dummy Mean,964,player_2,match_18,210.0,240.0,0.3536953494623656,0.37107489582765274
Dummy Mean,965,player_2,match_18,240.0,270.0,0.1985578064516128,0.37107489582765274
Dummy Mean,966,player_2,match_18,270.0,300.0,0.2462889161290322,0.37107489582765274
Dummy Mean,967,player_2,match_18,300.0,330.0,0.2113078580645161,0.37107489582765274
Dummy Mean,968,player_2,match_18,330.0,360.0,0.2490650182795698,0.37107489582765274
Dummy Mean,969,player_2,match_18,360.0,390.0,0.2353135241935482,0.37107489582765274
Dummy Mean,970,player_2,match_18,390.0,420.0,0.271110914516129,0.37107489582765274
Dummy Mean,971,player_2,match_18,420.0,450.0,0.2695514193548386,0.37107489582765274
Dummy Mean,972,player_2,match_18,450.0,480.0,0.2482327564516128,0.37107489582765274
Dummy Mean,973,player_2,match_18,480.0,510.0,0.3595352725806451,0.37107489582765274
Dummy Mean,974,player_2,match_18,510.0,540.0,0.308278529032258,0.37107489582765274
Dummy Mean,975,player_2,match_18,540.0,570.0,0.3052066870967741,0.37107489582765274
Dummy Mean,976,player_2,match_18,570.0,600.0,0.2898734112903225,0.37107489582765274
Dummy Mean,977,player_2,match_18,600.0,630.0,0.3177092387096774,0.37107489582765274
Dummy Mean,978,player_2,match_18,630.0,660.0,0.3329719306451612,0.37107489582765274
Dummy Mean,979,player_2,match_18,660.0,690.0,0.2306084451612902,0.37107489582765274
Dummy Mean,980,player_2,match_18,690.0,720.0,0.244525129032258,0.37107489582765274
Dummy Mean,981,player_2,match_18,720.0,750.0,0.2120635193548387,0.37107489582765274
Dummy Mean,982,player_2,match_18,750.0,780.0,0.1922719161290322,0.37107489582765274
Dummy Mean,983,player_2,match_18,780.0,810.0,0.1794149032258064,0.37107489582765274
Dummy Mean,984,player_2,match_18,810.0,840.0,0.2320613161290322,0.37107489582765274
Dummy Mean,985,player_2,match_18,840.0,870.0,0.2490118387096774,0.37107489582765274
Dummy Mean,986,player_2,match_18,870.0,900.0,0.2757308080645161,0.37107489582765274
Dummy Mean,987,player_2,match_18,900.0,930.0,0.2446298161290322,0.37107489582765274
Dummy Mean,988,player_2,match_18,930.0,960.0,0.1789727306451612,0.37107489582765274
Dummy Mean,989,player_2,match_18,960.0,990.0,0.2536165483870967,0.37107489582765274
Dummy Mean,990,player_2,match_18,990.0,1020.0,0.2800268999999999,0.37107489582765274
Dummy Mean,991,player_2,match_18,1020.0,1050.0,0.2928947903225806,0.37107489582765274
Dummy Mean,992,player_2,match_18,1050.0,1080.0,0.2163887064516128,0.37107489582765274
Dummy Mean,993,player_2,match_18,1080.0,1110.0,0.3134931435483871,0.37107489582765274
Dummy Mean,994,player_2,match_18,1110.0,1140.0,0.3098939064516128,0.37107489582765274
Dummy Mean,995,player_2,match_18,1140.0,1170.0,0.2688312241935483,0.37107489582765274
Dummy Mean,996,player_2,match_18,1170.0,1200.0,0.3347416741935483,0.37107489582765274
Dummy Mean,997,player_2,match_18,1200.0,1230.0,0.0762539999999999,0.37107489582765274
Dummy Mean,998,player_2,match_18,1230.0,1260.0,0.0521518854838709,0.37107489582765274
Dummy Mean,999,player_2,match_18,1260.0,1290.0,0.1586144403225806,0.37107489582765274
Dummy Mean,1000,player_2,match_18,1290.0,1320.0,0.2384119580645161,0.37107489582765274
Dummy Mean,1001,player_2,match_18,1320.0,1350.0,0.3153568064516128,0.37107489582765274
Dummy Mean,1002,player_2,match_18,1350.0,1380.0,0.3155417935483871,0.37107489582765274
Dummy Mean,1003,player_2,match_18,1380.0,1410.0,0.2526156806451612,0.37107489582765274
Dummy Mean,1004,player_2,match_18,1410.0,1440.0,0.2589049516129031,0.37107489582765274
Dummy Mean,1005,player_2,match_18,1440.0,1470.0,0.2961282112903225,0.37107489582765274
Dummy Mean,1006,player_2,match_18,1470.0,1500.0,0.3129078112903225,0.37107489582765274
Dummy Mean,1007,player_2,match_18,1500.0,1530.0,0.2726860612903224,0.37107489582765274
Dummy Mean,1008,player_2,match_18,1530.0,1560.0,0.3404677306451612,0.37107489582765274
Dummy Mean,1009,player_2,match_18,1560.0,1590.0,0.2039664564516129,0.37107489582765274
Dummy Mean,1010,player_2,match_18,1590.0,1620.0,0.2124868096774192,0.37107489582765274
Dummy Mean,1011,player_2,match_18,1620.0,1650.0,0.2476126612903225,0.37107489582765274
Dummy Mean,1012,player_2,match_18,1650.0,1680.0,0.135748929032258,0.37107489582765274
Dummy Mean,1013,player_2,match_18,1680.0,1710.0,0.115191614516129,0.37107489582765274
Dummy Mean,1014,player_2,match_18,1710.0,1740.0,0.3731333483870968,0.37107489582765274
Dummy Mean,1015,player_2,match_18,1740.0,1770.0,0.3617037661290322,0.37107489582765274
Dummy Mean,1016,player_2,match_18,1770.0,1800.0,0.3649500854838708,0.37107489582765274
Dummy Mean,1017,player_2,match_18,1800.0,1830.0,0.3476288967741935,0.37107489582765274
Dummy Mean,1018,player_2,match_18,1830.0,1860.0,0.3985812806451612,0.37107489582765274
Dummy Mean,1019,player_2,match_18,1860.0,1890.0,0.3817743887096774,0.37107489582765274
Dummy Mean,1020,player_2,match_18,1890.0,1920.0,0.356927079032258,0.37107489582765274
Dummy Mean,1021,player_2,match_18,1920.0,1950.0,0.3157491903225806,0.37107489582765274
Dummy Mean,1022,player_2,match_18,1950.0,1980.0,0.3775586666666666,0.37107489582765274
Dummy Mean,1023,player_2,match_18,1980.0,2010.0,0.3594133537634408,0.37107489582765274
Dummy Mean,1024,player_2,match_18,2010.0,2040.0,0.4103754096774193,0.37107489582765274
Dummy Mean,1025,player_2,match_18,2040.0,2070.0,0.3176464129032258,0.37107489582765274
Dummy Mean,1026,player_2,match_18,2070.0,2100.0,0.3474472919354838,0.37107489582765274
Dummy Mean,1027,player_2,match_18,2100.0,2130.0,0.299746214516129,0.37107489582765274
Dummy Mean,1028,player_2,match_18,2130.0,2160.0,0.3953248548387096,0.37107489582765274
Dummy Mean,1029,player_2,match_18,2160.0,2190.0,0.397874343548387,0.37107489582765274
Dummy Mean,1030,player_2,match_18,2190.0,2220.0,0.4384404854838709,0.37107489582765274
Dummy Mean,1031,player_2,match_18,2220.0,2250.0,0.3637582193548387,0.37107489582765274
Dummy Mean,1032,player_2,match_18,2250.0,2280.0,0.3811608516129032,0.37107489582765274
Dummy Mean,1033,player_2,match_18,2280.0,2310.0,0.3237115951612903,0.37107489582765274
Dummy Mean,1034,player_2,match_18,2310.0,2340.0,0.3820686064516129,0.37107489582765274
Dummy Mean,1035,player_2,match_18,2340.0,2370.0,0.2982503870967741,0.37107489582765274
Dummy Mean,1070,player_2,match_19,9.0,39.0,0.4060834774193548,0.37107489582765274
Dummy Mean,1071,player_2,match_19,39.0,69.0,0.3999022564516129,0.37107489582765274
Dummy Mean,1072,player_2,match_19,69.0,99.0,0.4453726790322579,0.37107489582765274
Dummy Mean,1073,player_2,match_19,99.0,129.0,0.4059080532258063,0.37107489582765274
Dummy Mean,1074,player_2,match_19,129.0,159.0,0.3937670322580644,0.37107489582765274
Dummy Mean,1075,player_2,match_19,159.0,189.0,0.3851306467741934,0.37107489582765274
Dummy Mean,1076,player_2,match_19,189.0,219.0,0.3742201854838709,0.37107489582765274
Dummy Mean,1077,player_2,match_19,219.0,249.0,0.4060936152329748,0.37107489582765274
Dummy Mean,1078,player_2,match_19,249.0,279.0,0.4037085854838709,0.37107489582765274
Dummy Mean,1079,player_2,match_19,279.0,309.0,0.4052885016129032,0.37107489582765274
Dummy Mean,1080,player_2,match_19,309.0,339.0,0.3836005999999999,0.37107489582765274
Dummy Mean,1081,player_2,match_19,339.0,369.0,0.4294711467741935,0.37107489582765274
Dummy Mean,1082,player_2,match_19,369.0,399.0,0.4184653096774193,0.37107489582765274
Dummy Mean,1083,player_2,match_19,399.0,429.0,0.4270351193548386,0.37107489582765274
Dummy Mean,1084,player_2,match_19,429.0,459.0,0.3484098999999999,0.37107489582765274
Dummy Mean,1085,player_2,match_19,459.0,489.0,0.3986019645161289,0.37107489582765274
Dummy Mean,1086,player_2,match_19,489.0,519.0,0.4025070096774193,0.37107489582765274
Dummy Mean,1087,player_2,match_19,519.0,549.0,0.3843973096774193,0.37107489582765274
Dummy Mean,1088,player_2,match_19,549.0,579.0,0.3863609736559139,0.37107489582765274
Dummy Mean,1089,player_2,match_19,579.0,609.0,0.4270561370967741,0.37107489582765274
Dummy Mean,1090,player_2,match_19,609.0,639.0,0.3807439193548386,0.37107489582765274
Dummy Mean,1091,player_2,match_19,639.0,669.0,0.3241944080645161,0.37107489582765274
Dummy Mean,1092,player_2,match_19,669.0,699.0,0.3452205983870967,0.37107489582765274
Dummy Mean,1093,player_2,match_19,699.0,729.0,0.3648051741935483,0.37107489582765274
Dummy Mean,1094,player_2,match_19,729.0,759.0,0.3879176193548387,0.37107489582765274
Dummy Mean,1095,player_2,match_19,759.0,789.0,0.221746990860215,0.37107489582765274
Dummy Mean,1096,player_2,match_19,789.0,819.0,0.4105747258064516,0.37107489582765274
Dummy Mean,1097,player_2,match_19,819.0,849.0,0.3722610903225806,0.37107489582765274
Dummy Mean,1098,player_2,match_19,849.0,879.0,0.3992315555555555,0.37107489582765274
Dummy Mean,1099,player_2,match_19,879.0,909.0,0.1642846532258064,0.37107489582765274
Dummy Mean,1100,player_2,match_19,909.0,939.0,0.2671454725806451,0.37107489582765274
Dummy Mean,1101,player_2,match_19,939.0,969.0,0.2620449625,0.37107489582765274
Dummy Mean,1102,player_2,match_19,969.0,999.0,0.2364008132616487,0.37107489582765274
Dummy Mean,1103,player_2,match_19,999.0,1029.0,0.0370114161290322,0.37107489582765274
Dummy Mean,1185,player_2,match_20,3.0,33.0,0.3649248661290322,0.37107489582765274
Dummy Mean,1186,player_2,match_20,33.0,63.0,0.3532953306451613,0.37107489582765274
Dummy Mean,1187,player_2,match_20,63.0,93.0,0.3162854048387096,0.37107489582765274
Dummy Mean,1188,player_2,match_20,93.0,123.0,0.3734763354838709,0.37107489582765274
Dummy Mean,1189,player_2,match_20,123.0,153.0,0.3243749870967741,0.37107489582765274
Dummy Mean,1190,player_2,match_20,153.0,183.0,0.3642842129032257,0.37107489582765274
Dummy Mean,1191,player_2,match_20,183.0,213.0,0.4011551274193548,0.37107489582765274
Dummy Mean,1192,player_2,match_20,213.0,243.0,0.3987028887096774,0.37107489582765274
Dummy Mean,1193,player_2,match_20,243.0,273.0,0.4171702661290322,0.37107489582765274
Dummy Mean,1194,player_2,match_20,273.0,303.0,0.3883569403225806,0.37107489582765274
Dummy Mean,1195,player_2,match_20,303.0,333.0,0.3630810870967741,0.37107489582765274
Dummy Mean,1196,player_2,match_20,333.0,363.0,0.3619397854838709,0.37107489582765274
Dummy Mean,1197,player_2,match_20,363.0,393.0,0.4000240064516129,0.37107489582765274
Dummy Mean,1198,player_2,match_20,393.0,423.0,0.3958978370967742,0.37107489582765274
Dummy Mean,1199,player_2,match_20,423.0,453.0,0.3788264956989247,0.37107489582765274
Dummy Mean,1200,player_2,match_20,453.0,483.0,0.3866072693548387,0.37107489582765274
Dummy Mean,1201,player_2,match_20,483.0,513.0,0.3692804177419354,0.37107489582765274
Dummy Mean,1202,player_2,match_20,513.0,543.0,0.3807831548387096,0.37107489582765274
Dummy Mean,1203,player_2,match_20,543.0,573.0,0.3897940709677419,0.37107489582765274
Dummy Mean,1204,player_2,match_20,573.0,603.0,0.3962242854838709,0.37107489582765274
Dummy Mean,1205,player_2,match_20,603.0,633.0,0.4124903048387096,0.37107489582765274
Dummy Mean,1206,player_2,match_20,633.0,663.0,0.3734338709677419,0.37107489582765274
Dummy Mean,1207,player_2,match_20,663.0,693.0,0.3012079919354838,0.37107489582765274
Dummy Mean,1208,player_2,match_20,693.0,723.0,0.2420556758064516,0.37107489582765274
Dummy Mean,1209,player_2,match_20,723.0,753.0,0.4108755774193547,0.37107489582765274
Dummy Mean,1210,player_2,match_20,753.0,783.0,0.4135165758064515,0.37107489582765274
Dummy Mean,1211,player_2,match_20,783.0,813.0,0.3825323967741935,0.37107489582765274
Dummy Mean,1212,player_2,match_20,813.0,843.0,0.3204939112903225,0.37107489582765274
Dummy Mean,1213,player_2,match_20,843.0,873.0,0.3248239623655913,0.37107489582765274
Dummy Mean,1214,player_2,match_20,873.0,903.0,0.3390274483870967,0.37107489582765274
Dummy Mean,1215,player_2,match_20,903.0,933.0,0.2100038483870968,0.37107489582765274
Dummy Mean,1216,player_2,match_20,933.0,963.0,0.1477797774193548,0.37107489582765274
Dummy Mean,1217,player_2,match_20,963.0,993.0,0.3258415209677419,0.37107489582765274
Dummy Mean,1218,player_2,match_20,993.0,1023.0,0.4287407661290321,0.37107489582765274
Dummy Mean,1219,player_2,match_20,1023.0,1053.0,0.375188664516129,0.37107489582765274
Dummy Mean,1220,player_2,match_20,1053.0,1083.0,0.287636293548387,0.37107489582765274
Dummy Mean,1221,player_2,match_20,1083.0,1113.0,0.4094436306451612,0.37107489582765274
Dummy Mean,1222,player_2,match_20,1113.0,1143.0,0.4046336467741935,0.37107489582765274
Dummy Mean,1223,player_2,match_20,1143.0,1173.0,0.4205949,0.37107489582765274
Dummy Mean,1224,player_2,match_20,1173.0,1203.0,0.3462300032258064,0.37107489582765274
Dummy Mean,1225,player_2,match_20,1203.0,1233.0,0.3347539983870967,0.37107489582765274
Dummy Mean,1226,player_2,match_20,1233.0,1263.0,0.3898393548387096,0.37107489582765274
Dummy Mean,1227,player_2,match_20,1263.0,1293.0,0.2886360112903225,0.37107489582765274
Dummy Mean,1228,player_2,match_20,1293.0,1323.0,0.387555341532258,0.37107489582765274
Dummy Mean,1229,player_2,match_20,1323.0,1353.0,0.1977938951612902,0.37107489582765274
Dummy Mean,1230,player_2,match_20,1353.0,1383.0,0.1413758629032257,0.37107489582765274
Dummy Mean,1264,player_2,match_21,0.0,30.0,0.3316527016129031,0.37107489582765274
Dummy Mean,1265,player_2,match_21,30.0,60.0,0.4313356112903225,0.37107489582765274
Dummy Mean,1266,player_2,match_21,60.0,90.0,0.4205158467741935,0.37107489582765274
Dummy Mean,1267,player_2,match_21,90.0,120.0,0.4387095387096774,0.37107489582765274
Dummy Mean,1268,player_2,match_21,120.0,150.0,0.4259962016129032,0.37107489582765274
Dummy Mean,1269,player_2,match_21,150.0,180.0,0.4316159854838709,0.37107489582765274
Dummy Mean,1270,player_2,match_21,180.0,210.0,0.4246090596774193,0.37107489582765274
Dummy Mean,1271,player_2,match_21,210.0,240.0,0.4406089822580645,0.37107489582765274
Dummy Mean,1272,player_2,match_21,240.0,270.0,0.4264212419354838,0.37107489582765274
Dummy Mean,1273,player_2,match_21,270.0,300.0,0.4309485145161289,0.37107489582765274
Dummy Mean,1274,player_2,match_21,300.0,330.0,0.4343007419354838,0.37107489582765274
Dummy Mean,1275,player_2,match_21,330.0,360.0,0.4346652887096773,0.37107489582765274
Dummy Mean,1276,player_2,match_21,360.0,390.0,0.4322045698924731,0.37107489582765274
Dummy Mean,1277,player_2,match_21,390.0,420.0,0.4265902258064515,0.37107489582765274
Dummy Mean,1278,player_2,match_21,420.0,450.0,0.397753393548387,0.37107489582765274
Dummy Mean,1279,player_2,match_21,450.0,480.0,0.3992529096774194,0.37107489582765274
Dummy Mean,1280,player_2,match_21,480.0,510.0,0.3918707790322581,0.37107489582765274
Dummy Mean,1281,player_2,match_21,510.0,540.0,0.3622043258064515,0.37107489582765274
Dummy Mean,1282,player_2,match_21,540.0,570.0,0.3974682854838709,0.37107489582765274
Dummy Mean,1283,player_2,match_21,570.0,600.0,0.4223756548387096,0.37107489582765274
Dummy Mean,1284,player_2,match_21,600.0,630.0,0.4193857483870967,0.37107489582765274
Dummy Mean,1285,player_2,match_21,630.0,660.0,0.4010296387096774,0.37107489582765274
Dummy Mean,1286,player_2,match_21,660.0,690.0,0.4042364161290322,0.37107489582765274
Dummy Mean,1287,player_2,match_21,690.0,720.0,0.4003329209677418,0.37107489582765274
Dummy Mean,1288,player_2,match_21,720.0,750.0,0.4350319516129032,0.37107489582765274
Dummy Mean,1289,player_2,match_21,750.0,780.0,0.4288246661290321,0.37107489582765274
Dummy Mean,1290,player_2,match_21,780.0,810.0,0.3615841693548387,0.37107489582765274
Dummy Mean,1291,player_2,match_21,810.0,840.0,0.3699863930107527,0.37107489582765274
Dummy Mean,1292,player_2,match_21,840.0,870.0,0.2764377032258064,0.37107489582765274
Dummy Mean,1293,player_2,match_21,870.0,900.0,0.2745093016129032,0.37107489582765274
Dummy Mean,1294,player_2,match_21,900.0,930.0,0.2856326790322581,0.37107489582765274
Dummy Mean,1295,player_2,match_21,930.0,960.0,0.330835379032258,0.37107489582765274
Dummy Mean,1296,player_2,match_21,960.0,990.0,0.4559655774193548,0.37107489582765274
Dummy Mean,81,player_3,match_10,7.0,37.0,0.4361331387096773,0.3657014340774526
Dummy Mean,82,player_3,match_10,37.0,67.0,0.4383647580645161,0.3657014340774526
Dummy Mean,83,player_3,match_10,67.0,97.0,0.3855034564516129,0.3657014340774526
Dummy Mean,84,player_3,match_10,97.0,127.0,0.3971516564516129,0.3657014340774526
Dummy Mean,85,player_3,match_10,127.0,157.0,0.4671472774193548,0.3657014340774526
Dummy Mean,86,player_3,match_10,157.0,187.0,0.4710231774193548,0.3657014340774526
Dummy Mean,87,player_3,match_10,187.0,217.0,0.4670338774193548,0.3657014340774526
Dummy Mean,88,player_3,match_10,217.0,247.0,0.4893131822580644,0.3657014340774526
Dummy Mean,232,player_3,match_11,4.0,34.0,0.3910243156682027,0.3657014340774526
Dummy Mean,233,player_3,match_11,34.0,64.0,0.3795904612903226,0.3657014340774526
Dummy Mean,234,player_3,match_11,64.0,94.0,0.3515901994906621,0.3657014340774526
Dummy Mean,235,player_3,match_11,94.0,124.0,0.3702416080645161,0.3657014340774526
Dummy Mean,236,player_3,match_11,124.0,154.0,0.3630615741935483,0.3657014340774526
Dummy Mean,237,player_3,match_11,154.0,184.0,0.3132434822580644,0.3657014340774526
Dummy Mean,238,player_3,match_11,184.0,214.0,0.3136218306451612,0.3657014340774526
Dummy Mean,239,player_3,match_11,214.0,244.0,0.3203669677419355,0.3657014340774526
Dummy Mean,240,player_3,match_11,244.0,274.0,0.3222881693548386,0.3657014340774526
Dummy Mean,241,player_3,match_11,274.0,304.0,0.3652293741935484,0.3657014340774526
Dummy Mean,242,player_3,match_11,304.0,334.0,0.3208708548387096,0.3657014340774526
Dummy Mean,243,player_3,match_11,334.0,364.0,0.3602804354838709,0.3657014340774526
Dummy Mean,244,player_3,match_11,364.0,394.0,0.353715379032258,0.3657014340774526
Dummy Mean,245,player_3,match_11,394.0,424.0,0.3321580241935483,0.3657014340774526
Dummy Mean,246,player_3,match_11,424.0,454.0,0.3277589032258065,0.3657014340774526
Dummy Mean,247,player_3,match_11,454.0,484.0,0.3303852903225805,0.3657014340774526
Dummy Mean,248,player_3,match_11,484.0,514.0,0.3474349161290322,0.3657014340774526
Dummy Mean,249,player_3,match_11,514.0,544.0,0.3166702193548387,0.3657014340774526
Dummy Mean,250,player_3,match_11,544.0,574.0,0.3397516274193548,0.3657014340774526
Dummy Mean,251,player_3,match_11,574.0,604.0,0.3643458403225806,0.3657014340774526
Dummy Mean,252,player_3,match_11,604.0,634.0,0.3368568516129032,0.3657014340774526
Dummy Mean,253,player_3,match_11,634.0,664.0,0.3319147032258064,0.3657014340774526
Dummy Mean,254,player_3,match_11,664.0,694.0,0.3474350241935484,0.3657014340774526
Dummy Mean,255,player_3,match_11,694.0,724.0,0.3478693193548386,0.3657014340774526
Dummy Mean,256,player_3,match_11,724.0,754.0,0.2987791370967741,0.3657014340774526
Dummy Mean,257,player_3,match_11,754.0,784.0,0.3593931483870968,0.3657014340774526
Dummy Mean,258,player_3,match_11,784.0,814.0,0.3544077387096774,0.3657014340774526
Dummy Mean,259,player_3,match_11,814.0,844.0,0.3207452770609318,0.3657014340774526
Dummy Mean,260,player_3,match_11,844.0,874.0,0.3315306548387097,0.3657014340774526
Dummy Mean,261,player_3,match_11,874.0,904.0,0.3873169193548387,0.3657014340774526
Dummy Mean,262,player_3,match_11,904.0,934.0,0.4688639112903224,0.3657014340774526
Dummy Mean,263,player_3,match_11,934.0,964.0,0.4263520999999999,0.3657014340774526
Dummy Mean,264,player_3,match_11,964.0,994.0,0.4231265580645161,0.3657014340774526
Dummy Mean,265,player_3,match_11,994.0,1024.0,0.3620068967741935,0.3657014340774526
Dummy Mean,266,player_3,match_11,1024.0,1054.0,0.3321651999999999,0.3657014340774526
Dummy Mean,267,player_3,match_11,1054.0,1084.0,0.3242882580645161,0.3657014340774526
Dummy Mean,268,player_3,match_11,1084.0,1114.0,0.3549055661290322,0.3657014340774526
Dummy Mean,269,player_3,match_11,1114.0,1144.0,0.5306583548387096,0.3657014340774526
Dummy Mean,270,player_3,match_11,1144.0,1174.0,0.4216986758064516,0.3657014340774526
Dummy Mean,271,player_3,match_11,1174.0,1204.0,0.4595364225806451,0.3657014340774526
Dummy Mean,272,player_3,match_11,1204.0,1234.0,0.3909993725806451,0.3657014340774526
Dummy Mean,273,player_3,match_11,1234.0,1264.0,0.3907572096774193,0.3657014340774526
Dummy Mean,274,player_3,match_11,1264.0,1294.0,0.3941528467741935,0.3657014340774526
Dummy Mean,275,player_3,match_11,1294.0,1324.0,0.363603493548387,0.3657014340774526
Dummy Mean,276,player_3,match_11,1324.0,1354.0,0.5211213467741935,0.3657014340774526
Dummy Mean,277,player_3,match_11,1354.0,1384.0,0.3878741774193548,0.3657014340774526
Dummy Mean,278,player_3,match_11,1384.0,1414.0,0.3929994725806451,0.3657014340774526
Dummy Mean,279,player_3,match_11,1414.0,1444.0,0.3966700661290322,0.3657014340774526
Dummy Mean,280,player_3,match_11,1444.0,1474.0,0.3972694419354838,0.3657014340774526
Dummy Mean,281,player_3,match_11,1474.0,1504.0,0.3844904129032257,0.3657014340774526
Dummy Mean,282,player_3,match_11,1504.0,1534.0,0.4235581967741935,0.3657014340774526
Dummy Mean,283,player_3,match_11,1534.0,1564.0,0.4034634661290321,0.3657014340774526
Dummy Mean,284,player_3,match_11,1564.0,1594.0,0.3873319854838709,0.3657014340774526
Dummy Mean,285,player_3,match_11,1594.0,1624.0,0.4561544548387096,0.3657014340774526
Dummy Mean,286,player_3,match_11,1624.0,1654.0,0.4235317322580644,0.3657014340774526
Dummy Mean,287,player_3,match_11,1654.0,1684.0,0.3856292096774192,0.3657014340774526
Dummy Mean,288,player_3,match_11,1684.0,1714.0,0.3760227193548386,0.3657014340774526
Dummy Mean,289,player_3,match_11,1714.0,1744.0,0.2833069032258064,0.3657014340774526
Dummy Mean,290,player_3,match_11,1744.0,1774.0,0.3936828354838709,0.3657014340774526
Dummy Mean,291,player_3,match_11,1774.0,1804.0,0.3682581903225805,0.3657014340774526
Dummy Mean,292,player_3,match_11,1804.0,1834.0,0.3789931274193548,0.3657014340774526
Dummy Mean,293,player_3,match_11,1834.0,1864.0,0.4009829209677419,0.3657014340774526
Dummy Mean,294,player_3,match_11,1864.0,1894.0,0.4245554919354838,0.3657014340774526
Dummy Mean,295,player_3,match_11,1894.0,1924.0,0.3521169548387096,0.3657014340774526
Dummy Mean,296,player_3,match_11,1924.0,1954.0,0.396529314516129,0.3657014340774526
Dummy Mean,297,player_3,match_11,1954.0,1984.0,0.3933025403225806,0.3657014340774526
Dummy Mean,298,player_3,match_11,1984.0,2014.0,0.407235072580645,0.3657014340774526
Dummy Mean,299,player_3,match_11,2014.0,2044.0,0.3857940306451612,0.3657014340774526
Dummy Mean,300,player_3,match_11,2044.0,2074.0,0.3650781548387096,0.3657014340774526
Dummy Mean,301,player_3,match_11,2074.0,2104.0,0.3677881225806451,0.3657014340774526
Dummy Mean,302,player_3,match_11,2104.0,2134.0,0.3522334354838708,0.3657014340774526
Dummy Mean,303,player_3,match_11,2134.0,2164.0,0.3669460112903225,0.3657014340774526
Dummy Mean,304,player_3,match_11,2164.0,2194.0,0.4251186709677419,0.3657014340774526
Dummy Mean,305,player_3,match_11,2194.0,2224.0,0.3751776032258064,0.3657014340774526
Dummy Mean,306,player_3,match_11,2224.0,2254.0,0.3664109546594982,0.3657014340774526
Dummy Mean,307,player_3,match_11,2254.0,2284.0,0.3646316612903225,0.3657014340774526
Dummy Mean,419,player_3,match_12,7.0,37.0,0.3669705370967742,0.3657014340774526
Dummy Mean,420,player_3,match_12,37.0,67.0,0.3955128451612903,0.3657014340774526
Dummy Mean,421,player_3,match_12,67.0,97.0,0.4126900161290322,0.3657014340774526
Dummy Mean,422,player_3,match_12,97.0,127.0,0.3963605744416872,0.3657014340774526
Dummy Mean,423,player_3,match_12,127.0,157.0,0.3903422854838709,0.3657014340774526
Dummy Mean,424,player_3,match_12,157.0,187.0,0.3844437467741934,0.3657014340774526
Dummy Mean,425,player_3,match_12,187.0,217.0,0.3757519193548386,0.3657014340774526
Dummy Mean,426,player_3,match_12,217.0,247.0,0.3749229387096773,0.3657014340774526
Dummy Mean,427,player_3,match_12,247.0,277.0,0.4028460758064516,0.3657014340774526
Dummy Mean,428,player_3,match_12,277.0,307.0,0.3926043693548386,0.3657014340774526
Dummy Mean,429,player_3,match_12,307.0,337.0,0.3512831225806451,0.3657014340774526
Dummy Mean,430,player_3,match_12,337.0,367.0,0.3351671177419354,0.3657014340774526
Dummy Mean,431,player_3,match_12,367.0,397.0,0.351164235483871,0.3657014340774526
Dummy Mean,432,player_3,match_12,397.0,427.0,0.3486505922939068,0.3657014340774526
Dummy Mean,433,player_3,match_12,427.0,457.0,0.3383293951612902,0.3657014340774526
Dummy Mean,434,player_3,match_12,457.0,487.0,0.3052464677419354,0.3657014340774526
Dummy Mean,435,player_3,match_12,487.0,517.0,0.331264729032258,0.3657014340774526
Dummy Mean,436,player_3,match_12,517.0,547.0,0.3247921725806451,0.3657014340774526
Dummy Mean,437,player_3,match_12,547.0,577.0,0.3181197177419355,0.3657014340774526
Dummy Mean,438,player_3,match_12,577.0,607.0,0.3630194354838709,0.3657014340774526
Dummy Mean,439,player_3,match_12,607.0,637.0,0.3265592177419354,0.3657014340774526
Dummy Mean,440,player_3,match_12,637.0,667.0,0.3485093774193548,0.3657014340774526
Dummy Mean,441,player_3,match_12,667.0,697.0,0.3530882854838709,0.3657014340774526
Dummy Mean,442,player_3,match_12,697.0,727.0,0.3143430758064516,0.3657014340774526
Dummy Mean,443,player_3,match_12,727.0,757.0,0.3656071177419355,0.3657014340774526
Dummy Mean,444,player_3,match_12,757.0,787.0,0.3452076838709677,0.3657014340774526
Dummy Mean,445,player_3,match_12,787.0,817.0,0.3300876080645161,0.3657014340774526
Dummy Mean,446,player_3,match_12,817.0,847.0,0.3220524403225806,0.3657014340774526
Dummy Mean,447,player_3,match_12,847.0,877.0,0.3376904403225806,0.3657014340774526
Dummy Mean,600,player_3,match_13,5.0,35.0,0.3521303193548386,0.3657014340774526
Dummy Mean,601,player_3,match_13,35.0,65.0,0.3389918370967741,0.3657014340774526
Dummy Mean,602,player_3,match_13,65.0,95.0,0.3189536467741936,0.3657014340774526
Dummy Mean,603,player_3,match_13,95.0,125.0,0.3746919064516129,0.3657014340774526
Dummy Mean,604,player_3,match_13,125.0,155.0,0.3443250306451613,0.3657014340774526
Dummy Mean,605,player_3,match_13,155.0,185.0,0.3289299306451612,0.3657014340774526
Dummy Mean,606,player_3,match_13,185.0,215.0,0.3118002080645161,0.3657014340774526
Dummy Mean,607,player_3,match_13,215.0,245.0,0.3580603419354838,0.3657014340774526
Dummy Mean,608,player_3,match_13,245.0,275.0,0.4557171241935484,0.3657014340774526
Dummy Mean,609,player_3,match_13,275.0,305.0,0.3425668338709677,0.3657014340774526
Dummy Mean,610,player_3,match_13,305.0,335.0,0.3511853032258064,0.3657014340774526
Dummy Mean,611,player_3,match_13,335.0,365.0,0.3792794516129031,0.3657014340774526
Dummy Mean,612,player_3,match_13,365.0,395.0,0.3578501048387096,0.3657014340774526
Dummy Mean,613,player_3,match_13,395.0,425.0,0.3078801193548387,0.3657014340774526
Dummy Mean,614,player_3,match_13,425.0,455.0,0.3287395096774193,0.3657014340774526
Dummy Mean,615,player_3,match_13,455.0,485.0,0.3821638967741935,0.3657014340774526
Dummy Mean,616,player_3,match_13,485.0,515.0,0.3466873387096774,0.3657014340774526
Dummy Mean,617,player_3,match_13,515.0,545.0,0.3102375758064516,0.3657014340774526
Dummy Mean,618,player_3,match_13,545.0,575.0,0.3276522177419354,0.3657014340774526
Dummy Mean,619,player_3,match_13,575.0,605.0,0.3520716709677418,0.3657014340774526
Dummy Mean,620,player_3,match_13,605.0,635.0,0.3152256758064516,0.3657014340774526
Dummy Mean,621,player_3,match_13,635.0,665.0,0.3598628661290322,0.3657014340774526
Dummy Mean,622,player_3,match_13,665.0,695.0,0.359101843548387,0.3657014340774526
Dummy Mean,623,player_3,match_13,695.0,725.0,0.3469617854838709,0.3657014340774526
Dummy Mean,624,player_3,match_13,725.0,755.0,0.3524468580645161,0.3657014340774526
Dummy Mean,625,player_3,match_13,755.0,785.0,0.3321925129032258,0.3657014340774526
Dummy Mean,626,player_3,match_13,785.0,815.0,0.3709659241935484,0.3657014340774526
Dummy Mean,627,player_3,match_13,815.0,845.0,0.3483519161290322,0.3657014340774526
Dummy Mean,628,player_3,match_13,845.0,875.0,0.3546726129032257,0.3657014340774526
Dummy Mean,629,player_3,match_13,875.0,905.0,0.3474160048387097,0.3657014340774526
Dummy Mean,630,player_3,match_13,905.0,935.0,0.3423207548387097,0.3657014340774526
Dummy Mean,631,player_3,match_13,935.0,965.0,0.3483044983870967,0.3657014340774526
Dummy Mean,632,player_3,match_13,965.0,995.0,0.3266472272401433,0.3657014340774526
Dummy Mean,633,player_3,match_13,995.0,1025.0,0.3334074863799283,0.3657014340774526
Dummy Mean,634,player_3,match_13,1025.0,1055.0,0.323217264516129,0.3657014340774526
Dummy Mean,635,player_3,match_13,1055.0,1085.0,0.308552164516129,0.3657014340774526
Dummy Mean,636,player_3,match_13,1085.0,1115.0,0.3111829096774192,0.3657014340774526
Dummy Mean,637,player_3,match_13,1115.0,1145.0,0.3479715870967742,0.3657014340774526
Dummy Mean,638,player_3,match_13,1145.0,1175.0,0.3405524612903226,0.3657014340774526
Dummy Mean,639,player_3,match_13,1175.0,1205.0,0.3372105629032257,0.3657014340774526
Dummy Mean,640,player_3,match_13,1205.0,1235.0,0.3157914903225806,0.3657014340774526
Dummy Mean,641,player_3,match_13,1235.0,1265.0,0.3268866564516128,0.3657014340774526
Dummy Mean,642,player_3,match_13,1265.0,1295.0,0.3247668370967741,0.3657014340774526
Dummy Mean,643,player_3,match_13,1295.0,1325.0,0.3608837370967741,0.3657014340774526
Dummy Mean,644,player_3,match_13,1325.0,1355.0,0.3911609709677419,0.3657014340774526
Dummy Mean,645,player_3,match_13,1355.0,1385.0,0.3425233548387096,0.3657014340774526
Dummy Mean,646,player_3,match_13,1385.0,1415.0,0.4937061774193548,0.3657014340774526
Dummy Mean,647,player_3,match_13,1415.0,1445.0,0.4025709661290322,0.3657014340774526
Dummy Mean,648,player_3,match_13,1445.0,1475.0,0.3101776241935483,0.3657014340774526
Dummy Mean,649,player_3,match_13,1475.0,1505.0,0.3444233564516128,0.3657014340774526
Dummy Mean,650,player_3,match_13,1505.0,1535.0,0.3442153467741935,0.3657014340774526
Dummy Mean,651,player_3,match_13,1535.0,1565.0,0.3300268532258064,0.3657014340774526
Dummy Mean,652,player_3,match_13,1565.0,1595.0,0.5734079725806451,0.3657014340774526
Dummy Mean,653,player_3,match_13,1595.0,1625.0,0.3820903112903225,0.3657014340774526
Dummy Mean,654,player_3,match_13,1625.0,1655.0,0.3444525193548386,0.3657014340774526
Dummy Mean,655,player_3,match_13,1655.0,1685.0,0.3390658419354838,0.3657014340774526
Dummy Mean,656,player_3,match_13,1685.0,1715.0,0.4530429177419354,0.3657014340774526
Dummy Mean,657,player_3,match_13,1715.0,1745.0,0.3660804564516129,0.3657014340774526
Dummy Mean,658,player_3,match_13,1745.0,1775.0,0.3375916467741935,0.3657014340774526
Dummy Mean,659,player_3,match_13,1775.0,1805.0,0.3604707532258064,0.3657014340774526
Dummy Mean,660,player_3,match_13,1805.0,1835.0,0.4038150612903225,0.3657014340774526
Dummy Mean,661,player_3,match_13,1835.0,1865.0,0.3563674919354838,0.3657014340774526
Dummy Mean,662,player_3,match_13,1865.0,1895.0,0.3435740499999999,0.3657014340774526
Dummy Mean,663,player_3,match_13,1895.0,1925.0,0.3767098,0.3657014340774526
Dummy Mean,664,player_3,match_13,1925.0,1955.0,0.3773525709677419,0.3657014340774526
Dummy Mean,665,player_3,match_13,1955.0,1985.0,0.3324288580645161,0.3657014340774526
Dummy Mean,666,player_3,match_13,1985.0,2015.0,0.4663374177419354,0.3657014340774526
Dummy Mean,667,player_3,match_13,2015.0,2045.0,0.3857469792114695,0.3657014340774526
Dummy Mean,668,player_3,match_13,2045.0,2075.0,0.3610912661290322,0.3657014340774526
Dummy Mean,1297,player_3,match_21,2.0,32.0,0.3669890354838709,0.3657014340774526
Dummy Mean,1298,player_3,match_21,32.0,62.0,0.3456523177419355,0.3657014340774526
Dummy Mean,1299,player_3,match_21,62.0,92.0,0.3505914516129031,0.3657014340774526
Dummy Mean,1300,player_3,match_21,92.0,122.0,0.3115286403225806,0.3657014340774526
Dummy Mean,1301,player_3,match_21,122.0,152.0,0.3180478177419354,0.3657014340774526
Dummy Mean,1302,player_3,match_21,152.0,182.0,0.3745705290322579,0.3657014340774526
Dummy Mean,1303,player_3,match_21,182.0,212.0,0.3594768806451612,0.3657014340774526
Dummy Mean,1304,player_3,match_21,212.0,242.0,0.3535580693548387,0.3657014340774526
Dummy Mean,1305,player_3,match_21,242.0,272.0,0.3792379709677419,0.3657014340774526
Dummy Mean,1306,player_3,match_21,272.0,302.0,0.3605857806451612,0.3657014340774526
Dummy Mean,1307,player_3,match_21,302.0,332.0,0.4395546516129032,0.3657014340774526
Dummy Mean,1308,player_3,match_21,332.0,362.0,0.4458765177419355,0.3657014340774526
Dummy Mean,1309,player_3,match_21,362.0,392.0,0.4798766903225806,0.3657014340774526
Dummy Mean,1310,player_3,match_21,392.0,422.0,0.4342216451612903,0.3657014340774526
Dummy Mean,1311,player_3,match_21,422.0,452.0,0.4009650725806452,0.3657014340774526
Dummy Mean,1312,player_3,match_21,452.0,482.0,0.4576769252688172,0.3657014340774526
Dummy Mean,1313,player_3,match_21,482.0,512.0,0.3430645951612903,0.3657014340774526
Dummy Mean,1314,player_3,match_21,512.0,542.0,0.4172735112903225,0.3657014340774526
Dummy Mean,1315,player_3,match_21,542.0,572.0,0.4032284838709677,0.3657014340774526
Dummy Mean,1316,player_3,match_21,572.0,602.0,0.3825146,0.3657014340774526
Dummy Mean,1317,player_3,match_21,602.0,632.0,0.3900239548387096,0.3657014340774526
Dummy Mean,1318,player_3,match_21,632.0,662.0,0.3547383258064516,0.3657014340774526
Dummy Mean,1319,player_3,match_21,662.0,692.0,0.3558563451612903,0.3657014340774526
Dummy Mean,1320,player_3,match_21,692.0,722.0,0.3852632161290322,0.3657014340774526
Dummy Mean,1321,player_3,match_21,722.0,752.0,0.3133045354838709,0.3657014340774526
Dummy Mean,1322,player_3,match_21,752.0,782.0,0.2778166548387096,0.3657014340774526
Dummy Mean,1323,player_3,match_21,782.0,812.0,0.3757601564516128,0.3657014340774526
Dummy Mean,1324,player_3,match_21,812.0,842.0,0.3641775838709677,0.3657014340774526
Dummy Mean,1325,player_3,match_21,842.0,872.0,0.3266585451612903,0.3657014340774526
Dummy Mean,1326,player_3,match_21,872.0,902.0,0.2961558564516128,0.3657014340774526
Dummy Mean,1327,player_3,match_21,902.0,932.0,0.3281638145161289,0.3657014340774526
Dummy Mean,1328,player_3,match_21,932.0,962.0,0.3837857096774193,0.3657014340774526
Dummy Mean,1329,player_3,match_21,962.0,992.0,0.4081830989247311,0.3657014340774526
Dummy Mean,1382,player_3,match_8,4.0,34.0,0.2867737333333333,0.3657014340774526
Dummy Mean,1383,player_3,match_8,34.0,64.0,0.3224119032258065,0.3657014340774526
Dummy Mean,1384,player_3,match_8,64.0,94.0,0.3168409580645161,0.3657014340774526
Dummy Mean,1385,player_3,match_8,94.0,124.0,0.2380993564516128,0.3657014340774526
Dummy Mean,1386,player_3,match_8,124.0,154.0,0.2257556677419354,0.3657014340774526
Dummy Mean,1387,player_3,match_8,154.0,184.0,0.2730701,0.3657014340774526
Dummy Mean,1388,player_3,match_8,184.0,214.0,0.2103354838709676,0.3657014340774526
Dummy Mean,1389,player_3,match_8,214.0,244.0,0.2507606387096773,0.3657014340774526
Dummy Mean,1390,player_3,match_8,244.0,274.0,0.1996526387096774,0.3657014340774526
Dummy Mean,1391,player_3,match_8,274.0,304.0,0.3189643467741935,0.3657014340774526
Dummy Mean,1392,player_3,match_8,304.0,334.0,0.2768238306451613,0.3657014340774526
Dummy Mean,1393,player_3,match_8,334.0,364.0,0.3001439612903225,0.3657014340774526
Dummy Mean,1394,player_3,match_8,364.0,394.0,0.2786879338709677,0.3657014340774526
Dummy Mean,1395,player_3,match_8,394.0,424.0,0.2435328903225805,0.3657014340774526
Dummy Mean,1396,player_3,match_8,424.0,454.0,0.1702869247311827,0.3657014340774526
Dummy Mean,1397,player_3,match_8,454.0,484.0,0.306578814516129,0.3657014340774526
Dummy Mean,1398,player_3,match_8,484.0,514.0,0.2767868774193548,0.3657014340774526
Dummy Mean,1399,player_3,match_8,514.0,544.0,0.250909214516129,0.3657014340774526
Dummy Mean,1400,player_3,match_8,544.0,574.0,0.3060971032258064,0.3657014340774526
Dummy Mean,1401,player_3,match_8,574.0,604.0,0.2995785645161289,0.3657014340774526
Dummy Mean,1402,player_3,match_8,604.0,634.0,0.3648162435483871,0.3657014340774526
Dummy Mean,1403,player_3,match_8,634.0,664.0,0.2738658161290322,0.3657014340774526
Dummy Mean,1404,player_3,match_8,664.0,694.0,0.3464340290322579,0.3657014340774526
Dummy Mean,1405,player_3,match_8,694.0,724.0,0.3296180419354838,0.3657014340774526
Dummy Mean,1406,player_3,match_8,724.0,754.0,0.2870044354838709,0.3657014340774526
Dummy Mean,1407,player_3,match_8,754.0,784.0,0.3207690709677419,0.3657014340774526
Dummy Mean,1408,player_3,match_8,784.0,814.0,0.2845508758064516,0.3657014340774526
Dummy Mean,1409,player_3,match_8,814.0,844.0,0.3200196096774194,0.3657014340774526
Dummy Mean,1410,player_3,match_8,844.0,874.0,0.3216044274193548,0.3657014340774526
Dummy Mean,1411,player_3,match_8,874.0,904.0,0.3126179387096773,0.3657014340774526
Dummy Mean,1412,player_3,match_8,904.0,934.0,0.3606785193548386,0.3657014340774526
Dummy Mean,1413,player_3,match_8,934.0,964.0,0.385552229032258,0.3657014340774526
Dummy Mean,1414,player_3,match_8,964.0,994.0,0.3347774983870967,0.3657014340774526
Dummy Mean,1415,player_3,match_8,994.0,1024.0,0.3717777967741935,0.3657014340774526
Dummy Mean,1416,player_3,match_8,1024.0,1054.0,0.3365552725806451,0.3657014340774526
Dummy Mean,1417,player_3,match_8,1054.0,1084.0,0.3237554758064516,0.3657014340774526
Dummy Mean,1418,player_3,match_8,1084.0,1114.0,0.4643626887096774,0.3657014340774526
Dummy Mean,1419,player_3,match_8,1114.0,1144.0,0.3093228064516129,0.3657014340774526
Dummy Mean,1420,player_3,match_8,1144.0,1174.0,0.356843264516129,0.3657014340774526
Dummy Mean,1421,player_3,match_8,1174.0,1204.0,0.3551337338709677,0.3657014340774526
Dummy Mean,1422,player_3,match_8,1204.0,1234.0,0.2752174629032258,0.3657014340774526
Dummy Mean,1423,player_3,match_8,1234.0,1264.0,0.242902343548387,0.3657014340774526
Dummy Mean,1424,player_3,match_8,1264.0,1294.0,0.3738273983870966,0.3657014340774526
Dummy Mean,1425,player_3,match_8,1294.0,1324.0,0.3141751016129032,0.3657014340774526
Dummy Mean,1426,player_3,match_8,1324.0,1354.0,0.3341685548387096,0.3657014340774526
Dummy Mean,1427,player_3,match_8,1354.0,1384.0,0.3898067403225805,0.3657014340774526
Dummy Mean,1428,player_3,match_8,1384.0,1414.0,0.3246493258064516,0.3657014340774526
Dummy Mean,1429,player_3,match_8,1414.0,1444.0,0.2727682241935484,0.3657014340774526
Dummy Mean,1430,player_3,match_8,1444.0,1474.0,0.2527807983870968,0.3657014340774526
Dummy Mean,1431,player_3,match_8,1474.0,1504.0,0.3396483903225806,0.3657014340774526
Dummy Mean,1482,player_3,match_9,1.0,31.0,0.33529765,0.3657014340774526
Dummy Mean,1483,player_3,match_9,31.0,61.0,0.3742693419354838,0.3657014340774526
Dummy Mean,1484,player_3,match_9,61.0,91.0,0.3546849516129031,0.3657014340774526
Dummy Mean,1485,player_3,match_9,91.0,121.0,0.3546658854838709,0.3657014340774526
Dummy Mean,1486,player_3,match_9,121.0,151.0,0.3238790596774193,0.3657014340774526
Dummy Mean,1487,player_3,match_9,151.0,181.0,0.4036772,0.3657014340774526
Dummy Mean,1488,player_3,match_9,181.0,211.0,0.3837763016129032,0.3657014340774526
Dummy Mean,1489,player_3,match_9,211.0,241.0,0.3465665532258064,0.3657014340774526
Dummy Mean,1490,player_3,match_9,241.0,271.0,0.317046764516129,0.3657014340774526
Dummy Mean,1491,player_3,match_9,271.0,301.0,0.3381844661290322,0.3657014340774526
Dummy Mean,1492,player_3,match_9,301.0,331.0,0.368675708064516,0.3657014340774526
Dummy Mean,1493,player_3,match_9,331.0,361.0,0.3779544048387097,0.3657014340774526
Dummy Mean,1494,player_3,match_9,361.0,391.0,0.3473830177419355,0.3657014340774526
Dummy Mean,1495,player_3,match_9,391.0,421.0,0.3446340870967742,0.3657014340774526
Dummy Mean,1496,player_3,match_9,421.0,451.0,0.3274053822580645,0.3657014340774526
Dummy Mean,1497,player_3,match_9,451.0,481.0,0.3398382387096774,0.3657014340774526
Dummy Mean,1498,player_3,match_9,481.0,511.0,0.4211915596774193,0.3657014340774526
Dummy Mean,1499,player_3,match_9,511.0,541.0,0.3921036999999999,0.3657014340774526
Dummy Mean,1500,player_3,match_9,541.0,571.0,0.3714641798387096,0.3657014340774526
Dummy Mean,1501,player_3,match_9,571.0,601.0,0.3447682870967742,0.3657014340774526
Dummy Mean,1502,player_3,match_9,601.0,631.0,0.3480073403225806,0.3657014340774526
Dummy Mean,1503,player_3,match_9,631.0,661.0,0.3573306774193548,0.3657014340774526
Dummy Mean,1504,player_3,match_9,661.0,691.0,0.4332546073476702,0.3657014340774526
Dummy Mean,1505,player_3,match_9,691.0,721.0,0.3730761193548387,0.3657014340774526
Dummy Mean,1506,player_3,match_9,721.0,751.0,0.3033966499999999,0.3657014340774526
Dummy Mean,1507,player_3,match_9,751.0,781.0,0.3180434161290322,0.3657014340774526
Dummy Mean,1508,player_3,match_9,781.0,811.0,0.4788181209677419,0.3657014340774526
Dummy Mean,1509,player_3,match_9,811.0,841.0,0.4453166193548386,0.3657014340774526
Dummy Mean,1510,player_3,match_9,841.0,871.0,0.3353647677419354,0.3657014340774526
Dummy Mean,1511,player_3,match_9,871.0,901.0,0.400662479032258,0.3657014340774526
Dummy Mean,1512,player_3,match_9,901.0,931.0,0.4410353741935483,0.3657014340774526
Dummy Mean,1513,player_3,match_9,931.0,961.0,0.461188043548387,0.3657014340774526
Dummy Mean,1514,player_3,match_9,961.0,991.0,0.4928181209677419,0.3657014340774526
Dummy Mean,89,player_4,match_10,9.0,39.0,0.3217799612903225,0.3573903623494024
Dummy Mean,90,player_4,match_10,39.0,69.0,0.2928451225806451,0.3573903623494024
Dummy Mean,91,player_4,match_10,69.0,99.0,0.3910603177419354,0.3573903623494024
Dummy Mean,92,player_4,match_10,99.0,129.0,0.3278932709677419,0.3573903623494024
Dummy Mean,93,player_4,match_10,129.0,159.0,0.4370787677419354,0.3573903623494024
Dummy Mean,94,player_4,match_10,159.0,189.0,0.3937881016129031,0.3573903623494024
Dummy Mean,95,player_4,match_10,189.0,219.0,0.1685731397849462,0.3573903623494024
Dummy Mean,308,player_4,match_11,168.0,198.0,0.3842112951612904,0.3573903623494024
Dummy Mean,309,player_4,match_11,198.0,228.0,0.4058162451612903,0.3573903623494024
Dummy Mean,310,player_4,match_11,228.0,258.0,0.4038188241935483,0.3573903623494024
Dummy Mean,311,player_4,match_11,258.0,288.0,0.3873129274193548,0.3573903623494024
Dummy Mean,312,player_4,match_11,288.0,318.0,0.3955306419354838,0.3573903623494024
Dummy Mean,313,player_4,match_11,318.0,348.0,0.4709272048387096,0.3573903623494024
Dummy Mean,314,player_4,match_11,348.0,378.0,0.5832202322580645,0.3573903623494024
Dummy Mean,315,player_4,match_11,378.0,408.0,0.4728050080645161,0.3573903623494024
Dummy Mean,316,player_4,match_11,408.0,438.0,0.413562829032258,0.3573903623494024
Dummy Mean,317,player_4,match_11,438.0,468.0,0.4762296290322581,0.3573903623494024
Dummy Mean,318,player_4,match_11,468.0,498.0,0.4215463322580645,0.3573903623494024
Dummy Mean,319,player_4,match_11,498.0,528.0,0.3882374032258064,0.3573903623494024
Dummy Mean,320,player_4,match_11,528.0,558.0,0.3935791387096774,0.3573903623494024
Dummy Mean,321,player_4,match_11,558.0,588.0,0.4332609403225805,0.3573903623494024
Dummy Mean,322,player_4,match_11,588.0,618.0,0.475627679032258,0.3573903623494024
Dummy Mean,323,player_4,match_11,618.0,648.0,0.4024941677419354,0.3573903623494024
Dummy Mean,324,player_4,match_11,648.0,678.0,0.4430050919354839,0.3573903623494024
Dummy Mean,325,player_4,match_11,678.0,708.0,0.4159376048387097,0.3573903623494024
Dummy Mean,326,player_4,match_11,708.0,738.0,0.3945401516129031,0.3573903623494024
Dummy Mean,327,player_4,match_11,738.0,768.0,0.4259119580645161,0.3573903623494024
Dummy Mean,328,player_4,match_11,768.0,798.0,0.4030253258064515,0.3573903623494024
Dummy Mean,329,player_4,match_11,798.0,828.0,0.3907230725806451,0.3573903623494024
Dummy Mean,330,player_4,match_11,828.0,858.0,0.4226385591397849,0.3573903623494024
Dummy Mean,331,player_4,match_11,858.0,888.0,0.448481229032258,0.3573903623494024
Dummy Mean,332,player_4,match_11,888.0,918.0,0.4334815274193548,0.3573903623494024
Dummy Mean,333,player_4,match_11,918.0,948.0,0.4083821870967742,0.3573903623494024
Dummy Mean,334,player_4,match_11,948.0,978.0,0.4190907564516129,0.3573903623494024
Dummy Mean,335,player_4,match_11,978.0,1008.0,0.429247764516129,0.3573903623494024
Dummy Mean,336,player_4,match_11,1008.0,1038.0,0.4780028752688172,0.3573903623494024
Dummy Mean,337,player_4,match_11,1038.0,1068.0,0.4410169193548386,0.3573903623494024
Dummy Mean,338,player_4,match_11,1068.0,1098.0,0.4612133919354839,0.3573903623494024
Dummy Mean,339,player_4,match_11,1098.0,1128.0,0.3906026505376343,0.3573903623494024
Dummy Mean,340,player_4,match_11,1128.0,1158.0,0.4279749279569892,0.3573903623494024
Dummy Mean,341,player_4,match_11,1158.0,1188.0,0.5070420774193549,0.3573903623494024
Dummy Mean,342,player_4,match_11,1188.0,1218.0,0.5153815080645161,0.3573903623494024
Dummy Mean,343,player_4,match_11,1218.0,1248.0,0.428450079032258,0.3573903623494024
Dummy Mean,344,player_4,match_11,1248.0,1278.0,0.3750276177419355,0.3573903623494024
Dummy Mean,345,player_4,match_11,1278.0,1308.0,0.3954101774193548,0.3573903623494024
Dummy Mean,346,player_4,match_11,1308.0,1338.0,0.4079895161290322,0.3573903623494024
Dummy Mean,347,player_4,match_11,1338.0,1368.0,0.4018140806451612,0.3573903623494024
Dummy Mean,348,player_4,match_11,1368.0,1398.0,0.3403397758064516,0.3573903623494024
Dummy Mean,349,player_4,match_11,1398.0,1428.0,0.4415285564516128,0.3573903623494024
Dummy Mean,350,player_4,match_11,1428.0,1458.0,0.4619110403225805,0.3573903623494024
Dummy Mean,351,player_4,match_11,1458.0,1488.0,0.4448537112903226,0.3573903623494024
Dummy Mean,352,player_4,match_11,1488.0,1518.0,0.5368804637096773,0.3573903623494024
Dummy Mean,353,player_4,match_11,1518.0,1548.0,0.3442471387096774,0.3573903623494024
Dummy Mean,354,player_4,match_11,1548.0,1578.0,0.4269378112903225,0.3573903623494024
Dummy Mean,355,player_4,match_11,1578.0,1608.0,0.3956674516129032,0.3573903623494024
Dummy Mean,356,player_4,match_11,1608.0,1638.0,0.3750901629032258,0.3573903623494024
Dummy Mean,357,player_4,match_11,1638.0,1668.0,0.4173886274193548,0.3573903623494024
Dummy Mean,358,player_4,match_11,1668.0,1698.0,0.4143237946236558,0.3573903623494024
Dummy Mean,359,player_4,match_11,1698.0,1728.0,0.4375127612903225,0.3573903623494024
Dummy Mean,360,player_4,match_11,1728.0,1758.0,0.3816933838709676,0.3573903623494024
Dummy Mean,361,player_4,match_11,1758.0,1788.0,0.3879063499999999,0.3573903623494024
Dummy Mean,362,player_4,match_11,1788.0,1818.0,0.3840723258064515,0.3573903623494024
Dummy Mean,363,player_4,match_11,1818.0,1848.0,0.4074549297235023,0.3573903623494024
Dummy Mean,364,player_4,match_11,1848.0,1878.0,0.491157072580645,0.3573903623494024
Dummy Mean,365,player_4,match_11,1878.0,1908.0,0.377877913489736,0.3573903623494024
Dummy Mean,366,player_4,match_11,1908.0,1938.0,0.3828979322580644,0.3573903623494024
Dummy Mean,367,player_4,match_11,1938.0,1968.0,0.3768100806451613,0.3573903623494024
Dummy Mean,368,player_4,match_11,1968.0,1998.0,0.3784119387096774,0.3573903623494024
Dummy Mean,369,player_4,match_11,1998.0,2028.0,0.3779958564516128,0.3573903623494024
Dummy Mean,370,player_4,match_11,2028.0,2058.0,0.3968446774193548,0.3573903623494024
Dummy Mean,371,player_4,match_11,2058.0,2088.0,0.4261899580645161,0.3573903623494024
Dummy Mean,372,player_4,match_11,2088.0,2118.0,0.418223622580645,0.3573903623494024
Dummy Mean,373,player_4,match_11,2118.0,2148.0,0.389275564516129,0.3573903623494024
Dummy Mean,374,player_4,match_11,2148.0,2178.0,0.4169403177419354,0.3573903623494024
Dummy Mean,375,player_4,match_11,2178.0,2208.0,0.3932120403225806,0.3573903623494024
Dummy Mean,448,player_4,match_12,236.0,266.0,0.3623836822580645,0.3573903623494024
Dummy Mean,449,player_4,match_12,266.0,296.0,0.3702193693548387,0.3573903623494024
Dummy Mean,450,player_4,match_12,296.0,326.0,0.3490734274193549,0.3573903623494024
Dummy Mean,451,player_4,match_12,326.0,356.0,0.3996911016129032,0.3573903623494024
Dummy Mean,452,player_4,match_12,356.0,386.0,0.3284608209677419,0.3573903623494024
Dummy Mean,453,player_4,match_12,386.0,416.0,0.4272166354838709,0.3573903623494024
Dummy Mean,454,player_4,match_12,416.0,446.0,0.441558479032258,0.3573903623494024
Dummy Mean,455,player_4,match_12,446.0,476.0,0.4257332451612903,0.3573903623494024
Dummy Mean,456,player_4,match_12,476.0,506.0,0.3800015161290322,0.3573903623494024
Dummy Mean,457,player_4,match_12,506.0,536.0,0.3585309838709677,0.3573903623494024
Dummy Mean,458,player_4,match_12,536.0,566.0,0.4354185322580645,0.3573903623494024
Dummy Mean,459,player_4,match_12,566.0,596.0,0.457104458064516,0.3573903623494024
Dummy Mean,460,player_4,match_12,596.0,626.0,0.4273867548387096,0.3573903623494024
Dummy Mean,461,player_4,match_12,626.0,656.0,0.3503060967741934,0.3573903623494024
Dummy Mean,462,player_4,match_12,656.0,686.0,0.3833928499999999,0.3573903623494024
Dummy Mean,463,player_4,match_12,686.0,716.0,0.3904234741935484,0.3573903623494024
Dummy Mean,464,player_4,match_12,716.0,746.0,0.4298751596774193,0.3573903623494024
Dummy Mean,465,player_4,match_12,746.0,776.0,0.428139087096774,0.3573903623494024
Dummy Mean,466,player_4,match_12,776.0,806.0,0.3894983064516129,0.3573903623494024
Dummy Mean,467,player_4,match_12,806.0,836.0,0.3534890854838709,0.3573903623494024
Dummy Mean,468,player_4,match_12,836.0,866.0,0.3911594774193548,0.3573903623494024
Dummy Mean,469,player_4,match_12,866.0,896.0,0.4145624822580644,0.3573903623494024
Dummy Mean,669,player_4,match_13,134.0,164.0,0.366750979032258,0.3573903623494024
Dummy Mean,670,player_4,match_13,164.0,194.0,0.3624990887096774,0.3573903623494024
Dummy Mean,671,player_4,match_13,194.0,224.0,0.352512693548387,0.3573903623494024
Dummy Mean,672,player_4,match_13,224.0,254.0,0.3564580935483871,0.3573903623494024
Dummy Mean,673,player_4,match_13,254.0,284.0,0.3309110451612903,0.3573903623494024
Dummy Mean,674,player_4,match_13,284.0,314.0,0.3915517903225806,0.3573903623494024
Dummy Mean,675,player_4,match_13,314.0,344.0,0.4298870338709677,0.3573903623494024
Dummy Mean,676,player_4,match_13,344.0,374.0,0.4176532709677419,0.3573903623494024
Dummy Mean,677,player_4,match_13,374.0,404.0,0.3779788451612903,0.3573903623494024
Dummy Mean,678,player_4,match_13,404.0,434.0,0.4283153661290322,0.3573903623494024
Dummy Mean,679,player_4,match_13,434.0,464.0,0.382800129032258,0.3573903623494024
Dummy Mean,680,player_4,match_13,464.0,494.0,0.4168474403225806,0.3573903623494024
Dummy Mean,681,player_4,match_13,494.0,524.0,0.3807065758064516,0.3573903623494024
Dummy Mean,682,player_4,match_13,524.0,554.0,0.4227452580645161,0.3573903623494024
Dummy Mean,683,player_4,match_13,554.0,584.0,0.4064318279569892,0.3573903623494024
Dummy Mean,684,player_4,match_13,584.0,614.0,0.3609130483870967,0.3573903623494024
Dummy Mean,685,player_4,match_13,614.0,644.0,0.4888476727598565,0.3573903623494024
Dummy Mean,686,player_4,match_13,644.0,674.0,0.4908945209677419,0.3573903623494024
Dummy Mean,687,player_4,match_13,674.0,704.0,0.4348001161290322,0.3573903623494024
Dummy Mean,688,player_4,match_13,704.0,734.0,0.427643643548387,0.3573903623494024
Dummy Mean,689,player_4,match_13,734.0,764.0,0.4198529306451612,0.3573903623494024
Dummy Mean,690,player_4,match_13,764.0,794.0,0.3750722806451613,0.3573903623494024
Dummy Mean,691,player_4,match_13,794.0,824.0,0.2947397709677419,0.3573903623494024
Dummy Mean,692,player_4,match_13,824.0,854.0,0.4280808758064516,0.3573903623494024
Dummy Mean,693,player_4,match_13,854.0,884.0,0.415344908064516,0.3573903623494024
Dummy Mean,694,player_4,match_13,884.0,914.0,0.3840966193548386,0.3573903623494024
Dummy Mean,695,player_4,match_13,914.0,944.0,0.4180323548387097,0.3573903623494024
Dummy Mean,696,player_4,match_13,944.0,974.0,0.4621011903225805,0.3573903623494024
Dummy Mean,697,player_4,match_13,974.0,1004.0,0.4107305645161289,0.3573903623494024
Dummy Mean,698,player_4,match_13,1004.0,1034.0,0.4295765107526881,0.3573903623494024
Dummy Mean,699,player_4,match_13,1034.0,1064.0,0.4894602967741935,0.3573903623494024
Dummy Mean,700,player_4,match_13,1064.0,1094.0,0.4890407419354838,0.3573903623494024
Dummy Mean,701,player_4,match_13,1094.0,1124.0,0.4325143999999999,0.3573903623494024
Dummy Mean,702,player_4,match_13,1124.0,1154.0,0.4059713709677419,0.3573903623494024
Dummy Mean,703,player_4,match_13,1154.0,1184.0,0.4018455499999999,0.3573903623494024
Dummy Mean,704,player_4,match_13,1184.0,1214.0,0.4696028661290322,0.3573903623494024
Dummy Mean,705,player_4,match_13,1214.0,1244.0,0.4621412096774193,0.3573903623494024
Dummy Mean,706,player_4,match_13,1244.0,1274.0,0.3845204693548387,0.3573903623494024
Dummy Mean,707,player_4,match_13,1274.0,1304.0,0.3340003566308243,0.3573903623494024
Dummy Mean,708,player_4,match_13,1304.0,1334.0,0.4043534483870967,0.3573903623494024
Dummy Mean,709,player_4,match_13,1334.0,1364.0,0.371750114516129,0.3573903623494024
Dummy Mean,710,player_4,match_13,1364.0,1394.0,0.4122716016129032,0.3573903623494024
Dummy Mean,711,player_4,match_13,1394.0,1424.0,0.3915227935483871,0.3573903623494024
Dummy Mean,712,player_4,match_13,1424.0,1454.0,0.3739972612903226,0.3573903623494024
Dummy Mean,713,player_4,match_13,1454.0,1484.0,0.4081507080645161,0.3573903623494024
Dummy Mean,714,player_4,match_13,1484.0,1514.0,0.4723563999999999,0.3573903623494024
Dummy Mean,715,player_4,match_13,1514.0,1544.0,0.4062820209677418,0.3573903623494024
Dummy Mean,716,player_4,match_13,1544.0,1574.0,0.4087842096774193,0.3573903623494024
Dummy Mean,717,player_4,match_13,1574.0,1604.0,0.4999228516129032,0.3573903623494024
Dummy Mean,718,player_4,match_13,1604.0,1634.0,0.474066529032258,0.3573903623494024
Dummy Mean,719,player_4,match_13,1634.0,1664.0,0.3784953629032257,0.3573903623494024
Dummy Mean,720,player_4,match_13,1664.0,1694.0,0.3294626306451612,0.3573903623494024
Dummy Mean,721,player_4,match_13,1694.0,1724.0,0.4156032951612903,0.3573903623494024
Dummy Mean,722,player_4,match_13,1724.0,1754.0,0.4257821451612902,0.3573903623494024
Dummy Mean,723,player_4,match_13,1754.0,1784.0,0.4024596306451612,0.3573903623494024
Dummy Mean,724,player_4,match_13,1784.0,1814.0,0.328244343548387,0.3573903623494024
Dummy Mean,725,player_4,match_13,1814.0,1844.0,0.3405583,0.3573903623494024
Dummy Mean,726,player_4,match_13,1844.0,1874.0,0.4143364048387096,0.3573903623494024
Dummy Mean,727,player_4,match_13,1874.0,1904.0,0.4840867612903226,0.3573903623494024
Dummy Mean,728,player_4,match_13,1904.0,1934.0,0.369382964516129,0.3573903623494024
Dummy Mean,729,player_4,match_13,1934.0,1964.0,0.4041648241935484,0.3573903623494024
Dummy Mean,730,player_4,match_13,1964.0,1994.0,0.3434776064516129,0.3573903623494024
Dummy Mean,731,player_4,match_13,1994.0,2024.0,0.3997559177419354,0.3573903623494024
Dummy Mean,732,player_4,match_13,2024.0,2054.0,0.3138108548387097,0.3573903623494024
Dummy Mean,733,player_4,match_13,2054.0,2084.0,0.3317083516129032,0.3573903623494024
Dummy Mean,833,player_4,match_14,386.0,416.0,0.405148514516129,0.3573903623494024
Dummy Mean,834,player_4,match_14,416.0,446.0,0.3932071975806451,0.3573903623494024
Dummy Mean,835,player_4,match_14,446.0,476.0,0.3884511261520736,0.3573903623494024
Dummy Mean,836,player_4,match_14,476.0,506.0,0.3836950547235022,0.3573903623494024
Dummy Mean,837,player_4,match_14,506.0,536.0,0.3789389832949308,0.3573903623494024
Dummy Mean,838,player_4,match_14,536.0,566.0,0.3756097332949308,0.3573903623494024
Dummy Mean,839,player_4,match_14,566.0,596.0,0.3930877580645161,0.3573903623494024
Dummy Mean,840,player_4,match_14,596.0,626.0,0.377830679032258,0.3573903623494024
Dummy Mean,841,player_4,match_14,626.0,656.0,0.3831889322580645,0.3573903623494024
Dummy Mean,842,player_4,match_14,656.0,686.0,0.4224506612903225,0.3573903623494024
Dummy Mean,843,player_4,match_14,686.0,716.0,0.3805634838709677,0.3573903623494024
Dummy Mean,844,player_4,match_14,716.0,746.0,0.3789224693548386,0.3573903623494024
Dummy Mean,845,player_4,match_14,746.0,776.0,0.3775421354838709,0.3573903623494024
Dummy Mean,846,player_4,match_14,776.0,806.0,0.3891524322580645,0.3573903623494024
Dummy Mean,847,player_4,match_14,806.0,836.0,0.374085243548387,0.3573903623494024
Dummy Mean,848,player_4,match_14,836.0,866.0,0.3737445677419355,0.3573903623494024
Dummy Mean,849,player_4,match_14,866.0,896.0,0.37754,0.3573903623494024
Dummy Mean,850,player_4,match_14,896.0,926.0,0.369730114516129,0.3573903623494024
Dummy Mean,851,player_4,match_14,926.0,956.0,0.3745211730205278,0.3573903623494024
Dummy Mean,852,player_4,match_14,956.0,986.0,0.3808013306451612,0.3573903623494024
Dummy Mean,853,player_4,match_14,986.0,1016.0,0.3776010967741935,0.3573903623494024
Dummy Mean,854,player_4,match_14,1016.0,1046.0,0.3998627822580645,0.3573903623494024
Dummy Mean,855,player_4,match_14,1046.0,1076.0,0.5312633096774193,0.3573903623494024
Dummy Mean,856,player_4,match_14,1076.0,1106.0,0.3963917564516129,0.3573903623494024
Dummy Mean,857,player_4,match_14,1106.0,1136.0,0.377594408064516,0.3573903623494024
Dummy Mean,858,player_4,match_14,1136.0,1166.0,0.3680299129032257,0.3573903623494024
Dummy Mean,859,player_4,match_14,1166.0,1196.0,0.3781662887096773,0.3573903623494024
Dummy Mean,860,player_4,match_14,1196.0,1226.0,0.3847059193548386,0.3573903623494024
Dummy Mean,861,player_4,match_14,1226.0,1256.0,0.3984853483870967,0.3573903623494024
Dummy Mean,862,player_4,match_14,1256.0,1286.0,0.3775004548387096,0.3573903623494024
Dummy Mean,863,player_4,match_14,1286.0,1316.0,0.3775998919354838,0.3573903623494024
Dummy Mean,864,player_4,match_14,1316.0,1346.0,0.37754,0.3573903623494024
Dummy Mean,865,player_4,match_14,1346.0,1376.0,0.37754,0.3573903623494024
Dummy Mean,866,player_4,match_14,1376.0,1406.0,0.3777298225806451,0.3573903623494024
Dummy Mean,867,player_4,match_14,1406.0,1436.0,0.367695179032258,0.3573903623494024
Dummy Mean,868,player_4,match_14,1436.0,1466.0,0.3880869,0.3573903623494024
Dummy Mean,869,player_4,match_14,1466.0,1496.0,0.3906062419354839,0.3573903623494024
Dummy Mean,870,player_4,match_14,1496.0,1526.0,0.3775400096774193,0.3573903623494024
Dummy Mean,871,player_4,match_14,1526.0,1556.0,0.37754,0.3573903623494024
Dummy Mean,872,player_4,match_14,1556.0,1586.0,0.3696757516129031,0.3573903623494024
Dummy Mean,873,player_4,match_14,1586.0,1616.0,0.3824956403225806,0.3573903623494024
Dummy Mean,874,player_4,match_14,1616.0,1646.0,0.37754,0.3573903623494024
Dummy Mean,875,player_4,match_14,1646.0,1676.0,0.37754,0.3573903623494024
Dummy Mean,876,player_4,match_14,1676.0,1706.0,0.3819723225806452,0.3573903623494024
Dummy Mean,877,player_4,match_14,1706.0,1736.0,0.3797491370967741,0.3573903623494024
Dummy Mean,878,player_4,match_14,1736.0,1766.0,0.3757101677419354,0.3573903623494024
Dummy Mean,879,player_4,match_14,1766.0,1796.0,0.3756249609507639,0.3573903623494024
Dummy Mean,880,player_4,match_14,1796.0,1826.0,0.3942242084889643,0.3573903623494024
Dummy Mean,881,player_4,match_14,1826.0,1856.0,0.37754,0.3573903623494024
Dummy Mean,1432,player_4,match_8,3.0,33.0,0.2936402661290322,0.3573903623494024
Dummy Mean,1433,player_4,match_8,33.0,63.0,0.2337888903225806,0.3573903623494024
Dummy Mean,1434,player_4,match_8,63.0,93.0,0.2387624322580644,0.3573903623494024
Dummy Mean,1435,player_4,match_8,93.0,123.0,0.2585965112903226,0.3573903623494024
Dummy Mean,1436,player_4,match_8,123.0,153.0,0.1856127354838709,0.3573903623494024
Dummy Mean,1437,player_4,match_8,153.0,183.0,0.2244420725806451,0.3573903623494024
Dummy Mean,1438,player_4,match_8,183.0,213.0,0.2791424451612903,0.3573903623494024
Dummy Mean,1439,player_4,match_8,213.0,243.0,0.280498814516129,0.3573903623494024
Dummy Mean,1440,player_4,match_8,243.0,273.0,0.2254200951612903,0.3573903623494024
Dummy Mean,1441,player_4,match_8,273.0,303.0,0.2321811870967741,0.3573903623494024
Dummy Mean,1442,player_4,match_8,303.0,333.0,0.2412346677419354,0.3573903623494024
Dummy Mean,1443,player_4,match_8,333.0,363.0,0.3085772112903225,0.3573903623494024
Dummy Mean,1444,player_4,match_8,363.0,393.0,0.3894644483870968,0.3573903623494024
Dummy Mean,1445,player_4,match_8,393.0,423.0,0.3108899806451612,0.3573903623494024
Dummy Mean,1446,player_4,match_8,423.0,453.0,0.3475553870967742,0.3573903623494024
Dummy Mean,1447,player_4,match_8,453.0,483.0,0.3402289983870967,0.3573903623494024
Dummy Mean,1448,player_4,match_8,483.0,513.0,0.4374144387096774,0.3573903623494024
Dummy Mean,1449,player_4,match_8,513.0,543.0,0.4074272322580645,0.3573903623494024
Dummy Mean,1450,player_4,match_8,543.0,573.0,0.3671605225806451,0.3573903623494024
Dummy Mean,1451,player_4,match_8,573.0,603.0,0.462001229032258,0.3573903623494024
Dummy Mean,1452,player_4,match_8,603.0,633.0,0.2885247564516129,0.3573903623494024
Dummy Mean,1453,player_4,match_8,633.0,663.0,0.3292853935483871,0.3573903623494024
Dummy Mean,1454,player_4,match_8,663.0,693.0,0.4571119806451613,0.3573903623494024
Dummy Mean,1455,player_4,match_8,693.0,723.0,0.345162040860215,0.3573903623494024
Dummy Mean,1456,player_4,match_8,723.0,753.0,0.3520294903225806,0.3573903623494024
Dummy Mean,1457,player_4,match_8,753.0,783.0,0.319706914516129,0.3573903623494024
Dummy Mean,1458,player_4,match_8,783.0,813.0,0.3719317096774193,0.3573903623494024
Dummy Mean,1459,player_4,match_8,813.0,843.0,0.3440492451612902,0.3573903623494024
Dummy Mean,1460,player_4,match_8,843.0,873.0,0.4413690096774193,0.3573903623494024
Dummy Mean,1461,player_4,match_8,873.0,903.0,0.5348753854838709,0.3573903623494024
Dummy Mean,1462,player_4,match_8,903.0,933.0,0.5216585983870968,0.3573903623494024
Dummy Mean,1463,player_4,match_8,933.0,963.0,0.4585932709677418,0.3573903623494024
Dummy Mean,1464,player_4,match_8,963.0,993.0,0.3480824774193548,0.3573903623494024
Dummy Mean,1465,player_4,match_8,993.0,1023.0,0.4307672241935483,0.3573903623494024
Dummy Mean,1466,player_4,match_8,1023.0,1053.0,0.6003164032258064,0.3573903623494024
Dummy Mean,1467,player_4,match_8,1053.0,1083.0,0.4401362887096773,0.3573903623494024
Dummy Mean,1468,player_4,match_8,1083.0,1113.0,0.4283666467741935,0.3573903623494024
Dummy Mean,1469,player_4,match_8,1113.0,1143.0,0.478429317204301,0.3573903623494024
Dummy Mean,1470,player_4,match_8,1143.0,1173.0,0.4842511612903225,0.3573903623494024
Dummy Mean,1471,player_4,match_8,1173.0,1203.0,0.5376216354838709,0.3573903623494024
Dummy Mean,1472,player_4,match_8,1203.0,1233.0,0.4296513903225806,0.3573903623494024
Dummy Mean,1473,player_4,match_8,1233.0,1263.0,0.5108459354838709,0.3573903623494024
Dummy Mean,1474,player_4,match_8,1263.0,1293.0,0.4504216467741935,0.3573903623494024
Dummy Mean,1475,player_4,match_8,1293.0,1323.0,0.3596913080645161,0.3573903623494024
Dummy Mean,1476,player_4,match_8,1323.0,1353.0,0.3339856580645161,0.3573903623494024
Dummy Mean,1477,player_4,match_8,1353.0,1383.0,0.3750152580645161,0.3573903623494024
Dummy Mean,1478,player_4,match_8,1383.0,1413.0,0.4615939112903225,0.3573903623494024
Dummy Mean,1479,player_4,match_8,1413.0,1443.0,0.2335161774193548,0.3573903623494024
Dummy Mean,1480,player_4,match_8,1443.0,1473.0,0.321098814516129,0.3573903623494024
Dummy Mean,1481,player_4,match_8,1473.0,1503.0,0.44420675,0.3573903623494024
Dummy Mean,1515,player_4,match_9,9.0,39.0,0.4239898887096774,0.3573903623494024
Dummy Mean,1516,player_4,match_9,39.0,69.0,0.3739965903225806,0.3573903623494024
Dummy Mean,1517,player_4,match_9,69.0,99.0,0.3716395580645161,0.3573903623494024
Dummy Mean,1518,player_4,match_9,99.0,129.0,0.4017635564516129,0.3573903623494024
Dummy Mean,1519,player_4,match_9,129.0,159.0,0.4971047661290322,0.3573903623494024
Dummy Mean,1520,player_4,match_9,159.0,189.0,0.3686038741935483,0.3573903623494024
Dummy Mean,1521,player_4,match_9,189.0,219.0,0.3476745096774193,0.3573903623494024
Dummy Mean,1522,player_4,match_9,219.0,249.0,0.3680411629032258,0.3573903623494024
Dummy Mean,1523,player_4,match_9,249.0,279.0,0.3407845483870967,0.3573903623494024
Dummy Mean,1524,player_4,match_9,279.0,309.0,0.3837451451612902,0.3573903623494024
Dummy Mean,1525,player_4,match_9,309.0,339.0,0.3621322161290322,0.3573903623494024
Dummy Mean,1526,player_4,match_9,339.0,369.0,0.4526585064516129,0.3573903623494024
Dummy Mean,1527,player_4,match_9,369.0,399.0,0.3755813580645161,0.3573903623494024
Dummy Mean,1528,player_4,match_9,399.0,429.0,0.4819621903225806,0.3573903623494024
Dummy Mean,1529,player_4,match_9,429.0,459.0,0.3414929295698924,0.3573903623494024
Dummy Mean,1530,player_4,match_9,459.0,489.0,0.4011424741935483,0.3573903623494024
Dummy Mean,1531,player_4,match_9,489.0,519.0,0.3668874193548386,0.3573903623494024
Dummy Mean,1532,player_4,match_9,519.0,549.0,0.4462699548387095,0.3573903623494024
Dummy Mean,1533,player_4,match_9,549.0,579.0,0.3921005677419354,0.3573903623494024
Dummy Mean,1534,player_4,match_9,579.0,609.0,0.3451927499999999,0.3573903623494024
Dummy Mean,1535,player_4,match_9,609.0,639.0,0.3739440629032258,0.3573903623494024
Dummy Mean,1536,player_4,match_9,639.0,669.0,0.3175080225806451,0.3573903623494024
Dummy Mean,1537,player_4,match_9,669.0,699.0,0.3284608822580644,0.3573903623494024
Dummy Mean,1538,player_4,match_9,699.0,729.0,0.3103561016129031,0.3573903623494024
Dummy Mean,1539,player_4,match_9,729.0,759.0,0.3383057854838709,0.3573903623494024
Dummy Mean,1540,player_4,match_9,759.0,789.0,0.3636210725806451,0.3573903623494024
Dummy Mean,1541,player_4,match_9,789.0,819.0,0.4444937193548386,0.3573903623494024
Dummy Mean,1542,player_4,match_9,819.0,849.0,0.4620974139784946,0.3573903623494024
Dummy Mean,1543,player_4,match_9,849.0,879.0,0.3245619886148008,0.3573903623494024
Dummy Mean,1544,player_4,match_9,879.0,909.0,0.2481818625237191,0.3573903623494024
Dummy Mean,1545,player_4,match_9,909.0,939.0,0.3647371741935483,0.3573903623494024
Dummy Mean,1546,player_4,match_9,939.0,969.0,0.3781964322580644,0.3573903623494024
Dummy Mean,1547,player_4,match_9,969.0,999.0,0.4294712465437788,0.3573903623494024
Ridge,0,player_1,match_0,0.0,30.0,0.3089558967741935,0.38761987433031353
Ridge,1,player_1,match_0,30.0,60.0,0.293013805734767,0.40724714825731284
Ridge,2,player_1,match_0,60.0,90.0,0.3186742338709677,0.3514749617327472
Ridge,3,player_1,match_0,90.0,120.0,0.3088151419354837,0.36587424823509757
Ridge,4,player_1,match_0,120.0,150.0,0.2586407629032257,0.35383536923283515
Ridge,5,player_1,match_0,150.0,180.0,0.2626157370967741,0.3528962569318662
Ridge,6,player_1,match_0,180.0,210.0,0.2673253306451613,0.3585709751628597
Ridge,7,player_1,match_0,210.0,240.0,0.262403414516129,0.3551254086584441
Ridge,8,player_1,match_0,240.0,270.0,0.284407179032258,0.3792928173219724
Ridge,9,player_1,match_0,270.0,300.0,0.2913860887096773,0.38562175797527454
Ridge,10,player_1,match_0,300.0,330.0,0.2618468435483871,0.37126879151553804
Ridge,11,player_1,match_0,330.0,360.0,0.2690541677419354,0.36198797240538705
Ridge,12,player_1,match_0,360.0,390.0,0.2794713403225806,0.35947946715619733
Ridge,13,player_1,match_0,390.0,420.0,0.3035584258064515,0.37536167792637426
Ridge,14,player_1,match_0,420.0,450.0,0.2994459048387096,0.37755703344190744
Ridge,15,player_1,match_0,450.0,480.0,0.2647599161290321,0.4038546571464006
Ridge,16,player_1,match_0,480.0,510.0,0.3334233080645161,0.3848120515276286
Ridge,17,player_1,match_0,510.0,540.0,0.2825128983870967,0.3712926573550633
Ridge,18,player_1,match_0,540.0,570.0,0.2714513209677418,0.36041875090869036
Ridge,19,player_1,match_0,570.0,600.0,0.2878617693548387,0.37077706383256864
Ridge,20,player_1,match_0,600.0,630.0,0.3189576483870967,0.3701096126445489
Ridge,21,player_1,match_0,630.0,660.0,0.2880222548387097,0.3583726979108283
Ridge,22,player_1,match_0,660.0,690.0,0.2710485612903225,0.37222872509258553
Ridge,23,player_1,match_0,690.0,720.0,0.2761948435483871,0.37838033029142965
Ridge,24,player_1,match_0,720.0,750.0,0.3103824580645161,0.3938583342467601
Ridge,25,player_1,match_0,750.0,780.0,0.2959241612903225,0.36935810943852737
Ridge,26,player_1,match_0,780.0,810.0,0.2792054548387096,0.3893023025129597
Ridge,27,player_1,match_0,810.0,840.0,0.4803356887096774,0.3824793780765454
Ridge,28,player_1,match_0,840.0,870.0,0.4701610854838709,0.3916326697026835
Ridge,29,player_1,match_0,870.0,900.0,0.4655304225806451,0.3600396473976498
Ridge,30,player_1,match_0,900.0,930.0,0.2989577419354838,0.3799704569051693
Ridge,31,player_1,match_1,7.0,37.0,0.326792464516129,0.38568868415599916
Ridge,32,player_1,match_1,37.0,67.0,0.3146942025089605,0.3525125708494036
Ridge,33,player_1,match_1,67.0,97.0,0.327580964516129,0.3689092215903251
Ridge,34,player_1,match_1,97.0,127.0,0.3033205887096774,0.4061584757941262
Ridge,35,player_1,match_1,127.0,157.0,0.2627608532258064,0.38568472832353246
Ridge,36,player_1,match_1,157.0,187.0,0.2688933999999999,0.372800391123749
Ridge,37,player_1,match_1,187.0,217.0,0.2837630806451612,0.34382244793179356
Ridge,38,player_1,match_1,217.0,247.0,0.271203708064516,0.3789919075019666
Ridge,39,player_1,match_1,247.0,277.0,0.2798041016129032,0.3919400049425837
Ridge,40,player_1,match_1,277.0,307.0,0.2588016451612903,0.38789984277087863
Ridge,41,player_1,match_1,307.0,337.0,0.2964694806451612,0.3559447226931899
Ridge,42,player_1,match_1,337.0,367.0,0.2562407983870967,0.3987321035273334
Ridge,43,player_1,match_1,367.0,397.0,0.3099167709677419,0.3764457055607332
Ridge,44,player_1,match_1,397.0,427.0,0.3193273854838709,0.39251526692554684
Ridge,45,player_1,match_1,427.0,457.0,0.2609561080645161,0.3615679605523867
Ridge,46,player_1,match_1,457.0,487.0,0.2648506709677419,0.38081276224990984
Ridge,47,player_1,match_1,487.0,517.0,0.2760417177419354,0.39691204789426116
Ridge,48,player_1,match_1,517.0,547.0,0.2991992596774193,0.36165565522551696
Ridge,49,player_1,match_1,547.0,577.0,0.4693328548387097,0.3513592065405495
Ridge,50,player_1,match_1,577.0,607.0,0.3155598387096773,0.3543007247576507
Ridge,51,player_1,match_1,607.0,637.0,0.3107442612903225,0.43788369012926986
Ridge,52,player_1,match_1,637.0,667.0,0.3418126048387097,0.43929774092250695
Ridge,53,player_1,match_1,667.0,697.0,0.4955745064516129,0.3661196525256314
Ridge,54,player_1,match_1,697.0,727.0,0.4025211887096774,0.3816923886885858
Ridge,55,player_1,match_1,727.0,757.0,0.4099977258064515,0.3473854492071367
Ridge,56,player_1,match_1,757.0,787.0,0.4764586903225807,0.37421281932520456
Ridge,57,player_1,match_1,787.0,817.0,0.4500446580645161,0.3741197946196628
Ridge,58,player_1,match_1,817.0,847.0,0.5814184774193548,0.4121615763697375
Ridge,59,player_1,match_1,847.0,877.0,0.3919543064516128,0.40930816075164295
Ridge,60,player_1,match_1,877.0,907.0,0.4392985548387096,0.37548329003381437
Ridge,61,player_1,match_1,907.0,937.0,0.4926014854838709,0.3875864248704027
Ridge,62,player_1,match_1,937.0,967.0,0.342435014516129,0.410288136210818
Ridge,63,player_1,match_1,967.0,997.0,0.3776644999999999,0.3652545871261234
Ridge,64,player_1,match_1,997.0,1027.0,0.2881532822580644,0.367142428826852
Ridge,65,player_1,match_1,1027.0,1057.0,0.3654509419354838,0.3819101169994566
Ridge,66,player_1,match_1,1057.0,1087.0,0.3716624532258064,0.40941217559282256
Ridge,67,player_1,match_1,1087.0,1117.0,0.3102842241935483,0.3612944515210327
Ridge,68,player_1,match_1,1117.0,1147.0,0.2924984032258064,0.4031102387581158
Ridge,69,player_1,match_1,1147.0,1177.0,0.3274675064516128,0.3767927932273619
Ridge,70,player_1,match_1,1177.0,1207.0,0.3139987612903225,0.38979927128582836
Ridge,71,player_1,match_1,1207.0,1237.0,0.3041761096774192,0.37521377775955966
Ridge,72,player_1,match_1,1237.0,1267.0,0.2918950306451612,0.3616630999657572
Ridge,73,player_1,match_1,1267.0,1297.0,0.3080974322580645,0.3621401214085085
Ridge,74,player_1,match_1,1297.0,1327.0,0.3178463758064516,0.3848546235389554
Ridge,75,player_1,match_1,1327.0,1357.0,0.2968616967741935,0.35659616828469815
Ridge,76,player_1,match_1,1357.0,1387.0,0.3722757193548387,0.3660761695613286
Ridge,77,player_1,match_1,1387.0,1417.0,0.3155762887096773,0.3644104453247427
Ridge,78,player_1,match_1,1417.0,1447.0,0.3206064874551971,0.3462214943058218
Ridge,79,player_1,match_1,1447.0,1477.0,0.3224366129032258,0.39020368509657116
Ridge,80,player_1,match_1,1477.0,1507.0,0.297328814516129,0.3712870947686402
Ridge,96,player_1,match_11,172.0,202.0,0.4136623241935483,0.3794880645715457
Ridge,97,player_1,match_11,202.0,232.0,0.416332764516129,0.4011353763967551
Ridge,98,player_1,match_11,232.0,262.0,0.4717237370967742,0.3783691767636159
Ridge,99,player_1,match_11,262.0,292.0,0.5031590225806452,0.3828151998147595
Ridge,100,player_1,match_11,292.0,322.0,0.4347989661290322,0.3850914763501536
Ridge,101,player_1,match_11,322.0,352.0,0.4280991516129032,0.3506255427132484
Ridge,102,player_1,match_11,352.0,382.0,0.4635560725806451,0.3541418212533239
Ridge,103,player_1,match_11,382.0,412.0,0.4437919649417562,0.39223781075878783
Ridge,104,player_1,match_11,412.0,442.0,0.4541907066532257,0.38176890558581106
Ridge,105,player_1,match_11,442.0,472.0,0.4438867373900292,0.3635300940600219
Ridge,106,player_1,match_11,472.0,502.0,0.4038241983870967,0.3831389871507651
Ridge,107,player_1,match_11,502.0,532.0,0.3913221564516129,0.3890716867717365
Ridge,108,player_1,match_11,532.0,562.0,0.4260377967741935,0.3815032379108869
Ridge,109,player_1,match_11,562.0,592.0,0.4308283129032257,0.374347759830513
Ridge,110,player_1,match_11,592.0,622.0,0.4629238661290322,0.3741257462383544
Ridge,111,player_1,match_11,622.0,652.0,0.4602110887096773,0.3592193445930303
Ridge,112,player_1,match_11,652.0,682.0,0.3935223306451613,0.38315922397517904
Ridge,113,player_1,match_11,682.0,712.0,0.3982104741935484,0.3817313299006827
Ridge,114,player_1,match_11,712.0,742.0,0.4295733951612902,0.4546030313094138
Ridge,115,player_1,match_11,742.0,772.0,0.4238557,0.3671828458813448
Ridge,116,player_1,match_11,772.0,802.0,0.4175289983870967,0.45744499529497223
Ridge,117,player_1,match_11,802.0,832.0,0.379765129032258,0.41957463557491165
Ridge,118,player_1,match_11,832.0,862.0,0.3948746887096773,0.459036498137931
Ridge,119,player_1,match_11,862.0,892.0,0.4160788564516128,0.3842018969464639
Ridge,120,player_1,match_11,892.0,922.0,0.3652540870967741,0.42649405053331957
Ridge,121,player_1,match_11,922.0,952.0,0.3925473532258065,0.4018950453321009
Ridge,122,player_1,match_11,952.0,982.0,0.3322909274193548,0.3817543954622127
Ridge,123,player_1,match_11,982.0,1012.0,0.3801257870967742,0.3770271845366086
Ridge,124,player_1,match_11,1012.0,1042.0,0.3373334903225806,0.39159152098801886
Ridge,125,player_1,match_11,1042.0,1072.0,0.3478639967741935,0.36398110232044406
Ridge,126,player_1,match_11,1072.0,1102.0,0.4415434661290323,0.3450925051934041
Ridge,127,player_1,match_11,1102.0,1132.0,0.2853860983870968,0.3921162347252872
Ridge,128,player_1,match_11,1132.0,1162.0,0.293957064516129,0.3500728245436284
Ridge,129,player_1,match_11,1162.0,1192.0,0.3479358064516128,0.35855220001962124
Ridge,130,player_1,match_11,1192.0,1222.0,0.3663038322580645,0.4471275933934781
Ridge,131,player_1,match_11,1222.0,1252.0,0.4008660596774193,0.416947202138992
Ridge,132,player_1,match_11,1252.0,1282.0,0.4250461225806451,0.38557368372306144
Ridge,133,player_1,match_11,1282.0,1312.0,0.4056366209677419,0.4313804152766271
Ridge,134,player_1,match_11,1312.0,1342.0,0.3596767419354838,0.4850596745614374
Ridge,135,player_1,match_11,1342.0,1372.0,0.4587094032258064,0.44145699087296353
Ridge,136,player_1,match_11,1372.0,1402.0,0.3524431048387096,0.4571561679267524
Ridge,137,player_1,match_11,1402.0,1432.0,0.3985929903225805,0.4893830841957617
Ridge,138,player_1,match_11,1432.0,1462.0,0.4153332693548386,0.4092981870712647
Ridge,139,player_1,match_11,1462.0,1492.0,0.4259003451612903,0.4537542245783178
Ridge,140,player_1,match_11,1492.0,1522.0,0.4547701946236558,0.42809553269897166
Ridge,141,player_1,match_11,1522.0,1552.0,0.3945448564516129,0.45724646650737344
Ridge,142,player_1,match_11,1552.0,1582.0,0.3744696951612902,0.48838971819919524
Ridge,143,player_1,match_11,1582.0,1612.0,0.4127492435483871,0.43863574946715783
Ridge,144,player_1,match_11,1612.0,1642.0,0.3248093854838709,0.39168884834529716
Ridge,145,player_1,match_11,1642.0,1672.0,0.4427095725806451,0.4574014235448809
Ridge,146,player_1,match_11,1672.0,1702.0,0.4044388838709676,0.43222550841569585
Ridge,147,player_1,match_11,1702.0,1732.0,0.3678745677419354,0.4091077409812686
Ridge,148,player_1,match_11,1732.0,1762.0,0.3491393933002481,0.3779548179472215
Ridge,149,player_1,match_11,1762.0,1792.0,0.4061422532258064,0.4504067896597684
Ridge,150,player_1,match_11,1792.0,1822.0,0.3585060322580644,0.3980676791535898
Ridge,151,player_1,match_11,1822.0,1852.0,0.3783669338709676,0.42971409333490956
Ridge,152,player_1,match_11,1852.0,1882.0,0.450786529032258,0.37076113794903753
Ridge,153,player_1,match_11,1882.0,1912.0,0.3480020048387097,0.4674571653914738
Ridge,154,player_1,match_11,1912.0,1942.0,0.3644472564516129,0.4336468593333479
Ridge,155,player_1,match_11,1942.0,1972.0,0.4806962903225806,0.3915705068024677
Ridge,156,player_1,match_11,1972.0,2002.0,0.4444146887096774,0.5203801305205622
Ridge,157,player_1,match_11,2002.0,2032.0,0.3196661161290322,0.4161806255050914
Ridge,158,player_1,match_11,2032.0,2062.0,0.3275598387096774,0.43633395966666183
Ridge,159,player_1,match_11,2062.0,2092.0,0.3751879677419354,0.4222900388726628
Ridge,160,player_1,match_11,2092.0,2122.0,0.3702284112903224,0.43889132962856575
Ridge,161,player_1,match_11,2122.0,2152.0,0.5152851870967742,0.41310511978554365
Ridge,162,player_1,match_11,2152.0,2182.0,0.3809551032258064,0.40996563776116507
Ridge,163,player_1,match_11,2182.0,2212.0,0.3728131241935484,0.3972114192673719
Ridge,376,player_1,match_12,239.0,269.0,0.3400579516129032,0.3786400131034803
Ridge,377,player_1,match_12,269.0,299.0,0.3144669612903226,0.39695881030675784
Ridge,378,player_1,match_12,299.0,329.0,0.5110473161290323,0.3949987692968428
Ridge,379,player_1,match_12,329.0,359.0,0.4311793887096774,0.39539354361741874
Ridge,380,player_1,match_12,359.0,389.0,0.4683972016129032,0.4147918989467891
Ridge,381,player_1,match_12,389.0,419.0,0.4162375016129032,0.42972722483749837
Ridge,382,player_1,match_12,419.0,449.0,0.4214025806451612,0.3986467248404159
Ridge,383,player_1,match_12,449.0,479.0,0.4019269548387096,0.4090105249991975
Ridge,384,player_1,match_12,479.0,509.0,0.3542751080645161,0.37402632811739556
Ridge,385,player_1,match_12,509.0,539.0,0.392424593548387,0.40178086706790844
Ridge,386,player_1,match_12,539.0,569.0,0.3975517532258064,0.4106642556876723
Ridge,387,player_1,match_12,569.0,599.0,0.4097716967741935,0.41178271711103265
Ridge,388,player_1,match_12,599.0,629.0,0.3381159469534049,0.4048627255452648
Ridge,389,player_1,match_12,629.0,659.0,0.3241692,0.4510376903898104
Ridge,390,player_1,match_12,659.0,689.0,0.3956984741935483,0.42491903384001134
Ridge,391,player_1,match_12,689.0,719.0,0.3604701967741935,0.43097401305735894
Ridge,392,player_1,match_12,719.0,749.0,0.4092552193548386,0.4123694411654139
Ridge,393,player_1,match_12,749.0,779.0,0.381246243548387,0.41619431939930496
Ridge,394,player_1,match_12,779.0,809.0,0.3435942,0.42399773063067914
Ridge,395,player_1,match_12,809.0,839.0,0.3481626516129031,0.4430935652430811
Ridge,396,player_1,match_12,839.0,869.0,0.329289729032258,0.4571478737880763
Ridge,470,player_1,match_13,137.0,167.0,0.4297108421146953,0.4306946972576441
Ridge,471,player_1,match_13,167.0,197.0,0.4261963,0.3688310123071624
Ridge,472,player_1,match_13,197.0,227.0,0.3807079999999999,0.4082666751878941
Ridge,473,player_1,match_13,227.0,257.0,0.4518187258064515,0.39634051898752576
Ridge,474,player_1,match_13,257.0,287.0,0.4522258548387096,0.43641275223805165
Ridge,475,player_1,match_13,287.0,317.0,0.4434951919354838,0.4180965158491006
Ridge,476,player_1,match_13,317.0,347.0,0.3814994806451612,0.4104949488472195
Ridge,477,player_1,match_13,347.0,377.0,0.3740176983870967,0.37888763552474275
Ridge,478,player_1,match_13,377.0,407.0,0.3679258548387096,0.3899578290977413
Ridge,479,player_1,match_13,407.0,437.0,0.4163013999999999,0.40764401315135707
Ridge,480,player_1,match_13,437.0,467.0,0.3734376612903225,0.4257157818955892
Ridge,481,player_1,match_13,467.0,497.0,0.3954941016129032,0.4069584274785013
Ridge,482,player_1,match_13,497.0,527.0,0.3866611483870967,0.41181187822224335
Ridge,483,player_1,match_13,527.0,557.0,0.4719075193548386,0.4234819027862566
Ridge,484,player_1,match_13,557.0,587.0,0.2849969387096773,0.3892361503225736
Ridge,485,player_1,match_13,587.0,617.0,0.3055833983870967,0.44905827914591784
Ridge,486,player_1,match_13,617.0,647.0,0.3457568602150537,0.43734091285655774
Ridge,487,player_1,match_13,647.0,677.0,0.3561092387096773,0.4277928068820795
Ridge,488,player_1,match_13,677.0,707.0,0.5017185967741935,0.4030795980207389
Ridge,489,player_1,match_13,707.0,737.0,0.3352148564516128,0.41254814302094023
Ridge,490,player_1,match_13,737.0,767.0,0.3232410071684587,0.4118893271725355
Ridge,491,player_1,match_13,767.0,797.0,0.3319687419354838,0.4438466904476678
Ridge,492,player_1,match_13,797.0,827.0,0.3787868693548386,0.4541019146059641
Ridge,493,player_1,match_13,827.0,857.0,0.3573640483870968,0.4296132887656071
Ridge,494,player_1,match_13,857.0,887.0,0.36030815,0.4255138499480012
Ridge,495,player_1,match_13,887.0,917.0,0.3700600615835777,0.500774551431357
Ridge,496,player_1,match_13,917.0,947.0,0.4018305112903225,0.423880920634121
Ridge,497,player_1,match_13,947.0,977.0,0.4777713887096774,0.43764743689722946
Ridge,498,player_1,match_13,977.0,1007.0,0.4825169677419355,0.42339342766349625
Ridge,499,player_1,match_13,1007.0,1037.0,0.4120946451612902,0.41649221207958376
Ridge,500,player_1,match_13,1037.0,1067.0,0.3189861989247311,0.439558727466111
Ridge,501,player_1,match_13,1067.0,1097.0,0.2867375225806451,0.4444446692283343
Ridge,502,player_1,match_13,1097.0,1127.0,0.3511622177419354,0.4002193093490819
Ridge,503,player_1,match_13,1127.0,1157.0,0.4818510516129031,0.39585762767186256
Ridge,504,player_1,match_13,1157.0,1187.0,0.3894725306451612,0.4101946270651831
Ridge,505,player_1,match_13,1187.0,1217.0,0.4749633854838709,0.4495284922421676
Ridge,506,player_1,match_13,1217.0,1247.0,0.5027637548387096,0.4342349233333291
Ridge,507,player_1,match_13,1247.0,1277.0,0.4474593967741935,0.4239619358301731
Ridge,508,player_1,match_13,1277.0,1307.0,0.3817496338709677,0.43801665240326665
Ridge,509,player_1,match_13,1307.0,1337.0,0.4277196951612903,0.41178762573209715
Ridge,510,player_1,match_13,1337.0,1367.0,0.4311164306451612,0.4127476377682717
Ridge,511,player_1,match_13,1367.0,1397.0,0.4622056483870967,0.4302743879206411
Ridge,512,player_1,match_13,1397.0,1427.0,0.3698741612903226,0.39198838890982424
Ridge,513,player_1,match_13,1427.0,1457.0,0.4040003428315412,0.4463789760877148
Ridge,514,player_1,match_13,1457.0,1487.0,0.4624870016129032,0.4062764643538215
Ridge,515,player_1,match_13,1487.0,1517.0,0.4829153225806451,0.41480534516699313
Ridge,516,player_1,match_13,1517.0,1547.0,0.3507165499999999,0.40771196294341705
Ridge,517,player_1,match_13,1547.0,1577.0,0.4577799,0.42248501340320244
Ridge,518,player_1,match_13,1577.0,1607.0,0.4131685822580645,0.3902202858952286
Ridge,519,player_1,match_13,1607.0,1637.0,0.5196829693548387,0.4357191706332875
Ridge,520,player_1,match_13,1637.0,1667.0,0.4005708806451612,0.4643044624466588
Ridge,521,player_1,match_13,1667.0,1697.0,0.5110959516129032,0.46325130455688485
Ridge,522,player_1,match_13,1697.0,1727.0,0.5381736774193548,0.45351523492810447
Ridge,523,player_1,match_13,1727.0,1757.0,0.4434894193548387,0.4246595522856415
Ridge,524,player_1,match_13,1757.0,1787.0,0.3746342467741935,0.45397123930510663
Ridge,525,player_1,match_13,1787.0,1817.0,0.3379895209677419,0.41873986117804124
Ridge,526,player_1,match_13,1817.0,1847.0,0.4141112580645161,0.4243111038582656
Ridge,527,player_1,match_13,1847.0,1877.0,0.3742167112903225,0.40178255311842387
Ridge,528,player_1,match_13,1877.0,1907.0,0.3697015591397848,0.4467279573145953
Ridge,529,player_1,match_13,1907.0,1937.0,0.4048530274193548,0.426307277972636
Ridge,530,player_1,match_13,1937.0,1967.0,0.2652047612903225,0.48813498420274676
Ridge,531,player_1,match_13,1967.0,1997.0,0.3488528193548386,0.49896568038523076
Ridge,532,player_1,match_13,1997.0,2027.0,0.3670864032258064,0.3779138534412382
Ridge,533,player_1,match_13,2027.0,2057.0,0.4078593241935483,0.4258626495331307
Ridge,534,player_1,match_13,2057.0,2087.0,0.4180620564516129,0.47311891632438574
Ridge,734,player_1,match_14,394.0,424.0,0.329956329032258,0.3470965296413123
Ridge,735,player_1,match_14,424.0,454.0,0.2993918573393348,0.3793094138372121
Ridge,736,player_1,match_14,454.0,484.0,0.2910753457114278,0.36384915737554735
Ridge,737,player_1,match_14,484.0,514.0,0.2827588340835208,0.35923838949625864
Ridge,738,player_1,match_14,514.0,544.0,0.2744423224556138,0.362321905910115
Ridge,739,player_1,match_14,544.0,574.0,0.2707195919354838,0.3734373909182461
Ridge,740,player_1,match_14,574.0,604.0,0.2634844580645161,0.34676409716793555
Ridge,741,player_1,match_14,604.0,634.0,0.3307987274193548,0.3493042667290658
Ridge,742,player_1,match_14,634.0,664.0,0.3718515516129032,0.3692769153136712
Ridge,743,player_1,match_14,664.0,694.0,0.2566187677419353,0.37965992890250816
Ridge,744,player_1,match_14,694.0,724.0,0.2521627016129032,0.34209664312473015
Ridge,745,player_1,match_14,724.0,754.0,0.3387252241935484,0.37690166228926864
Ridge,746,player_1,match_14,754.0,784.0,0.2438232354838709,0.38328379648222777
Ridge,747,player_1,match_14,784.0,814.0,0.2675964661290322,0.3821076132981842
Ridge,748,player_1,match_14,814.0,844.0,0.2718040758064516,0.36430997655898517
Ridge,749,player_1,match_14,844.0,874.0,0.2869475951612902,0.36635968529210294
Ridge,750,player_1,match_14,874.0,904.0,0.289157864516129,0.37042747187881486
Ridge,751,player_1,match_14,904.0,934.0,0.2668230016129032,0.3683522091961829
Ridge,752,player_1,match_14,934.0,964.0,0.2973100241935483,0.3734812786320296
Ridge,753,player_1,match_14,964.0,994.0,0.3126952774193547,0.3792393523368679
Ridge,754,player_1,match_14,994.0,1024.0,0.3368025629032257,0.39726402416535406
Ridge,755,player_1,match_14,1024.0,1054.0,0.3230093758064516,0.3621366603624396
Ridge,756,player_1,match_14,1054.0,1084.0,0.2887739258064515,0.37005424912193685
Ridge,757,player_1,match_14,1084.0,1114.0,0.2846323612903225,0.6938996200722344
Ridge,758,player_1,match_14,1114.0,1144.0,0.3458288548387097,0.4021522528268144
Ridge,759,player_1,match_14,1144.0,1174.0,0.2876663016129032,0.37422260313900857
Ridge,760,player_1,match_14,1174.0,1204.0,0.3187364483870967,0.3725383722563448
Ridge,761,player_1,match_14,1204.0,1234.0,0.2769541564516128,0.35204093352938315
Ridge,762,player_1,match_14,1234.0,1264.0,0.3034009096774193,0.37768428169073903
Ridge,763,player_1,match_14,1264.0,1294.0,0.3052135903225806,0.4007317765433303
Ridge,764,player_1,match_14,1294.0,1324.0,0.2810469241935482,0.3656862454858681
Ridge,765,player_1,match_14,1324.0,1354.0,0.2712858629032257,0.3632599870463805
Ridge,766,player_1,match_14,1354.0,1384.0,0.308564164516129,0.35556394136991726
Ridge,767,player_1,match_14,1384.0,1414.0,0.2781091774193548,0.381093104952712
Ridge,768,player_1,match_14,1414.0,1444.0,0.3313043209677418,0.3716209626715511
Ridge,769,player_1,match_14,1444.0,1474.0,0.3813909451612903,0.4071672753922353
Ridge,770,player_1,match_14,1474.0,1504.0,0.3995235177419354,0.37532855680621346
Ridge,771,player_1,match_14,1504.0,1534.0,0.2877168677419354,0.34507045119652047
Ridge,772,player_1,match_14,1534.0,1564.0,0.2648341516129032,0.35906337161840324
Ridge,773,player_1,match_14,1564.0,1594.0,0.3137279225806451,0.39417227675907573
Ridge,774,player_1,match_14,1594.0,1624.0,0.3933622274193548,0.36523268940920284
Ridge,775,player_1,match_14,1624.0,1654.0,0.287526043548387,0.34733122273047673
Ridge,776,player_1,match_14,1654.0,1684.0,0.2981030709677419,0.3558808754398368
Ridge,777,player_1,match_14,1684.0,1714.0,0.3973651096774194,0.359233098688808
Ridge,778,player_1,match_14,1714.0,1744.0,0.3146204016129031,0.39084024445408316
Ridge,779,player_1,match_14,1744.0,1774.0,0.3720404870967742,0.36998305508449103
Ridge,780,player_1,match_14,1774.0,1804.0,0.3306750983870967,0.36780865567442644
Ridge,781,player_1,match_14,1804.0,1834.0,0.4044475838709677,0.3590602306993655
Ridge,782,player_1,match_14,1834.0,1864.0,0.3351733838709677,0.37007885163405946
Ridge,882,player_1,match_18,65.0,95.0,0.4903846806451613,0.3776143728930083
Ridge,883,player_1,match_18,95.0,125.0,0.4900290274193548,0.351060807514368
Ridge,884,player_1,match_18,125.0,155.0,0.4216675161290322,0.3745396504387875
Ridge,885,player_1,match_18,155.0,185.0,0.4281842338709677,0.3549065518728618
Ridge,886,player_1,match_18,185.0,215.0,0.3942215951612903,0.366614710010384
Ridge,887,player_1,match_18,215.0,245.0,0.4428200919354838,0.3647839350208343
Ridge,888,player_1,match_18,245.0,275.0,0.3800381499999999,0.352038485016855
Ridge,889,player_1,match_18,275.0,305.0,0.424114085483871,0.3764328481523721
Ridge,890,player_1,match_18,305.0,335.0,0.3540663193548387,0.3385625126521989
Ridge,891,player_1,match_18,335.0,365.0,0.3890096903225806,0.39243684723418837
Ridge,892,player_1,match_18,365.0,395.0,0.4142705121863799,0.38469498904620497
Ridge,893,player_1,match_18,395.0,425.0,0.361949864516129,0.39607578812146355
Ridge,894,player_1,match_18,425.0,455.0,0.3998154858870967,0.3846335023188847
Ridge,895,player_1,match_18,455.0,485.0,0.4608750548387096,0.36715840085776524
Ridge,896,player_1,match_18,485.0,515.0,0.4413816612903226,0.3683075188588269
Ridge,897,player_1,match_18,515.0,545.0,0.4072058532258064,0.3782865254821616
Ridge,898,player_1,match_18,545.0,575.0,0.4313362693548387,0.3697254505894943
Ridge,899,player_1,match_18,575.0,605.0,0.3883011435483871,0.36788782440380163
Ridge,900,player_1,match_18,605.0,635.0,0.3999302999999999,0.38021461265651074
Ridge,901,player_1,match_18,635.0,665.0,0.3973900967741935,0.39887515102163956
Ridge,902,player_1,match_18,665.0,695.0,0.402514929032258,0.3556081756189477
Ridge,903,player_1,match_18,695.0,725.0,0.388979979032258,0.37414203570375143
Ridge,904,player_1,match_18,725.0,755.0,0.4493199241935484,0.36527754063370077
Ridge,905,player_1,match_18,755.0,785.0,0.4547159870967742,0.37675376627451435
Ridge,906,player_1,match_18,785.0,815.0,0.4786723951612902,0.35855875676240423
Ridge,907,player_1,match_18,815.0,845.0,0.4543706693548386,0.3830375264857328
Ridge,908,player_1,match_18,845.0,875.0,0.4450819112903226,0.4209755521077525
Ridge,909,player_1,match_18,875.0,905.0,0.3898048854838709,0.37559255125697294
Ridge,910,player_1,match_18,905.0,935.0,0.4455010274193548,0.37980893180510594
Ridge,911,player_1,match_18,935.0,965.0,0.4510370403225806,0.3522611170286279
Ridge,912,player_1,match_18,965.0,995.0,0.3433650370967741,0.3923074593288165
Ridge,913,player_1,match_18,995.0,1025.0,0.413941770967742,0.38167562468851496
Ridge,914,player_1,match_18,1025.0,1055.0,0.4272219677419355,0.3762985170289895
Ridge,915,player_1,match_18,1055.0,1085.0,0.3561701612903226,0.35958363713098496
Ridge,916,player_1,match_18,1085.0,1115.0,0.3801260129032258,0.37203094169877127
Ridge,917,player_1,match_18,1115.0,1145.0,0.3460726258064516,0.3849535764778266
Ridge,918,player_1,match_18,1145.0,1175.0,0.4570099370967742,0.36939341878468807
Ridge,919,player_1,match_18,1175.0,1205.0,0.4312639806451612,0.39114672030665915
Ridge,920,player_1,match_18,1205.0,1235.0,0.4574239193548387,0.3698845879623095
Ridge,921,player_1,match_18,1235.0,1265.0,0.4404858451612902,0.3603962696733538
Ridge,922,player_1,match_18,1265.0,1295.0,0.4074666499999999,0.3837622900130447
Ridge,923,player_1,match_18,1295.0,1325.0,0.420292243548387,0.40495825369327565
Ridge,924,player_1,match_18,1325.0,1355.0,0.3914861870967742,0.3708209480226689
Ridge,925,player_1,match_18,1355.0,1385.0,0.3828698806451612,0.4041673311886931
Ridge,926,player_1,match_18,1385.0,1415.0,0.4066304532258065,0.3654650185948515
Ridge,927,player_1,match_18,1415.0,1445.0,0.3114662709677419,0.38589358934977636
Ridge,928,player_1,match_18,1445.0,1475.0,0.3201552419354839,0.36577927444021846
Ridge,929,player_1,match_18,1475.0,1505.0,0.3667958193548387,0.3695136224421756
Ridge,930,player_1,match_18,1505.0,1535.0,0.4142223951612902,0.39145980531971597
Ridge,931,player_1,match_18,1535.0,1565.0,0.334844158064516,0.35798391551226755
Ridge,932,player_1,match_18,1565.0,1595.0,0.4041086580645161,0.3700062812373271
Ridge,933,player_1,match_18,1595.0,1625.0,0.3583298096774193,0.37570447203723456
Ridge,934,player_1,match_18,1625.0,1655.0,0.3680079677419354,0.39610757542311753
Ridge,935,player_1,match_18,1655.0,1685.0,0.3733173758064515,0.4011304323772378
Ridge,936,player_1,match_18,1685.0,1715.0,0.4471321741935483,0.3763162728774418
Ridge,937,player_1,match_18,1715.0,1745.0,0.3571136258064515,0.40187334033481326
Ridge,938,player_1,match_18,1745.0,1775.0,0.3141510209677419,0.3722833428186451
Ridge,939,player_1,match_18,1775.0,1805.0,0.319278529032258,0.35930548046976635
Ridge,940,player_1,match_18,1805.0,1835.0,0.3425857064516129,0.39614096301022106
Ridge,941,player_1,match_18,1835.0,1865.0,0.3955945096774192,0.37579888116204135
Ridge,942,player_1,match_18,1865.0,1895.0,0.3310328129032257,0.3674560321267892
Ridge,943,player_1,match_18,1895.0,1925.0,0.3494332516129032,0.40918976694220827
Ridge,944,player_1,match_18,1925.0,1955.0,0.4393587096774193,0.39670029340260526
Ridge,945,player_1,match_18,1955.0,1985.0,0.4718739387096773,0.37481994536572916
Ridge,946,player_1,match_18,1985.0,2015.0,0.3235580279569892,0.4010448889579392
Ridge,947,player_1,match_18,2015.0,2045.0,0.4282874827956989,0.36197998077317267
Ridge,948,player_1,match_18,2045.0,2075.0,0.3798978268817203,0.4004868641439615
Ridge,949,player_1,match_18,2075.0,2105.0,0.3466557096774193,0.36652947090997584
Ridge,950,player_1,match_18,2105.0,2135.0,0.4128237854838709,0.35092499669274274
Ridge,951,player_1,match_18,2135.0,2165.0,0.3962035838709677,0.3734769257267514
Ridge,952,player_1,match_18,2165.0,2195.0,0.4174065806451613,0.35997494095744237
Ridge,953,player_1,match_18,2195.0,2225.0,0.4007655806451612,0.3559024365731654
Ridge,954,player_1,match_18,2225.0,2255.0,0.4051961274193548,0.38231246913663613
Ridge,955,player_1,match_18,2255.0,2285.0,0.3618894451612902,0.3471410772820448
Ridge,956,player_1,match_18,2285.0,2315.0,0.3889859241935484,0.3515907536232103
Ridge,957,player_1,match_18,2315.0,2345.0,0.3682580241935484,0.39105259027878014
Ridge,958,player_1,match_18,2345.0,2375.0,0.4278256209677419,0.3935800276955615
Ridge,1036,player_1,match_19,4.0,34.0,0.346955036344086,0.44579518524327416
Ridge,1037,player_1,match_19,34.0,64.0,0.4860952193548387,0.4158968635342809
Ridge,1038,player_1,match_19,64.0,94.0,0.2503748451612902,0.4187390809118068
Ridge,1039,player_1,match_19,94.0,124.0,0.3339913580645161,0.35960793040451233
Ridge,1040,player_1,match_19,124.0,154.0,0.2979476258064516,0.3702685061113096
Ridge,1041,player_1,match_19,154.0,184.0,0.3438236467741935,0.3804068843709102
Ridge,1042,player_1,match_19,184.0,214.0,0.4131600645161289,0.3986765571090122
Ridge,1043,player_1,match_19,214.0,244.0,0.3620903795698924,0.38065039300735065
Ridge,1044,player_1,match_19,244.0,274.0,0.3750370725806451,0.4023722016937148
Ridge,1045,player_1,match_19,274.0,304.0,0.3312729403225806,0.37190733476528276
Ridge,1046,player_1,match_19,304.0,334.0,0.2992506311827957,0.36119597890075716
Ridge,1047,player_1,match_19,334.0,364.0,0.3115837322580644,0.3832384440424514
Ridge,1048,player_1,match_19,364.0,394.0,0.3697505870967741,0.3725918560378634
Ridge,1049,player_1,match_19,394.0,424.0,0.2926450806451612,0.38497111587323607
Ridge,1050,player_1,match_19,424.0,454.0,0.3417411096774193,0.4197497513680942
Ridge,1051,player_1,match_19,454.0,484.0,0.4074611709677419,0.4174352038461212
Ridge,1052,player_1,match_19,484.0,514.0,0.460586214516129,0.39131435174888596
Ridge,1053,player_1,match_19,514.0,544.0,0.3249116758064515,0.3897513079598785
Ridge,1054,player_1,match_19,544.0,574.0,0.3767467306451612,0.3833919771636632
Ridge,1055,player_1,match_19,574.0,604.0,0.3643226838709676,0.3941228636133433
Ridge,1056,player_1,match_19,604.0,634.0,0.3196262645161289,0.3663493738350666
Ridge,1057,player_1,match_19,634.0,664.0,0.3825130403225806,0.387739269699779
Ridge,1058,player_1,match_19,664.0,694.0,0.2664388306451613,0.42494826642282113
Ridge,1059,player_1,match_19,694.0,724.0,0.4317197419354838,0.40642078457986025
Ridge,1060,player_1,match_19,724.0,754.0,0.4267420435483871,0.40560169947530633
Ridge,1061,player_1,match_19,754.0,784.0,0.3077548532258064,0.39342820869020667
Ridge,1062,player_1,match_19,784.0,814.0,0.2900432338709677,0.3871241340494467
Ridge,1063,player_1,match_19,814.0,844.0,0.3189259016129032,0.37902668248112675
Ridge,1064,player_1,match_19,844.0,874.0,0.3310214225806451,0.3756202937676551
Ridge,1065,player_1,match_19,874.0,904.0,0.4569588354838709,0.38911460616693594
Ridge,1066,player_1,match_19,904.0,934.0,0.4133246967741935,0.39586346528061395
Ridge,1067,player_1,match_19,934.0,964.0,0.4087482870967741,0.40056395797466166
Ridge,1068,player_1,match_19,964.0,994.0,0.5050125741935484,0.39765725087809445
Ridge,1069,player_1,match_19,994.0,1024.0,0.4477181580645161,0.4347095675185494
Ridge,1104,player_1,match_2,4.0,34.0,0.2958652661290322,0.40346844997632036
Ridge,1105,player_1,match_2,34.0,64.0,0.2775176467741935,0.38540636808332895
Ridge,1106,player_1,match_2,64.0,94.0,0.2637238629032258,0.4078551021711271
Ridge,1107,player_1,match_2,94.0,124.0,0.2586034,0.3778965251613336
Ridge,1108,player_1,match_2,124.0,154.0,0.3067604274193548,0.3726382752652701
Ridge,1109,player_1,match_2,154.0,184.0,0.3346776854838709,0.41950275081073685
Ridge,1110,player_1,match_2,184.0,214.0,0.2801252564516128,0.4188879147959162
Ridge,1111,player_1,match_2,214.0,244.0,0.3093890403225806,0.3821235621234729
Ridge,1112,player_1,match_2,244.0,274.0,0.2566419408602149,0.3220086502502807
Ridge,1113,player_1,match_2,274.0,304.0,0.2652927387096773,0.3866326635254339
Ridge,1114,player_1,match_2,304.0,334.0,0.2742754129032257,0.41028961571360223
Ridge,1115,player_1,match_2,334.0,364.0,0.3004889838709677,0.438315195470213
Ridge,1116,player_1,match_2,364.0,394.0,0.2880322241935483,0.39458528801489473
Ridge,1117,player_1,match_2,394.0,424.0,0.2722221096774193,0.30400354188766726
Ridge,1118,player_1,match_2,424.0,454.0,0.2656520806451613,0.3249596344329431
Ridge,1119,player_1,match_2,454.0,484.0,0.3102619983870968,0.3597127386952142
Ridge,1120,player_1,match_2,484.0,514.0,0.2792051919354838,0.386874914094307
Ridge,1121,player_1,match_2,514.0,544.0,0.3022927983870968,0.36395962932116627
Ridge,1122,player_1,match_2,544.0,574.0,0.2844382032258064,0.4030423259341482
Ridge,1123,player_1,match_2,574.0,604.0,0.2853032274193547,0.381618651684257
Ridge,1124,player_1,match_2,604.0,634.0,0.2881203322580645,0.40393993460946953
Ridge,1125,player_1,match_2,634.0,664.0,0.3373394419354838,0.36847444695429565
Ridge,1126,player_1,match_2,664.0,694.0,0.2931663677419354,0.3193821192762905
Ridge,1127,player_1,match_2,694.0,724.0,0.28431085,0.37848155926078153
Ridge,1128,player_1,match_2,724.0,754.0,0.3184956838709677,0.37509469943722107
Ridge,1129,player_1,match_2,754.0,784.0,0.3055769,0.35402642585370214
Ridge,1130,player_1,match_2,784.0,814.0,0.2926449499999999,0.34984871636345766
Ridge,1131,player_1,match_2,814.0,844.0,0.3067503661290321,0.4132978022313778
Ridge,1132,player_1,match_2,844.0,874.0,0.289839793548387,0.38650962717770065
Ridge,1133,player_1,match_2,874.0,904.0,0.3378765919354839,0.3968602053294609
Ridge,1134,player_1,match_2,904.0,934.0,0.3269790983870967,0.40222404948199597
Ridge,1135,player_1,match_2,934.0,964.0,0.3132642403225806,0.37905976895916393
Ridge,1136,player_1,match_2,964.0,994.0,0.3223875709677419,0.3967695832112387
Ridge,1137,player_1,match_2,994.0,1024.0,0.3215101564516129,0.3875345352801511
Ridge,1138,player_1,match_2,1024.0,1054.0,0.3371445725806451,0.386908863720696
Ridge,1139,player_1,match_20,8.0,38.0,0.3989269854838709,0.4099229486295625
Ridge,1140,player_1,match_20,38.0,68.0,0.4316900344086021,0.4059904077219823
Ridge,1141,player_1,match_20,68.0,98.0,0.3397370677419354,0.3808725715687975
Ridge,1142,player_1,match_20,98.0,128.0,0.3017111225806451,0.36062930536755466
Ridge,1143,player_1,match_20,128.0,158.0,0.3798366677419355,0.35591967644862693
Ridge,1144,player_1,match_20,158.0,188.0,0.3745574080645161,0.3664494168678132
Ridge,1145,player_1,match_20,188.0,218.0,0.3556796903225807,0.3633962734591905
Ridge,1146,player_1,match_20,218.0,248.0,0.3473440016129032,0.3826352052791963
Ridge,1147,player_1,match_20,248.0,278.0,0.3123709129032258,0.3487894764609161
Ridge,1148,player_1,match_20,278.0,308.0,0.3874297354838709,0.36781155572520885
Ridge,1149,player_1,match_20,308.0,338.0,0.3102420612903225,0.380887101530817
Ridge,1150,player_1,match_20,338.0,368.0,0.3197564532258065,0.3993908614475866
Ridge,1151,player_1,match_20,368.0,398.0,0.4100833096774193,0.38145515544931685
Ridge,1152,player_1,match_20,398.0,428.0,0.393396693548387,0.38068972048107264
Ridge,1153,player_1,match_20,428.0,458.0,0.385809793548387,0.3787122744312545
Ridge,1154,player_1,match_20,458.0,488.0,0.3220859338709677,0.37674809273485527
Ridge,1155,player_1,match_20,488.0,518.0,0.4059238080645161,0.4003220850237456
Ridge,1156,player_1,match_20,518.0,548.0,0.4215177967741935,0.39420664777334163
Ridge,1157,player_1,match_20,548.0,578.0,0.4170904209677418,0.40657513546131147
Ridge,1158,player_1,match_20,578.0,608.0,0.3580198709677418,0.4036689430101523
Ridge,1159,player_1,match_20,608.0,638.0,0.3240940629032258,0.4130878513299944
Ridge,1160,player_1,match_20,638.0,668.0,0.4082569467741935,0.38320229105857573
Ridge,1161,player_1,match_20,668.0,698.0,0.3032243564516129,0.3596967815514121
Ridge,1162,player_1,match_20,698.0,728.0,0.3439332903225806,0.37848742937863206
Ridge,1163,player_1,match_20,728.0,758.0,0.3478509258064515,0.3626693506002018
Ridge,1164,player_1,match_20,758.0,788.0,0.4013233741935483,0.3966933027116738
Ridge,1165,player_1,match_20,788.0,818.0,0.4152917016129032,0.3712231795182436
Ridge,1166,player_1,match_20,818.0,848.0,0.424755858064516,0.40726074766660564
Ridge,1167,player_1,match_20,848.0,878.0,0.3946000548387096,0.41525425176505953
Ridge,1168,player_1,match_20,878.0,908.0,0.3284972451612902,0.38025904857711135
Ridge,1169,player_1,match_20,908.0,938.0,0.4403926483870967,0.38912866975679994
Ridge,1170,player_1,match_20,938.0,968.0,0.4816861806451612,0.38430359020931054
Ridge,1171,player_1,match_20,968.0,998.0,0.4418031258064515,0.4183734868170061
Ridge,1172,player_1,match_20,998.0,1028.0,0.3454945629032258,0.37538461988296823
Ridge,1173,player_1,match_20,1028.0,1058.0,0.3381067080645161,0.3949056700908561
Ridge,1174,player_1,match_20,1058.0,1088.0,0.3687248887096774,0.37277878452535507
Ridge,1175,player_1,match_20,1088.0,1118.0,0.4259811403225805,0.38326498636170436
Ridge,1176,player_1,match_20,1118.0,1148.0,0.418253,0.4300473446834989
Ridge,1177,player_1,match_20,1148.0,1178.0,0.419524279032258,0.4050743502619516
Ridge,1178,player_1,match_20,1178.0,1208.0,0.3381845822580644,0.38270044891025096
Ridge,1179,player_1,match_20,1208.0,1238.0,0.3538950322580645,0.3708688457174562
Ridge,1180,player_1,match_20,1238.0,1268.0,0.3349326193548387,0.4070369219112
Ridge,1181,player_1,match_20,1268.0,1298.0,0.4908100338709676,0.4176779888763423
Ridge,1182,player_1,match_20,1298.0,1328.0,0.4540041129032258,0.3744114541983921
Ridge,1183,player_1,match_20,1328.0,1358.0,0.3569337725806452,0.4173819462897514
Ridge,1184,player_1,match_20,1358.0,1388.0,0.4102828046594982,0.4060150234960717
Ridge,1231,player_1,match_21,3.0,33.0,0.4004845535483871,0.3750656959832635
Ridge,1232,player_1,match_21,33.0,63.0,0.4099569516129032,0.4205805851072574
Ridge,1233,player_1,match_21,63.0,93.0,0.4049818806451613,0.4185558738925583
Ridge,1234,player_1,match_21,93.0,123.0,0.3200000661290322,0.3756973349885214
Ridge,1235,player_1,match_21,123.0,153.0,0.3533985403225805,0.37023409126377776
Ridge,1236,player_1,match_21,153.0,183.0,0.3228522677419354,0.3712873385681903
Ridge,1237,player_1,match_21,183.0,213.0,0.3965992741935483,0.3669870272694005
Ridge,1238,player_1,match_21,213.0,243.0,0.3613735806451612,0.3687118322775248
Ridge,1239,player_1,match_21,243.0,273.0,0.3413423725806451,0.3758602123961662
Ridge,1240,player_1,match_21,273.0,303.0,0.3935567467741935,0.36868133441769424
Ridge,1241,player_1,match_21,303.0,333.0,0.4224229661290322,0.41477004815327656
Ridge,1242,player_1,match_21,333.0,363.0,0.4005380483870967,0.3902660122276569
Ridge,1243,player_1,match_21,363.0,393.0,0.4055830661290321,0.40582478453414966
Ridge,1244,player_1,match_21,393.0,423.0,0.3407616548387097,0.4012780597881241
Ridge,1245,player_1,match_21,423.0,453.0,0.3872321983870967,0.4209328448951162
Ridge,1246,player_1,match_21,453.0,483.0,0.3013079306451613,0.4047573889530504
Ridge,1247,player_1,match_21,483.0,513.0,0.2541387903225806,0.44359163129926654
Ridge,1248,player_1,match_21,513.0,543.0,0.3072809516129032,0.3870391397574123
Ridge,1249,player_1,match_21,543.0,573.0,0.3827155387096774,0.38929918693125837
Ridge,1250,player_1,match_21,573.0,603.0,0.2854157129032257,0.40435089856017925
Ridge,1251,player_1,match_21,603.0,633.0,0.3713720967741934,0.4031430029790477
Ridge,1252,player_1,match_21,633.0,663.0,0.3908297422939067,0.4177990142797633
Ridge,1253,player_1,match_21,663.0,693.0,0.4158240161290322,0.3873336992716253
Ridge,1254,player_1,match_21,693.0,723.0,0.377770993548387,0.4773593299561566
Ridge,1255,player_1,match_21,723.0,753.0,0.3551171693548386,0.4740476493814015
Ridge,1256,player_1,match_21,753.0,783.0,0.6543495838709678,0.40388244081144775
Ridge,1257,player_1,match_21,783.0,813.0,0.6062418838709678,0.3797145767369059
Ridge,1258,player_1,match_21,813.0,843.0,0.4450721623655913,0.3935224324325655
Ridge,1259,player_1,match_21,843.0,873.0,0.3495499709677419,0.45950155691565586
Ridge,1260,player_1,match_21,873.0,903.0,0.3791292774193547,0.4247798944150746
Ridge,1261,player_1,match_21,903.0,933.0,0.5089486177419356,0.4239839618085879
Ridge,1262,player_1,match_21,933.0,963.0,0.3916851064516128,0.4589519717635962
Ridge,1263,player_1,match_21,963.0,993.0,0.3715880693548387,0.4530814311443687
Ridge,1330,player_1,match_3,0.0,30.0,0.3446366951612903,0.39771018598055446
Ridge,1331,player_1,match_3,30.0,60.0,0.3109970064516129,0.36934541871133136
Ridge,1332,player_1,match_3,60.0,90.0,0.326121629032258,0.35699934866201627
Ridge,1333,player_1,match_3,90.0,120.0,0.329823464516129,0.36175426838117475
Ridge,1334,player_1,match_3,120.0,150.0,0.3237445967741935,0.33025094475380745
Ridge,1335,player_1,match_3,150.0,180.0,0.337025514516129,0.33100145352108523
Ridge,1336,player_1,match_3,180.0,210.0,0.3217871096774193,0.33739041468465825
Ridge,1337,player_1,match_3,210.0,240.0,0.3234279951612903,0.335722781182507
Ridge,1338,player_1,match_3,240.0,270.0,0.3458482322580645,0.380107711479177
Ridge,1339,player_1,match_3,270.0,300.0,0.3226254032258064,0.35784007977668697
Ridge,1340,player_1,match_3,300.0,330.0,0.3182741322580644,0.32108143800535827
Ridge,1341,player_1,match_3,330.0,360.0,0.3315618693548386,0.34666057540468753
Ridge,1342,player_1,match_3,360.0,390.0,0.3394417532258064,0.3527956858182128
Ridge,1343,player_1,match_3,390.0,420.0,0.322517014874552,0.33592191315668163
Ridge,1344,player_1,match_3,420.0,450.0,0.3606450629032257,0.3573166886046799
Ridge,1345,player_1,match_3,450.0,480.0,0.3394956532258064,0.3264368690309018
Ridge,1346,player_1,match_3,480.0,510.0,0.3613336209677419,0.3766741430189202
Ridge,1347,player_1,match_3,510.0,540.0,0.3539220612903225,0.3388552116708079
Ridge,1348,player_1,match_3,540.0,570.0,0.4476641435483871,0.3592684199655989
Ridge,1349,player_1,match_3,570.0,600.0,0.3146005225806451,0.3255105056180702
Ridge,1350,player_1,match_3,600.0,630.0,0.3320542483870968,0.36221122315938425
Ridge,1351,player_1,match_3,630.0,660.0,0.3357328080645161,0.3254896765033396
Ridge,1352,player_1,match_3,660.0,690.0,0.3524776774193549,0.3778784147958392
Ridge,1353,player_1,match_3,690.0,720.0,0.3604634919354839,0.3581897922436986
Ridge,1354,player_1,match_3,720.0,750.0,0.343651643548387,0.3377956101022746
Ridge,1355,player_1,match_3,750.0,780.0,0.3439974709677419,0.3258484949204627
Ridge,1356,player_1,match_3,780.0,810.0,0.3666215258064516,0.36681143172185277
Ridge,1357,player_1,match_3,810.0,840.0,0.3664728241935484,0.37199938305030644
Ridge,1358,player_1,match_3,840.0,870.0,0.3279021645161291,0.35160526591004854
Ridge,1359,player_1,match_3,870.0,900.0,0.3354657758064516,0.3626353618780027
Ridge,1360,player_1,match_3,900.0,930.0,0.3314160274193548,0.3465725675167849
Ridge,1361,player_1,match_3,930.0,960.0,0.322504043548387,0.31817967864555513
Ridge,1362,player_1,match_3,960.0,990.0,0.3488482370967741,0.35822244359892413
Ridge,1363,player_1,match_3,990.0,1020.0,0.3799896870967741,0.4503558172394286
Ridge,1364,player_1,match_3,1020.0,1050.0,0.471963843548387,0.33825725020629294
Ridge,1365,player_1,match_3,1050.0,1080.0,0.4195100596774193,0.3219819277863958
Ridge,1366,player_1,match_3,1080.0,1110.0,0.4289013516129032,0.3401621530296479
Ridge,1367,player_1,match_3,1110.0,1140.0,0.3872684548387097,0.3658434399070474
Ridge,1368,player_1,match_3,1140.0,1170.0,0.3958297032258063,0.36215806035300596
Ridge,1369,player_1,match_3,1170.0,1200.0,0.4394950258064516,0.3594959292550177
Ridge,1370,player_1,match_3,1200.0,1230.0,0.4009759838709676,0.3387235676174066
Ridge,1371,player_1,match_3,1230.0,1260.0,0.4137728451612903,0.32736963529701557
Ridge,1372,player_1,match_3,1260.0,1290.0,0.3938032241935484,0.2931597745656225
Ridge,1373,player_1,match_3,1290.0,1320.0,0.3852829967741935,0.32145060760353156
Ridge,1374,player_1,match_3,1320.0,1350.0,0.309360026344086,0.3115050379642413
Ridge,1375,player_1,match_3,1350.0,1380.0,0.318415143548387,0.30745537956176383
Ridge,1376,player_1,match_3,1380.0,1410.0,0.3252842548387097,0.31189326622540936
Ridge,1377,player_1,match_3,1410.0,1440.0,0.3482156177419355,0.3154191995345235
Ridge,1378,player_1,match_3,1440.0,1470.0,0.3271847951612903,0.30483492118424976
Ridge,1379,player_1,match_3,1470.0,1500.0,0.3052435903225806,0.31730167093596773
Ridge,1380,player_1,match_3,1500.0,1530.0,0.3606436612903225,0.3286813825675931
Ridge,1381,player_1,match_3,1530.0,1560.0,0.3602180016129032,0.3255845234483427
Ridge,164,player_2,match_11,171.0,201.0,0.2623217354838709,0.3324774546267175
Ridge,165,player_2,match_11,201.0,231.0,0.2642272387096774,0.3357091157474472
Ridge,166,player_2,match_11,231.0,261.0,0.2897477274193548,0.32530627090500697
Ridge,167,player_2,match_11,261.0,291.0,0.2672184693548387,0.3476217576965695
Ridge,168,player_2,match_11,291.0,321.0,0.3197311193548386,0.34281348128826744
Ridge,169,player_2,match_11,321.0,351.0,0.2947617032258064,0.3301109061613721
Ridge,170,player_2,match_11,351.0,381.0,0.2879285322580645,0.3506728109113404
Ridge,171,player_2,match_11,381.0,411.0,0.2963167114695341,0.3376452899894156
Ridge,172,player_2,match_11,411.0,441.0,0.3226705258064515,0.3377024856766445
Ridge,173,player_2,match_11,441.0,471.0,0.3006176103942651,0.36861285108545483
Ridge,174,player_2,match_11,471.0,501.0,0.3150016870967741,0.33852218781743926
Ridge,175,player_2,match_11,501.0,531.0,0.319758179032258,0.32980870607938056
Ridge,176,player_2,match_11,531.0,561.0,0.3478589580645161,0.3355951780725092
Ridge,177,player_2,match_11,561.0,591.0,0.3491936887096774,0.3681868409079417
Ridge,178,player_2,match_11,591.0,621.0,0.3256973661290322,0.34558325349374264
Ridge,179,player_2,match_11,621.0,651.0,0.3642662774193548,0.38385288904780396
Ridge,180,player_2,match_11,651.0,681.0,0.3218441629032258,0.33898698863192367
Ridge,181,player_2,match_11,681.0,711.0,0.3067237870967741,0.3597848009371076
Ridge,182,player_2,match_11,711.0,741.0,0.3288741129032257,0.34836621337728574
Ridge,183,player_2,match_11,741.0,771.0,0.3536145096774193,0.36015868591385547
Ridge,184,player_2,match_11,771.0,801.0,0.3532903854838709,0.3528245954823807
Ridge,185,player_2,match_11,801.0,831.0,0.3739670596774193,0.3876265745190558
Ridge,186,player_2,match_11,831.0,861.0,0.373655414516129,0.40774518779937113
Ridge,187,player_2,match_11,861.0,891.0,0.3933243725806451,0.37316490419517884
Ridge,188,player_2,match_11,891.0,921.0,0.3680768258064516,0.3538982781609149
Ridge,189,player_2,match_11,921.0,951.0,0.3522220774193548,0.3012320379437301
Ridge,190,player_2,match_11,951.0,981.0,0.3449581516129031,0.33445673649050933
Ridge,191,player_2,match_11,981.0,1011.0,0.3654426387096773,0.40032300850198826
Ridge,192,player_2,match_11,1011.0,1041.0,0.3250653225806451,0.3487830760150824
Ridge,193,player_2,match_11,1041.0,1071.0,0.3537423403225806,0.36690936241373134
Ridge,194,player_2,match_11,1071.0,1101.0,0.3534418838709677,0.35258897408262213
Ridge,195,player_2,match_11,1101.0,1131.0,0.402032293548387,0.37527314275460366
Ridge,196,player_2,match_11,1131.0,1161.0,0.353488993548387,0.32323575513143604
Ridge,197,player_2,match_11,1161.0,1191.0,0.3527295758064516,0.37608146599751713
Ridge,198,player_2,match_11,1191.0,1221.0,0.3663112983870968,0.3611232905447078
Ridge,199,player_2,match_11,1221.0,1251.0,0.3421548838709678,0.35475073633865417
Ridge,200,player_2,match_11,1251.0,1281.0,0.3399633569892473,0.334234083997175
Ridge,201,player_2,match_11,1281.0,1311.0,0.3775074919354838,0.3614430253573892
Ridge,202,player_2,match_11,1311.0,1341.0,0.3787978612903226,0.33930940752808697
Ridge,203,player_2,match_11,1341.0,1371.0,0.3619137467741935,0.3612835061732105
Ridge,204,player_2,match_11,1371.0,1401.0,0.3974881903225806,0.36136734842286206
Ridge,205,player_2,match_11,1401.0,1431.0,0.3531865903225805,0.35683456990929263
Ridge,206,player_2,match_11,1431.0,1461.0,0.355686429032258,0.4083550792746504
Ridge,207,player_2,match_11,1461.0,1491.0,0.3920973467741935,0.3353310365254162
Ridge,208,player_2,match_11,1491.0,1521.0,0.2766111258064515,0.3701398155520221
Ridge,209,player_2,match_11,1521.0,1551.0,0.203704429032258,0.36374972121150295
Ridge,210,player_2,match_11,1551.0,1581.0,0.3272110537634408,0.3684322468377776
Ridge,211,player_2,match_11,1581.0,1611.0,0.3821864854838709,0.325775707872328
Ridge,212,player_2,match_11,1611.0,1641.0,0.3492578951612903,0.35907100092824445
Ridge,213,player_2,match_11,1641.0,1671.0,0.3789353112903225,0.37594153336627045
Ridge,214,player_2,match_11,1671.0,1701.0,0.3978354161290323,0.4052571614319782
Ridge,215,player_2,match_11,1701.0,1731.0,0.3644581532258064,0.39456116057552
Ridge,216,player_2,match_11,1731.0,1761.0,0.3794783499999999,0.3352694860701078
Ridge,217,player_2,match_11,1761.0,1791.0,0.343785158064516,0.36035708255192783
Ridge,218,player_2,match_11,1791.0,1821.0,0.3737829274193548,0.30370165117783016
Ridge,219,player_2,match_11,1821.0,1851.0,0.3272990322580645,0.36548535158134987
Ridge,220,player_2,match_11,1851.0,1881.0,0.3433125677419354,0.36042874903044786
Ridge,221,player_2,match_11,1881.0,1911.0,0.3572977758064516,0.34323435784879813
Ridge,222,player_2,match_11,1911.0,1941.0,0.4145039112903225,0.31974049143291383
Ridge,223,player_2,match_11,1941.0,1971.0,0.3868440903225806,0.35778890969290744
Ridge,224,player_2,match_11,1971.0,2001.0,0.3498666951612902,0.37310012517635655
Ridge,225,player_2,match_11,2001.0,2031.0,0.3401527967741935,0.32948192138615856
Ridge,226,player_2,match_11,2031.0,2061.0,0.2524957580645161,0.3568269700613483
Ridge,227,player_2,match_11,2061.0,2091.0,0.2840511193548386,0.36754862317308745
Ridge,228,player_2,match_11,2091.0,2121.0,0.3270610548387096,0.3608884234910035
Ridge,229,player_2,match_11,2121.0,2151.0,0.3724038903225806,0.3776519073890948
Ridge,230,player_2,match_11,2151.0,2181.0,0.3577526896057347,0.3243039716379703
Ridge,231,player_2,match_11,2181.0,2211.0,0.3386293274193548,0.3404089240149417
Ridge,397,player_2,match_12,235.0,265.0,0.3823774387096774,0.34221697309760635
Ridge,398,player_2,match_12,265.0,295.0,0.185351493548387,0.3759985016434024
Ridge,399,player_2,match_12,295.0,325.0,0.3765021580645161,0.362432074726274
Ridge,400,player_2,match_12,325.0,355.0,0.2657585096774193,0.4170932788121879
Ridge,401,player_2,match_12,355.0,385.0,0.2251858177419354,0.4645204114791933
Ridge,402,player_2,match_12,385.0,415.0,0.3591942516129032,0.3680177845478114
Ridge,403,player_2,match_12,415.0,445.0,0.3646629112903226,0.3575885901031946
Ridge,404,player_2,match_12,445.0,475.0,0.4387410129032257,0.36208132572352864
Ridge,405,player_2,match_12,475.0,505.0,0.4251420129032257,0.35204078820702006
Ridge,406,player_2,match_12,505.0,535.0,0.3513109016129032,0.35252841479357966
Ridge,407,player_2,match_12,535.0,565.0,0.4308218306451612,0.4223682941593075
Ridge,408,player_2,match_12,565.0,595.0,0.3958078387096774,0.3599961491572234
Ridge,409,player_2,match_12,595.0,625.0,0.4089173139784946,0.335309980320602
Ridge,410,player_2,match_12,625.0,655.0,0.4168825080645161,0.34217750333556773
Ridge,411,player_2,match_12,655.0,685.0,0.4286712467741935,0.34520598457730844
Ridge,412,player_2,match_12,685.0,715.0,0.3285415370967741,0.38652028876846367
Ridge,413,player_2,match_12,715.0,745.0,0.3409090370967741,0.35368842787861404
Ridge,414,player_2,match_12,745.0,775.0,0.3877052741935483,0.3622044197219884
Ridge,415,player_2,match_12,775.0,805.0,0.2174056338709677,0.34538477531956047
Ridge,416,player_2,match_12,805.0,835.0,0.2127050419354837,0.369437837714489
Ridge,417,player_2,match_12,835.0,865.0,0.3839272258064515,0.398360554004295
Ridge,418,player_2,match_12,865.0,895.0,0.4120720758064515,0.31949842165406006
Ridge,535,player_2,match_13,136.0,166.0,0.3203768499999999,0.3907370011418639
Ridge,536,player_2,match_13,166.0,196.0,0.3510273596774194,0.33681839455762785
Ridge,537,player_2,match_13,196.0,226.0,0.3371809887096774,0.32607381189488716
Ridge,538,player_2,match_13,226.0,256.0,0.383885364516129,0.34078840405112076
Ridge,539,player_2,match_13,256.0,286.0,0.3411146758064516,0.32199806010323595
Ridge,540,player_2,match_13,286.0,316.0,0.3868784494623656,0.390870216750514
Ridge,541,player_2,match_13,316.0,346.0,0.3792455322580644,0.3360044551636522
Ridge,542,player_2,match_13,346.0,376.0,0.3741152919354837,0.33860505961965426
Ridge,543,player_2,match_13,376.0,406.0,0.3264390580645161,0.3404882273364857
Ridge,544,player_2,match_13,406.0,436.0,0.3255267806451613,0.3878332707858934
Ridge,545,player_2,match_13,436.0,466.0,0.3150696709677419,0.33252080384131866
Ridge,546,player_2,match_13,466.0,496.0,0.4319719096774194,0.3669141361315436
Ridge,547,player_2,match_13,496.0,526.0,0.4407557629032258,0.3742498279073756
Ridge,548,player_2,match_13,526.0,556.0,0.3546817096774193,0.34599627553636103
Ridge,549,player_2,match_13,556.0,586.0,0.3732421043010752,0.3058934742366759
Ridge,550,player_2,match_13,586.0,616.0,0.3148285612903225,0.3005827672404057
Ridge,551,player_2,match_13,616.0,646.0,0.3574014596774193,0.3266185567698304
Ridge,552,player_2,match_13,646.0,676.0,0.3697791403225806,0.34739876386605123
Ridge,553,player_2,match_13,676.0,706.0,0.4517991048387096,0.33416233091835507
Ridge,554,player_2,match_13,706.0,736.0,0.4374386838709677,0.33762813293773464
Ridge,555,player_2,match_13,736.0,766.0,0.3904528258064516,0.3568182911363586
Ridge,556,player_2,match_13,766.0,796.0,0.348101143548387,0.3280418440451294
Ridge,557,player_2,match_13,796.0,826.0,0.3713494290322581,0.33739013755057584
Ridge,558,player_2,match_13,826.0,856.0,0.3897900387096774,0.352440189779084
Ridge,559,player_2,match_13,856.0,886.0,0.4105739999999999,0.3672461364601574
Ridge,560,player_2,match_13,886.0,916.0,0.3379924193548387,0.3310354040883053
Ridge,561,player_2,match_13,916.0,946.0,0.3449711725806451,0.33573703710663755
Ridge,562,player_2,match_13,946.0,976.0,0.3369980064516129,0.3737642764419763
Ridge,563,player_2,match_13,976.0,1006.0,0.4247304225806451,0.3667211773030654
Ridge,564,player_2,match_13,1006.0,1036.0,0.3343436720430107,0.364038826382248
Ridge,565,player_2,match_13,1036.0,1066.0,0.3092625354838709,0.31613581592017703
Ridge,566,player_2,match_13,1066.0,1096.0,0.3347051774193548,0.3349138995909439
Ridge,567,player_2,match_13,1096.0,1126.0,0.3847860887096774,0.32992609473969714
Ridge,568,player_2,match_13,1126.0,1156.0,0.3455779096774193,0.29967439690782083
Ridge,569,player_2,match_13,1156.0,1186.0,0.3266729903225805,0.2764565042684385
Ridge,570,player_2,match_13,1186.0,1216.0,0.422052343548387,0.35872578912214814
Ridge,571,player_2,match_13,1216.0,1246.0,0.1645994806451612,0.38656258190693155
Ridge,572,player_2,match_13,1246.0,1276.0,0.3763427903225806,0.3252671590773903
Ridge,573,player_2,match_13,1276.0,1306.0,0.3162066,0.3551698498646376
Ridge,574,player_2,match_13,1306.0,1336.0,0.3953508790322581,0.28443950864654655
Ridge,575,player_2,match_13,1336.0,1366.0,0.3588329274193548,0.36106621970599706
Ridge,576,player_2,match_13,1366.0,1396.0,0.3196100596774193,0.37122452683821355
Ridge,577,player_2,match_13,1396.0,1426.0,0.2876119548387096,0.32042169991304803
Ridge,578,player_2,match_13,1426.0,1456.0,0.2933735241935484,0.3639667129147515
Ridge,579,player_2,match_13,1456.0,1486.0,0.3974378951612903,0.3520772919432935
Ridge,580,player_2,match_13,1486.0,1516.0,0.3782936725806451,0.3665297268413531
Ridge,581,player_2,match_13,1516.0,1546.0,0.3539775564516129,0.25134866731718297
Ridge,582,player_2,match_13,1546.0,1576.0,0.3561329,0.35997204135634436
Ridge,583,player_2,match_13,1576.0,1606.0,0.332876629032258,0.36087500523818833
Ridge,584,player_2,match_13,1606.0,1636.0,0.3529130204301075,0.31672242502370607
Ridge,585,player_2,match_13,1636.0,1666.0,0.3827875596774193,0.3216311659146709
Ridge,586,player_2,match_13,1666.0,1696.0,0.3981103306451612,0.3929098908304137
Ridge,587,player_2,match_13,1696.0,1726.0,0.3469473403225805,0.3884760640138195
Ridge,588,player_2,match_13,1726.0,1756.0,0.3716753629032258,0.3353420143554362
Ridge,589,player_2,match_13,1756.0,1786.0,0.3561163548387096,0.36980050212565235
Ridge,590,player_2,match_13,1786.0,1816.0,0.3643941064516128,0.35008753056298303
Ridge,591,player_2,match_13,1816.0,1846.0,0.3386539403225806,0.34232929320829153
Ridge,592,player_2,match_13,1846.0,1876.0,0.1999594967741935,0.357184540493208
Ridge,593,player_2,match_13,1876.0,1906.0,0.3757436596774193,0.31460216066890057
Ridge,594,player_2,match_13,1906.0,1936.0,0.3974150596774193,0.3735083687296317
Ridge,595,player_2,match_13,1936.0,1966.0,0.3722060032258064,0.33072982429516423
Ridge,596,player_2,match_13,1966.0,1996.0,0.4333785596774193,0.35206429272414363
Ridge,597,player_2,match_13,1996.0,2026.0,0.4152561161290322,0.32757898513240713
Ridge,598,player_2,match_13,2026.0,2056.0,0.3866705693548387,0.3339027640109365
Ridge,599,player_2,match_13,2056.0,2086.0,0.4045804333333334,0.3351609945340099
Ridge,783,player_2,match_14,387.0,417.0,0.37754,0.3945504607862224
Ridge,784,player_2,match_14,417.0,447.0,0.37754,0.40523823894530053
Ridge,785,player_2,match_14,447.0,477.0,0.37754,0.3710059235552888
Ridge,786,player_2,match_14,477.0,507.0,0.37754,0.3606757581660876
Ridge,787,player_2,match_14,507.0,537.0,0.37754,0.3661652078498423
Ridge,788,player_2,match_14,537.0,567.0,0.3781911483870968,0.34321890739596983
Ridge,789,player_2,match_14,567.0,597.0,0.377540464516129,0.3903923181353413
Ridge,790,player_2,match_14,597.0,627.0,0.37754,0.3733615972649672
Ridge,791,player_2,match_14,627.0,657.0,0.37754,0.3678857891288784
Ridge,792,player_2,match_14,657.0,687.0,0.4035301129032258,0.35201740938609416
Ridge,793,player_2,match_14,687.0,717.0,0.3785550129032257,0.4063769385379887
Ridge,794,player_2,match_14,717.0,747.0,0.37754,0.34016003750339596
Ridge,795,player_2,match_14,747.0,777.0,0.37754,0.3588570193923438
Ridge,796,player_2,match_14,777.0,807.0,0.37754,0.3828262151657872
Ridge,797,player_2,match_14,807.0,837.0,0.37754,0.36252931685041384
Ridge,798,player_2,match_14,837.0,867.0,0.37754,0.34973483787868725
Ridge,799,player_2,match_14,867.0,897.0,0.37754,0.35576554670468896
Ridge,800,player_2,match_14,897.0,927.0,0.37754,0.3379448972060859
Ridge,801,player_2,match_14,927.0,957.0,0.37754,0.3610991902989954
Ridge,802,player_2,match_14,957.0,987.0,0.37754,0.3939459421250012
Ridge,803,player_2,match_14,987.0,1017.0,0.37754,0.3522953176185302
Ridge,804,player_2,match_14,1017.0,1047.0,0.37754,0.3691331586326725
Ridge,805,player_2,match_14,1047.0,1077.0,0.37754,0.3400731154947843
Ridge,806,player_2,match_14,1077.0,1107.0,0.37754,0.36058415824221496
Ridge,807,player_2,match_14,1107.0,1137.0,0.37754,0.3922192883517901
Ridge,808,player_2,match_14,1137.0,1167.0,0.37754,0.382755678740413
Ridge,809,player_2,match_14,1167.0,1197.0,0.37754,0.3744014885615549
Ridge,810,player_2,match_14,1197.0,1227.0,0.37754,0.384316329715593
Ridge,811,player_2,match_14,1227.0,1257.0,0.37754,0.40073631013976324
Ridge,812,player_2,match_14,1257.0,1287.0,0.37754,0.37179689696885454
Ridge,813,player_2,match_14,1287.0,1317.0,0.37754,0.3688203550400525
Ridge,814,player_2,match_14,1317.0,1347.0,0.37754,0.3727414913431758
Ridge,815,player_2,match_14,1347.0,1377.0,0.37754,0.36580538379723176
Ridge,816,player_2,match_14,1377.0,1407.0,0.37754,0.4176133220531801
Ridge,817,player_2,match_14,1407.0,1437.0,0.37754,0.3941788847399317
Ridge,818,player_2,match_14,1437.0,1467.0,0.37754,0.3854127801267591
Ridge,819,player_2,match_14,1467.0,1497.0,0.37754,0.3770127996087082
Ridge,820,player_2,match_14,1497.0,1527.0,0.37754,0.41052806848010615
Ridge,821,player_2,match_14,1527.0,1557.0,0.37754,0.40632936701533023
Ridge,822,player_2,match_14,1557.0,1587.0,0.37754,0.3502008689450408
Ridge,823,player_2,match_14,1587.0,1617.0,0.37754,0.38367020786223055
Ridge,824,player_2,match_14,1617.0,1647.0,0.37754,0.38774398915964375
Ridge,825,player_2,match_14,1647.0,1677.0,0.37754,0.40061740116283096
Ridge,826,player_2,match_14,1677.0,1707.0,0.37754,0.3972714437403329
Ridge,827,player_2,match_14,1707.0,1737.0,0.37754,0.3976959812317196
Ridge,828,player_2,match_14,1737.0,1767.0,0.37754,0.40057275403697873
Ridge,829,player_2,match_14,1767.0,1797.0,0.37754,0.39810322470228565
Ridge,830,player_2,match_14,1797.0,1827.0,0.37754,0.43623949740516205
Ridge,831,player_2,match_14,1827.0,1857.0,0.37754,0.4305207478106146
Ridge,832,player_2,match_14,1857.0,1887.0,0.37754,0.40624683658339805
Ridge,959,player_2,match_18,60.0,90.0,0.1265018822580644,0.30652286319541777
Ridge,960,player_2,match_18,90.0,120.0,0.1975462064516129,0.32374591396262015
Ridge,961,player_2,match_18,120.0,150.0,0.2099745709677419,0.3075642392454353
Ridge,962,player_2,match_18,150.0,180.0,0.0826861806451612,0.34826399657724366
Ridge,963,player_2,match_18,180.0,210.0,0.2091167494623655,0.35201648591678053
Ridge,964,player_2,match_18,210.0,240.0,0.3536953494623656,0.34404530506213593
Ridge,965,player_2,match_18,240.0,270.0,0.1985578064516128,0.3588933438673148
Ridge,966,player_2,match_18,270.0,300.0,0.2462889161290322,0.3303960692394926
Ridge,967,player_2,match_18,300.0,330.0,0.2113078580645161,0.2981285100704266
Ridge,968,player_2,match_18,330.0,360.0,0.2490650182795698,0.3281744692013747
Ridge,969,player_2,match_18,360.0,390.0,0.2353135241935482,0.32845367378358314
Ridge,970,player_2,match_18,390.0,420.0,0.271110914516129,0.34341277884888405
Ridge,971,player_2,match_18,420.0,450.0,0.2695514193548386,0.32766264037751824
Ridge,972,player_2,match_18,450.0,480.0,0.2482327564516128,0.33001972545848585
Ridge,973,player_2,match_18,480.0,510.0,0.3595352725806451,0.32957250616158357
Ridge,974,player_2,match_18,510.0,540.0,0.308278529032258,0.3216799594861493
Ridge,975,player_2,match_18,540.0,570.0,0.3052066870967741,0.36001151368496426
Ridge,976,player_2,match_18,570.0,600.0,0.2898734112903225,0.32031104689423484
Ridge,977,player_2,match_18,600.0,630.0,0.3177092387096774,0.32974353156756786
Ridge,978,player_2,match_18,630.0,660.0,0.3329719306451612,0.3160936483480945
Ridge,979,player_2,match_18,660.0,690.0,0.2306084451612902,0.3088892296862939
Ridge,980,player_2,match_18,690.0,720.0,0.244525129032258,0.31805549440855335
Ridge,981,player_2,match_18,720.0,750.0,0.2120635193548387,0.3343416137668933
Ridge,982,player_2,match_18,750.0,780.0,0.1922719161290322,0.33567962724443673
Ridge,983,player_2,match_18,780.0,810.0,0.1794149032258064,0.33815792726999533
Ridge,984,player_2,match_18,810.0,840.0,0.2320613161290322,0.32088518234910857
Ridge,985,player_2,match_18,840.0,870.0,0.2490118387096774,0.3370172839266511
Ridge,986,player_2,match_18,870.0,900.0,0.2757308080645161,0.32350216712553864
Ridge,987,player_2,match_18,900.0,930.0,0.2446298161290322,0.33884093900326556
Ridge,988,player_2,match_18,930.0,960.0,0.1789727306451612,0.36595634109620867
Ridge,989,player_2,match_18,960.0,990.0,0.2536165483870967,0.3329882698672429
Ridge,990,player_2,match_18,990.0,1020.0,0.2800268999999999,0.3218901499437674
Ridge,991,player_2,match_18,1020.0,1050.0,0.2928947903225806,0.304163592302263
Ridge,992,player_2,match_18,1050.0,1080.0,0.2163887064516128,0.3428979499890922
Ridge,993,player_2,match_18,1080.0,1110.0,0.3134931435483871,0.31760559524534854
Ridge,994,player_2,match_18,1110.0,1140.0,0.3098939064516128,0.3348748052112196
Ridge,995,player_2,match_18,1140.0,1170.0,0.2688312241935483,0.3118348256540879
Ridge,996,player_2,match_18,1170.0,1200.0,0.3347416741935483,0.3095789550489233
Ridge,997,player_2,match_18,1200.0,1230.0,0.0762539999999999,0.3986563764987923
Ridge,998,player_2,match_18,1230.0,1260.0,0.0521518854838709,0.3658038471509595
Ridge,999,player_2,match_18,1260.0,1290.0,0.1586144403225806,0.3500460921230535
Ridge,1000,player_2,match_18,1290.0,1320.0,0.2384119580645161,0.3638715906554707
Ridge,1001,player_2,match_18,1320.0,1350.0,0.3153568064516128,0.3619729175363473
Ridge,1002,player_2,match_18,1350.0,1380.0,0.3155417935483871,0.38373128290081304
Ridge,1003,player_2,match_18,1380.0,1410.0,0.2526156806451612,0.3269844663224998
Ridge,1004,player_2,match_18,1410.0,1440.0,0.2589049516129031,0.3471579698961698
Ridge,1005,player_2,match_18,1440.0,1470.0,0.2961282112903225,0.33158125584379555
Ridge,1006,player_2,match_18,1470.0,1500.0,0.3129078112903225,0.32603511186430184
Ridge,1007,player_2,match_18,1500.0,1530.0,0.2726860612903224,0.310816638509149
Ridge,1008,player_2,match_18,1530.0,1560.0,0.3404677306451612,0.3115060120200168
Ridge,1009,player_2,match_18,1560.0,1590.0,0.2039664564516129,0.35893135329768944
Ridge,1010,player_2,match_18,1590.0,1620.0,0.2124868096774192,0.3465967135356381
Ridge,1011,player_2,match_18,1620.0,1650.0,0.2476126612903225,0.3419335309199232
Ridge,1012,player_2,match_18,1650.0,1680.0,0.135748929032258,0.34909628609262333
Ridge,1013,player_2,match_18,1680.0,1710.0,0.115191614516129,0.39958914226378056
Ridge,1014,player_2,match_18,1710.0,1740.0,0.3731333483870968,0.34059642822292413
Ridge,1015,player_2,match_18,1740.0,1770.0,0.3617037661290322,0.342137183825831
Ridge,1016,player_2,match_18,1770.0,1800.0,0.3649500854838708,0.32175381808943837
Ridge,1017,player_2,match_18,1800.0,1830.0,0.3476288967741935,0.32113502092631596
Ridge,1018,player_2,match_18,1830.0,1860.0,0.3985812806451612,0.33111868057466515
Ridge,1019,player_2,match_18,1860.0,1890.0,0.3817743887096774,0.35028040093936047
Ridge,1020,player_2,match_18,1890.0,1920.0,0.356927079032258,0.34658439439719885
Ridge,1021,player_2,match_18,1920.0,1950.0,0.3157491903225806,0.3311498320191615
Ridge,1022,player_2,match_18,1950.0,1980.0,0.3775586666666666,0.32240278616523066
Ridge,1023,player_2,match_18,1980.0,2010.0,0.3594133537634408,0.3232077909889385
Ridge,1024,player_2,match_18,2010.0,2040.0,0.4103754096774193,0.34336569582040977
Ridge,1025,player_2,match_18,2040.0,2070.0,0.3176464129032258,0.32970918244616004
Ridge,1026,player_2,match_18,2070.0,2100.0,0.3474472919354838,0.3235051683912765
Ridge,1027,player_2,match_18,2100.0,2130.0,0.299746214516129,0.34863065521636066
Ridge,1028,player_2,match_18,2130.0,2160.0,0.3953248548387096,0.3273549796421755
Ridge,1029,player_2,match_18,2160.0,2190.0,0.397874343548387,0.32941742396852575
Ridge,1030,player_2,match_18,2190.0,2220.0,0.4384404854838709,0.32030280014816526
Ridge,1031,player_2,match_18,2220.0,2250.0,0.3637582193548387,0.3315688791937592
Ridge,1032,player_2,match_18,2250.0,2280.0,0.3811608516129032,0.34549049014821304
Ridge,1033,player_2,match_18,2280.0,2310.0,0.3237115951612903,0.3167544077961885
Ridge,1034,player_2,match_18,2310.0,2340.0,0.3820686064516129,0.35798850431935403
Ridge,1035,player_2,match_18,2340.0,2370.0,0.2982503870967741,0.3370011440901877
Ridge,1070,player_2,match_19,9.0,39.0,0.4060834774193548,0.3225983787339659
Ridge,1071,player_2,match_19,39.0,69.0,0.3999022564516129,0.37662923924591385
Ridge,1072,player_2,match_19,69.0,99.0,0.4453726790322579,0.3148300115632508
Ridge,1073,player_2,match_19,99.0,129.0,0.4059080532258063,0.3237345955693569
Ridge,1074,player_2,match_19,129.0,159.0,0.3937670322580644,0.3405253999962191
Ridge,1075,player_2,match_19,159.0,189.0,0.3851306467741934,0.3371734249944399
Ridge,1076,player_2,match_19,189.0,219.0,0.3742201854838709,0.35375517865379924
Ridge,1077,player_2,match_19,219.0,249.0,0.4060936152329748,0.33607563157117626
Ridge,1078,player_2,match_19,249.0,279.0,0.4037085854838709,0.3267757437030913
Ridge,1079,player_2,match_19,279.0,309.0,0.4052885016129032,0.3319858870169896
Ridge,1080,player_2,match_19,309.0,339.0,0.3836005999999999,0.33963171360049527
Ridge,1081,player_2,match_19,339.0,369.0,0.4294711467741935,0.3332367306738537
Ridge,1082,player_2,match_19,369.0,399.0,0.4184653096774193,0.34011873760479466
Ridge,1083,player_2,match_19,399.0,429.0,0.4270351193548386,0.3367207867641585
Ridge,1084,player_2,match_19,429.0,459.0,0.3484098999999999,0.3213078984243971
Ridge,1085,player_2,match_19,459.0,489.0,0.3986019645161289,0.30651239825231547
Ridge,1086,player_2,match_19,489.0,519.0,0.4025070096774193,0.3311318215684631
Ridge,1087,player_2,match_19,519.0,549.0,0.3843973096774193,0.3686979659873554
Ridge,1088,player_2,match_19,549.0,579.0,0.3863609736559139,0.3262048352376095
Ridge,1089,player_2,match_19,579.0,609.0,0.4270561370967741,0.31087841850860204
Ridge,1090,player_2,match_19,609.0,639.0,0.3807439193548386,0.3581314149591807
Ridge,1091,player_2,match_19,639.0,669.0,0.3241944080645161,0.31119876369075616
Ridge,1092,player_2,match_19,669.0,699.0,0.3452205983870967,0.33727592752854585
Ridge,1093,player_2,match_19,699.0,729.0,0.3648051741935483,0.3389592274710494
Ridge,1094,player_2,match_19,729.0,759.0,0.3879176193548387,0.3318290844223433
Ridge,1095,player_2,match_19,759.0,789.0,0.221746990860215,0.3232632595547111
Ridge,1096,player_2,match_19,789.0,819.0,0.4105747258064516,0.31056102479595504
Ridge,1097,player_2,match_19,819.0,849.0,0.3722610903225806,0.33466416259128196
Ridge,1098,player_2,match_19,849.0,879.0,0.3992315555555555,0.3186169849752672
Ridge,1099,player_2,match_19,879.0,909.0,0.1642846532258064,0.32885562488055914
Ridge,1100,player_2,match_19,909.0,939.0,0.2671454725806451,0.33886768259296074
Ridge,1101,player_2,match_19,939.0,969.0,0.2620449625,0.3192467961447051
Ridge,1102,player_2,match_19,969.0,999.0,0.2364008132616487,0.3417520741841486
Ridge,1103,player_2,match_19,999.0,1029.0,0.0370114161290322,0.3554712071190698
Ridge,1185,player_2,match_20,3.0,33.0,0.3649248661290322,0.32177403454552533
Ridge,1186,player_2,match_20,33.0,63.0,0.3532953306451613,0.32438636178081937
Ridge,1187,player_2,match_20,63.0,93.0,0.3162854048387096,0.363166369246122
Ridge,1188,player_2,match_20,93.0,123.0,0.3734763354838709,0.3069651630700315
Ridge,1189,player_2,match_20,123.0,153.0,0.3243749870967741,0.31046336722018353
Ridge,1190,player_2,match_20,153.0,183.0,0.3642842129032257,0.3564218300461328
Ridge,1191,player_2,match_20,183.0,213.0,0.4011551274193548,0.3267373217639993
Ridge,1192,player_2,match_20,213.0,243.0,0.3987028887096774,0.29378604260214974
Ridge,1193,player_2,match_20,243.0,273.0,0.4171702661290322,0.34807640586667593
Ridge,1194,player_2,match_20,273.0,303.0,0.3883569403225806,0.3037076466963484
Ridge,1195,player_2,match_20,303.0,333.0,0.3630810870967741,0.3097426381768384
Ridge,1196,player_2,match_20,333.0,363.0,0.3619397854838709,0.2789114458752659
Ridge,1197,player_2,match_20,363.0,393.0,0.4000240064516129,0.3252222468759233
Ridge,1198,player_2,match_20,393.0,423.0,0.3958978370967742,0.33841468948114845
Ridge,1199,player_2,match_20,423.0,453.0,0.3788264956989247,0.3204762423514802
Ridge,1200,player_2,match_20,453.0,483.0,0.3866072693548387,0.309069355846684
Ridge,1201,player_2,match_20,483.0,513.0,0.3692804177419354,0.3170389831384001
Ridge,1202,player_2,match_20,513.0,543.0,0.3807831548387096,0.3405458389243178
Ridge,1203,player_2,match_20,543.0,573.0,0.3897940709677419,0.32305334307708583
Ridge,1204,player_2,match_20,573.0,603.0,0.3962242854838709,0.3142456775416958
Ridge,1205,player_2,match_20,603.0,633.0,0.4124903048387096,0.3193824362644665
Ridge,1206,player_2,match_20,633.0,663.0,0.3734338709677419,0.32933206061883363
Ridge,1207,player_2,match_20,663.0,693.0,0.3012079919354838,0.3362558808561004
Ridge,1208,player_2,match_20,693.0,723.0,0.2420556758064516,0.33940202012372883
Ridge,1209,player_2,match_20,723.0,753.0,0.4108755774193547,0.3153488189126171
Ridge,1210,player_2,match_20,753.0,783.0,0.4135165758064515,0.3152204675848863
Ridge,1211,player_2,match_20,783.0,813.0,0.3825323967741935,0.3269055283702716
Ridge,1212,player_2,match_20,813.0,843.0,0.3204939112903225,0.39270039783515953
Ridge,1213,player_2,match_20,843.0,873.0,0.3248239623655913,0.33070853370503367
Ridge,1214,player_2,match_20,873.0,903.0,0.3390274483870967,0.3025394776205981
Ridge,1215,player_2,match_20,903.0,933.0,0.2100038483870968,0.3436042556183103
Ridge,1216,player_2,match_20,933.0,963.0,0.1477797774193548,0.3193168493425147
Ridge,1217,player_2,match_20,963.0,993.0,0.3258415209677419,0.33223083007815957
Ridge,1218,player_2,match_20,993.0,1023.0,0.4287407661290321,0.3355350176665325
Ridge,1219,player_2,match_20,1023.0,1053.0,0.375188664516129,0.3343762312201534
Ridge,1220,player_2,match_20,1053.0,1083.0,0.287636293548387,0.3452388727558412
Ridge,1221,player_2,match_20,1083.0,1113.0,0.4094436306451612,0.3285294099242524
Ridge,1222,player_2,match_20,1113.0,1143.0,0.4046336467741935,0.3327731158136442
Ridge,1223,player_2,match_20,1143.0,1173.0,0.4205949,0.30743854124030284
Ridge,1224,player_2,match_20,1173.0,1203.0,0.3462300032258064,0.3336802945046033
Ridge,1225,player_2,match_20,1203.0,1233.0,0.3347539983870967,0.3222425508806216
Ridge,1226,player_2,match_20,1233.0,1263.0,0.3898393548387096,0.33496210767361156
Ridge,1227,player_2,match_20,1263.0,1293.0,0.2886360112903225,0.32824003805716545
Ridge,1228,player_2,match_20,1293.0,1323.0,0.387555341532258,0.31778454231716735
Ridge,1229,player_2,match_20,1323.0,1353.0,0.1977938951612902,0.329389815462718
Ridge,1230,player_2,match_20,1353.0,1383.0,0.1413758629032257,0.3440148703714942
Ridge,1264,player_2,match_21,0.0,30.0,0.3316527016129031,0.39667557252718055
Ridge,1265,player_2,match_21,30.0,60.0,0.4313356112903225,0.36112686427568125
Ridge,1266,player_2,match_21,60.0,90.0,0.4205158467741935,0.3522549205668452
Ridge,1267,player_2,match_21,90.0,120.0,0.4387095387096774,0.3382069558820649
Ridge,1268,player_2,match_21,120.0,150.0,0.4259962016129032,0.2961478341742997
Ridge,1269,player_2,match_21,150.0,180.0,0.4316159854838709,0.33513146566912505
Ridge,1270,player_2,match_21,180.0,210.0,0.4246090596774193,0.325987548538521
Ridge,1271,player_2,match_21,210.0,240.0,0.4406089822580645,0.33514212048596287
Ridge,1272,player_2,match_21,240.0,270.0,0.4264212419354838,0.3053546716790959
Ridge,1273,player_2,match_21,270.0,300.0,0.4309485145161289,0.3341556368205946
Ridge,1274,player_2,match_21,300.0,330.0,0.4343007419354838,0.32026534495223763
Ridge,1275,player_2,match_21,330.0,360.0,0.4346652887096773,0.3250745443947084
Ridge,1276,player_2,match_21,360.0,390.0,0.4322045698924731,0.3165631818322818
Ridge,1277,player_2,match_21,390.0,420.0,0.4265902258064515,0.32387004645966916
Ridge,1278,player_2,match_21,420.0,450.0,0.397753393548387,0.31659667999067503
Ridge,1279,player_2,match_21,450.0,480.0,0.3992529096774194,0.32125520406989005
Ridge,1280,player_2,match_21,480.0,510.0,0.3918707790322581,0.3747170769027906
Ridge,1281,player_2,match_21,510.0,540.0,0.3622043258064515,0.3384987735464138
Ridge,1282,player_2,match_21,540.0,570.0,0.3974682854838709,0.2991867814501585
Ridge,1283,player_2,match_21,570.0,600.0,0.4223756548387096,0.3286329988605918
Ridge,1284,player_2,match_21,600.0,630.0,0.4193857483870967,0.3218499984231826
Ridge,1285,player_2,match_21,630.0,660.0,0.4010296387096774,0.3564780542716316
Ridge,1286,player_2,match_21,660.0,690.0,0.4042364161290322,0.33992637491490846
Ridge,1287,player_2,match_21,690.0,720.0,0.4003329209677418,0.3174069270737913
Ridge,1288,player_2,match_21,720.0,750.0,0.4350319516129032,0.3280349572034731
Ridge,1289,player_2,match_21,750.0,780.0,0.4288246661290321,0.3487039075978745
Ridge,1290,player_2,match_21,780.0,810.0,0.3615841693548387,0.32465563178822104
Ridge,1291,player_2,match_21,810.0,840.0,0.3699863930107527,0.3271700938552667
Ridge,1292,player_2,match_21,840.0,870.0,0.2764377032258064,0.35283385261532063
Ridge,1293,player_2,match_21,870.0,900.0,0.2745093016129032,0.3516935214973499
Ridge,1294,player_2,match_21,900.0,930.0,0.2856326790322581,0.3954139277730415
Ridge,1295,player_2,match_21,930.0,960.0,0.330835379032258,0.3621746143514351
Ridge,1296,player_2,match_21,960.0,990.0,0.4559655774193548,0.32238445937333005
Ridge,81,player_3,match_10,7.0,37.0,0.4361331387096773,0.33250970404404395
Ridge,82,player_3,match_10,37.0,67.0,0.4383647580645161,0.30207254544083206
Ridge,83,player_3,match_10,67.0,97.0,0.3855034564516129,0.3271829272603506
Ridge,84,player_3,match_10,97.0,127.0,0.3971516564516129,0.30798958523539194
Ridge,85,player_3,match_10,127.0,157.0,0.4671472774193548,0.303842540069643
Ridge,86,player_3,match_10,157.0,187.0,0.4710231774193548,0.3246432671756743
Ridge,87,player_3,match_10,187.0,217.0,0.4670338774193548,0.30976932298214166
Ridge,88,player_3,match_10,217.0,247.0,0.4893131822580644,0.3373815796524812
Ridge,232,player_3,match_11,4.0,34.0,0.3910243156682027,0.3732772242197972
Ridge,233,player_3,match_11,34.0,64.0,0.3795904612903226,0.3520340362190095
Ridge,234,player_3,match_11,64.0,94.0,0.3515901994906621,0.337222032941978
Ridge,235,player_3,match_11,94.0,124.0,0.3702416080645161,0.3374378755708712
Ridge,236,player_3,match_11,124.0,154.0,0.3630615741935483,0.3410767426576404
Ridge,237,player_3,match_11,154.0,184.0,0.3132434822580644,0.32820590919144316
Ridge,238,player_3,match_11,184.0,214.0,0.3136218306451612,0.33499325132729413
Ridge,239,player_3,match_11,214.0,244.0,0.3203669677419355,0.30873878410944133
Ridge,240,player_3,match_11,244.0,274.0,0.3222881693548386,0.3351087848989565
Ridge,241,player_3,match_11,274.0,304.0,0.3652293741935484,0.3279155463488871
Ridge,242,player_3,match_11,304.0,334.0,0.3208708548387096,0.33539671440641616
Ridge,243,player_3,match_11,334.0,364.0,0.3602804354838709,0.3504084117640997
Ridge,244,player_3,match_11,364.0,394.0,0.353715379032258,0.31259340370743954
Ridge,245,player_3,match_11,394.0,424.0,0.3321580241935483,0.34672276552124004
Ridge,246,player_3,match_11,424.0,454.0,0.3277589032258065,0.3586042892117532
Ridge,247,player_3,match_11,454.0,484.0,0.3303852903225805,0.3774487715115789
Ridge,248,player_3,match_11,484.0,514.0,0.3474349161290322,0.3353564920682664
Ridge,249,player_3,match_11,514.0,544.0,0.3166702193548387,0.306609685751548
Ridge,250,player_3,match_11,544.0,574.0,0.3397516274193548,0.37419221153440296
Ridge,251,player_3,match_11,574.0,604.0,0.3643458403225806,0.36258678180123155
Ridge,252,player_3,match_11,604.0,634.0,0.3368568516129032,0.3513054883873101
Ridge,253,player_3,match_11,634.0,664.0,0.3319147032258064,0.3535647367095009
Ridge,254,player_3,match_11,664.0,694.0,0.3474350241935484,0.36121467441037686
Ridge,255,player_3,match_11,694.0,724.0,0.3478693193548386,0.33877331473339023
Ridge,256,player_3,match_11,724.0,754.0,0.2987791370967741,0.3415838703793209
Ridge,257,player_3,match_11,754.0,784.0,0.3593931483870968,0.32025445868805424
Ridge,258,player_3,match_11,784.0,814.0,0.3544077387096774,0.34374703270874735
Ridge,259,player_3,match_11,814.0,844.0,0.3207452770609318,0.3447035532571133
Ridge,260,player_3,match_11,844.0,874.0,0.3315306548387097,0.3235767857437947
Ridge,261,player_3,match_11,874.0,904.0,0.3873169193548387,0.3627003729771395
Ridge,262,player_3,match_11,904.0,934.0,0.4688639112903224,0.3358934435094358
Ridge,263,player_3,match_11,934.0,964.0,0.4263520999999999,0.37034026049750346
Ridge,264,player_3,match_11,964.0,994.0,0.4231265580645161,0.3430339668665619
Ridge,265,player_3,match_11,994.0,1024.0,0.3620068967741935,0.33381937918292515
Ridge,266,player_3,match_11,1024.0,1054.0,0.3321651999999999,0.3104602255941276
Ridge,267,player_3,match_11,1054.0,1084.0,0.3242882580645161,0.368783423909673
Ridge,268,player_3,match_11,1084.0,1114.0,0.3549055661290322,0.31326845926115904
Ridge,269,player_3,match_11,1114.0,1144.0,0.5306583548387096,0.39320725396996464
Ridge,270,player_3,match_11,1144.0,1174.0,0.4216986758064516,0.3490398947510558
Ridge,271,player_3,match_11,1174.0,1204.0,0.4595364225806451,0.32709760176616515
Ridge,272,player_3,match_11,1204.0,1234.0,0.3909993725806451,0.36264934701532053
Ridge,273,player_3,match_11,1234.0,1264.0,0.3907572096774193,0.34544661161413526
Ridge,274,player_3,match_11,1264.0,1294.0,0.3941528467741935,0.336372156583129
Ridge,275,player_3,match_11,1294.0,1324.0,0.363603493548387,0.35260363954310914
Ridge,276,player_3,match_11,1324.0,1354.0,0.5211213467741935,0.31242816721713695
Ridge,277,player_3,match_11,1354.0,1384.0,0.3878741774193548,0.336911290897977
Ridge,278,player_3,match_11,1384.0,1414.0,0.3929994725806451,0.35956666187919467
Ridge,279,player_3,match_11,1414.0,1444.0,0.3966700661290322,0.35566986163328457
Ridge,280,player_3,match_11,1444.0,1474.0,0.3972694419354838,0.35533564615657603
Ridge,281,player_3,match_11,1474.0,1504.0,0.3844904129032257,0.3281628026804881
Ridge,282,player_3,match_11,1504.0,1534.0,0.4235581967741935,0.3790508862597345
Ridge,283,player_3,match_11,1534.0,1564.0,0.4034634661290321,0.32931953188953184
Ridge,284,player_3,match_11,1564.0,1594.0,0.3873319854838709,0.35101163351144526
Ridge,285,player_3,match_11,1594.0,1624.0,0.4561544548387096,0.33314522187192613
Ridge,286,player_3,match_11,1624.0,1654.0,0.4235317322580644,0.3243966004958225
Ridge,287,player_3,match_11,1654.0,1684.0,0.3856292096774192,0.316138167576907
Ridge,288,player_3,match_11,1684.0,1714.0,0.3760227193548386,0.33720869025585476
Ridge,289,player_3,match_11,1714.0,1744.0,0.2833069032258064,0.31325108582954186
Ridge,290,player_3,match_11,1744.0,1774.0,0.3936828354838709,0.3263826772974113
Ridge,291,player_3,match_11,1774.0,1804.0,0.3682581903225805,0.31620598266682276
Ridge,292,player_3,match_11,1804.0,1834.0,0.3789931274193548,0.3269244845412433
Ridge,293,player_3,match_11,1834.0,1864.0,0.4009829209677419,0.32424314365812124
Ridge,294,player_3,match_11,1864.0,1894.0,0.4245554919354838,0.30285953319948955
Ridge,295,player_3,match_11,1894.0,1924.0,0.3521169548387096,0.27717455255148926
Ridge,296,player_3,match_11,1924.0,1954.0,0.396529314516129,0.3132490780285537
Ridge,297,player_3,match_11,1954.0,1984.0,0.3933025403225806,0.3433007301000475
Ridge,298,player_3,match_11,1984.0,2014.0,0.407235072580645,0.31399708619827515
Ridge,299,player_3,match_11,2014.0,2044.0,0.3857940306451612,0.3300994215421664
Ridge,300,player_3,match_11,2044.0,2074.0,0.3650781548387096,0.30819678418551444
Ridge,301,player_3,match_11,2074.0,2104.0,0.3677881225806451,0.3201481872732233
Ridge,302,player_3,match_11,2104.0,2134.0,0.3522334354838708,0.3112907139345097
Ridge,303,player_3,match_11,2134.0,2164.0,0.3669460112903225,0.3398536783411924
Ridge,304,player_3,match_11,2164.0,2194.0,0.4251186709677419,0.3238256484231299
Ridge,305,player_3,match_11,2194.0,2224.0,0.3751776032258064,0.35668025943222226
Ridge,306,player_3,match_11,2224.0,2254.0,0.3664109546594982,0.3723908602594146
Ridge,307,player_3,match_11,2254.0,2284.0,0.3646316612903225,0.3146054896315633
Ridge,419,player_3,match_12,7.0,37.0,0.3669705370967742,0.33877719247221294
Ridge,420,player_3,match_12,37.0,67.0,0.3955128451612903,0.36114818239281005
Ridge,421,player_3,match_12,67.0,97.0,0.4126900161290322,0.36037977991542314
Ridge,422,player_3,match_12,97.0,127.0,0.3963605744416872,0.3199772118295668
Ridge,423,player_3,match_12,127.0,157.0,0.3903422854838709,0.3334870518646292
Ridge,424,player_3,match_12,157.0,187.0,0.3844437467741934,0.32279008773567985
Ridge,425,player_3,match_12,187.0,217.0,0.3757519193548386,0.3288712051887928
Ridge,426,player_3,match_12,217.0,247.0,0.3749229387096773,0.3536962852658508
Ridge,427,player_3,match_12,247.0,277.0,0.4028460758064516,0.3526376518642781
Ridge,428,player_3,match_12,277.0,307.0,0.3926043693548386,0.34893967358598027
Ridge,429,player_3,match_12,307.0,337.0,0.3512831225806451,0.33539419225833966
Ridge,430,player_3,match_12,337.0,367.0,0.3351671177419354,0.33300855292882514
Ridge,431,player_3,match_12,367.0,397.0,0.351164235483871,0.33006925359593603
Ridge,432,player_3,match_12,397.0,427.0,0.3486505922939068,0.3657288737825628
Ridge,433,player_3,match_12,427.0,457.0,0.3383293951612902,0.36489028477746843
Ridge,434,player_3,match_12,457.0,487.0,0.3052464677419354,0.3521844191089867
Ridge,435,player_3,match_12,487.0,517.0,0.331264729032258,0.32489430585527207
Ridge,436,player_3,match_12,517.0,547.0,0.3247921725806451,0.3449424200126084
Ridge,437,player_3,match_12,547.0,577.0,0.3181197177419355,0.35754386867114546
Ridge,438,player_3,match_12,577.0,607.0,0.3630194354838709,0.34398317164654835
Ridge,439,player_3,match_12,607.0,637.0,0.3265592177419354,0.34024169693233614
Ridge,440,player_3,match_12,637.0,667.0,0.3485093774193548,0.3316977905396847
Ridge,441,player_3,match_12,667.0,697.0,0.3530882854838709,0.32856123908700335
Ridge,442,player_3,match_12,697.0,727.0,0.3143430758064516,0.34544959853852863
Ridge,443,player_3,match_12,727.0,757.0,0.3656071177419355,0.35704885644381407
Ridge,444,player_3,match_12,757.0,787.0,0.3452076838709677,0.3601965726055478
Ridge,445,player_3,match_12,787.0,817.0,0.3300876080645161,0.3335449845565989
Ridge,446,player_3,match_12,817.0,847.0,0.3220524403225806,0.3567182484992015
Ridge,447,player_3,match_12,847.0,877.0,0.3376904403225806,0.35102779590939676
Ridge,600,player_3,match_13,5.0,35.0,0.3521303193548386,0.3645380264867754
Ridge,601,player_3,match_13,35.0,65.0,0.3389918370967741,0.36385540593648164
Ridge,602,player_3,match_13,65.0,95.0,0.3189536467741936,0.355253429138039
Ridge,603,player_3,match_13,95.0,125.0,0.3746919064516129,0.36851633604136863
Ridge,604,player_3,match_13,125.0,155.0,0.3443250306451613,0.3317625700125235
Ridge,605,player_3,match_13,155.0,185.0,0.3289299306451612,0.3313381850569185
Ridge,606,player_3,match_13,185.0,215.0,0.3118002080645161,0.3395191854167281
Ridge,607,player_3,match_13,215.0,245.0,0.3580603419354838,0.3471209759380284
Ridge,608,player_3,match_13,245.0,275.0,0.4557171241935484,0.32354885469211075
Ridge,609,player_3,match_13,275.0,305.0,0.3425668338709677,0.35317729574757645
Ridge,610,player_3,match_13,305.0,335.0,0.3511853032258064,0.36304049592202947
Ridge,611,player_3,match_13,335.0,365.0,0.3792794516129031,0.3575746086318702
Ridge,612,player_3,match_13,365.0,395.0,0.3578501048387096,0.3509180429507732
Ridge,613,player_3,match_13,395.0,425.0,0.3078801193548387,0.3615451147219984
Ridge,614,player_3,match_13,425.0,455.0,0.3287395096774193,0.3212238453055435
Ridge,615,player_3,match_13,455.0,485.0,0.3821638967741935,0.3339845715283547
Ridge,616,player_3,match_13,485.0,515.0,0.3466873387096774,0.335647842346532
Ridge,617,player_3,match_13,515.0,545.0,0.3102375758064516,0.34962532382562084
Ridge,618,player_3,match_13,545.0,575.0,0.3276522177419354,0.3476961477311113
Ridge,619,player_3,match_13,575.0,605.0,0.3520716709677418,0.3538110825634439
Ridge,620,player_3,match_13,605.0,635.0,0.3152256758064516,0.36331955767579915
Ridge,621,player_3,match_13,635.0,665.0,0.3598628661290322,0.34532142754443895
Ridge,622,player_3,match_13,665.0,695.0,0.359101843548387,0.360504390496482
Ridge,623,player_3,match_13,695.0,725.0,0.3469617854838709,0.34175496940930533
Ridge,624,player_3,match_13,725.0,755.0,0.3524468580645161,0.3554659067089164
Ridge,625,player_3,match_13,755.0,785.0,0.3321925129032258,0.33648590651247484
Ridge,626,player_3,match_13,785.0,815.0,0.3709659241935484,0.34891658048780827
Ridge,627,player_3,match_13,815.0,845.0,0.3483519161290322,0.3675366431188894
Ridge,628,player_3,match_13,845.0,875.0,0.3546726129032257,0.3530474465352877
Ridge,629,player_3,match_13,875.0,905.0,0.3474160048387097,0.33900147139838543
Ridge,630,player_3,match_13,905.0,935.0,0.3423207548387097,0.3085803586202382
Ridge,631,player_3,match_13,935.0,965.0,0.3483044983870967,0.3367045111508717
Ridge,632,player_3,match_13,965.0,995.0,0.3266472272401433,0.31626852484231527
Ridge,633,player_3,match_13,995.0,1025.0,0.3334074863799283,0.32548542302725303
Ridge,634,player_3,match_13,1025.0,1055.0,0.323217264516129,0.3088943072465434
Ridge,635,player_3,match_13,1055.0,1085.0,0.308552164516129,0.33123131181412496
Ridge,636,player_3,match_13,1085.0,1115.0,0.3111829096774192,0.3316637374468814
Ridge,637,player_3,match_13,1115.0,1145.0,0.3479715870967742,0.31617847971709384
Ridge,638,player_3,match_13,1145.0,1175.0,0.3405524612903226,0.30787536291896267
Ridge,639,player_3,match_13,1175.0,1205.0,0.3372105629032257,0.33324547809503247
Ridge,640,player_3,match_13,1205.0,1235.0,0.3157914903225806,0.33874238696004844
Ridge,641,player_3,match_13,1235.0,1265.0,0.3268866564516128,0.3498334001739268
Ridge,642,player_3,match_13,1265.0,1295.0,0.3247668370967741,0.3348776704243347
Ridge,643,player_3,match_13,1295.0,1325.0,0.3608837370967741,0.3363600590320137
Ridge,644,player_3,match_13,1325.0,1355.0,0.3911609709677419,0.33510841305883504
Ridge,645,player_3,match_13,1355.0,1385.0,0.3425233548387096,0.3666419258049887
Ridge,646,player_3,match_13,1385.0,1415.0,0.4937061774193548,0.3297228383097637
Ridge,647,player_3,match_13,1415.0,1445.0,0.4025709661290322,0.33356936315297125
Ridge,648,player_3,match_13,1445.0,1475.0,0.3101776241935483,0.36444050527338695
Ridge,649,player_3,match_13,1475.0,1505.0,0.3444233564516128,0.3128038273707059
Ridge,650,player_3,match_13,1505.0,1535.0,0.3442153467741935,0.31315984154073057
Ridge,651,player_3,match_13,1535.0,1565.0,0.3300268532258064,0.3121603317993525
Ridge,652,player_3,match_13,1565.0,1595.0,0.5734079725806451,0.3385048440088333
Ridge,653,player_3,match_13,1595.0,1625.0,0.3820903112903225,0.3191784341074721
Ridge,654,player_3,match_13,1625.0,1655.0,0.3444525193548386,0.3201927245748086
Ridge,655,player_3,match_13,1655.0,1685.0,0.3390658419354838,0.33612432676882503
Ridge,656,player_3,match_13,1685.0,1715.0,0.4530429177419354,0.34011428586666764
Ridge,657,player_3,match_13,1715.0,1745.0,0.3660804564516129,0.35983369843701557
Ridge,658,player_3,match_13,1745.0,1775.0,0.3375916467741935,0.32100734861504887
Ridge,659,player_3,match_13,1775.0,1805.0,0.3604707532258064,0.33103580998324333
Ridge,660,player_3,match_13,1805.0,1835.0,0.4038150612903225,0.2727918896795073
Ridge,661,player_3,match_13,1835.0,1865.0,0.3563674919354838,0.35362592341886034
Ridge,662,player_3,match_13,1865.0,1895.0,0.3435740499999999,0.3292902703749408
Ridge,663,player_3,match_13,1895.0,1925.0,0.3767098,0.3211752831921266
Ridge,664,player_3,match_13,1925.0,1955.0,0.3773525709677419,0.35664469159466866
Ridge,665,player_3,match_13,1955.0,1985.0,0.3324288580645161,0.33536277543485843
Ridge,666,player_3,match_13,1985.0,2015.0,0.4663374177419354,0.34585390486425316
Ridge,667,player_3,match_13,2015.0,2045.0,0.3857469792114695,0.3318684666038073
Ridge,668,player_3,match_13,2045.0,2075.0,0.3610912661290322,0.46207089899183085
Ridge,1297,player_3,match_21,2.0,32.0,0.3669890354838709,0.2990484858827985
Ridge,1298,player_3,match_21,32.0,62.0,0.3456523177419355,0.3040194792722481
Ridge,1299,player_3,match_21,62.0,92.0,0.3505914516129031,0.33179240907623986
Ridge,1300,player_3,match_21,92.0,122.0,0.3115286403225806,0.276853676523968
Ridge,1301,player_3,match_21,122.0,152.0,0.3180478177419354,0.3494096928733808
Ridge,1302,player_3,match_21,152.0,182.0,0.3745705290322579,0.3496976310167149
Ridge,1303,player_3,match_21,182.0,212.0,0.3594768806451612,0.3190161704938905
Ridge,1304,player_3,match_21,212.0,242.0,0.3535580693548387,0.3368583191256491
Ridge,1305,player_3,match_21,242.0,272.0,0.3792379709677419,0.3278010868479995
Ridge,1306,player_3,match_21,272.0,302.0,0.3605857806451612,0.3305367572710128
Ridge,1307,player_3,match_21,302.0,332.0,0.4395546516129032,0.31762950447528027
Ridge,1308,player_3,match_21,332.0,362.0,0.4458765177419355,0.3249336881120686
Ridge,1309,player_3,match_21,362.0,392.0,0.4798766903225806,0.3198160587067272
Ridge,1310,player_3,match_21,392.0,422.0,0.4342216451612903,0.3405698790240022
Ridge,1311,player_3,match_21,422.0,452.0,0.4009650725806452,0.35076527716340683
Ridge,1312,player_3,match_21,452.0,482.0,0.4576769252688172,0.36835684826234727
Ridge,1313,player_3,match_21,482.0,512.0,0.3430645951612903,0.3579404854384404
Ridge,1314,player_3,match_21,512.0,542.0,0.4172735112903225,0.33359907259360044
Ridge,1315,player_3,match_21,542.0,572.0,0.4032284838709677,0.3360803010228426
Ridge,1316,player_3,match_21,572.0,602.0,0.3825146,0.31241484458808233
Ridge,1317,player_3,match_21,602.0,632.0,0.3900239548387096,0.3528925559909247
Ridge,1318,player_3,match_21,632.0,662.0,0.3547383258064516,0.2751503821568632
Ridge,1319,player_3,match_21,662.0,692.0,0.3558563451612903,0.3500626426459619
Ridge,1320,player_3,match_21,692.0,722.0,0.3852632161290322,0.3169830576123764
Ridge,1321,player_3,match_21,722.0,752.0,0.3133045354838709,0.32885206119548493
Ridge,1322,player_3,match_21,752.0,782.0,0.2778166548387096,0.31554164681674085
Ridge,1323,player_3,match_21,782.0,812.0,0.3757601564516128,0.346087988717504
Ridge,1324,player_3,match_21,812.0,842.0,0.3641775838709677,0.34131512069012243
Ridge,1325,player_3,match_21,842.0,872.0,0.3266585451612903,0.3048049694409706
Ridge,1326,player_3,match_21,872.0,902.0,0.2961558564516128,0.3360421142939372
Ridge,1327,player_3,match_21,902.0,932.0,0.3281638145161289,0.31935166983387797
Ridge,1328,player_3,match_21,932.0,962.0,0.3837857096774193,0.3587931910536801
Ridge,1329,player_3,match_21,962.0,992.0,0.4081830989247311,0.3382529155048982
Ridge,1382,player_3,match_8,4.0,34.0,0.2867737333333333,0.3262167146355102
Ridge,1383,player_3,match_8,34.0,64.0,0.3224119032258065,0.2913155900117927
Ridge,1384,player_3,match_8,64.0,94.0,0.3168409580645161,0.3427913039132459
Ridge,1385,player_3,match_8,94.0,124.0,0.2380993564516128,0.3064818213019741
Ridge,1386,player_3,match_8,124.0,154.0,0.2257556677419354,0.2794654224547126
Ridge,1387,player_3,match_8,154.0,184.0,0.2730701,0.2998527772323939
Ridge,1388,player_3,match_8,184.0,214.0,0.2103354838709676,0.29088279159182934
Ridge,1389,player_3,match_8,214.0,244.0,0.2507606387096773,0.29876940080998277
Ridge,1390,player_3,match_8,244.0,274.0,0.1996526387096774,0.2973081775527353
Ridge,1391,player_3,match_8,274.0,304.0,0.3189643467741935,0.2962260199927505
Ridge,1392,player_3,match_8,304.0,334.0,0.2768238306451613,0.3261318810064747
Ridge,1393,player_3,match_8,334.0,364.0,0.3001439612903225,0.3207723776288845
Ridge,1394,player_3,match_8,364.0,394.0,0.2786879338709677,0.30306940429264306
Ridge,1395,player_3,match_8,394.0,424.0,0.2435328903225805,0.28775754587226166
Ridge,1396,player_3,match_8,424.0,454.0,0.1702869247311827,0.30101531328522463
Ridge,1397,player_3,match_8,454.0,484.0,0.306578814516129,0.2953547732339691
Ridge,1398,player_3,match_8,484.0,514.0,0.2767868774193548,0.295831133594065
Ridge,1399,player_3,match_8,514.0,544.0,0.250909214516129,0.30068098837814305
Ridge,1400,player_3,match_8,544.0,574.0,0.3060971032258064,0.2818575930679199
Ridge,1401,player_3,match_8,574.0,604.0,0.2995785645161289,0.3346592072599455
Ridge,1402,player_3,match_8,604.0,634.0,0.3648162435483871,0.29754331116085114
Ridge,1403,player_3,match_8,634.0,664.0,0.2738658161290322,0.289016546865155
Ridge,1404,player_3,match_8,664.0,694.0,0.3464340290322579,0.3063741208980395
Ridge,1405,player_3,match_8,694.0,724.0,0.3296180419354838,0.3071937882820632
Ridge,1406,player_3,match_8,724.0,754.0,0.2870044354838709,0.26636573685130005
Ridge,1407,player_3,match_8,754.0,784.0,0.3207690709677419,0.30552609461510105
Ridge,1408,player_3,match_8,784.0,814.0,0.2845508758064516,0.2874470968808336
Ridge,1409,player_3,match_8,814.0,844.0,0.3200196096774194,0.3373454157321917
Ridge,1410,player_3,match_8,844.0,874.0,0.3216044274193548,0.3159369895236873
Ridge,1411,player_3,match_8,874.0,904.0,0.3126179387096773,0.3315260289704447
Ridge,1412,player_3,match_8,904.0,934.0,0.3606785193548386,0.27480507419021966
Ridge,1413,player_3,match_8,934.0,964.0,0.385552229032258,0.2990973838554157
Ridge,1414,player_3,match_8,964.0,994.0,0.3347774983870967,0.2867897876665557
Ridge,1415,player_3,match_8,994.0,1024.0,0.3717777967741935,0.30892557333913573
Ridge,1416,player_3,match_8,1024.0,1054.0,0.3365552725806451,0.31096635181602383
Ridge,1417,player_3,match_8,1054.0,1084.0,0.3237554758064516,0.32497212742139353
Ridge,1418,player_3,match_8,1084.0,1114.0,0.4643626887096774,0.28166457590532
Ridge,1419,player_3,match_8,1114.0,1144.0,0.3093228064516129,0.322750764104777
Ridge,1420,player_3,match_8,1144.0,1174.0,0.356843264516129,0.30630058289674195
Ridge,1421,player_3,match_8,1174.0,1204.0,0.3551337338709677,0.3076114770544925
Ridge,1422,player_3,match_8,1204.0,1234.0,0.2752174629032258,0.3310157225919403
Ridge,1423,player_3,match_8,1234.0,1264.0,0.242902343548387,0.3115814416991614
Ridge,1424,player_3,match_8,1264.0,1294.0,0.3738273983870966,0.2910695613722725
Ridge,1425,player_3,match_8,1294.0,1324.0,0.3141751016129032,0.3051111228176828
Ridge,1426,player_3,match_8,1324.0,1354.0,0.3341685548387096,0.2909830593474217
Ridge,1427,player_3,match_8,1354.0,1384.0,0.3898067403225805,0.29861024021480265
Ridge,1428,player_3,match_8,1384.0,1414.0,0.3246493258064516,0.28526289825733886
Ridge,1429,player_3,match_8,1414.0,1444.0,0.2727682241935484,0.30659877881739706
Ridge,1430,player_3,match_8,1444.0,1474.0,0.2527807983870968,0.3282998486148568
Ridge,1431,player_3,match_8,1474.0,1504.0,0.3396483903225806,0.31023957177746603
Ridge,1482,player_3,match_9,1.0,31.0,0.33529765,0.28369924451650114
Ridge,1483,player_3,match_9,31.0,61.0,0.3742693419354838,0.29002254844786696
Ridge,1484,player_3,match_9,61.0,91.0,0.3546849516129031,0.3100383087787079
Ridge,1485,player_3,match_9,91.0,121.0,0.3546658854838709,0.29180835346618605
Ridge,1486,player_3,match_9,121.0,151.0,0.3238790596774193,0.2890085799018286
Ridge,1487,player_3,match_9,151.0,181.0,0.4036772,0.30209113601322457
Ridge,1488,player_3,match_9,181.0,211.0,0.3837763016129032,0.2891356474931264
Ridge,1489,player_3,match_9,211.0,241.0,0.3465665532258064,0.28931214379857007
Ridge,1490,player_3,match_9,241.0,271.0,0.317046764516129,0.3004685220194295
Ridge,1491,player_3,match_9,271.0,301.0,0.3381844661290322,0.29742655115072725
Ridge,1492,player_3,match_9,301.0,331.0,0.368675708064516,0.2936677122049476
Ridge,1493,player_3,match_9,331.0,361.0,0.3779544048387097,0.30288881381391597
Ridge,1494,player_3,match_9,361.0,391.0,0.3473830177419355,0.2991690235551877
Ridge,1495,player_3,match_9,391.0,421.0,0.3446340870967742,0.3018937009585331
Ridge,1496,player_3,match_9,421.0,451.0,0.3274053822580645,0.30918790959976405
Ridge,1497,player_3,match_9,451.0,481.0,0.3398382387096774,0.29395403686530275
Ridge,1498,player_3,match_9,481.0,511.0,0.4211915596774193,0.3219779962702302
Ridge,1499,player_3,match_9,511.0,541.0,0.3921036999999999,0.2981964667108884
Ridge,1500,player_3,match_9,541.0,571.0,0.3714641798387096,0.30226843199453995
Ridge,1501,player_3,match_9,571.0,601.0,0.3447682870967742,0.2756507284103939
Ridge,1502,player_3,match_9,601.0,631.0,0.3480073403225806,0.27386504842334947
Ridge,1503,player_3,match_9,631.0,661.0,0.3573306774193548,0.2753926228700358
Ridge,1504,player_3,match_9,661.0,691.0,0.4332546073476702,0.30287309566375487
Ridge,1505,player_3,match_9,691.0,721.0,0.3730761193548387,0.3140482941511341
Ridge,1506,player_3,match_9,721.0,751.0,0.3033966499999999,0.3091245716287544
Ridge,1507,player_3,match_9,751.0,781.0,0.3180434161290322,0.33506405342123535
Ridge,1508,player_3,match_9,781.0,811.0,0.4788181209677419,0.33742959643341414
Ridge,1509,player_3,match_9,811.0,841.0,0.4453166193548386,0.2877395350912283
Ridge,1510,player_3,match_9,841.0,871.0,0.3353647677419354,0.3439536029798998
Ridge,1511,player_3,match_9,871.0,901.0,0.400662479032258,0.3333935282537426
Ridge,1512,player_3,match_9,901.0,931.0,0.4410353741935483,0.29239043250374425
Ridge,1513,player_3,match_9,931.0,961.0,0.461188043548387,0.31129353786205816
Ridge,1514,player_3,match_9,961.0,991.0,0.4928181209677419,0.3168067202218095
Ridge,89,player_4,match_10,9.0,39.0,0.3217799612903225,0.6767794366038997
Ridge,90,player_4,match_10,39.0,69.0,0.2928451225806451,0.7293336222361495
Ridge,91,player_4,match_10,69.0,99.0,0.3910603177419354,0.6771927692938925
Ridge,92,player_4,match_10,99.0,129.0,0.3278932709677419,0.6935741684572627
Ridge,93,player_4,match_10,129.0,159.0,0.4370787677419354,0.744680526972034
Ridge,94,player_4,match_10,159.0,189.0,0.3937881016129031,0.6910815010351916
Ridge,95,player_4,match_10,189.0,219.0,0.1685731397849462,0.6690968013701016
Ridge,308,player_4,match_11,168.0,198.0,0.3842112951612904,0.6205833512062077
Ridge,309,player_4,match_11,198.0,228.0,0.4058162451612903,0.6488815356898132
Ridge,310,player_4,match_11,228.0,258.0,0.4038188241935483,0.6717303380475522
Ridge,311,player_4,match_11,258.0,288.0,0.3873129274193548,0.6441865418538261
Ridge,312,player_4,match_11,288.0,318.0,0.3955306419354838,0.6687289060946676
Ridge,313,player_4,match_11,318.0,348.0,0.4709272048387096,0.7071101281719002
Ridge,314,player_4,match_11,348.0,378.0,0.5832202322580645,0.651503471063472
Ridge,315,player_4,match_11,378.0,408.0,0.4728050080645161,0.6676210018083018
Ridge,316,player_4,match_11,408.0,438.0,0.413562829032258,0.693471089212772
Ridge,317,player_4,match_11,438.0,468.0,0.4762296290322581,0.6189816132034212
Ridge,318,player_4,match_11,468.0,498.0,0.4215463322580645,0.7003730230281255
Ridge,319,player_4,match_11,498.0,528.0,0.3882374032258064,0.6859797854799828
Ridge,320,player_4,match_11,528.0,558.0,0.3935791387096774,0.6532884497853697
Ridge,321,player_4,match_11,558.0,588.0,0.4332609403225805,0.6526468499061654
Ridge,322,player_4,match_11,588.0,618.0,0.475627679032258,0.6841972277389672
Ridge,323,player_4,match_11,618.0,648.0,0.4024941677419354,0.6572543965059736
Ridge,324,player_4,match_11,648.0,678.0,0.4430050919354839,0.6925917189745987
Ridge,325,player_4,match_11,678.0,708.0,0.4159376048387097,0.6336192883797673
Ridge,326,player_4,match_11,708.0,738.0,0.3945401516129031,0.6682410502769072
Ridge,327,player_4,match_11,738.0,768.0,0.4259119580645161,0.6468026415515518
Ridge,328,player_4,match_11,768.0,798.0,0.4030253258064515,0.6816282264864393
Ridge,329,player_4,match_11,798.0,828.0,0.3907230725806451,0.6786216557178464
Ridge,330,player_4,match_11,828.0,858.0,0.4226385591397849,0.7342198755547283
Ridge,331,player_4,match_11,858.0,888.0,0.448481229032258,0.7068102653799855
Ridge,332,player_4,match_11,888.0,918.0,0.4334815274193548,0.6532115665042564
Ridge,333,player_4,match_11,918.0,948.0,0.4083821870967742,0.6521579012571019
Ridge,334,player_4,match_11,948.0,978.0,0.4190907564516129,0.674959337289886
Ridge,335,player_4,match_11,978.0,1008.0,0.429247764516129,0.6914015704743373
Ridge,336,player_4,match_11,1008.0,1038.0,0.4780028752688172,0.6741727483093201
Ridge,337,player_4,match_11,1038.0,1068.0,0.4410169193548386,0.6677183399431252
Ridge,338,player_4,match_11,1068.0,1098.0,0.4612133919354839,0.687689793255259
Ridge,339,player_4,match_11,1098.0,1128.0,0.3906026505376343,0.6421245385139218
Ridge,340,player_4,match_11,1128.0,1158.0,0.4279749279569892,0.6661925078050688
Ridge,341,player_4,match_11,1158.0,1188.0,0.5070420774193549,0.6821229046610685
Ridge,342,player_4,match_11,1188.0,1218.0,0.5153815080645161,0.6597746709188006
Ridge,343,player_4,match_11,1218.0,1248.0,0.428450079032258,0.6754142726004297
Ridge,344,player_4,match_11,1248.0,1278.0,0.3750276177419355,0.644251949331863
Ridge,345,player_4,match_11,1278.0,1308.0,0.3954101774193548,0.623748159990473
Ridge,346,player_4,match_11,1308.0,1338.0,0.4079895161290322,0.6630296596048317
Ridge,347,player_4,match_11,1338.0,1368.0,0.4018140806451612,0.6776878937493078
Ridge,348,player_4,match_11,1368.0,1398.0,0.3403397758064516,0.6924927766420612
Ridge,349,player_4,match_11,1398.0,1428.0,0.4415285564516128,0.6520826530124344
Ridge,350,player_4,match_11,1428.0,1458.0,0.4619110403225805,0.6550602964838972
Ridge,351,player_4,match_11,1458.0,1488.0,0.4448537112903226,0.6591536640345499
Ridge,352,player_4,match_11,1488.0,1518.0,0.5368804637096773,0.6627326659491505
Ridge,353,player_4,match_11,1518.0,1548.0,0.3442471387096774,0.6622678599447327
Ridge,354,player_4,match_11,1548.0,1578.0,0.4269378112903225,0.643348032802203
Ridge,355,player_4,match_11,1578.0,1608.0,0.3956674516129032,0.6159407110643667
Ridge,356,player_4,match_11,1608.0,1638.0,0.3750901629032258,0.6633686255683497
Ridge,357,player_4,match_11,1638.0,1668.0,0.4173886274193548,0.6557846514271756
Ridge,358,player_4,match_11,1668.0,1698.0,0.4143237946236558,0.6387441537539746
Ridge,359,player_4,match_11,1698.0,1728.0,0.4375127612903225,0.6390544431044658
Ridge,360,player_4,match_11,1728.0,1758.0,0.3816933838709676,0.6900856474969166
Ridge,361,player_4,match_11,1758.0,1788.0,0.3879063499999999,0.6806161883141997
Ridge,362,player_4,match_11,1788.0,1818.0,0.3840723258064515,0.6579429956898879
Ridge,363,player_4,match_11,1818.0,1848.0,0.4074549297235023,0.655592763359188
Ridge,364,player_4,match_11,1848.0,1878.0,0.491157072580645,0.6657737175327862
Ridge,365,player_4,match_11,1878.0,1908.0,0.377877913489736,0.6599561740428219
Ridge,366,player_4,match_11,1908.0,1938.0,0.3828979322580644,0.6764717607126844
Ridge,367,player_4,match_11,1938.0,1968.0,0.3768100806451613,0.702662713764147
Ridge,368,player_4,match_11,1968.0,1998.0,0.3784119387096774,0.6683041393533407
Ridge,369,player_4,match_11,1998.0,2028.0,0.3779958564516128,0.6202925121317615
Ridge,370,player_4,match_11,2028.0,2058.0,0.3968446774193548,0.6660403262911162
Ridge,371,player_4,match_11,2058.0,2088.0,0.4261899580645161,0.7211369628651314
Ridge,372,player_4,match_11,2088.0,2118.0,0.418223622580645,0.661759792146039
Ridge,373,player_4,match_11,2118.0,2148.0,0.389275564516129,0.6817225405852851
Ridge,374,player_4,match_11,2148.0,2178.0,0.4169403177419354,0.7211245464384655
Ridge,375,player_4,match_11,2178.0,2208.0,0.3932120403225806,0.6455105725823965
Ridge,448,player_4,match_12,236.0,266.0,0.3623836822580645,0.6480808253154882
Ridge,449,player_4,match_12,266.0,296.0,0.3702193693548387,0.6373337463039499
Ridge,450,player_4,match_12,296.0,326.0,0.3490734274193549,0.643556702005168
Ridge,451,player_4,match_12,326.0,356.0,0.3996911016129032,0.6487791520242354
Ridge,452,player_4,match_12,356.0,386.0,0.3284608209677419,0.7008735188905688
Ridge,453,player_4,match_12,386.0,416.0,0.4272166354838709,0.6610131747593849
Ridge,454,player_4,match_12,416.0,446.0,0.441558479032258,0.6764129822454106
Ridge,455,player_4,match_12,446.0,476.0,0.4257332451612903,0.6503775431000796
Ridge,456,player_4,match_12,476.0,506.0,0.3800015161290322,0.6523322602253308
Ridge,457,player_4,match_12,506.0,536.0,0.3585309838709677,0.6559849760393001
Ridge,458,player_4,match_12,536.0,566.0,0.4354185322580645,0.6728267212976331
Ridge,459,player_4,match_12,566.0,596.0,0.457104458064516,0.6476081136243966
Ridge,460,player_4,match_12,596.0,626.0,0.4273867548387096,0.6313918166038659
Ridge,461,player_4,match_12,626.0,656.0,0.3503060967741934,0.653213435918326
Ridge,462,player_4,match_12,656.0,686.0,0.3833928499999999,0.6608195695140828
Ridge,463,player_4,match_12,686.0,716.0,0.3904234741935484,0.654509005957709
Ridge,464,player_4,match_12,716.0,746.0,0.4298751596774193,0.5997000759018598
Ridge,465,player_4,match_12,746.0,776.0,0.428139087096774,0.6460788591357338
Ridge,466,player_4,match_12,776.0,806.0,0.3894983064516129,0.6306502637841258
Ridge,467,player_4,match_12,806.0,836.0,0.3534890854838709,0.6668518136668726
Ridge,468,player_4,match_12,836.0,866.0,0.3911594774193548,0.6502110713197005
Ridge,469,player_4,match_12,866.0,896.0,0.4145624822580644,0.6761022595672657
Ridge,669,player_4,match_13,134.0,164.0,0.366750979032258,0.36973212650886106
Ridge,670,player_4,match_13,164.0,194.0,0.3624990887096774,0.3739982062870284
Ridge,671,player_4,match_13,194.0,224.0,0.352512693548387,0.3533614697511356
Ridge,672,player_4,match_13,224.0,254.0,0.3564580935483871,0.4560382690217665
Ridge,673,player_4,match_13,254.0,284.0,0.3309110451612903,0.40349055072673456
Ridge,674,player_4,match_13,284.0,314.0,0.3915517903225806,0.35941665187437777
Ridge,675,player_4,match_13,314.0,344.0,0.4298870338709677,0.3492816750324573
Ridge,676,player_4,match_13,344.0,374.0,0.4176532709677419,0.3831983109233891
Ridge,677,player_4,match_13,374.0,404.0,0.3779788451612903,0.3856717246849478
Ridge,678,player_4,match_13,404.0,434.0,0.4283153661290322,0.37672830189451645
Ridge,679,player_4,match_13,434.0,464.0,0.382800129032258,0.36448260179794245
Ridge,680,player_4,match_13,464.0,494.0,0.4168474403225806,0.4204111502277606
Ridge,681,player_4,match_13,494.0,524.0,0.3807065758064516,0.3684519854738478
Ridge,682,player_4,match_13,524.0,554.0,0.4227452580645161,0.4235451697186396
Ridge,683,player_4,match_13,554.0,584.0,0.4064318279569892,0.38106336304968824
Ridge,684,player_4,match_13,584.0,614.0,0.3609130483870967,0.4484291464152502
Ridge,685,player_4,match_13,614.0,644.0,0.4888476727598565,0.3813341457733694
Ridge,686,player_4,match_13,644.0,674.0,0.4908945209677419,0.3797988986750167
Ridge,687,player_4,match_13,674.0,704.0,0.4348001161290322,0.3531331732491361
Ridge,688,player_4,match_13,704.0,734.0,0.427643643548387,0.3917359702225835
Ridge,689,player_4,match_13,734.0,764.0,0.4198529306451612,0.35135215494441674
Ridge,690,player_4,match_13,764.0,794.0,0.3750722806451613,0.35356211796790066
Ridge,691,player_4,match_13,794.0,824.0,0.2947397709677419,0.3709962177304211
Ridge,692,player_4,match_13,824.0,854.0,0.4280808758064516,0.42582684857401576
Ridge,693,player_4,match_13,854.0,884.0,0.415344908064516,0.40294126894911736
Ridge,694,player_4,match_13,884.0,914.0,0.3840966193548386,0.3943783585567017
Ridge,695,player_4,match_13,914.0,944.0,0.4180323548387097,0.39411174965654344
Ridge,696,player_4,match_13,944.0,974.0,0.4621011903225805,0.39234772895276454
Ridge,697,player_4,match_13,974.0,1004.0,0.4107305645161289,0.36991060034776857
Ridge,698,player_4,match_13,1004.0,1034.0,0.4295765107526881,0.38046118643718624
Ridge,699,player_4,match_13,1034.0,1064.0,0.4894602967741935,0.4119796323438685
Ridge,700,player_4,match_13,1064.0,1094.0,0.4890407419354838,0.3342811000144486
Ridge,701,player_4,match_13,1094.0,1124.0,0.4325143999999999,0.36259606501379443
Ridge,702,player_4,match_13,1124.0,1154.0,0.4059713709677419,0.3672441982811888
Ridge,703,player_4,match_13,1154.0,1184.0,0.4018455499999999,0.36381312550033185
Ridge,704,player_4,match_13,1184.0,1214.0,0.4696028661290322,0.3614901556974866
Ridge,705,player_4,match_13,1214.0,1244.0,0.4621412096774193,0.3686399269691279
Ridge,706,player_4,match_13,1244.0,1274.0,0.3845204693548387,0.4068369855050071
Ridge,707,player_4,match_13,1274.0,1304.0,0.3340003566308243,0.40418473197438065
Ridge,708,player_4,match_13,1304.0,1334.0,0.4043534483870967,0.38740095918039474
Ridge,709,player_4,match_13,1334.0,1364.0,0.371750114516129,0.3977678795001863
Ridge,710,player_4,match_13,1364.0,1394.0,0.4122716016129032,0.3826818067856159
Ridge,711,player_4,match_13,1394.0,1424.0,0.3915227935483871,0.3877702488560444
Ridge,712,player_4,match_13,1424.0,1454.0,0.3739972612903226,0.4477879417305334
Ridge,713,player_4,match_13,1454.0,1484.0,0.4081507080645161,0.3919173056741576
Ridge,714,player_4,match_13,1484.0,1514.0,0.4723563999999999,0.370615891504961
Ridge,715,player_4,match_13,1514.0,1544.0,0.4062820209677418,0.40086430140302765
Ridge,716,player_4,match_13,1544.0,1574.0,0.4087842096774193,0.36868515725726475
Ridge,717,player_4,match_13,1574.0,1604.0,0.4999228516129032,0.40761963980258337
Ridge,718,player_4,match_13,1604.0,1634.0,0.474066529032258,0.3591444047652916
Ridge,719,player_4,match_13,1634.0,1664.0,0.3784953629032257,0.3513442448395063
Ridge,720,player_4,match_13,1664.0,1694.0,0.3294626306451612,0.44427169550385803
Ridge,721,player_4,match_13,1694.0,1724.0,0.4156032951612903,0.3662696102372569
Ridge,722,player_4,match_13,1724.0,1754.0,0.4257821451612902,0.39444867181853543
Ridge,723,player_4,match_13,1754.0,1784.0,0.4024596306451612,0.39016713169923006
Ridge,724,player_4,match_13,1784.0,1814.0,0.328244343548387,0.3941315290556726
Ridge,725,player_4,match_13,1814.0,1844.0,0.3405583,0.37065076179622036
Ridge,726,player_4,match_13,1844.0,1874.0,0.4143364048387096,0.36519338256539824
Ridge,727,player_4,match_13,1874.0,1904.0,0.4840867612903226,0.3559349064531839
Ridge,728,player_4,match_13,1904.0,1934.0,0.369382964516129,0.3419295398564241
Ridge,729,player_4,match_13,1934.0,1964.0,0.4041648241935484,0.3632729446787755
Ridge,730,player_4,match_13,1964.0,1994.0,0.3434776064516129,0.39655900524469695
Ridge,731,player_4,match_13,1994.0,2024.0,0.3997559177419354,0.3775664840768744
Ridge,732,player_4,match_13,2024.0,2054.0,0.3138108548387097,0.3828950081196539
Ridge,733,player_4,match_13,2054.0,2084.0,0.3317083516129032,0.44104861633282844
Ridge,833,player_4,match_14,386.0,416.0,0.405148514516129,0.6281348148183424
Ridge,834,player_4,match_14,416.0,446.0,0.3932071975806451,0.7163169257878748
Ridge,835,player_4,match_14,446.0,476.0,0.3884511261520736,0.6553779175923988
Ridge,836,player_4,match_14,476.0,506.0,0.3836950547235022,0.6234861585848157
Ridge,837,player_4,match_14,506.0,536.0,0.3789389832949308,0.6258948225363303
Ridge,838,player_4,match_14,536.0,566.0,0.3756097332949308,0.614071541505506
Ridge,839,player_4,match_14,566.0,596.0,0.3930877580645161,0.6446274999139857
Ridge,840,player_4,match_14,596.0,626.0,0.377830679032258,0.5914165340731564
Ridge,841,player_4,match_14,626.0,656.0,0.3831889322580645,0.6003161889667779
Ridge,842,player_4,match_14,656.0,686.0,0.4224506612903225,0.6235056988733847
Ridge,843,player_4,match_14,686.0,716.0,0.3805634838709677,0.6101568015073207
Ridge,844,player_4,match_14,716.0,746.0,0.3789224693548386,0.6083732488647435
Ridge,845,player_4,match_14,746.0,776.0,0.3775421354838709,0.6021413091038643
Ridge,846,player_4,match_14,776.0,806.0,0.3891524322580645,0.6246923005784895
Ridge,847,player_4,match_14,806.0,836.0,0.374085243548387,0.6196568849247401
Ridge,848,player_4,match_14,836.0,866.0,0.3737445677419355,0.6115768713535097
Ridge,849,player_4,match_14,866.0,896.0,0.37754,0.6234616241020245
Ridge,850,player_4,match_14,896.0,926.0,0.369730114516129,0.6108157349904677
Ridge,851,player_4,match_14,926.0,956.0,0.3745211730205278,0.6016884926935296
Ridge,852,player_4,match_14,956.0,986.0,0.3808013306451612,0.6341255692981743
Ridge,853,player_4,match_14,986.0,1016.0,0.3776010967741935,0.7004675629091524
Ridge,854,player_4,match_14,1016.0,1046.0,0.3998627822580645,0.6367462408155925
Ridge,855,player_4,match_14,1046.0,1076.0,0.5312633096774193,0.5886094467613765
Ridge,856,player_4,match_14,1076.0,1106.0,0.3963917564516129,0.6216337162930008
Ridge,857,player_4,match_14,1106.0,1136.0,0.377594408064516,0.6530559231105377
Ridge,858,player_4,match_14,1136.0,1166.0,0.3680299129032257,0.6012453825778364
Ridge,859,player_4,match_14,1166.0,1196.0,0.3781662887096773,0.6052808693304959
Ridge,860,player_4,match_14,1196.0,1226.0,0.3847059193548386,0.5842726259326672
Ridge,861,player_4,match_14,1226.0,1256.0,0.3984853483870967,0.6301286697801698
Ridge,862,player_4,match_14,1256.0,1286.0,0.3775004548387096,0.6217719032984939
Ridge,863,player_4,match_14,1286.0,1316.0,0.3775998919354838,0.6033036047709079
Ridge,864,player_4,match_14,1316.0,1346.0,0.37754,0.6213255593079927
Ridge,865,player_4,match_14,1346.0,1376.0,0.37754,0.623697739910444
Ridge,866,player_4,match_14,1376.0,1406.0,0.3777298225806451,0.5844412556023827
Ridge,867,player_4,match_14,1406.0,1436.0,0.367695179032258,0.6998787970268627
Ridge,868,player_4,match_14,1436.0,1466.0,0.3880869,0.6536857584871805
Ridge,869,player_4,match_14,1466.0,1496.0,0.3906062419354839,0.6319379218715948
Ridge,870,player_4,match_14,1496.0,1526.0,0.3775400096774193,0.641865953707884
Ridge,871,player_4,match_14,1526.0,1556.0,0.37754,0.6443173610457815
Ridge,872,player_4,match_14,1556.0,1586.0,0.3696757516129031,0.6398203976611692
Ridge,873,player_4,match_14,1586.0,1616.0,0.3824956403225806,0.6209386858223389
Ridge,874,player_4,match_14,1616.0,1646.0,0.37754,0.636345946364945
Ridge,875,player_4,match_14,1646.0,1676.0,0.37754,0.6699327678446633
Ridge,876,player_4,match_14,1676.0,1706.0,0.3819723225806452,0.6352630040117544
Ridge,877,player_4,match_14,1706.0,1736.0,0.3797491370967741,0.6483258092548325
Ridge,878,player_4,match_14,1736.0,1766.0,0.3757101677419354,0.6293126452939767
Ridge,879,player_4,match_14,1766.0,1796.0,0.3756249609507639,0.706802347271525
Ridge,880,player_4,match_14,1796.0,1826.0,0.3942242084889643,0.6429835621081046
Ridge,881,player_4,match_14,1826.0,1856.0,0.37754,0.6941823513761777
Ridge,1432,player_4,match_8,3.0,33.0,0.2936402661290322,0.6372325079117414
Ridge,1433,player_4,match_8,33.0,63.0,0.2337888903225806,0.7021868897420545
Ridge,1434,player_4,match_8,63.0,93.0,0.2387624322580644,0.6447199683489566
Ridge,1435,player_4,match_8,93.0,123.0,0.2585965112903226,0.6634124383740164
Ridge,1436,player_4,match_8,123.0,153.0,0.1856127354838709,0.6346512099533306
Ridge,1437,player_4,match_8,153.0,183.0,0.2244420725806451,0.6396632481025951
Ridge,1438,player_4,match_8,183.0,213.0,0.2791424451612903,0.6267306829091048
Ridge,1439,player_4,match_8,213.0,243.0,0.280498814516129,0.6305812842128455
Ridge,1440,player_4,match_8,243.0,273.0,0.2254200951612903,0.6095460376940922
Ridge,1441,player_4,match_8,273.0,303.0,0.2321811870967741,0.6692216118460115
Ridge,1442,player_4,match_8,303.0,333.0,0.2412346677419354,0.5978941570921886
Ridge,1443,player_4,match_8,333.0,363.0,0.3085772112903225,0.6752677310564077
Ridge,1444,player_4,match_8,363.0,393.0,0.3894644483870968,0.7314713922053971
Ridge,1445,player_4,match_8,393.0,423.0,0.3108899806451612,0.6776984715857236
Ridge,1446,player_4,match_8,423.0,453.0,0.3475553870967742,0.6826065414494704
Ridge,1447,player_4,match_8,453.0,483.0,0.3402289983870967,0.6668797090327265
Ridge,1448,player_4,match_8,483.0,513.0,0.4374144387096774,0.6486157744499327
Ridge,1449,player_4,match_8,513.0,543.0,0.4074272322580645,0.6343306493909366
Ridge,1450,player_4,match_8,543.0,573.0,0.3671605225806451,0.6802210722121939
Ridge,1451,player_4,match_8,573.0,603.0,0.462001229032258,0.7119208780309896
Ridge,1452,player_4,match_8,603.0,633.0,0.2885247564516129,0.6080987337183359
Ridge,1453,player_4,match_8,633.0,663.0,0.3292853935483871,0.7000386840135304
Ridge,1454,player_4,match_8,663.0,693.0,0.4571119806451613,0.6980312478959139
Ridge,1455,player_4,match_8,693.0,723.0,0.345162040860215,0.6532079214739066
Ridge,1456,player_4,match_8,723.0,753.0,0.3520294903225806,0.6325358240812576
Ridge,1457,player_4,match_8,753.0,783.0,0.319706914516129,0.6378519276619059
Ridge,1458,player_4,match_8,783.0,813.0,0.3719317096774193,0.655999917482361
Ridge,1459,player_4,match_8,813.0,843.0,0.3440492451612902,0.6412788230453044
Ridge,1460,player_4,match_8,843.0,873.0,0.4413690096774193,0.6573685071448996
Ridge,1461,player_4,match_8,873.0,903.0,0.5348753854838709,0.6819614748295592
Ridge,1462,player_4,match_8,903.0,933.0,0.5216585983870968,0.6782052779515184
Ridge,1463,player_4,match_8,933.0,963.0,0.4585932709677418,0.6874003751974174
Ridge,1464,player_4,match_8,963.0,993.0,0.3480824774193548,0.6827010406934424
Ridge,1465,player_4,match_8,993.0,1023.0,0.4307672241935483,0.6775983227336663
Ridge,1466,player_4,match_8,1023.0,1053.0,0.6003164032258064,0.6971318345921058
Ridge,1467,player_4,match_8,1053.0,1083.0,0.4401362887096773,0.6618620054655686
Ridge,1468,player_4,match_8,1083.0,1113.0,0.4283666467741935,0.6494765416413124
Ridge,1469,player_4,match_8,1113.0,1143.0,0.478429317204301,0.6220382753458468
Ridge,1470,player_4,match_8,1143.0,1173.0,0.4842511612903225,0.64362228545506
Ridge,1471,player_4,match_8,1173.0,1203.0,0.5376216354838709,0.6687141183953249
Ridge,1472,player_4,match_8,1203.0,1233.0,0.4296513903225806,0.6647599503463093
Ridge,1473,player_4,match_8,1233.0,1263.0,0.5108459354838709,0.6834111491003532
Ridge,1474,player_4,match_8,1263.0,1293.0,0.4504216467741935,0.6598317670360894
Ridge,1475,player_4,match_8,1293.0,1323.0,0.3596913080645161,0.6124246893336505
Ridge,1476,player_4,match_8,1323.0,1353.0,0.3339856580645161,0.6505521130722052
Ridge,1477,player_4,match_8,1353.0,1383.0,0.3750152580645161,0.6162388370170069
Ridge,1478,player_4,match_8,1383.0,1413.0,0.4615939112903225,0.619808157136893
Ridge,1479,player_4,match_8,1413.0,1443.0,0.2335161774193548,0.6634419946287511
Ridge,1480,player_4,match_8,1443.0,1473.0,0.321098814516129,0.6890548784663132
Ridge,1481,player_4,match_8,1473.0,1503.0,0.44420675,0.6679475636612917
Ridge,1515,player_4,match_9,9.0,39.0,0.4239898887096774,0.6935902073340443
Ridge,1516,player_4,match_9,39.0,69.0,0.3739965903225806,0.6472243636816809
Ridge,1517,player_4,match_9,69.0,99.0,0.3716395580645161,0.6638857712283556
Ridge,1518,player_4,match_9,99.0,129.0,0.4017635564516129,0.6627506329665118
Ridge,1519,player_4,match_9,129.0,159.0,0.4971047661290322,0.6970693100603353
Ridge,1520,player_4,match_9,159.0,189.0,0.3686038741935483,0.6305858612769519
Ridge,1521,player_4,match_9,189.0,219.0,0.3476745096774193,0.7013333216397766
Ridge,1522,player_4,match_9,219.0,249.0,0.3680411629032258,0.6314546384727882
Ridge,1523,player_4,match_9,249.0,279.0,0.3407845483870967,0.7286109867515552
Ridge,1524,player_4,match_9,279.0,309.0,0.3837451451612902,0.7198582188790787
Ridge,1525,player_4,match_9,309.0,339.0,0.3621322161290322,0.6460639377891901
Ridge,1526,player_4,match_9,339.0,369.0,0.4526585064516129,0.6558906399947599
Ridge,1527,player_4,match_9,369.0,399.0,0.3755813580645161,0.6566440737846014
Ridge,1528,player_4,match_9,399.0,429.0,0.4819621903225806,0.6635945489616408
Ridge,1529,player_4,match_9,429.0,459.0,0.3414929295698924,0.6658625736805074
Ridge,1530,player_4,match_9,459.0,489.0,0.4011424741935483,0.8022091711623373
Ridge,1531,player_4,match_9,489.0,519.0,0.3668874193548386,0.6557443324375734
Ridge,1532,player_4,match_9,519.0,549.0,0.4462699548387095,0.6777892312020148
Ridge,1533,player_4,match_9,549.0,579.0,0.3921005677419354,0.6782744140569252
Ridge,1534,player_4,match_9,579.0,609.0,0.3451927499999999,0.6746787971281418
Ridge,1535,player_4,match_9,609.0,639.0,0.3739440629032258,0.6366424810868432
Ridge,1536,player_4,match_9,639.0,669.0,0.3175080225806451,0.6069304237767494
Ridge,1537,player_4,match_9,669.0,699.0,0.3284608822580644,0.6590537598001309
Ridge,1538,player_4,match_9,699.0,729.0,0.3103561016129031,0.6383649300848736
Ridge,1539,player_4,match_9,729.0,759.0,0.3383057854838709,0.6570766876841034
Ridge,1540,player_4,match_9,759.0,789.0,0.3636210725806451,0.6249469805162958
Ridge,1541,player_4,match_9,789.0,819.0,0.4444937193548386,0.7036584128370731
Ridge,1542,player_4,match_9,819.0,849.0,0.4620974139784946,0.7221727718574186
Ridge,1543,player_4,match_9,849.0,879.0,0.3245619886148008,1.0128744337400333
Ridge,1544,player_4,match_9,879.0,909.0,0.2481818625237191,0.7271998899470834
Ridge,1545,player_4,match_9,909.0,939.0,0.3647371741935483,0.7125502609572582
Ridge,1546,player_4,match_9,939.0,969.0,0.3781964322580644,0.6632469100045368
Ridge,1547,player_4,match_9,969.0,999.0,0.4294712465437788,0.7092692096982478
Random Forest,0,player_1,match_0,0.0,30.0,0.3089558967741935,0.39009999546466656
Random Forest,1,player_1,match_0,30.0,60.0,0.293013805734767,0.36156630118898503
Random Forest,2,player_1,match_0,60.0,90.0,0.3186742338709677,0.3654448401145272
Random Forest,3,player_1,match_0,90.0,120.0,0.3088151419354837,0.3481468649083664
Random Forest,4,player_1,match_0,120.0,150.0,0.2586407629032257,0.36158944781544017
Random Forest,5,player_1,match_0,150.0,180.0,0.2626157370967741,0.35682454771572236
Random Forest,6,player_1,match_0,180.0,210.0,0.2673253306451613,0.36263100537530635
Random Forest,7,player_1,match_0,210.0,240.0,0.262403414516129,0.3600027799735504
Random Forest,8,player_1,match_0,240.0,270.0,0.284407179032258,0.3688804114150111
Random Forest,9,player_1,match_0,270.0,300.0,0.2913860887096773,0.3749777515162994
Random Forest,10,player_1,match_0,300.0,330.0,0.2618468435483871,0.3513573631357699
Random Forest,11,player_1,match_0,330.0,360.0,0.2690541677419354,0.3507594592822465
Random Forest,12,player_1,match_0,360.0,390.0,0.2794713403225806,0.3703100590824851
Random Forest,13,player_1,match_0,390.0,420.0,0.3035584258064515,0.36765133608296113
Random Forest,14,player_1,match_0,420.0,450.0,0.2994459048387096,0.37076051371939317
Random Forest,15,player_1,match_0,450.0,480.0,0.2647599161290321,0.3613272753785385
Random Forest,16,player_1,match_0,480.0,510.0,0.3334233080645161,0.3791493783678024
Random Forest,17,player_1,match_0,510.0,540.0,0.2825128983870967,0.3611929923640082
Random Forest,18,player_1,match_0,540.0,570.0,0.2714513209677418,0.3504940341582201
Random Forest,19,player_1,match_0,570.0,600.0,0.2878617693548387,0.37040147231205844
Random Forest,20,player_1,match_0,600.0,630.0,0.3189576483870967,0.37592966329354016
Random Forest,21,player_1,match_0,630.0,660.0,0.2880222548387097,0.35535437481473403
Random Forest,22,player_1,match_0,660.0,690.0,0.2710485612903225,0.36105404581532485
Random Forest,23,player_1,match_0,690.0,720.0,0.2761948435483871,0.3587562457331458
Random Forest,24,player_1,match_0,720.0,750.0,0.3103824580645161,0.3806140585730809
Random Forest,25,player_1,match_0,750.0,780.0,0.2959241612903225,0.36944863909997955
Random Forest,26,player_1,match_0,780.0,810.0,0.2792054548387096,0.37472656078168287
Random Forest,27,player_1,match_0,810.0,840.0,0.4803356887096774,0.37173119704270324
Random Forest,28,player_1,match_0,840.0,870.0,0.4701610854838709,0.3750548011830969
Random Forest,29,player_1,match_0,870.0,900.0,0.4655304225806451,0.3696492009304986
Random Forest,30,player_1,match_0,900.0,930.0,0.2989577419354838,0.3602951079103516
Random Forest,31,player_1,match_1,7.0,37.0,0.326792464516129,0.36959855387817986
Random Forest,32,player_1,match_1,37.0,67.0,0.3146942025089605,0.35534890835350863
Random Forest,33,player_1,match_1,67.0,97.0,0.327580964516129,0.3685794589132435
Random Forest,34,player_1,match_1,97.0,127.0,0.3033205887096774,0.35928997764120413
Random Forest,35,player_1,match_1,127.0,157.0,0.2627608532258064,0.3638007684076429
Random Forest,36,player_1,match_1,157.0,187.0,0.2688933999999999,0.36583481272809937
Random Forest,37,player_1,match_1,187.0,217.0,0.2837630806451612,0.36433164023010184
Random Forest,38,player_1,match_1,217.0,247.0,0.271203708064516,0.36889177022765374
Random Forest,39,player_1,match_1,247.0,277.0,0.2798041016129032,0.36055110108501914
Random Forest,40,player_1,match_1,277.0,307.0,0.2588016451612903,0.36540471626973886
Random Forest,41,player_1,match_1,307.0,337.0,0.2964694806451612,0.3670493245844507
Random Forest,42,player_1,match_1,337.0,367.0,0.2562407983870967,0.3528757504517227
Random Forest,43,player_1,match_1,367.0,397.0,0.3099167709677419,0.3816409494100866
Random Forest,44,player_1,match_1,397.0,427.0,0.3193273854838709,0.3671197993029863
Random Forest,45,player_1,match_1,427.0,457.0,0.2609561080645161,0.35798261744863336
Random Forest,46,player_1,match_1,457.0,487.0,0.2648506709677419,0.364105320449195
Random Forest,47,player_1,match_1,487.0,517.0,0.2760417177419354,0.37038401364453644
Random Forest,48,player_1,match_1,517.0,547.0,0.2991992596774193,0.37201771844709297
Random Forest,49,player_1,match_1,547.0,577.0,0.4693328548387097,0.37084368135926515
Random Forest,50,player_1,match_1,577.0,607.0,0.3155598387096773,0.37249522100742366
Random Forest,51,player_1,match_1,607.0,637.0,0.3107442612903225,0.375473110444397
Random Forest,52,player_1,match_1,637.0,667.0,0.3418126048387097,0.37686466500333043
Random Forest,53,player_1,match_1,667.0,697.0,0.4955745064516129,0.38460779889503083
Random Forest,54,player_1,match_1,697.0,727.0,0.4025211887096774,0.3643663341244217
Random Forest,55,player_1,match_1,727.0,757.0,0.4099977258064515,0.3632624652335255
Random Forest,56,player_1,match_1,757.0,787.0,0.4764586903225807,0.36954534661216404
Random Forest,57,player_1,match_1,787.0,817.0,0.4500446580645161,0.36725492496110396
Random Forest,58,player_1,match_1,817.0,847.0,0.5814184774193548,0.3743234128202878
Random Forest,59,player_1,match_1,847.0,877.0,0.3919543064516128,0.3764044628618591
Random Forest,60,player_1,match_1,877.0,907.0,0.4392985548387096,0.37406737071239526
Random Forest,61,player_1,match_1,907.0,937.0,0.4926014854838709,0.3794724012963835
Random Forest,62,player_1,match_1,937.0,967.0,0.342435014516129,0.36835611053897693
Random Forest,63,player_1,match_1,967.0,997.0,0.3776644999999999,0.37343610262328003
Random Forest,64,player_1,match_1,997.0,1027.0,0.2881532822580644,0.37402006598899684
Random Forest,65,player_1,match_1,1027.0,1057.0,0.3654509419354838,0.3734904521374503
Random Forest,66,player_1,match_1,1057.0,1087.0,0.3716624532258064,0.3900523653949794
Random Forest,67,player_1,match_1,1087.0,1117.0,0.3102842241935483,0.3720625410116818
Random Forest,68,player_1,match_1,1117.0,1147.0,0.2924984032258064,0.37092561654389106
Random Forest,69,player_1,match_1,1147.0,1177.0,0.3274675064516128,0.36712061312548705
Random Forest,70,player_1,match_1,1177.0,1207.0,0.3139987612903225,0.3634449098055362
Random Forest,71,player_1,match_1,1207.0,1237.0,0.3041761096774192,0.36759510021134595
Random Forest,72,player_1,match_1,1237.0,1267.0,0.2918950306451612,0.366690334836841
Random Forest,73,player_1,match_1,1267.0,1297.0,0.3080974322580645,0.3683940471885209
Random Forest,74,player_1,match_1,1297.0,1327.0,0.3178463758064516,0.3788086595274953
Random Forest,75,player_1,match_1,1327.0,1357.0,0.2968616967741935,0.36900973626481587
Random Forest,76,player_1,match_1,1357.0,1387.0,0.3722757193548387,0.3750429825505615
Random Forest,77,player_1,match_1,1387.0,1417.0,0.3155762887096773,0.3654090013065153
Random Forest,78,player_1,match_1,1417.0,1447.0,0.3206064874551971,0.3554974495898176
Random Forest,79,player_1,match_1,1447.0,1477.0,0.3224366129032258,0.37857113008190263
Random Forest,80,player_1,match_1,1477.0,1507.0,0.297328814516129,0.37136975441094044
Random Forest,96,player_1,match_11,172.0,202.0,0.4136623241935483,0.37677387241284066
Random Forest,97,player_1,match_11,202.0,232.0,0.416332764516129,0.38118950488913206
Random Forest,98,player_1,match_11,232.0,262.0,0.4717237370967742,0.3737853761884454
Random Forest,99,player_1,match_11,262.0,292.0,0.5031590225806452,0.3792626949803329
Random Forest,100,player_1,match_11,292.0,322.0,0.4347989661290322,0.3783525923715374
Random Forest,101,player_1,match_11,322.0,352.0,0.4280991516129032,0.3718064349367514
Random Forest,102,player_1,match_11,352.0,382.0,0.4635560725806451,0.3680699734490471
Random Forest,103,player_1,match_11,382.0,412.0,0.4437919649417562,0.3770950867297871
Random Forest,104,player_1,match_11,412.0,442.0,0.4541907066532257,0.3779520221042876
Random Forest,105,player_1,match_11,442.0,472.0,0.4438867373900292,0.36128753372870004
Random Forest,106,player_1,match_11,472.0,502.0,0.4038241983870967,0.38146185110769787
Random Forest,107,player_1,match_11,502.0,532.0,0.3913221564516129,0.3738813536586971
Random Forest,108,player_1,match_11,532.0,562.0,0.4260377967741935,0.37315610166170954
Random Forest,109,player_1,match_11,562.0,592.0,0.4308283129032257,0.3702387632075596
Random Forest,110,player_1,match_11,592.0,622.0,0.4629238661290322,0.36713325564968996
Random Forest,111,player_1,match_11,622.0,652.0,0.4602110887096773,0.36394955488271236
Random Forest,112,player_1,match_11,652.0,682.0,0.3935223306451613,0.3772773968695933
Random Forest,113,player_1,match_11,682.0,712.0,0.3982104741935484,0.3682899651316417
Random Forest,114,player_1,match_11,712.0,742.0,0.4295733951612902,0.3920089898363193
Random Forest,115,player_1,match_11,742.0,772.0,0.4238557,0.3702144896186888
Random Forest,116,player_1,match_11,772.0,802.0,0.4175289983870967,0.37880106952534587
Random Forest,117,player_1,match_11,802.0,832.0,0.379765129032258,0.3889470998365514
Random Forest,118,player_1,match_11,832.0,862.0,0.3948746887096773,0.3836074648297681
Random Forest,119,player_1,match_11,862.0,892.0,0.4160788564516128,0.3865296997927805
Random Forest,120,player_1,match_11,892.0,922.0,0.3652540870967741,0.38063344150187833
Random Forest,121,player_1,match_11,922.0,952.0,0.3925473532258065,0.3854805294559651
Random Forest,122,player_1,match_11,952.0,982.0,0.3322909274193548,0.377108908130898
Random Forest,123,player_1,match_11,982.0,1012.0,0.3801257870967742,0.37502810188216235
Random Forest,124,player_1,match_11,1012.0,1042.0,0.3373334903225806,0.37658892728103144
Random Forest,125,player_1,match_11,1042.0,1072.0,0.3478639967741935,0.38160501307012346
Random Forest,126,player_1,match_11,1072.0,1102.0,0.4415434661290323,0.38007466174713705
Random Forest,127,player_1,match_11,1102.0,1132.0,0.2853860983870968,0.38395070290655303
Random Forest,128,player_1,match_11,1132.0,1162.0,0.293957064516129,0.3780144087572449
Random Forest,129,player_1,match_11,1162.0,1192.0,0.3479358064516128,0.3714723633051072
Random Forest,130,player_1,match_11,1192.0,1222.0,0.3663038322580645,0.38182474020733015
Random Forest,131,player_1,match_11,1222.0,1252.0,0.4008660596774193,0.3840580479136708
Random Forest,132,player_1,match_11,1252.0,1282.0,0.4250461225806451,0.378418060277988
Random Forest,133,player_1,match_11,1282.0,1312.0,0.4056366209677419,0.3854371822569955
Random Forest,134,player_1,match_11,1312.0,1342.0,0.3596767419354838,0.3870715849164444
Random Forest,135,player_1,match_11,1342.0,1372.0,0.4587094032258064,0.3855334999684098
Random Forest,136,player_1,match_11,1372.0,1402.0,0.3524431048387096,0.39116832924804906
Random Forest,137,player_1,match_11,1402.0,1432.0,0.3985929903225805,0.3847219818847196
Random Forest,138,player_1,match_11,1432.0,1462.0,0.4153332693548386,0.382801435539112
Random Forest,139,player_1,match_11,1462.0,1492.0,0.4259003451612903,0.38223488939622585
Random Forest,140,player_1,match_11,1492.0,1522.0,0.4547701946236558,0.3807263127998012
Random Forest,141,player_1,match_11,1522.0,1552.0,0.3945448564516129,0.387354522425466
Random Forest,142,player_1,match_11,1552.0,1582.0,0.3744696951612902,0.3788434379359716
Random Forest,143,player_1,match_11,1582.0,1612.0,0.4127492435483871,0.3906109117740605
Random Forest,144,player_1,match_11,1612.0,1642.0,0.3248093854838709,0.37927220643941856
Random Forest,145,player_1,match_11,1642.0,1672.0,0.4427095725806451,0.3828713945445921
Random Forest,146,player_1,match_11,1672.0,1702.0,0.4044388838709676,0.37753840446519943
Random Forest,147,player_1,match_11,1702.0,1732.0,0.3678745677419354,0.37870483734345317
Random Forest,148,player_1,match_11,1732.0,1762.0,0.3491393933002481,0.3850712549665726
Random Forest,149,player_1,match_11,1762.0,1792.0,0.4061422532258064,0.3781152743096519
Random Forest,150,player_1,match_11,1792.0,1822.0,0.3585060322580644,0.3699426007788245
Random Forest,151,player_1,match_11,1822.0,1852.0,0.3783669338709676,0.3918962546726204
Random Forest,152,player_1,match_11,1852.0,1882.0,0.450786529032258,0.3723004589028495
Random Forest,153,player_1,match_11,1882.0,1912.0,0.3480020048387097,0.3810548365191252
Random Forest,154,player_1,match_11,1912.0,1942.0,0.3644472564516129,0.38687307508876034
Random Forest,155,player_1,match_11,1942.0,1972.0,0.4806962903225806,0.3864806393130351
Random Forest,156,player_1,match_11,1972.0,2002.0,0.4444146887096774,0.3862527917735349
Random Forest,157,player_1,match_11,2002.0,2032.0,0.3196661161290322,0.383631623294414
Random Forest,158,player_1,match_11,2032.0,2062.0,0.3275598387096774,0.37592004277519026
Random Forest,159,player_1,match_11,2062.0,2092.0,0.3751879677419354,0.38660027192985885
Random Forest,160,player_1,match_11,2092.0,2122.0,0.3702284112903224,0.37416062449653453
Random Forest,161,player_1,match_11,2122.0,2152.0,0.5152851870967742,0.38921674735130074
Random Forest,162,player_1,match_11,2152.0,2182.0,0.3809551032258064,0.373069914233374
Random Forest,163,player_1,match_11,2182.0,2212.0,0.3728131241935484,0.36396588713830796
Random Forest,376,player_1,match_12,239.0,269.0,0.3400579516129032,0.3675462504254215
Random Forest,377,player_1,match_12,269.0,299.0,0.3144669612903226,0.36384881714791023
Random Forest,378,player_1,match_12,299.0,329.0,0.5110473161290323,0.38897094448900565
Random Forest,379,player_1,match_12,329.0,359.0,0.4311793887096774,0.3744170335827199
Random Forest,380,player_1,match_12,359.0,389.0,0.4683972016129032,0.3732300441185715
Random Forest,381,player_1,match_12,389.0,419.0,0.4162375016129032,0.36739338019202067
Random Forest,382,player_1,match_12,419.0,449.0,0.4214025806451612,0.37011456543638893
Random Forest,383,player_1,match_12,449.0,479.0,0.4019269548387096,0.37385669944248756
Random Forest,384,player_1,match_12,479.0,509.0,0.3542751080645161,0.38364646129534025
Random Forest,385,player_1,match_12,509.0,539.0,0.392424593548387,0.37365498831941757
Random Forest,386,player_1,match_12,539.0,569.0,0.3975517532258064,0.3762998484157554
Random Forest,387,player_1,match_12,569.0,599.0,0.4097716967741935,0.36968518011694795
Random Forest,388,player_1,match_12,599.0,629.0,0.3381159469534049,0.3661789103879096
Random Forest,389,player_1,match_12,629.0,659.0,0.3241692,0.3659047634333168
Random Forest,390,player_1,match_12,659.0,689.0,0.3956984741935483,0.36033298858435536
Random Forest,391,player_1,match_12,689.0,719.0,0.3604701967741935,0.37071689531558966
Random Forest,392,player_1,match_12,719.0,749.0,0.4092552193548386,0.36086402227404085
Random Forest,393,player_1,match_12,749.0,779.0,0.381246243548387,0.35984334451540373
Random Forest,394,player_1,match_12,779.0,809.0,0.3435942,0.3612958153748301
Random Forest,395,player_1,match_12,809.0,839.0,0.3481626516129031,0.36683939370949076
Random Forest,396,player_1,match_12,839.0,869.0,0.329289729032258,0.37874886222818965
Random Forest,470,player_1,match_13,137.0,167.0,0.4297108421146953,0.36100545730358197
Random Forest,471,player_1,match_13,167.0,197.0,0.4261963,0.3509072382556346
Random Forest,472,player_1,match_13,197.0,227.0,0.3807079999999999,0.37572830094084586
Random Forest,473,player_1,match_13,227.0,257.0,0.4518187258064515,0.37390211419937636
Random Forest,474,player_1,match_13,257.0,287.0,0.4522258548387096,0.37095201617628665
Random Forest,475,player_1,match_13,287.0,317.0,0.4434951919354838,0.36346759600735584
Random Forest,476,player_1,match_13,317.0,347.0,0.3814994806451612,0.35968469928113384
Random Forest,477,player_1,match_13,347.0,377.0,0.3740176983870967,0.3732505737882715
Random Forest,478,player_1,match_13,377.0,407.0,0.3679258548387096,0.36555175449226107
Random Forest,479,player_1,match_13,407.0,437.0,0.4163013999999999,0.37746214567029923
Random Forest,480,player_1,match_13,437.0,467.0,0.3734376612903225,0.37422559887902235
Random Forest,481,player_1,match_13,467.0,497.0,0.3954941016129032,0.36825808835058527
Random Forest,482,player_1,match_13,497.0,527.0,0.3866611483870967,0.3717618672312358
Random Forest,483,player_1,match_13,527.0,557.0,0.4719075193548386,0.3632743211840406
Random Forest,484,player_1,match_13,557.0,587.0,0.2849969387096773,0.3721676424469222
Random Forest,485,player_1,match_13,587.0,617.0,0.3055833983870967,0.3737669632977159
Random Forest,486,player_1,match_13,617.0,647.0,0.3457568602150537,0.36857106104996673
Random Forest,487,player_1,match_13,647.0,677.0,0.3561092387096773,0.3837712202018151
Random Forest,488,player_1,match_13,677.0,707.0,0.5017185967741935,0.3701574998514617
Random Forest,489,player_1,match_13,707.0,737.0,0.3352148564516128,0.36969441170332157
Random Forest,490,player_1,match_13,737.0,767.0,0.3232410071684587,0.36007705525463335
Random Forest,491,player_1,match_13,767.0,797.0,0.3319687419354838,0.3649494098104709
Random Forest,492,player_1,match_13,797.0,827.0,0.3787868693548386,0.3751704563530753
Random Forest,493,player_1,match_13,827.0,857.0,0.3573640483870968,0.36737808181276826
Random Forest,494,player_1,match_13,857.0,887.0,0.36030815,0.3692130848215112
Random Forest,495,player_1,match_13,887.0,917.0,0.3700600615835777,0.3767582741274239
Random Forest,496,player_1,match_13,917.0,947.0,0.4018305112903225,0.3667477175523412
Random Forest,497,player_1,match_13,947.0,977.0,0.4777713887096774,0.3679902628146912
Random Forest,498,player_1,match_13,977.0,1007.0,0.4825169677419355,0.37702431654011903
Random Forest,499,player_1,match_13,1007.0,1037.0,0.4120946451612902,0.37580694945065013
Random Forest,500,player_1,match_13,1037.0,1067.0,0.3189861989247311,0.36790321730238207
Random Forest,501,player_1,match_13,1067.0,1097.0,0.2867375225806451,0.36525357849429163
Random Forest,502,player_1,match_13,1097.0,1127.0,0.3511622177419354,0.35939742563637744
Random Forest,503,player_1,match_13,1127.0,1157.0,0.4818510516129031,0.3749798269809562
Random Forest,504,player_1,match_13,1157.0,1187.0,0.3894725306451612,0.37363839771364066
Random Forest,505,player_1,match_13,1187.0,1217.0,0.4749633854838709,0.3645678830618597
Random Forest,506,player_1,match_13,1217.0,1247.0,0.5027637548387096,0.38226145001179856
Random Forest,507,player_1,match_13,1247.0,1277.0,0.4474593967741935,0.3709951444482602
Random Forest,508,player_1,match_13,1277.0,1307.0,0.3817496338709677,0.36519269205628746
Random Forest,509,player_1,match_13,1307.0,1337.0,0.4277196951612903,0.36450413664920156
Random Forest,510,player_1,match_13,1337.0,1367.0,0.4311164306451612,0.3754721933922122
Random Forest,511,player_1,match_13,1367.0,1397.0,0.4622056483870967,0.3773742009650837
Random Forest,512,player_1,match_13,1397.0,1427.0,0.3698741612903226,0.37030846070192974
Random Forest,513,player_1,match_13,1427.0,1457.0,0.4040003428315412,0.3766748616556951
Random Forest,514,player_1,match_13,1457.0,1487.0,0.4624870016129032,0.36634543912327383
Random Forest,515,player_1,match_13,1487.0,1517.0,0.4829153225806451,0.36781964833650177
Random Forest,516,player_1,match_13,1517.0,1547.0,0.3507165499999999,0.38195616289244017
Random Forest,517,player_1,match_13,1547.0,1577.0,0.4577799,0.37963264397220803
Random Forest,518,player_1,match_13,1577.0,1607.0,0.4131685822580645,0.3648345012728667
Random Forest,519,player_1,match_13,1607.0,1637.0,0.5196829693548387,0.3794313133076883
Random Forest,520,player_1,match_13,1637.0,1667.0,0.4005708806451612,0.3924666445143428
Random Forest,521,player_1,match_13,1667.0,1697.0,0.5110959516129032,0.36464687229298537
Random Forest,522,player_1,match_13,1697.0,1727.0,0.5381736774193548,0.3665227712923431
Random Forest,523,player_1,match_13,1727.0,1757.0,0.4434894193548387,0.3643848333924261
Random Forest,524,player_1,match_13,1757.0,1787.0,0.3746342467741935,0.3713913382607378
Random Forest,525,player_1,match_13,1787.0,1817.0,0.3379895209677419,0.3729006648971855
Random Forest,526,player_1,match_13,1817.0,1847.0,0.4141112580645161,0.37043284884051403
Random Forest,527,player_1,match_13,1847.0,1877.0,0.3742167112903225,0.36458786771346274
Random Forest,528,player_1,match_13,1877.0,1907.0,0.3697015591397848,0.3687171022188064
Random Forest,529,player_1,match_13,1907.0,1937.0,0.4048530274193548,0.3773542841210324
Random Forest,530,player_1,match_13,1937.0,1967.0,0.2652047612903225,0.37668512145097555
Random Forest,531,player_1,match_13,1967.0,1997.0,0.3488528193548386,0.37914880567979875
Random Forest,532,player_1,match_13,1997.0,2027.0,0.3670864032258064,0.3644436746723961
Random Forest,533,player_1,match_13,2027.0,2057.0,0.4078593241935483,0.36814165313295993
Random Forest,534,player_1,match_13,2057.0,2087.0,0.4180620564516129,0.40011375415698286
Random Forest,734,player_1,match_14,394.0,424.0,0.329956329032258,0.36823507768616504
Random Forest,735,player_1,match_14,424.0,454.0,0.2993918573393348,0.3547600156076535
Random Forest,736,player_1,match_14,454.0,484.0,0.2910753457114278,0.3496414321202625
Random Forest,737,player_1,match_14,484.0,514.0,0.2827588340835208,0.34018692813625806
Random Forest,738,player_1,match_14,514.0,544.0,0.2744423224556138,0.36097269670275056
Random Forest,739,player_1,match_14,544.0,574.0,0.2707195919354838,0.35858701570885226
Random Forest,740,player_1,match_14,574.0,604.0,0.2634844580645161,0.36610223036519335
Random Forest,741,player_1,match_14,604.0,634.0,0.3307987274193548,0.3732897133333835
Random Forest,742,player_1,match_14,634.0,664.0,0.3718515516129032,0.368816954994105
Random Forest,743,player_1,match_14,664.0,694.0,0.2566187677419353,0.3563561718148934
Random Forest,744,player_1,match_14,694.0,724.0,0.2521627016129032,0.3635132957800566
Random Forest,745,player_1,match_14,724.0,754.0,0.3387252241935484,0.36517476243432995
Random Forest,746,player_1,match_14,754.0,784.0,0.2438232354838709,0.3648009501177055
Random Forest,747,player_1,match_14,784.0,814.0,0.2675964661290322,0.3498067212402895
Random Forest,748,player_1,match_14,814.0,844.0,0.2718040758064516,0.36436389267376623
Random Forest,749,player_1,match_14,844.0,874.0,0.2869475951612902,0.3783372367339518
Random Forest,750,player_1,match_14,874.0,904.0,0.289157864516129,0.37311393991471253
Random Forest,751,player_1,match_14,904.0,934.0,0.2668230016129032,0.3619199211204402
Random Forest,752,player_1,match_14,934.0,964.0,0.2973100241935483,0.375937114320267
Random Forest,753,player_1,match_14,964.0,994.0,0.3126952774193547,0.37469889546765744
Random Forest,754,player_1,match_14,994.0,1024.0,0.3368025629032257,0.37262104040915633
Random Forest,755,player_1,match_14,1024.0,1054.0,0.3230093758064516,0.35063753509172135
Random Forest,756,player_1,match_14,1054.0,1084.0,0.2887739258064515,0.3616322497324428
Random Forest,757,player_1,match_14,1084.0,1114.0,0.2846323612903225,0.3876422301906819
Random Forest,758,player_1,match_14,1114.0,1144.0,0.3458288548387097,0.3811671441812241
Random Forest,759,player_1,match_14,1144.0,1174.0,0.2876663016129032,0.37209843107991275
Random Forest,760,player_1,match_14,1174.0,1204.0,0.3187364483870967,0.36576809295825685
Random Forest,761,player_1,match_14,1204.0,1234.0,0.2769541564516128,0.36684749836393443
Random Forest,762,player_1,match_14,1234.0,1264.0,0.3034009096774193,0.37150636658966235
Random Forest,763,player_1,match_14,1264.0,1294.0,0.3052135903225806,0.3727341090604814
Random Forest,764,player_1,match_14,1294.0,1324.0,0.2810469241935482,0.3540936553261004
Random Forest,765,player_1,match_14,1324.0,1354.0,0.2712858629032257,0.36540314649200845
Random Forest,766,player_1,match_14,1354.0,1384.0,0.308564164516129,0.36145453891696294
Random Forest,767,player_1,match_14,1384.0,1414.0,0.2781091774193548,0.3663849643483825
Random Forest,768,player_1,match_14,1414.0,1444.0,0.3313043209677418,0.3834208620551528
Random Forest,769,player_1,match_14,1444.0,1474.0,0.3813909451612903,0.374404882211462
Random Forest,770,player_1,match_14,1474.0,1504.0,0.3995235177419354,0.37548952090429594
Random Forest,771,player_1,match_14,1504.0,1534.0,0.2877168677419354,0.37234869924546515
Random Forest,772,player_1,match_14,1534.0,1564.0,0.2648341516129032,0.36386458067920663
Random Forest,773,player_1,match_14,1564.0,1594.0,0.3137279225806451,0.38338888606724375
Random Forest,774,player_1,match_14,1594.0,1624.0,0.3933622274193548,0.37828971528716643
Random Forest,775,player_1,match_14,1624.0,1654.0,0.287526043548387,0.3630598062721965
Random Forest,776,player_1,match_14,1654.0,1684.0,0.2981030709677419,0.3646292640317769
Random Forest,777,player_1,match_14,1684.0,1714.0,0.3973651096774194,0.3843082517477476
Random Forest,778,player_1,match_14,1714.0,1744.0,0.3146204016129031,0.37934936208511844
Random Forest,779,player_1,match_14,1744.0,1774.0,0.3720404870967742,0.3748726334700357
Random Forest,780,player_1,match_14,1774.0,1804.0,0.3306750983870967,0.3850322668159919
Random Forest,781,player_1,match_14,1804.0,1834.0,0.4044475838709677,0.3861576483063999
Random Forest,782,player_1,match_14,1834.0,1864.0,0.3351733838709677,0.38851042939360025
Random Forest,882,player_1,match_18,65.0,95.0,0.4903846806451613,0.3613925444987621
Random Forest,883,player_1,match_18,95.0,125.0,0.4900290274193548,0.3549105980331477
Random Forest,884,player_1,match_18,125.0,155.0,0.4216675161290322,0.36857014394779125
Random Forest,885,player_1,match_18,155.0,185.0,0.4281842338709677,0.3632384022235116
Random Forest,886,player_1,match_18,185.0,215.0,0.3942215951612903,0.35738144157909785
Random Forest,887,player_1,match_18,215.0,245.0,0.4428200919354838,0.37065848062558077
Random Forest,888,player_1,match_18,245.0,275.0,0.3800381499999999,0.3637650788941035
Random Forest,889,player_1,match_18,275.0,305.0,0.424114085483871,0.3645562926326997
Random Forest,890,player_1,match_18,305.0,335.0,0.3540663193548387,0.35706052888205214
Random Forest,891,player_1,match_18,335.0,365.0,0.3890096903225806,0.37311598035768445
Random Forest,892,player_1,match_18,365.0,395.0,0.4142705121863799,0.3644849968439113
Random Forest,893,player_1,match_18,395.0,425.0,0.361949864516129,0.36863605507158825
Random Forest,894,player_1,match_18,425.0,455.0,0.3998154858870967,0.3670615687341269
Random Forest,895,player_1,match_18,455.0,485.0,0.4608750548387096,0.35248635187187743
Random Forest,896,player_1,match_18,485.0,515.0,0.4413816612903226,0.36373454842865616
Random Forest,897,player_1,match_18,515.0,545.0,0.4072058532258064,0.3616721173964713
Random Forest,898,player_1,match_18,545.0,575.0,0.4313362693548387,0.35591135267276697
Random Forest,899,player_1,match_18,575.0,605.0,0.3883011435483871,0.36744267068076897
Random Forest,900,player_1,match_18,605.0,635.0,0.3999302999999999,0.3709415122083555
Random Forest,901,player_1,match_18,635.0,665.0,0.3973900967741935,0.3688015858494245
Random Forest,902,player_1,match_18,665.0,695.0,0.402514929032258,0.3691547979470313
Random Forest,903,player_1,match_18,695.0,725.0,0.388979979032258,0.3633083886094715
Random Forest,904,player_1,match_18,725.0,755.0,0.4493199241935484,0.36956295069738926
Random Forest,905,player_1,match_18,755.0,785.0,0.4547159870967742,0.36438521996862233
Random Forest,906,player_1,match_18,785.0,815.0,0.4786723951612902,0.3749633404424717
Random Forest,907,player_1,match_18,815.0,845.0,0.4543706693548386,0.36444564651154504
Random Forest,908,player_1,match_18,845.0,875.0,0.4450819112903226,0.362256145287507
Random Forest,909,player_1,match_18,875.0,905.0,0.3898048854838709,0.3627963694721254
Random Forest,910,player_1,match_18,905.0,935.0,0.4455010274193548,0.36925817711532183
Random Forest,911,player_1,match_18,935.0,965.0,0.4510370403225806,0.36645993774919916
Random Forest,912,player_1,match_18,965.0,995.0,0.3433650370967741,0.3670062216622219
Random Forest,913,player_1,match_18,995.0,1025.0,0.413941770967742,0.37473237599502207
Random Forest,914,player_1,match_18,1025.0,1055.0,0.4272219677419355,0.36641511985744285
Random Forest,915,player_1,match_18,1055.0,1085.0,0.3561701612903226,0.36180116397395073
Random Forest,916,player_1,match_18,1085.0,1115.0,0.3801260129032258,0.36956948875963946
Random Forest,917,player_1,match_18,1115.0,1145.0,0.3460726258064516,0.36725730226384895
Random Forest,918,player_1,match_18,1145.0,1175.0,0.4570099370967742,0.3581458641739919
Random Forest,919,player_1,match_18,1175.0,1205.0,0.4312639806451612,0.3772425018684862
Random Forest,920,player_1,match_18,1205.0,1235.0,0.4574239193548387,0.3597273232801157
Random Forest,921,player_1,match_18,1235.0,1265.0,0.4404858451612902,0.35980451680551334
Random Forest,922,player_1,match_18,1265.0,1295.0,0.4074666499999999,0.3666370711355572
Random Forest,923,player_1,match_18,1295.0,1325.0,0.420292243548387,0.3681884376470246
Random Forest,924,player_1,match_18,1325.0,1355.0,0.3914861870967742,0.35770886643094363
Random Forest,925,player_1,match_18,1355.0,1385.0,0.3828698806451612,0.3535430130608704
Random Forest,926,player_1,match_18,1385.0,1415.0,0.4066304532258065,0.3631678272278185
Random Forest,927,player_1,match_18,1415.0,1445.0,0.3114662709677419,0.36146629311220246
Random Forest,928,player_1,match_18,1445.0,1475.0,0.3201552419354839,0.3451943499644898
Random Forest,929,player_1,match_18,1475.0,1505.0,0.3667958193548387,0.35222306822800237
Random Forest,930,player_1,match_18,1505.0,1535.0,0.4142223951612902,0.3574799174755815
Random Forest,931,player_1,match_18,1535.0,1565.0,0.334844158064516,0.3645409084134158
Random Forest,932,player_1,match_18,1565.0,1595.0,0.4041086580645161,0.3692059118707884
Random Forest,933,player_1,match_18,1595.0,1625.0,0.3583298096774193,0.3674344937572076
Random Forest,934,player_1,match_18,1625.0,1655.0,0.3680079677419354,0.37004420492862183
Random Forest,935,player_1,match_18,1655.0,1685.0,0.3733173758064515,0.3620255352834297
Random Forest,936,player_1,match_18,1685.0,1715.0,0.4471321741935483,0.37293290213547603
Random Forest,937,player_1,match_18,1715.0,1745.0,0.3571136258064515,0.37041954384318265
Random Forest,938,player_1,match_18,1745.0,1775.0,0.3141510209677419,0.3657894280099516
Random Forest,939,player_1,match_18,1775.0,1805.0,0.319278529032258,0.36622199913611386
Random Forest,940,player_1,match_18,1805.0,1835.0,0.3425857064516129,0.36940795591541103
Random Forest,941,player_1,match_18,1835.0,1865.0,0.3955945096774192,0.36801576256166757
Random Forest,942,player_1,match_18,1865.0,1895.0,0.3310328129032257,0.35520892637895374
Random Forest,943,player_1,match_18,1895.0,1925.0,0.3494332516129032,0.3686371833341438
Random Forest,944,player_1,match_18,1925.0,1955.0,0.4393587096774193,0.34999016782537845
Random Forest,945,player_1,match_18,1955.0,1985.0,0.4718739387096773,0.36293300299839293
Random Forest,946,player_1,match_18,1985.0,2015.0,0.3235580279569892,0.3678516595568214
Random Forest,947,player_1,match_18,2015.0,2045.0,0.4282874827956989,0.3576692675171721
Random Forest,948,player_1,match_18,2045.0,2075.0,0.3798978268817203,0.3642808470722945
Random Forest,949,player_1,match_18,2075.0,2105.0,0.3466557096774193,0.3631863471400181
Random Forest,950,player_1,match_18,2105.0,2135.0,0.4128237854838709,0.35752156103310334
Random Forest,951,player_1,match_18,2135.0,2165.0,0.3962035838709677,0.35709616460096305
Random Forest,952,player_1,match_18,2165.0,2195.0,0.4174065806451613,0.3501882167593658
Random Forest,953,player_1,match_18,2195.0,2225.0,0.4007655806451612,0.36461213868635306
Random Forest,954,player_1,match_18,2225.0,2255.0,0.4051961274193548,0.36060175516966353
Random Forest,955,player_1,match_18,2255.0,2285.0,0.3618894451612902,0.3625638131553292
Random Forest,956,player_1,match_18,2285.0,2315.0,0.3889859241935484,0.36371758678276206
Random Forest,957,player_1,match_18,2315.0,2345.0,0.3682580241935484,0.3719990661766109
Random Forest,958,player_1,match_18,2345.0,2375.0,0.4278256209677419,0.3599451398137736
Random Forest,1036,player_1,match_19,4.0,34.0,0.346955036344086,0.37369950930350176
Random Forest,1037,player_1,match_19,34.0,64.0,0.4860952193548387,0.37382228242850596
Random Forest,1038,player_1,match_19,64.0,94.0,0.2503748451612902,0.36368144995793755
Random Forest,1039,player_1,match_19,94.0,124.0,0.3339913580645161,0.3548287591993941
Random Forest,1040,player_1,match_19,124.0,154.0,0.2979476258064516,0.3479969205854069
Random Forest,1041,player_1,match_19,154.0,184.0,0.3438236467741935,0.35273174744945324
Random Forest,1042,player_1,match_19,184.0,214.0,0.4131600645161289,0.3712445579309621
Random Forest,1043,player_1,match_19,214.0,244.0,0.3620903795698924,0.3652578429712846
Random Forest,1044,player_1,match_19,244.0,274.0,0.3750370725806451,0.3670418921558369
Random Forest,1045,player_1,match_19,274.0,304.0,0.3312729403225806,0.3619516119866286
Random Forest,1046,player_1,match_19,304.0,334.0,0.2992506311827957,0.3612649342819954
Random Forest,1047,player_1,match_19,334.0,364.0,0.3115837322580644,0.36690297453945897
Random Forest,1048,player_1,match_19,364.0,394.0,0.3697505870967741,0.3593073592968479
Random Forest,1049,player_1,match_19,394.0,424.0,0.2926450806451612,0.35439979517813786
Random Forest,1050,player_1,match_19,424.0,454.0,0.3417411096774193,0.3674900853183213
Random Forest,1051,player_1,match_19,454.0,484.0,0.4074611709677419,0.3601161973705474
Random Forest,1052,player_1,match_19,484.0,514.0,0.460586214516129,0.3650248436751596
Random Forest,1053,player_1,match_19,514.0,544.0,0.3249116758064515,0.3611702347651348
Random Forest,1054,player_1,match_19,544.0,574.0,0.3767467306451612,0.3707251659937242
Random Forest,1055,player_1,match_19,574.0,604.0,0.3643226838709676,0.3681572239085924
Random Forest,1056,player_1,match_19,604.0,634.0,0.3196262645161289,0.35352777135768915
Random Forest,1057,player_1,match_19,634.0,664.0,0.3825130403225806,0.36655836293094685
Random Forest,1058,player_1,match_19,664.0,694.0,0.2664388306451613,0.3634286716391394
Random Forest,1059,player_1,match_19,694.0,724.0,0.4317197419354838,0.37188759290057616
Random Forest,1060,player_1,match_19,724.0,754.0,0.4267420435483871,0.3686030759858772
Random Forest,1061,player_1,match_19,754.0,784.0,0.3077548532258064,0.3631117690843308
Random Forest,1062,player_1,match_19,784.0,814.0,0.2900432338709677,0.35692952072985407
Random Forest,1063,player_1,match_19,814.0,844.0,0.3189259016129032,0.3714129436437712
Random Forest,1064,player_1,match_19,844.0,874.0,0.3310214225806451,0.3653355931327707
Random Forest,1065,player_1,match_19,874.0,904.0,0.4569588354838709,0.3691853119085637
Random Forest,1066,player_1,match_19,904.0,934.0,0.4133246967741935,0.3649849768129226
Random Forest,1067,player_1,match_19,934.0,964.0,0.4087482870967741,0.36104304080342325
Random Forest,1068,player_1,match_19,964.0,994.0,0.5050125741935484,0.3665665666088971
Random Forest,1069,player_1,match_19,994.0,1024.0,0.4477181580645161,0.37388294447696047
Random Forest,1104,player_1,match_2,4.0,34.0,0.2958652661290322,0.3758143958520956
Random Forest,1105,player_1,match_2,34.0,64.0,0.2775176467741935,0.3866835367038792
Random Forest,1106,player_1,match_2,64.0,94.0,0.2637238629032258,0.3815701108420294
Random Forest,1107,player_1,match_2,94.0,124.0,0.2586034,0.38727972587509174
Random Forest,1108,player_1,match_2,124.0,154.0,0.3067604274193548,0.37511483855607525
Random Forest,1109,player_1,match_2,154.0,184.0,0.3346776854838709,0.3839166770455932
Random Forest,1110,player_1,match_2,184.0,214.0,0.2801252564516128,0.37541609264099524
Random Forest,1111,player_1,match_2,214.0,244.0,0.3093890403225806,0.37931127758801403
Random Forest,1112,player_1,match_2,244.0,274.0,0.2566419408602149,0.3681220558421106
Random Forest,1113,player_1,match_2,274.0,304.0,0.2652927387096773,0.38014453026120104
Random Forest,1114,player_1,match_2,304.0,334.0,0.2742754129032257,0.3781262714420895
Random Forest,1115,player_1,match_2,334.0,364.0,0.3004889838709677,0.3765780970017882
Random Forest,1116,player_1,match_2,364.0,394.0,0.2880322241935483,0.37888566574395355
Random Forest,1117,player_1,match_2,394.0,424.0,0.2722221096774193,0.3434394495528261
Random Forest,1118,player_1,match_2,424.0,454.0,0.2656520806451613,0.3518675078505712
Random Forest,1119,player_1,match_2,454.0,484.0,0.3102619983870968,0.3726937329267909
Random Forest,1120,player_1,match_2,484.0,514.0,0.2792051919354838,0.3782654052112095
Random Forest,1121,player_1,match_2,514.0,544.0,0.3022927983870968,0.35951415699600614
Random Forest,1122,player_1,match_2,544.0,574.0,0.2844382032258064,0.35246900562468625
Random Forest,1123,player_1,match_2,574.0,604.0,0.2853032274193547,0.3670541266888356
Random Forest,1124,player_1,match_2,604.0,634.0,0.2881203322580645,0.3710645049170367
Random Forest,1125,player_1,match_2,634.0,664.0,0.3373394419354838,0.3647977224797066
Random Forest,1126,player_1,match_2,664.0,694.0,0.2931663677419354,0.34664782199479716
Random Forest,1127,player_1,match_2,694.0,724.0,0.28431085,0.35875985783015024
Random Forest,1128,player_1,match_2,724.0,754.0,0.3184956838709677,0.363753350937005
Random Forest,1129,player_1,match_2,754.0,784.0,0.3055769,0.356613078898211
Random Forest,1130,player_1,match_2,784.0,814.0,0.2926449499999999,0.3589398936744354
Random Forest,1131,player_1,match_2,814.0,844.0,0.3067503661290321,0.3649579449586367
Random Forest,1132,player_1,match_2,844.0,874.0,0.289839793548387,0.3652524685536156
Random Forest,1133,player_1,match_2,874.0,904.0,0.3378765919354839,0.37568275674982504
Random Forest,1134,player_1,match_2,904.0,934.0,0.3269790983870967,0.3732745929428096
Random Forest,1135,player_1,match_2,934.0,964.0,0.3132642403225806,0.3583970567754831
Random Forest,1136,player_1,match_2,964.0,994.0,0.3223875709677419,0.3763086343843585
Random Forest,1137,player_1,match_2,994.0,1024.0,0.3215101564516129,0.3641496699319775
Random Forest,1138,player_1,match_2,1024.0,1054.0,0.3371445725806451,0.3620413387372117
Random Forest,1139,player_1,match_20,8.0,38.0,0.3989269854838709,0.3756894530011082
Random Forest,1140,player_1,match_20,38.0,68.0,0.4316900344086021,0.379623361450164
Random Forest,1141,player_1,match_20,68.0,98.0,0.3397370677419354,0.37859810681833417
Random Forest,1142,player_1,match_20,98.0,128.0,0.3017111225806451,0.3572442287439149
Random Forest,1143,player_1,match_20,128.0,158.0,0.3798366677419355,0.3631097882747785
Random Forest,1144,player_1,match_20,158.0,188.0,0.3745574080645161,0.3647361040825612
Random Forest,1145,player_1,match_20,188.0,218.0,0.3556796903225807,0.3568583045733479
Random Forest,1146,player_1,match_20,218.0,248.0,0.3473440016129032,0.36995014257615577
Random Forest,1147,player_1,match_20,248.0,278.0,0.3123709129032258,0.35668245968848616
Random Forest,1148,player_1,match_20,278.0,308.0,0.3874297354838709,0.3628443321642086
Random Forest,1149,player_1,match_20,308.0,338.0,0.3102420612903225,0.3592610147174105
Random Forest,1150,player_1,match_20,338.0,368.0,0.3197564532258065,0.37854468974332356
Random Forest,1151,player_1,match_20,368.0,398.0,0.4100833096774193,0.37085088217631235
Random Forest,1152,player_1,match_20,398.0,428.0,0.393396693548387,0.36661627896444143
Random Forest,1153,player_1,match_20,428.0,458.0,0.385809793548387,0.36240958279296387
Random Forest,1154,player_1,match_20,458.0,488.0,0.3220859338709677,0.3730372452897879
Random Forest,1155,player_1,match_20,488.0,518.0,0.4059238080645161,0.36889300273327663
Random Forest,1156,player_1,match_20,518.0,548.0,0.4215177967741935,0.369127024383323
Random Forest,1157,player_1,match_20,548.0,578.0,0.4170904209677418,0.3667528903162449
Random Forest,1158,player_1,match_20,578.0,608.0,0.3580198709677418,0.37068758160526694
Random Forest,1159,player_1,match_20,608.0,638.0,0.3240940629032258,0.3713959913845042
Random Forest,1160,player_1,match_20,638.0,668.0,0.4082569467741935,0.3704408698403792
Random Forest,1161,player_1,match_20,668.0,698.0,0.3032243564516129,0.3642735755929841
Random Forest,1162,player_1,match_20,698.0,728.0,0.3439332903225806,0.3704965696048598
Random Forest,1163,player_1,match_20,728.0,758.0,0.3478509258064515,0.36164061212021054
Random Forest,1164,player_1,match_20,758.0,788.0,0.4013233741935483,0.36361681617460456
Random Forest,1165,player_1,match_20,788.0,818.0,0.4152917016129032,0.3576672362973357
Random Forest,1166,player_1,match_20,818.0,848.0,0.424755858064516,0.370710312699779
Random Forest,1167,player_1,match_20,848.0,878.0,0.3946000548387096,0.36197527689686204
Random Forest,1168,player_1,match_20,878.0,908.0,0.3284972451612902,0.3734135988059218
Random Forest,1169,player_1,match_20,908.0,938.0,0.4403926483870967,0.3667991622214291
Random Forest,1170,player_1,match_20,938.0,968.0,0.4816861806451612,0.37003774154564584
Random Forest,1171,player_1,match_20,968.0,998.0,0.4418031258064515,0.37139688245781094
Random Forest,1172,player_1,match_20,998.0,1028.0,0.3454945629032258,0.36708379474817576
Random Forest,1173,player_1,match_20,1028.0,1058.0,0.3381067080645161,0.36705220465233473
Random Forest,1174,player_1,match_20,1058.0,1088.0,0.3687248887096774,0.36652094584124073
Random Forest,1175,player_1,match_20,1088.0,1118.0,0.4259811403225805,0.36159026996992677
Random Forest,1176,player_1,match_20,1118.0,1148.0,0.418253,0.3726704794816929
Random Forest,1177,player_1,match_20,1148.0,1178.0,0.419524279032258,0.3796900009762999
Random Forest,1178,player_1,match_20,1178.0,1208.0,0.3381845822580644,0.3709279962957028
Random Forest,1179,player_1,match_20,1208.0,1238.0,0.3538950322580645,0.3672121974900062
Random Forest,1180,player_1,match_20,1238.0,1268.0,0.3349326193548387,0.365089474705361
Random Forest,1181,player_1,match_20,1268.0,1298.0,0.4908100338709676,0.37023379928683375
Random Forest,1182,player_1,match_20,1298.0,1328.0,0.4540041129032258,0.36087855287629006
Random Forest,1183,player_1,match_20,1328.0,1358.0,0.3569337725806452,0.36995013465523263
Random Forest,1184,player_1,match_20,1358.0,1388.0,0.4102828046594982,0.37326978635312164
Random Forest,1231,player_1,match_21,3.0,33.0,0.4004845535483871,0.37534535271189634
Random Forest,1232,player_1,match_21,33.0,63.0,0.4099569516129032,0.37888065896099793
Random Forest,1233,player_1,match_21,63.0,93.0,0.4049818806451613,0.3556485750370408
Random Forest,1234,player_1,match_21,93.0,123.0,0.3200000661290322,0.35856653129117644
Random Forest,1235,player_1,match_21,123.0,153.0,0.3533985403225805,0.36544082677997625
Random Forest,1236,player_1,match_21,153.0,183.0,0.3228522677419354,0.3637449553547034
Random Forest,1237,player_1,match_21,183.0,213.0,0.3965992741935483,0.3696666295780752
Random Forest,1238,player_1,match_21,213.0,243.0,0.3613735806451612,0.35726436749881996
Random Forest,1239,player_1,match_21,243.0,273.0,0.3413423725806451,0.3505161053656047
Random Forest,1240,player_1,match_21,273.0,303.0,0.3935567467741935,0.3591723232725647
Random Forest,1241,player_1,match_21,303.0,333.0,0.4224229661290322,0.37394404218883426
Random Forest,1242,player_1,match_21,333.0,363.0,0.4005380483870967,0.3625598748678109
Random Forest,1243,player_1,match_21,363.0,393.0,0.4055830661290321,0.36210698345871384
Random Forest,1244,player_1,match_21,393.0,423.0,0.3407616548387097,0.3688823532372157
Random Forest,1245,player_1,match_21,423.0,453.0,0.3872321983870967,0.36308726082846676
Random Forest,1246,player_1,match_21,453.0,483.0,0.3013079306451613,0.3735677933435729
Random Forest,1247,player_1,match_21,483.0,513.0,0.2541387903225806,0.3597043838980598
Random Forest,1248,player_1,match_21,513.0,543.0,0.3072809516129032,0.3632665368542648
Random Forest,1249,player_1,match_21,543.0,573.0,0.3827155387096774,0.36961838237393985
Random Forest,1250,player_1,match_21,573.0,603.0,0.2854157129032257,0.3662947405588386
Random Forest,1251,player_1,match_21,603.0,633.0,0.3713720967741934,0.37449002686577176
Random Forest,1252,player_1,match_21,633.0,663.0,0.3908297422939067,0.3660660815257574
Random Forest,1253,player_1,match_21,663.0,693.0,0.4158240161290322,0.3601278201851682
Random Forest,1254,player_1,match_21,693.0,723.0,0.377770993548387,0.3688168753984931
Random Forest,1255,player_1,match_21,723.0,753.0,0.3551171693548386,0.3682903648963628
Random Forest,1256,player_1,match_21,753.0,783.0,0.6543495838709678,0.3763989904895572
Random Forest,1257,player_1,match_21,783.0,813.0,0.6062418838709678,0.35885113892576137
Random Forest,1258,player_1,match_21,813.0,843.0,0.4450721623655913,0.3614168429180082
Random Forest,1259,player_1,match_21,843.0,873.0,0.3495499709677419,0.36984175706992045
Random Forest,1260,player_1,match_21,873.0,903.0,0.3791292774193547,0.37047923490635
Random Forest,1261,player_1,match_21,903.0,933.0,0.5089486177419356,0.37067136238574916
Random Forest,1262,player_1,match_21,933.0,963.0,0.3916851064516128,0.37670802767946315
Random Forest,1263,player_1,match_21,963.0,993.0,0.3715880693548387,0.3726601549259692
Random Forest,1330,player_1,match_3,0.0,30.0,0.3446366951612903,0.35667817546193975
Random Forest,1331,player_1,match_3,30.0,60.0,0.3109970064516129,0.36562094121305977
Random Forest,1332,player_1,match_3,60.0,90.0,0.326121629032258,0.3554714774186237
Random Forest,1333,player_1,match_3,90.0,120.0,0.329823464516129,0.3485389885785521
Random Forest,1334,player_1,match_3,120.0,150.0,0.3237445967741935,0.354721768996928
Random Forest,1335,player_1,match_3,150.0,180.0,0.337025514516129,0.3482425678232635
Random Forest,1336,player_1,match_3,180.0,210.0,0.3217871096774193,0.34751012980837515
Random Forest,1337,player_1,match_3,210.0,240.0,0.3234279951612903,0.3536869438236346
Random Forest,1338,player_1,match_3,240.0,270.0,0.3458482322580645,0.35031055803375
Random Forest,1339,player_1,match_3,270.0,300.0,0.3226254032258064,0.3597669775504272
Random Forest,1340,player_1,match_3,300.0,330.0,0.3182741322580644,0.35437249523339953
Random Forest,1341,player_1,match_3,330.0,360.0,0.3315618693548386,0.3522661046765482
Random Forest,1342,player_1,match_3,360.0,390.0,0.3394417532258064,0.36014234247260274
Random Forest,1343,player_1,match_3,390.0,420.0,0.322517014874552,0.3578487227197799
Random Forest,1344,player_1,match_3,420.0,450.0,0.3606450629032257,0.35803336510836814
Random Forest,1345,player_1,match_3,450.0,480.0,0.3394956532258064,0.3416166080048608
Random Forest,1346,player_1,match_3,480.0,510.0,0.3613336209677419,0.36185690395612224
Random Forest,1347,player_1,match_3,510.0,540.0,0.3539220612903225,0.34358712476420306
Random Forest,1348,player_1,match_3,540.0,570.0,0.4476641435483871,0.3612392982102844
Random Forest,1349,player_1,match_3,570.0,600.0,0.3146005225806451,0.342065259976846
Random Forest,1350,player_1,match_3,600.0,630.0,0.3320542483870968,0.35340864164166014
Random Forest,1351,player_1,match_3,630.0,660.0,0.3357328080645161,0.3537470616971451
Random Forest,1352,player_1,match_3,660.0,690.0,0.3524776774193549,0.36947285466973345
Random Forest,1353,player_1,match_3,690.0,720.0,0.3604634919354839,0.3640285254043667
Random Forest,1354,player_1,match_3,720.0,750.0,0.343651643548387,0.34611207381246195
Random Forest,1355,player_1,match_3,750.0,780.0,0.3439974709677419,0.34653889503850316
Random Forest,1356,player_1,match_3,780.0,810.0,0.3666215258064516,0.35832530415682934
Random Forest,1357,player_1,match_3,810.0,840.0,0.3664728241935484,0.3654236829628518
Random Forest,1358,player_1,match_3,840.0,870.0,0.3279021645161291,0.35345468477279873
Random Forest,1359,player_1,match_3,870.0,900.0,0.3354657758064516,0.3603272063263078
Random Forest,1360,player_1,match_3,900.0,930.0,0.3314160274193548,0.3410294144256509
Random Forest,1361,player_1,match_3,930.0,960.0,0.322504043548387,0.3420686165010789
Random Forest,1362,player_1,match_3,960.0,990.0,0.3488482370967741,0.3592133627733587
Random Forest,1363,player_1,match_3,990.0,1020.0,0.3799896870967741,0.38028511314205715
Random Forest,1364,player_1,match_3,1020.0,1050.0,0.471963843548387,0.3526564119195635
Random Forest,1365,player_1,match_3,1050.0,1080.0,0.4195100596774193,0.3564968362917418
Random Forest,1366,player_1,match_3,1080.0,1110.0,0.4289013516129032,0.37454275167206563
Random Forest,1367,player_1,match_3,1110.0,1140.0,0.3872684548387097,0.36698253144524656
Random Forest,1368,player_1,match_3,1140.0,1170.0,0.3958297032258063,0.37303930516202216
Random Forest,1369,player_1,match_3,1170.0,1200.0,0.4394950258064516,0.3865024225873057
Random Forest,1370,player_1,match_3,1200.0,1230.0,0.4009759838709676,0.3799069921705765
Random Forest,1371,player_1,match_3,1230.0,1260.0,0.4137728451612903,0.38495549085563385
Random Forest,1372,player_1,match_3,1260.0,1290.0,0.3938032241935484,0.37778987472430275
Random Forest,1373,player_1,match_3,1290.0,1320.0,0.3852829967741935,0.37309222303896783
Random Forest,1374,player_1,match_3,1320.0,1350.0,0.309360026344086,0.3666391324845686
Random Forest,1375,player_1,match_3,1350.0,1380.0,0.318415143548387,0.34888555967929324
Random Forest,1376,player_1,match_3,1380.0,1410.0,0.3252842548387097,0.36309753695824326
Random Forest,1377,player_1,match_3,1410.0,1440.0,0.3482156177419355,0.3585619160570174
Random Forest,1378,player_1,match_3,1440.0,1470.0,0.3271847951612903,0.3536452080960477
Random Forest,1379,player_1,match_3,1470.0,1500.0,0.3052435903225806,0.3668199117565067
Random Forest,1380,player_1,match_3,1500.0,1530.0,0.3606436612903225,0.361449531359206
Random Forest,1381,player_1,match_3,1530.0,1560.0,0.3602180016129032,0.3623422243686998
Random Forest,164,player_2,match_11,171.0,201.0,0.2623217354838709,0.3326223238739644
Random Forest,165,player_2,match_11,201.0,231.0,0.2642272387096774,0.33773465318015233
Random Forest,166,player_2,match_11,231.0,261.0,0.2897477274193548,0.3542982169753197
Random Forest,167,player_2,match_11,261.0,291.0,0.2672184693548387,0.352204266972542
Random Forest,168,player_2,match_11,291.0,321.0,0.3197311193548386,0.3504182341763085
Random Forest,169,player_2,match_11,321.0,351.0,0.2947617032258064,0.35056864269247406
Random Forest,170,player_2,match_11,351.0,381.0,0.2879285322580645,0.3548554765796993
Random Forest,171,player_2,match_11,381.0,411.0,0.2963167114695341,0.3419722633853057
Random Forest,172,player_2,match_11,411.0,441.0,0.3226705258064515,0.345038841999333
Random Forest,173,player_2,match_11,441.0,471.0,0.3006176103942651,0.3565662536054594
Random Forest,174,player_2,match_11,471.0,501.0,0.3150016870967741,0.3455273075118937
Random Forest,175,player_2,match_11,501.0,531.0,0.319758179032258,0.34816933488094376
Random Forest,176,player_2,match_11,531.0,561.0,0.3478589580645161,0.35089157677633936
Random Forest,177,player_2,match_11,561.0,591.0,0.3491936887096774,0.34522488510410726
Random Forest,178,player_2,match_11,591.0,621.0,0.3256973661290322,0.34836823847399684
Random Forest,179,player_2,match_11,621.0,651.0,0.3642662774193548,0.3572741889684959
Random Forest,180,player_2,match_11,651.0,681.0,0.3218441629032258,0.3492086041315729
Random Forest,181,player_2,match_11,681.0,711.0,0.3067237870967741,0.3578215103931406
Random Forest,182,player_2,match_11,711.0,741.0,0.3288741129032257,0.35654610229036493
Random Forest,183,player_2,match_11,741.0,771.0,0.3536145096774193,0.358312386654889
Random Forest,184,player_2,match_11,771.0,801.0,0.3532903854838709,0.3632408847305776
Random Forest,185,player_2,match_11,801.0,831.0,0.3739670596774193,0.364010096042283
Random Forest,186,player_2,match_11,831.0,861.0,0.373655414516129,0.36079461850219446
Random Forest,187,player_2,match_11,861.0,891.0,0.3933243725806451,0.3615161063572242
Random Forest,188,player_2,match_11,891.0,921.0,0.3680768258064516,0.36309559128482266
Random Forest,189,player_2,match_11,921.0,951.0,0.3522220774193548,0.35762141128485514
Random Forest,190,player_2,match_11,951.0,981.0,0.3449581516129031,0.3578229225265374
Random Forest,191,player_2,match_11,981.0,1011.0,0.3654426387096773,0.36567480069650715
Random Forest,192,player_2,match_11,1011.0,1041.0,0.3250653225806451,0.35917289811718733
Random Forest,193,player_2,match_11,1041.0,1071.0,0.3537423403225806,0.3478324309672582
Random Forest,194,player_2,match_11,1071.0,1101.0,0.3534418838709677,0.3458828120669832
Random Forest,195,player_2,match_11,1101.0,1131.0,0.402032293548387,0.3509638703368667
Random Forest,196,player_2,match_11,1131.0,1161.0,0.353488993548387,0.36971842948482486
Random Forest,197,player_2,match_11,1161.0,1191.0,0.3527295758064516,0.36471531401716223
Random Forest,198,player_2,match_11,1191.0,1221.0,0.3663112983870968,0.34918498811453075
Random Forest,199,player_2,match_11,1221.0,1251.0,0.3421548838709678,0.35189264358784766
Random Forest,200,player_2,match_11,1251.0,1281.0,0.3399633569892473,0.34784831799515276
Random Forest,201,player_2,match_11,1281.0,1311.0,0.3775074919354838,0.35269481437596595
Random Forest,202,player_2,match_11,1311.0,1341.0,0.3787978612903226,0.35892917360279736
Random Forest,203,player_2,match_11,1341.0,1371.0,0.3619137467741935,0.36776110687191876
Random Forest,204,player_2,match_11,1371.0,1401.0,0.3974881903225806,0.34987472810518916
Random Forest,205,player_2,match_11,1401.0,1431.0,0.3531865903225805,0.3571615435908262
Random Forest,206,player_2,match_11,1431.0,1461.0,0.355686429032258,0.3641404826489179
Random Forest,207,player_2,match_11,1461.0,1491.0,0.3920973467741935,0.3531063780460188
Random Forest,208,player_2,match_11,1491.0,1521.0,0.2766111258064515,0.3499710022020199
Random Forest,209,player_2,match_11,1521.0,1551.0,0.203704429032258,0.3538180555189754
Random Forest,210,player_2,match_11,1551.0,1581.0,0.3272110537634408,0.34668688424220745
Random Forest,211,player_2,match_11,1581.0,1611.0,0.3821864854838709,0.34268123629588504
Random Forest,212,player_2,match_11,1611.0,1641.0,0.3492578951612903,0.3606614484790349
Random Forest,213,player_2,match_11,1641.0,1671.0,0.3789353112903225,0.3566702893847056
Random Forest,214,player_2,match_11,1671.0,1701.0,0.3978354161290323,0.3606843370747905
Random Forest,215,player_2,match_11,1701.0,1731.0,0.3644581532258064,0.3651918412492345
Random Forest,216,player_2,match_11,1731.0,1761.0,0.3794783499999999,0.35264521440822466
Random Forest,217,player_2,match_11,1761.0,1791.0,0.343785158064516,0.3539915088732062
Random Forest,218,player_2,match_11,1791.0,1821.0,0.3737829274193548,0.3488581378900522
Random Forest,219,player_2,match_11,1821.0,1851.0,0.3272990322580645,0.3605973071487859
Random Forest,220,player_2,match_11,1851.0,1881.0,0.3433125677419354,0.36571992156129896
Random Forest,221,player_2,match_11,1881.0,1911.0,0.3572977758064516,0.3520012160767235
Random Forest,222,player_2,match_11,1911.0,1941.0,0.4145039112903225,0.36348223820647935
Random Forest,223,player_2,match_11,1941.0,1971.0,0.3868440903225806,0.3710944913726752
Random Forest,224,player_2,match_11,1971.0,2001.0,0.3498666951612902,0.35914147349353126
Random Forest,225,player_2,match_11,2001.0,2031.0,0.3401527967741935,0.3511376535602726
Random Forest,226,player_2,match_11,2031.0,2061.0,0.2524957580645161,0.3672381987086412
Random Forest,227,player_2,match_11,2061.0,2091.0,0.2840511193548386,0.36463192595333505
Random Forest,228,player_2,match_11,2091.0,2121.0,0.3270610548387096,0.34372522595387595
Random Forest,229,player_2,match_11,2121.0,2151.0,0.3724038903225806,0.3570361716265614
Random Forest,230,player_2,match_11,2151.0,2181.0,0.3577526896057347,0.3472945948420353
Random Forest,231,player_2,match_11,2181.0,2211.0,0.3386293274193548,0.3558958914497896
Random Forest,397,player_2,match_12,235.0,265.0,0.3823774387096774,0.3583116281628438
Random Forest,398,player_2,match_12,265.0,295.0,0.185351493548387,0.3608867379484952
Random Forest,399,player_2,match_12,295.0,325.0,0.3765021580645161,0.3470595312371108
Random Forest,400,player_2,match_12,325.0,355.0,0.2657585096774193,0.37307721375362957
Random Forest,401,player_2,match_12,355.0,385.0,0.2251858177419354,0.37315343271329404
Random Forest,402,player_2,match_12,385.0,415.0,0.3591942516129032,0.3619085272468296
Random Forest,403,player_2,match_12,415.0,445.0,0.3646629112903226,0.34610718837367177
Random Forest,404,player_2,match_12,445.0,475.0,0.4387410129032257,0.35270198597504826
Random Forest,405,player_2,match_12,475.0,505.0,0.4251420129032257,0.34932066288782415
Random Forest,406,player_2,match_12,505.0,535.0,0.3513109016129032,0.3604181504790664
Random Forest,407,player_2,match_12,535.0,565.0,0.4308218306451612,0.3791157977858245
Random Forest,408,player_2,match_12,565.0,595.0,0.3958078387096774,0.35113916935763345
Random Forest,409,player_2,match_12,595.0,625.0,0.4089173139784946,0.34818888473814125
Random Forest,410,player_2,match_12,625.0,655.0,0.4168825080645161,0.34992449976998313
Random Forest,411,player_2,match_12,655.0,685.0,0.4286712467741935,0.355075997606741
Random Forest,412,player_2,match_12,685.0,715.0,0.3285415370967741,0.3457230386691219
Random Forest,413,player_2,match_12,715.0,745.0,0.3409090370967741,0.34938929208487496
Random Forest,414,player_2,match_12,745.0,775.0,0.3877052741935483,0.35092928166613013
Random Forest,415,player_2,match_12,775.0,805.0,0.2174056338709677,0.3456645766794101
Random Forest,416,player_2,match_12,805.0,835.0,0.2127050419354837,0.36054957364155765
Random Forest,417,player_2,match_12,835.0,865.0,0.3839272258064515,0.3650034890448733
Random Forest,418,player_2,match_12,865.0,895.0,0.4120720758064515,0.35843640807543925
Random Forest,535,player_2,match_13,136.0,166.0,0.3203768499999999,0.3569458914187369
Random Forest,536,player_2,match_13,166.0,196.0,0.3510273596774194,0.33266639996891556
Random Forest,537,player_2,match_13,196.0,226.0,0.3371809887096774,0.3482409541163673
Random Forest,538,player_2,match_13,226.0,256.0,0.383885364516129,0.34791254067677824
Random Forest,539,player_2,match_13,256.0,286.0,0.3411146758064516,0.3437750995135643
Random Forest,540,player_2,match_13,286.0,316.0,0.3868784494623656,0.3484365624337509
Random Forest,541,player_2,match_13,316.0,346.0,0.3792455322580644,0.3385543910524453
Random Forest,542,player_2,match_13,346.0,376.0,0.3741152919354837,0.3441712062727235
Random Forest,543,player_2,match_13,376.0,406.0,0.3264390580645161,0.3463036877018211
Random Forest,544,player_2,match_13,406.0,436.0,0.3255267806451613,0.3457856579143109
Random Forest,545,player_2,match_13,436.0,466.0,0.3150696709677419,0.3510354762056323
Random Forest,546,player_2,match_13,466.0,496.0,0.4319719096774194,0.3656491690788416
Random Forest,547,player_2,match_13,496.0,526.0,0.4407557629032258,0.3508633935135852
Random Forest,548,player_2,match_13,526.0,556.0,0.3546817096774193,0.3520161419875872
Random Forest,549,player_2,match_13,556.0,586.0,0.3732421043010752,0.33849007748300985
Random Forest,550,player_2,match_13,586.0,616.0,0.3148285612903225,0.3579281285391441
Random Forest,551,player_2,match_13,616.0,646.0,0.3574014596774193,0.35509271010439714
Random Forest,552,player_2,match_13,646.0,676.0,0.3697791403225806,0.3478903775804627
Random Forest,553,player_2,match_13,676.0,706.0,0.4517991048387096,0.3583178537682189
Random Forest,554,player_2,match_13,706.0,736.0,0.4374386838709677,0.3644303379069203
Random Forest,555,player_2,match_13,736.0,766.0,0.3904528258064516,0.3535335109169292
Random Forest,556,player_2,match_13,766.0,796.0,0.348101143548387,0.3557922033739719
Random Forest,557,player_2,match_13,796.0,826.0,0.3713494290322581,0.3564800031507045
Random Forest,558,player_2,match_13,826.0,856.0,0.3897900387096774,0.3605604364464297
Random Forest,559,player_2,match_13,856.0,886.0,0.4105739999999999,0.36721134034476244
Random Forest,560,player_2,match_13,886.0,916.0,0.3379924193548387,0.3537439750960192
Random Forest,561,player_2,match_13,916.0,946.0,0.3449711725806451,0.3287487675498512
Random Forest,562,player_2,match_13,946.0,976.0,0.3369980064516129,0.3461652722311324
Random Forest,563,player_2,match_13,976.0,1006.0,0.4247304225806451,0.3572998908469238
Random Forest,564,player_2,match_13,1006.0,1036.0,0.3343436720430107,0.34949808749081185
Random Forest,565,player_2,match_13,1036.0,1066.0,0.3092625354838709,0.33735487929840874
Random Forest,566,player_2,match_13,1066.0,1096.0,0.3347051774193548,0.3549592795691359
Random Forest,567,player_2,match_13,1096.0,1126.0,0.3847860887096774,0.34912047446118993
Random Forest,568,player_2,match_13,1126.0,1156.0,0.3455779096774193,0.35033158409265086
Random Forest,569,player_2,match_13,1156.0,1186.0,0.3266729903225805,0.35080608847020367
Random Forest,570,player_2,match_13,1186.0,1216.0,0.422052343548387,0.3623728621333115
Random Forest,571,player_2,match_13,1216.0,1246.0,0.1645994806451612,0.3553574380582302
Random Forest,572,player_2,match_13,1246.0,1276.0,0.3763427903225806,0.3633458702022042
Random Forest,573,player_2,match_13,1276.0,1306.0,0.3162066,0.3458627872921741
Random Forest,574,player_2,match_13,1306.0,1336.0,0.3953508790322581,0.3590571840307148
Random Forest,575,player_2,match_13,1336.0,1366.0,0.3588329274193548,0.3532829156070928
Random Forest,576,player_2,match_13,1366.0,1396.0,0.3196100596774193,0.34482201579405575
Random Forest,577,player_2,match_13,1396.0,1426.0,0.2876119548387096,0.34357600792576576
Random Forest,578,player_2,match_13,1426.0,1456.0,0.2933735241935484,0.34861447244170773
Random Forest,579,player_2,match_13,1456.0,1486.0,0.3974378951612903,0.34245181547027076
Random Forest,580,player_2,match_13,1486.0,1516.0,0.3782936725806451,0.35753557152542553
Random Forest,581,player_2,match_13,1516.0,1546.0,0.3539775564516129,0.3427220087332941
Random Forest,582,player_2,match_13,1546.0,1576.0,0.3561329,0.3651800183191965
Random Forest,583,player_2,match_13,1576.0,1606.0,0.332876629032258,0.3481869774198561
Random Forest,584,player_2,match_13,1606.0,1636.0,0.3529130204301075,0.34329891382231514
Random Forest,585,player_2,match_13,1636.0,1666.0,0.3827875596774193,0.3469862031655096
Random Forest,586,player_2,match_13,1666.0,1696.0,0.3981103306451612,0.373446113471546
Random Forest,587,player_2,match_13,1696.0,1726.0,0.3469473403225805,0.36965319467019314
Random Forest,588,player_2,match_13,1726.0,1756.0,0.3716753629032258,0.3370639675667454
Random Forest,589,player_2,match_13,1756.0,1786.0,0.3561163548387096,0.35029829312478583
Random Forest,590,player_2,match_13,1786.0,1816.0,0.3643941064516128,0.3534683290436059
Random Forest,591,player_2,match_13,1816.0,1846.0,0.3386539403225806,0.37332117298272444
Random Forest,592,player_2,match_13,1846.0,1876.0,0.1999594967741935,0.35353054914887055
Random Forest,593,player_2,match_13,1876.0,1906.0,0.3757436596774193,0.3547915679422081
Random Forest,594,player_2,match_13,1906.0,1936.0,0.3974150596774193,0.3578861184843843
Random Forest,595,player_2,match_13,1936.0,1966.0,0.3722060032258064,0.3485645664824255
Random Forest,596,player_2,match_13,1966.0,1996.0,0.4333785596774193,0.34763006014805137
Random Forest,597,player_2,match_13,1996.0,2026.0,0.4152561161290322,0.3364236626469724
Random Forest,598,player_2,match_13,2026.0,2056.0,0.3866705693548387,0.35776977897932016
Random Forest,599,player_2,match_13,2056.0,2086.0,0.4045804333333334,0.36422869009746206
Random Forest,783,player_2,match_14,387.0,417.0,0.37754,0.35468344450063244
Random Forest,784,player_2,match_14,417.0,447.0,0.37754,0.39573882869253346
Random Forest,785,player_2,match_14,447.0,477.0,0.37754,0.34982950824700215
Random Forest,786,player_2,match_14,477.0,507.0,0.37754,0.36157784293020667
Random Forest,787,player_2,match_14,507.0,537.0,0.37754,0.37981228179817667
Random Forest,788,player_2,match_14,537.0,567.0,0.3781911483870968,0.4032492909195469
Random Forest,789,player_2,match_14,567.0,597.0,0.377540464516129,0.4070966811290141
Random Forest,790,player_2,match_14,597.0,627.0,0.37754,0.34514240932338536
Random Forest,791,player_2,match_14,627.0,657.0,0.37754,0.35429785898232913
Random Forest,792,player_2,match_14,657.0,687.0,0.4035301129032258,0.4120548297827137
Random Forest,793,player_2,match_14,687.0,717.0,0.3785550129032257,0.40021134113397283
Random Forest,794,player_2,match_14,717.0,747.0,0.37754,0.3975365730977219
Random Forest,795,player_2,match_14,747.0,777.0,0.37754,0.3905058824557978
Random Forest,796,player_2,match_14,777.0,807.0,0.37754,0.4001879181490002
Random Forest,797,player_2,match_14,807.0,837.0,0.37754,0.39797964347988296
Random Forest,798,player_2,match_14,837.0,867.0,0.37754,0.370470037060543
Random Forest,799,player_2,match_14,867.0,897.0,0.37754,0.3280510703813998
Random Forest,800,player_2,match_14,897.0,927.0,0.37754,0.3256114089200244
Random Forest,801,player_2,match_14,927.0,957.0,0.37754,0.3472726109577564
Random Forest,802,player_2,match_14,957.0,987.0,0.37754,0.3914829794608848
Random Forest,803,player_2,match_14,987.0,1017.0,0.37754,0.36401679640424595
Random Forest,804,player_2,match_14,1017.0,1047.0,0.37754,0.39391805377560346
Random Forest,805,player_2,match_14,1047.0,1077.0,0.37754,0.3925372299074809
Random Forest,806,player_2,match_14,1077.0,1107.0,0.37754,0.3860995506507304
Random Forest,807,player_2,match_14,1107.0,1137.0,0.37754,0.4078211595410179
Random Forest,808,player_2,match_14,1137.0,1167.0,0.37754,0.40605852936202397
Random Forest,809,player_2,match_14,1167.0,1197.0,0.37754,0.39663202423511085
Random Forest,810,player_2,match_14,1197.0,1227.0,0.37754,0.4008191813655256
Random Forest,811,player_2,match_14,1227.0,1257.0,0.37754,0.400155686889293
Random Forest,812,player_2,match_14,1257.0,1287.0,0.37754,0.4076434944835576
Random Forest,813,player_2,match_14,1287.0,1317.0,0.37754,0.39677762746863565
Random Forest,814,player_2,match_14,1317.0,1347.0,0.37754,0.3956687440563398
Random Forest,815,player_2,match_14,1347.0,1377.0,0.37754,0.3801764727802102
Random Forest,816,player_2,match_14,1377.0,1407.0,0.37754,0.4108269335089102
Random Forest,817,player_2,match_14,1407.0,1437.0,0.37754,0.4019981445146026
Random Forest,818,player_2,match_14,1437.0,1467.0,0.37754,0.38602692443449965
Random Forest,819,player_2,match_14,1467.0,1497.0,0.37754,0.401182296825402
Random Forest,820,player_2,match_14,1497.0,1527.0,0.37754,0.4009527001018219
Random Forest,821,player_2,match_14,1527.0,1557.0,0.37754,0.40393261720181745
Random Forest,822,player_2,match_14,1557.0,1587.0,0.37754,0.3791205570942835
Random Forest,823,player_2,match_14,1587.0,1617.0,0.37754,0.39855174870129373
Random Forest,824,player_2,match_14,1617.0,1647.0,0.37754,0.3975879840234897
Random Forest,825,player_2,match_14,1647.0,1677.0,0.37754,0.39058339323766234
Random Forest,826,player_2,match_14,1677.0,1707.0,0.37754,0.39777347402846186
Random Forest,827,player_2,match_14,1707.0,1737.0,0.37754,0.3922827491818396
Random Forest,828,player_2,match_14,1737.0,1767.0,0.37754,0.39267415029403896
Random Forest,829,player_2,match_14,1767.0,1797.0,0.37754,0.4088152135041484
Random Forest,830,player_2,match_14,1797.0,1827.0,0.37754,0.40906352209206354
Random Forest,831,player_2,match_14,1827.0,1857.0,0.37754,0.4083521150749292
Random Forest,832,player_2,match_14,1857.0,1887.0,0.37754,0.37944842340776613
Random Forest,959,player_2,match_18,60.0,90.0,0.1265018822580644,0.3357220960402786
Random Forest,960,player_2,match_18,90.0,120.0,0.1975462064516129,0.3386909674819728
Random Forest,961,player_2,match_18,120.0,150.0,0.2099745709677419,0.3372994132327117
Random Forest,962,player_2,match_18,150.0,180.0,0.0826861806451612,0.3470900914124391
Random Forest,963,player_2,match_18,180.0,210.0,0.2091167494623655,0.33433566269307957
Random Forest,964,player_2,match_18,210.0,240.0,0.3536953494623656,0.3400108759570328
Random Forest,965,player_2,match_18,240.0,270.0,0.1985578064516128,0.3438078912749059
Random Forest,966,player_2,match_18,270.0,300.0,0.2462889161290322,0.3417168114683089
Random Forest,967,player_2,match_18,300.0,330.0,0.2113078580645161,0.34039486966633264
Random Forest,968,player_2,match_18,330.0,360.0,0.2490650182795698,0.33586605494753935
Random Forest,969,player_2,match_18,360.0,390.0,0.2353135241935482,0.340911044542531
Random Forest,970,player_2,match_18,390.0,420.0,0.271110914516129,0.33696683785002374
Random Forest,971,player_2,match_18,420.0,450.0,0.2695514193548386,0.3428251695711381
Random Forest,972,player_2,match_18,450.0,480.0,0.2482327564516128,0.34717627348192603
Random Forest,973,player_2,match_18,480.0,510.0,0.3595352725806451,0.3438674791637114
Random Forest,974,player_2,match_18,510.0,540.0,0.308278529032258,0.33875092833658765
Random Forest,975,player_2,match_18,540.0,570.0,0.3052066870967741,0.3382229366637612
Random Forest,976,player_2,match_18,570.0,600.0,0.2898734112903225,0.34005613060848316
Random Forest,977,player_2,match_18,600.0,630.0,0.3177092387096774,0.33508366594493944
Random Forest,978,player_2,match_18,630.0,660.0,0.3329719306451612,0.3371369206018489
Random Forest,979,player_2,match_18,660.0,690.0,0.2306084451612902,0.3342401883703831
Random Forest,980,player_2,match_18,690.0,720.0,0.244525129032258,0.3386623260492177
Random Forest,981,player_2,match_18,720.0,750.0,0.2120635193548387,0.3382707486109146
Random Forest,982,player_2,match_18,750.0,780.0,0.1922719161290322,0.34900651610363553
Random Forest,983,player_2,match_18,780.0,810.0,0.1794149032258064,0.3489322158195928
Random Forest,984,player_2,match_18,810.0,840.0,0.2320613161290322,0.34295160044534984
Random Forest,985,player_2,match_18,840.0,870.0,0.2490118387096774,0.3493305870385385
Random Forest,986,player_2,match_18,870.0,900.0,0.2757308080645161,0.3368976512035519
Random Forest,987,player_2,match_18,900.0,930.0,0.2446298161290322,0.34997739592739135
Random Forest,988,player_2,match_18,930.0,960.0,0.1789727306451612,0.3496746012223742
Random Forest,989,player_2,match_18,960.0,990.0,0.2536165483870967,0.33810875587596295
Random Forest,990,player_2,match_18,990.0,1020.0,0.2800268999999999,0.33952186644550697
Random Forest,991,player_2,match_18,1020.0,1050.0,0.2928947903225806,0.33768050447477305
Random Forest,992,player_2,match_18,1050.0,1080.0,0.2163887064516128,0.3316643653236657
Random Forest,993,player_2,match_18,1080.0,1110.0,0.3134931435483871,0.33293301163887085
Random Forest,994,player_2,match_18,1110.0,1140.0,0.3098939064516128,0.334069033437355
Random Forest,995,player_2,match_18,1140.0,1170.0,0.2688312241935483,0.3311164998993281
Random Forest,996,player_2,match_18,1170.0,1200.0,0.3347416741935483,0.34173039916871595
Random Forest,997,player_2,match_18,1200.0,1230.0,0.0762539999999999,0.36081924418853717
Random Forest,998,player_2,match_18,1230.0,1260.0,0.0521518854838709,0.35393129196996204
Random Forest,999,player_2,match_18,1260.0,1290.0,0.1586144403225806,0.35315609963935984
Random Forest,1000,player_2,match_18,1290.0,1320.0,0.2384119580645161,0.3479996011792738
Random Forest,1001,player_2,match_18,1320.0,1350.0,0.3153568064516128,0.344485140398244
Random Forest,1002,player_2,match_18,1350.0,1380.0,0.3155417935483871,0.34481204540287613
Random Forest,1003,player_2,match_18,1380.0,1410.0,0.2526156806451612,0.34147361609893834
Random Forest,1004,player_2,match_18,1410.0,1440.0,0.2589049516129031,0.3480436581239575
Random Forest,1005,player_2,match_18,1440.0,1470.0,0.2961282112903225,0.34842144448011375
Random Forest,1006,player_2,match_18,1470.0,1500.0,0.3129078112903225,0.34065351357833706
Random Forest,1007,player_2,match_18,1500.0,1530.0,0.2726860612903224,0.34965613598872236
Random Forest,1008,player_2,match_18,1530.0,1560.0,0.3404677306451612,0.3498171993799167
Random Forest,1009,player_2,match_18,1560.0,1590.0,0.2039664564516129,0.34748817053885295
Random Forest,1010,player_2,match_18,1590.0,1620.0,0.2124868096774192,0.33978354019211193
Random Forest,1011,player_2,match_18,1620.0,1650.0,0.2476126612903225,0.35131822908757226
Random Forest,1012,player_2,match_18,1650.0,1680.0,0.135748929032258,0.353444990572685
Random Forest,1013,player_2,match_18,1680.0,1710.0,0.115191614516129,0.35943320686906627
Random Forest,1014,player_2,match_18,1710.0,1740.0,0.3731333483870968,0.3565505096604532
Random Forest,1015,player_2,match_18,1740.0,1770.0,0.3617037661290322,0.34330585831501514
Random Forest,1016,player_2,match_18,1770.0,1800.0,0.3649500854838708,0.3380371311273074
Random Forest,1017,player_2,match_18,1800.0,1830.0,0.3476288967741935,0.3320640066813788
Random Forest,1018,player_2,match_18,1830.0,1860.0,0.3985812806451612,0.3439074330474146
Random Forest,1019,player_2,match_18,1860.0,1890.0,0.3817743887096774,0.3472681254290778
Random Forest,1020,player_2,match_18,1890.0,1920.0,0.356927079032258,0.3356941894818767
Random Forest,1021,player_2,match_18,1920.0,1950.0,0.3157491903225806,0.3383319079428777
Random Forest,1022,player_2,match_18,1950.0,1980.0,0.3775586666666666,0.3391791361313009
Random Forest,1023,player_2,match_18,1980.0,2010.0,0.3594133537634408,0.3301656665848814
Random Forest,1024,player_2,match_18,2010.0,2040.0,0.4103754096774193,0.34427599203313486
Random Forest,1025,player_2,match_18,2040.0,2070.0,0.3176464129032258,0.34309858275740557
Random Forest,1026,player_2,match_18,2070.0,2100.0,0.3474472919354838,0.33397245536387227
Random Forest,1027,player_2,match_18,2100.0,2130.0,0.299746214516129,0.3468606734382683
Random Forest,1028,player_2,match_18,2130.0,2160.0,0.3953248548387096,0.34862449984262367
Random Forest,1029,player_2,match_18,2160.0,2190.0,0.397874343548387,0.33405527087295245
Random Forest,1030,player_2,match_18,2190.0,2220.0,0.4384404854838709,0.3439318833204954
Random Forest,1031,player_2,match_18,2220.0,2250.0,0.3637582193548387,0.33788643823521064
Random Forest,1032,player_2,match_18,2250.0,2280.0,0.3811608516129032,0.34679394921075973
Random Forest,1033,player_2,match_18,2280.0,2310.0,0.3237115951612903,0.33999914062012504
Random Forest,1034,player_2,match_18,2310.0,2340.0,0.3820686064516129,0.3409495302695037
Random Forest,1035,player_2,match_18,2340.0,2370.0,0.2982503870967741,0.3481351564269766
Random Forest,1070,player_2,match_19,9.0,39.0,0.4060834774193548,0.3283843891661058
Random Forest,1071,player_2,match_19,39.0,69.0,0.3999022564516129,0.3336734380930344
Random Forest,1072,player_2,match_19,69.0,99.0,0.4453726790322579,0.324376873314082
Random Forest,1073,player_2,match_19,99.0,129.0,0.4059080532258063,0.354529794551685
Random Forest,1074,player_2,match_19,129.0,159.0,0.3937670322580644,0.34405830504364987
Random Forest,1075,player_2,match_19,159.0,189.0,0.3851306467741934,0.3290994325579508
Random Forest,1076,player_2,match_19,189.0,219.0,0.3742201854838709,0.34091250990941724
Random Forest,1077,player_2,match_19,219.0,249.0,0.4060936152329748,0.3331054608867771
Random Forest,1078,player_2,match_19,249.0,279.0,0.4037085854838709,0.36747851721628094
Random Forest,1079,player_2,match_19,279.0,309.0,0.4052885016129032,0.33278385521257464
Random Forest,1080,player_2,match_19,309.0,339.0,0.3836005999999999,0.33782764747193195
Random Forest,1081,player_2,match_19,339.0,369.0,0.4294711467741935,0.34386366629238524
Random Forest,1082,player_2,match_19,369.0,399.0,0.4184653096774193,0.3546026296019011
Random Forest,1083,player_2,match_19,399.0,429.0,0.4270351193548386,0.34025581521792536
Random Forest,1084,player_2,match_19,429.0,459.0,0.3484098999999999,0.328975679492305
Random Forest,1085,player_2,match_19,459.0,489.0,0.3986019645161289,0.33886192449488217
Random Forest,1086,player_2,match_19,489.0,519.0,0.4025070096774193,0.33530333991268796
Random Forest,1087,player_2,match_19,519.0,549.0,0.3843973096774193,0.329795938228747
Random Forest,1088,player_2,match_19,549.0,579.0,0.3863609736559139,0.33051436126850603
Random Forest,1089,player_2,match_19,579.0,609.0,0.4270561370967741,0.3292777180147481
Random Forest,1090,player_2,match_19,609.0,639.0,0.3807439193548386,0.32764481287611924
Random Forest,1091,player_2,match_19,639.0,669.0,0.3241944080645161,0.33521255665619326
Random Forest,1092,player_2,match_19,669.0,699.0,0.3452205983870967,0.33248269718240203
Random Forest,1093,player_2,match_19,699.0,729.0,0.3648051741935483,0.3400245059470375
Random Forest,1094,player_2,match_19,729.0,759.0,0.3879176193548387,0.3425068191783276
Random Forest,1095,player_2,match_19,759.0,789.0,0.221746990860215,0.33643079806334714
Random Forest,1096,player_2,match_19,789.0,819.0,0.4105747258064516,0.33762767095176405
Random Forest,1097,player_2,match_19,819.0,849.0,0.3722610903225806,0.33040194774525605
Random Forest,1098,player_2,match_19,849.0,879.0,0.3992315555555555,0.34367236475601004
Random Forest,1099,player_2,match_19,879.0,909.0,0.1642846532258064,0.3499476735600138
Random Forest,1100,player_2,match_19,909.0,939.0,0.2671454725806451,0.34117839423875224
Random Forest,1101,player_2,match_19,939.0,969.0,0.2620449625,0.33247109023927557
Random Forest,1102,player_2,match_19,969.0,999.0,0.2364008132616487,0.3334909547407678
Random Forest,1103,player_2,match_19,999.0,1029.0,0.0370114161290322,0.3439810863278305
Random Forest,1185,player_2,match_20,3.0,33.0,0.3649248661290322,0.3870377680923912
Random Forest,1186,player_2,match_20,33.0,63.0,0.3532953306451613,0.37436786253310217
Random Forest,1187,player_2,match_20,63.0,93.0,0.3162854048387096,0.3468761580059508
Random Forest,1188,player_2,match_20,93.0,123.0,0.3734763354838709,0.3332138791464118
Random Forest,1189,player_2,match_20,123.0,153.0,0.3243749870967741,0.3285950704415356
Random Forest,1190,player_2,match_20,153.0,183.0,0.3642842129032257,0.33309490606690006
Random Forest,1191,player_2,match_20,183.0,213.0,0.4011551274193548,0.33131235346733123
Random Forest,1192,player_2,match_20,213.0,243.0,0.3987028887096774,0.3294642309657986
Random Forest,1193,player_2,match_20,243.0,273.0,0.4171702661290322,0.33096427380644017
Random Forest,1194,player_2,match_20,273.0,303.0,0.3883569403225806,0.3288916091793168
Random Forest,1195,player_2,match_20,303.0,333.0,0.3630810870967741,0.3413081579482155
Random Forest,1196,player_2,match_20,333.0,363.0,0.3619397854838709,0.3312272763250399
Random Forest,1197,player_2,match_20,363.0,393.0,0.4000240064516129,0.33789532809954226
Random Forest,1198,player_2,match_20,393.0,423.0,0.3958978370967742,0.33711757045625557
Random Forest,1199,player_2,match_20,423.0,453.0,0.3788264956989247,0.33666433382635175
Random Forest,1200,player_2,match_20,453.0,483.0,0.3866072693548387,0.3267710137557435
Random Forest,1201,player_2,match_20,483.0,513.0,0.3692804177419354,0.3364198623343928
Random Forest,1202,player_2,match_20,513.0,543.0,0.3807831548387096,0.3325340826839711
Random Forest,1203,player_2,match_20,543.0,573.0,0.3897940709677419,0.33057051726093006
Random Forest,1204,player_2,match_20,573.0,603.0,0.3962242854838709,0.3370997290767611
Random Forest,1205,player_2,match_20,603.0,633.0,0.4124903048387096,0.3330315000795309
Random Forest,1206,player_2,match_20,633.0,663.0,0.3734338709677419,0.33776026203769244
Random Forest,1207,player_2,match_20,663.0,693.0,0.3012079919354838,0.3363583311790488
Random Forest,1208,player_2,match_20,693.0,723.0,0.2420556758064516,0.3271732833087585
Random Forest,1209,player_2,match_20,723.0,753.0,0.4108755774193547,0.33287744503914823
Random Forest,1210,player_2,match_20,753.0,783.0,0.4135165758064515,0.33508182953328147
Random Forest,1211,player_2,match_20,783.0,813.0,0.3825323967741935,0.34840116832769025
Random Forest,1212,player_2,match_20,813.0,843.0,0.3204939112903225,0.35421179164977956
Random Forest,1213,player_2,match_20,843.0,873.0,0.3248239623655913,0.34788987310428054
Random Forest,1214,player_2,match_20,873.0,903.0,0.3390274483870967,0.34293753652007114
Random Forest,1215,player_2,match_20,903.0,933.0,0.2100038483870968,0.3570655533136136
Random Forest,1216,player_2,match_20,933.0,963.0,0.1477797774193548,0.33616877664228734
Random Forest,1217,player_2,match_20,963.0,993.0,0.3258415209677419,0.3511886860390839
Random Forest,1218,player_2,match_20,993.0,1023.0,0.4287407661290321,0.35842827928972354
Random Forest,1219,player_2,match_20,1023.0,1053.0,0.375188664516129,0.35924057871351406
Random Forest,1220,player_2,match_20,1053.0,1083.0,0.287636293548387,0.3524261896387217
Random Forest,1221,player_2,match_20,1083.0,1113.0,0.4094436306451612,0.3575020687065978
Random Forest,1222,player_2,match_20,1113.0,1143.0,0.4046336467741935,0.3488228746660371
Random Forest,1223,player_2,match_20,1143.0,1173.0,0.4205949,0.3524687271917817
Random Forest,1224,player_2,match_20,1173.0,1203.0,0.3462300032258064,0.3516896042064325
Random Forest,1225,player_2,match_20,1203.0,1233.0,0.3347539983870967,0.342551009889155
Random Forest,1226,player_2,match_20,1233.0,1263.0,0.3898393548387096,0.35439088956739445
Random Forest,1227,player_2,match_20,1263.0,1293.0,0.2886360112903225,0.3457783216850263
Random Forest,1228,player_2,match_20,1293.0,1323.0,0.387555341532258,0.34850820552861905
Random Forest,1229,player_2,match_20,1323.0,1353.0,0.1977938951612902,0.3492101640743299
Random Forest,1230,player_2,match_20,1353.0,1383.0,0.1413758629032257,0.34230683721101984
Random Forest,1264,player_2,match_21,0.0,30.0,0.3316527016129031,0.35452699489984735
Random Forest,1265,player_2,match_21,30.0,60.0,0.4313356112903225,0.34872325566611057
Random Forest,1266,player_2,match_21,60.0,90.0,0.4205158467741935,0.3550329662782265
Random Forest,1267,player_2,match_21,90.0,120.0,0.4387095387096774,0.3342934016432439
Random Forest,1268,player_2,match_21,120.0,150.0,0.4259962016129032,0.33891796809121555
Random Forest,1269,player_2,match_21,150.0,180.0,0.4316159854838709,0.3336436666335145
Random Forest,1270,player_2,match_21,180.0,210.0,0.4246090596774193,0.36922832920899645
Random Forest,1271,player_2,match_21,210.0,240.0,0.4406089822580645,0.33976564493613537
Random Forest,1272,player_2,match_21,240.0,270.0,0.4264212419354838,0.33538332953606853
Random Forest,1273,player_2,match_21,270.0,300.0,0.4309485145161289,0.3359725221239524
Random Forest,1274,player_2,match_21,300.0,330.0,0.4343007419354838,0.3401520634340796
Random Forest,1275,player_2,match_21,330.0,360.0,0.4346652887096773,0.3329005195756085
Random Forest,1276,player_2,match_21,360.0,390.0,0.4322045698924731,0.341289831177479
Random Forest,1277,player_2,match_21,390.0,420.0,0.4265902258064515,0.33805854590308776
Random Forest,1278,player_2,match_21,420.0,450.0,0.397753393548387,0.342327657769859
Random Forest,1279,player_2,match_21,450.0,480.0,0.3992529096774194,0.34948911937695215
Random Forest,1280,player_2,match_21,480.0,510.0,0.3918707790322581,0.3435360627264186
Random Forest,1281,player_2,match_21,510.0,540.0,0.3622043258064515,0.34946827092349386
Random Forest,1282,player_2,match_21,540.0,570.0,0.3974682854838709,0.34287038126817554
Random Forest,1283,player_2,match_21,570.0,600.0,0.4223756548387096,0.3435583353483987
Random Forest,1284,player_2,match_21,600.0,630.0,0.4193857483870967,0.34737416884240274
Random Forest,1285,player_2,match_21,630.0,660.0,0.4010296387096774,0.3494424615395432
Random Forest,1286,player_2,match_21,660.0,690.0,0.4042364161290322,0.34209603905583486
Random Forest,1287,player_2,match_21,690.0,720.0,0.4003329209677418,0.3393180777920892
Random Forest,1288,player_2,match_21,720.0,750.0,0.4350319516129032,0.3380373879163983
Random Forest,1289,player_2,match_21,750.0,780.0,0.4288246661290321,0.32834022464124
Random Forest,1290,player_2,match_21,780.0,810.0,0.3615841693548387,0.34051183311045874
Random Forest,1291,player_2,match_21,810.0,840.0,0.3699863930107527,0.3351920616610497
Random Forest,1292,player_2,match_21,840.0,870.0,0.2764377032258064,0.3446763382058263
Random Forest,1293,player_2,match_21,870.0,900.0,0.2745093016129032,0.34620715670189084
Random Forest,1294,player_2,match_21,900.0,930.0,0.2856326790322581,0.35150062466340765
Random Forest,1295,player_2,match_21,930.0,960.0,0.330835379032258,0.34731229859494167
Random Forest,1296,player_2,match_21,960.0,990.0,0.4559655774193548,0.33901882287827295
Random Forest,81,player_3,match_10,7.0,37.0,0.4361331387096773,0.35450054500083006
Random Forest,82,player_3,match_10,37.0,67.0,0.4383647580645161,0.35068522216029235
Random Forest,83,player_3,match_10,67.0,97.0,0.3855034564516129,0.3557905898702305
Random Forest,84,player_3,match_10,97.0,127.0,0.3971516564516129,0.35082634770697313
Random Forest,85,player_3,match_10,127.0,157.0,0.4671472774193548,0.3516031342236537
Random Forest,86,player_3,match_10,157.0,187.0,0.4710231774193548,0.35071627080471346
Random Forest,87,player_3,match_10,187.0,217.0,0.4670338774193548,0.34777139841256355
Random Forest,88,player_3,match_10,217.0,247.0,0.4893131822580644,0.35333010221358907
Random Forest,232,player_3,match_11,4.0,34.0,0.3910243156682027,0.35065517438600213
Random Forest,233,player_3,match_11,34.0,64.0,0.3795904612903226,0.3360169825182466
Random Forest,234,player_3,match_11,64.0,94.0,0.3515901994906621,0.3396241537219862
Random Forest,235,player_3,match_11,94.0,124.0,0.3702416080645161,0.33082665976830355
Random Forest,236,player_3,match_11,124.0,154.0,0.3630615741935483,0.3335592771995865
Random Forest,237,player_3,match_11,154.0,184.0,0.3132434822580644,0.33899026378703784
Random Forest,238,player_3,match_11,184.0,214.0,0.3136218306451612,0.33638365411705484
Random Forest,239,player_3,match_11,214.0,244.0,0.3203669677419355,0.3196483719781812
Random Forest,240,player_3,match_11,244.0,274.0,0.3222881693548386,0.3370400812316467
Random Forest,241,player_3,match_11,274.0,304.0,0.3652293741935484,0.34176144503874534
Random Forest,242,player_3,match_11,304.0,334.0,0.3208708548387096,0.33760313643360945
Random Forest,243,player_3,match_11,334.0,364.0,0.3602804354838709,0.3443677633368438
Random Forest,244,player_3,match_11,364.0,394.0,0.353715379032258,0.3383432183649383
Random Forest,245,player_3,match_11,394.0,424.0,0.3321580241935483,0.33631139170927893
Random Forest,246,player_3,match_11,424.0,454.0,0.3277589032258065,0.336714973569641
Random Forest,247,player_3,match_11,454.0,484.0,0.3303852903225805,0.33964293337240586
Random Forest,248,player_3,match_11,484.0,514.0,0.3474349161290322,0.3340159087015661
Random Forest,249,player_3,match_11,514.0,544.0,0.3166702193548387,0.3348277773848998
Random Forest,250,player_3,match_11,544.0,574.0,0.3397516274193548,0.3341201602442248
Random Forest,251,player_3,match_11,574.0,604.0,0.3643458403225806,0.33285327351782096
Random Forest,252,player_3,match_11,604.0,634.0,0.3368568516129032,0.3461865451487209
Random Forest,253,player_3,match_11,634.0,664.0,0.3319147032258064,0.3355008620723176
Random Forest,254,player_3,match_11,664.0,694.0,0.3474350241935484,0.34681334200136776
Random Forest,255,player_3,match_11,694.0,724.0,0.3478693193548386,0.3467385277605274
Random Forest,256,player_3,match_11,724.0,754.0,0.2987791370967741,0.3339931580509038
Random Forest,257,player_3,match_11,754.0,784.0,0.3593931483870968,0.3365194001335954
Random Forest,258,player_3,match_11,784.0,814.0,0.3544077387096774,0.3413388236429044
Random Forest,259,player_3,match_11,814.0,844.0,0.3207452770609318,0.3406717863224499
Random Forest,260,player_3,match_11,844.0,874.0,0.3315306548387097,0.3219820933273769
Random Forest,261,player_3,match_11,874.0,904.0,0.3873169193548387,0.33690591976549644
Random Forest,262,player_3,match_11,904.0,934.0,0.4688639112903224,0.34143229579149825
Random Forest,263,player_3,match_11,934.0,964.0,0.4263520999999999,0.34045806395724465
Random Forest,264,player_3,match_11,964.0,994.0,0.4231265580645161,0.33508496109537916
Random Forest,265,player_3,match_11,994.0,1024.0,0.3620068967741935,0.33385789939052707
Random Forest,266,player_3,match_11,1024.0,1054.0,0.3321651999999999,0.33461275804478974
Random Forest,267,player_3,match_11,1054.0,1084.0,0.3242882580645161,0.3375701902445949
Random Forest,268,player_3,match_11,1084.0,1114.0,0.3549055661290322,0.34154527217617164
Random Forest,269,player_3,match_11,1114.0,1144.0,0.5306583548387096,0.34938867073469276
Random Forest,270,player_3,match_11,1144.0,1174.0,0.4216986758064516,0.35150942399527446
Random Forest,271,player_3,match_11,1174.0,1204.0,0.4595364225806451,0.33878807135694133
Random Forest,272,player_3,match_11,1204.0,1234.0,0.3909993725806451,0.3405940190104188
Random Forest,273,player_3,match_11,1234.0,1264.0,0.3907572096774193,0.33852673912887143
Random Forest,274,player_3,match_11,1264.0,1294.0,0.3941528467741935,0.33901136018281064
Random Forest,275,player_3,match_11,1294.0,1324.0,0.363603493548387,0.3458768223238478
Random Forest,276,player_3,match_11,1324.0,1354.0,0.5211213467741935,0.3290093500917897
Random Forest,277,player_3,match_11,1354.0,1384.0,0.3878741774193548,0.3348490201736031
Random Forest,278,player_3,match_11,1384.0,1414.0,0.3929994725806451,0.3455656541020781
Random Forest,279,player_3,match_11,1414.0,1444.0,0.3966700661290322,0.3319747305051196
Random Forest,280,player_3,match_11,1444.0,1474.0,0.3972694419354838,0.3295783272251172
Random Forest,281,player_3,match_11,1474.0,1504.0,0.3844904129032257,0.3446361492655727
Random Forest,282,player_3,match_11,1504.0,1534.0,0.4235581967741935,0.34158110854647517
Random Forest,283,player_3,match_11,1534.0,1564.0,0.4034634661290321,0.33348435155063605
Random Forest,284,player_3,match_11,1564.0,1594.0,0.3873319854838709,0.3459768734200055
Random Forest,285,player_3,match_11,1594.0,1624.0,0.4561544548387096,0.3284889793918681
Random Forest,286,player_3,match_11,1624.0,1654.0,0.4235317322580644,0.3274983528203577
Random Forest,287,player_3,match_11,1654.0,1684.0,0.3856292096774192,0.3288240917613992
Random Forest,288,player_3,match_11,1684.0,1714.0,0.3760227193548386,0.33846594973904637
Random Forest,289,player_3,match_11,1714.0,1744.0,0.2833069032258064,0.32668909347654934
Random Forest,290,player_3,match_11,1744.0,1774.0,0.3936828354838709,0.33419452081905865
Random Forest,291,player_3,match_11,1774.0,1804.0,0.3682581903225805,0.33618468021472847
Random Forest,292,player_3,match_11,1804.0,1834.0,0.3789931274193548,0.33709625670602805
Random Forest,293,player_3,match_11,1834.0,1864.0,0.4009829209677419,0.3325949384000955
Random Forest,294,player_3,match_11,1864.0,1894.0,0.4245554919354838,0.34108610300775366
Random Forest,295,player_3,match_11,1894.0,1924.0,0.3521169548387096,0.3164937752717838
Random Forest,296,player_3,match_11,1924.0,1954.0,0.396529314516129,0.32508622011329125
Random Forest,297,player_3,match_11,1954.0,1984.0,0.3933025403225806,0.33303586633638865
Random Forest,298,player_3,match_11,1984.0,2014.0,0.407235072580645,0.3406479750813203
Random Forest,299,player_3,match_11,2014.0,2044.0,0.3857940306451612,0.3331388743190469
Random Forest,300,player_3,match_11,2044.0,2074.0,0.3650781548387096,0.3297937337184208
Random Forest,301,player_3,match_11,2074.0,2104.0,0.3677881225806451,0.33918257755990944
Random Forest,302,player_3,match_11,2104.0,2134.0,0.3522334354838708,0.32413571804680075
Random Forest,303,player_3,match_11,2134.0,2164.0,0.3669460112903225,0.3429923966849157
Random Forest,304,player_3,match_11,2164.0,2194.0,0.4251186709677419,0.334062695418372
Random Forest,305,player_3,match_11,2194.0,2224.0,0.3751776032258064,0.37435020866547575
Random Forest,306,player_3,match_11,2224.0,2254.0,0.3664109546594982,0.3775762623126861
Random Forest,307,player_3,match_11,2254.0,2284.0,0.3646316612903225,0.38869246921143985
Random Forest,419,player_3,match_12,7.0,37.0,0.3669705370967742,0.3797237035516799
Random Forest,420,player_3,match_12,37.0,67.0,0.3955128451612903,0.38033187910466887
Random Forest,421,player_3,match_12,67.0,97.0,0.4126900161290322,0.3888831574475816
Random Forest,422,player_3,match_12,97.0,127.0,0.3963605744416872,0.40434174917231225
Random Forest,423,player_3,match_12,127.0,157.0,0.3903422854838709,0.39998840326515067
Random Forest,424,player_3,match_12,157.0,187.0,0.3844437467741934,0.40511415461537664
Random Forest,425,player_3,match_12,187.0,217.0,0.3757519193548386,0.38036706312580276
Random Forest,426,player_3,match_12,217.0,247.0,0.3749229387096773,0.3977133212006741
Random Forest,427,player_3,match_12,247.0,277.0,0.4028460758064516,0.3900957634296903
Random Forest,428,player_3,match_12,277.0,307.0,0.3926043693548386,0.38313375593794297
Random Forest,429,player_3,match_12,307.0,337.0,0.3512831225806451,0.39232276988499687
Random Forest,430,player_3,match_12,337.0,367.0,0.3351671177419354,0.37313892511136343
Random Forest,431,player_3,match_12,367.0,397.0,0.351164235483871,0.3777498315797589
Random Forest,432,player_3,match_12,397.0,427.0,0.3486505922939068,0.3812751832284411
Random Forest,433,player_3,match_12,427.0,457.0,0.3383293951612902,0.3898203207757092
Random Forest,434,player_3,match_12,457.0,487.0,0.3052464677419354,0.3996053579931989
Random Forest,435,player_3,match_12,487.0,517.0,0.331264729032258,0.3728056965941265
Random Forest,436,player_3,match_12,517.0,547.0,0.3247921725806451,0.39697438990554296
Random Forest,437,player_3,match_12,547.0,577.0,0.3181197177419355,0.3827466721706869
Random Forest,438,player_3,match_12,577.0,607.0,0.3630194354838709,0.3840226036927925
Random Forest,439,player_3,match_12,607.0,637.0,0.3265592177419354,0.37971050359406716
Random Forest,440,player_3,match_12,637.0,667.0,0.3485093774193548,0.3775190774837905
Random Forest,441,player_3,match_12,667.0,697.0,0.3530882854838709,0.3889432968086355
Random Forest,442,player_3,match_12,697.0,727.0,0.3143430758064516,0.37067415733025455
Random Forest,443,player_3,match_12,727.0,757.0,0.3656071177419355,0.38778977484179605
Random Forest,444,player_3,match_12,757.0,787.0,0.3452076838709677,0.3938944983893519
Random Forest,445,player_3,match_12,787.0,817.0,0.3300876080645161,0.37730128783246103
Random Forest,446,player_3,match_12,817.0,847.0,0.3220524403225806,0.3783618552932049
Random Forest,447,player_3,match_12,847.0,877.0,0.3376904403225806,0.4003215598995797
Random Forest,600,player_3,match_13,5.0,35.0,0.3521303193548386,0.36877180041319463
Random Forest,601,player_3,match_13,35.0,65.0,0.3389918370967741,0.3870212725383536
Random Forest,602,player_3,match_13,65.0,95.0,0.3189536467741936,0.40050352855319543
Random Forest,603,player_3,match_13,95.0,125.0,0.3746919064516129,0.3766925144468861
Random Forest,604,player_3,match_13,125.0,155.0,0.3443250306451613,0.38107396247132186
Random Forest,605,player_3,match_13,155.0,185.0,0.3289299306451612,0.3738624428177268
Random Forest,606,player_3,match_13,185.0,215.0,0.3118002080645161,0.3740593753972655
Random Forest,607,player_3,match_13,215.0,245.0,0.3580603419354838,0.3622440591814341
Random Forest,608,player_3,match_13,245.0,275.0,0.4557171241935484,0.3748380294694657
Random Forest,609,player_3,match_13,275.0,305.0,0.3425668338709677,0.3740335978938907
Random Forest,610,player_3,match_13,305.0,335.0,0.3511853032258064,0.38278553114519626
Random Forest,611,player_3,match_13,335.0,365.0,0.3792794516129031,0.3759553977556205
Random Forest,612,player_3,match_13,365.0,395.0,0.3578501048387096,0.3653891143381657
Random Forest,613,player_3,match_13,395.0,425.0,0.3078801193548387,0.3817219978897511
Random Forest,614,player_3,match_13,425.0,455.0,0.3287395096774193,0.365266198660381
Random Forest,615,player_3,match_13,455.0,485.0,0.3821638967741935,0.3670043296299689
Random Forest,616,player_3,match_13,485.0,515.0,0.3466873387096774,0.3559049116827201
Random Forest,617,player_3,match_13,515.0,545.0,0.3102375758064516,0.38381296754791405
Random Forest,618,player_3,match_13,545.0,575.0,0.3276522177419354,0.3782095211605111
Random Forest,619,player_3,match_13,575.0,605.0,0.3520716709677418,0.36959440819522194
Random Forest,620,player_3,match_13,605.0,635.0,0.3152256758064516,0.3694198326345808
Random Forest,621,player_3,match_13,635.0,665.0,0.3598628661290322,0.38122191005362144
Random Forest,622,player_3,match_13,665.0,695.0,0.359101843548387,0.3668912510771716
Random Forest,623,player_3,match_13,695.0,725.0,0.3469617854838709,0.3881801767170922
Random Forest,624,player_3,match_13,725.0,755.0,0.3524468580645161,0.38835495132667786
Random Forest,625,player_3,match_13,755.0,785.0,0.3321925129032258,0.38691297167824606
Random Forest,626,player_3,match_13,785.0,815.0,0.3709659241935484,0.37814993542194103
Random Forest,627,player_3,match_13,815.0,845.0,0.3483519161290322,0.37910514490969355
Random Forest,628,player_3,match_13,845.0,875.0,0.3546726129032257,0.36938821767138386
Random Forest,629,player_3,match_13,875.0,905.0,0.3474160048387097,0.36915994961701565
Random Forest,630,player_3,match_13,905.0,935.0,0.3423207548387097,0.3802188719691617
Random Forest,631,player_3,match_13,935.0,965.0,0.3483044983870967,0.3825181460777023
Random Forest,632,player_3,match_13,965.0,995.0,0.3266472272401433,0.3645825876916667
Random Forest,633,player_3,match_13,995.0,1025.0,0.3334074863799283,0.365743986175615
Random Forest,634,player_3,match_13,1025.0,1055.0,0.323217264516129,0.3612655228780645
Random Forest,635,player_3,match_13,1055.0,1085.0,0.308552164516129,0.36679242665264283
Random Forest,636,player_3,match_13,1085.0,1115.0,0.3111829096774192,0.37147686391151774
Random Forest,637,player_3,match_13,1115.0,1145.0,0.3479715870967742,0.36632323320384913
Random Forest,638,player_3,match_13,1145.0,1175.0,0.3405524612903226,0.3830655978185061
Random Forest,639,player_3,match_13,1175.0,1205.0,0.3372105629032257,0.37338311518987083
Random Forest,640,player_3,match_13,1205.0,1235.0,0.3157914903225806,0.3761282954721542
Random Forest,641,player_3,match_13,1235.0,1265.0,0.3268866564516128,0.37340825623421653
Random Forest,642,player_3,match_13,1265.0,1295.0,0.3247668370967741,0.37576376686146423
Random Forest,643,player_3,match_13,1295.0,1325.0,0.3608837370967741,0.36663804336219247
Random Forest,644,player_3,match_13,1325.0,1355.0,0.3911609709677419,0.3825220201331086
Random Forest,645,player_3,match_13,1355.0,1385.0,0.3425233548387096,0.3794619974607438
Random Forest,646,player_3,match_13,1385.0,1415.0,0.4937061774193548,0.37524394443194314
Random Forest,647,player_3,match_13,1415.0,1445.0,0.4025709661290322,0.3709083801496987
Random Forest,648,player_3,match_13,1445.0,1475.0,0.3101776241935483,0.3797465905963776
Random Forest,649,player_3,match_13,1475.0,1505.0,0.3444233564516128,0.369401364818076
Random Forest,650,player_3,match_13,1505.0,1535.0,0.3442153467741935,0.3710009131211388
Random Forest,651,player_3,match_13,1535.0,1565.0,0.3300268532258064,0.36402342481318745
Random Forest,652,player_3,match_13,1565.0,1595.0,0.5734079725806451,0.364420404965031
Random Forest,653,player_3,match_13,1595.0,1625.0,0.3820903112903225,0.3720864889597702
Random Forest,654,player_3,match_13,1625.0,1655.0,0.3444525193548386,0.3726390658143065
Random Forest,655,player_3,match_13,1655.0,1685.0,0.3390658419354838,0.37743951066674647
Random Forest,656,player_3,match_13,1685.0,1715.0,0.4530429177419354,0.36684037575808376
Random Forest,657,player_3,match_13,1715.0,1745.0,0.3660804564516129,0.36996268885537514
Random Forest,658,player_3,match_13,1745.0,1775.0,0.3375916467741935,0.37924642142995785
Random Forest,659,player_3,match_13,1775.0,1805.0,0.3604707532258064,0.3829244706630847
Random Forest,660,player_3,match_13,1805.0,1835.0,0.4038150612903225,0.3735353897917128
Random Forest,661,player_3,match_13,1835.0,1865.0,0.3563674919354838,0.3719505737236837
Random Forest,662,player_3,match_13,1865.0,1895.0,0.3435740499999999,0.38892642160521673
Random Forest,663,player_3,match_13,1895.0,1925.0,0.3767098,0.37342227699655295
Random Forest,664,player_3,match_13,1925.0,1955.0,0.3773525709677419,0.37307041836306326
Random Forest,665,player_3,match_13,1955.0,1985.0,0.3324288580645161,0.3842575500520367
Random Forest,666,player_3,match_13,1985.0,2015.0,0.4663374177419354,0.3677476342449584
Random Forest,667,player_3,match_13,2015.0,2045.0,0.3857469792114695,0.37077110723060636
Random Forest,668,player_3,match_13,2045.0,2075.0,0.3610912661290322,0.38687166229804415
Random Forest,1297,player_3,match_21,2.0,32.0,0.3669890354838709,0.3656537554694664
Random Forest,1298,player_3,match_21,32.0,62.0,0.3456523177419355,0.3770068838570188
Random Forest,1299,player_3,match_21,62.0,92.0,0.3505914516129031,0.37878957991554246
Random Forest,1300,player_3,match_21,92.0,122.0,0.3115286403225806,0.38829004506619313
Random Forest,1301,player_3,match_21,122.0,152.0,0.3180478177419354,0.3698740345758685
Random Forest,1302,player_3,match_21,152.0,182.0,0.3745705290322579,0.37696802934519447
Random Forest,1303,player_3,match_21,182.0,212.0,0.3594768806451612,0.39045854538886143
Random Forest,1304,player_3,match_21,212.0,242.0,0.3535580693548387,0.38692080428755554
Random Forest,1305,player_3,match_21,242.0,272.0,0.3792379709677419,0.38735948261268904
Random Forest,1306,player_3,match_21,272.0,302.0,0.3605857806451612,0.38738954306953766
Random Forest,1307,player_3,match_21,302.0,332.0,0.4395546516129032,0.3964134343332031
Random Forest,1308,player_3,match_21,332.0,362.0,0.4458765177419355,0.3830764644345648
Random Forest,1309,player_3,match_21,362.0,392.0,0.4798766903225806,0.3937127656668952
Random Forest,1310,player_3,match_21,392.0,422.0,0.4342216451612903,0.3745619689591019
Random Forest,1311,player_3,match_21,422.0,452.0,0.4009650725806452,0.38102951969119
Random Forest,1312,player_3,match_21,452.0,482.0,0.4576769252688172,0.37788546413299445
Random Forest,1313,player_3,match_21,482.0,512.0,0.3430645951612903,0.4074679556359721
Random Forest,1314,player_3,match_21,512.0,542.0,0.4172735112903225,0.39418832342723403
Random Forest,1315,player_3,match_21,542.0,572.0,0.4032284838709677,0.3946549061912032
Random Forest,1316,player_3,match_21,572.0,602.0,0.3825146,0.39325593689946203
Random Forest,1317,player_3,match_21,602.0,632.0,0.3900239548387096,0.3869152875175367
Random Forest,1318,player_3,match_21,632.0,662.0,0.3547383258064516,0.39105295599891604
Random Forest,1319,player_3,match_21,662.0,692.0,0.3558563451612903,0.3696519761663813
Random Forest,1320,player_3,match_21,692.0,722.0,0.3852632161290322,0.3723939905865829
Random Forest,1321,player_3,match_21,722.0,752.0,0.3133045354838709,0.36985451809520486
Random Forest,1322,player_3,match_21,752.0,782.0,0.2778166548387096,0.3746585353026398
Random Forest,1323,player_3,match_21,782.0,812.0,0.3757601564516128,0.37514144831083784
Random Forest,1324,player_3,match_21,812.0,842.0,0.3641775838709677,0.372802939045345
Random Forest,1325,player_3,match_21,842.0,872.0,0.3266585451612903,0.3725160291341402
Random Forest,1326,player_3,match_21,872.0,902.0,0.2961558564516128,0.3708693784980542
Random Forest,1327,player_3,match_21,902.0,932.0,0.3281638145161289,0.3775623004714606
Random Forest,1328,player_3,match_21,932.0,962.0,0.3837857096774193,0.37908015966950603
Random Forest,1329,player_3,match_21,962.0,992.0,0.4081830989247311,0.38218380839996235
Random Forest,1382,player_3,match_8,4.0,34.0,0.2867737333333333,0.36270776079339756
Random Forest,1383,player_3,match_8,34.0,64.0,0.3224119032258065,0.355932259938351
Random Forest,1384,player_3,match_8,64.0,94.0,0.3168409580645161,0.3558555227800424
Random Forest,1385,player_3,match_8,94.0,124.0,0.2380993564516128,0.3649265826079779
Random Forest,1386,player_3,match_8,124.0,154.0,0.2257556677419354,0.35696926523180417
Random Forest,1387,player_3,match_8,154.0,184.0,0.2730701,0.35296546829451086
Random Forest,1388,player_3,match_8,184.0,214.0,0.2103354838709676,0.34846373864263164
Random Forest,1389,player_3,match_8,214.0,244.0,0.2507606387096773,0.34330839216358666
Random Forest,1390,player_3,match_8,244.0,274.0,0.1996526387096774,0.36056803636754775
Random Forest,1391,player_3,match_8,274.0,304.0,0.3189643467741935,0.3625935254154616
Random Forest,1392,player_3,match_8,304.0,334.0,0.2768238306451613,0.35342912251135705
Random Forest,1393,player_3,match_8,334.0,364.0,0.3001439612903225,0.3763869484827165
Random Forest,1394,player_3,match_8,364.0,394.0,0.2786879338709677,0.35726239622513667
Random Forest,1395,player_3,match_8,394.0,424.0,0.2435328903225805,0.35707926526661815
Random Forest,1396,player_3,match_8,424.0,454.0,0.1702869247311827,0.3592638969540625
Random Forest,1397,player_3,match_8,454.0,484.0,0.306578814516129,0.3596517893672981
Random Forest,1398,player_3,match_8,484.0,514.0,0.2767868774193548,0.36136169417164865
Random Forest,1399,player_3,match_8,514.0,544.0,0.250909214516129,0.3640531214194428
Random Forest,1400,player_3,match_8,544.0,574.0,0.3060971032258064,0.3523326752736517
Random Forest,1401,player_3,match_8,574.0,604.0,0.2995785645161289,0.359137827084442
Random Forest,1402,player_3,match_8,604.0,634.0,0.3648162435483871,0.3621760232566028
Random Forest,1403,player_3,match_8,634.0,664.0,0.2738658161290322,0.3528937867395045
Random Forest,1404,player_3,match_8,664.0,694.0,0.3464340290322579,0.3598198715890585
Random Forest,1405,player_3,match_8,694.0,724.0,0.3296180419354838,0.35869409812909137
Random Forest,1406,player_3,match_8,724.0,754.0,0.2870044354838709,0.3514851759384435
Random Forest,1407,player_3,match_8,754.0,784.0,0.3207690709677419,0.35745690081407944
Random Forest,1408,player_3,match_8,784.0,814.0,0.2845508758064516,0.3502944662220668
Random Forest,1409,player_3,match_8,814.0,844.0,0.3200196096774194,0.37556124910253574
Random Forest,1410,player_3,match_8,844.0,874.0,0.3216044274193548,0.36406555112663713
Random Forest,1411,player_3,match_8,874.0,904.0,0.3126179387096773,0.3543835000408284
Random Forest,1412,player_3,match_8,904.0,934.0,0.3606785193548386,0.36267546642274034
Random Forest,1413,player_3,match_8,934.0,964.0,0.385552229032258,0.3669352194299112
Random Forest,1414,player_3,match_8,964.0,994.0,0.3347774983870967,0.36023317536251004
Random Forest,1415,player_3,match_8,994.0,1024.0,0.3717777967741935,0.36164305345875164
Random Forest,1416,player_3,match_8,1024.0,1054.0,0.3365552725806451,0.3661390558983674
Random Forest,1417,player_3,match_8,1054.0,1084.0,0.3237554758064516,0.36480436160016916
Random Forest,1418,player_3,match_8,1084.0,1114.0,0.4643626887096774,0.36614454351421216
Random Forest,1419,player_3,match_8,1114.0,1144.0,0.3093228064516129,0.3545229858867751
Random Forest,1420,player_3,match_8,1144.0,1174.0,0.356843264516129,0.35506002168891765
Random Forest,1421,player_3,match_8,1174.0,1204.0,0.3551337338709677,0.35648800796078345
Random Forest,1422,player_3,match_8,1204.0,1234.0,0.2752174629032258,0.3605287573633106
Random Forest,1423,player_3,match_8,1234.0,1264.0,0.242902343548387,0.3718465293441564
Random Forest,1424,player_3,match_8,1264.0,1294.0,0.3738273983870966,0.34823439008344337
Random Forest,1425,player_3,match_8,1294.0,1324.0,0.3141751016129032,0.3666051528380566
Random Forest,1426,player_3,match_8,1324.0,1354.0,0.3341685548387096,0.37114964598705513
Random Forest,1427,player_3,match_8,1354.0,1384.0,0.3898067403225805,0.3718640713578498
Random Forest,1428,player_3,match_8,1384.0,1414.0,0.3246493258064516,0.35325904355694554
Random Forest,1429,player_3,match_8,1414.0,1444.0,0.2727682241935484,0.36250655893020134
Random Forest,1430,player_3,match_8,1444.0,1474.0,0.2527807983870968,0.36534384234593587
Random Forest,1431,player_3,match_8,1474.0,1504.0,0.3396483903225806,0.3575926137406333
Random Forest,1482,player_3,match_9,1.0,31.0,0.33529765,0.35529597545543123
Random Forest,1483,player_3,match_9,31.0,61.0,0.3742693419354838,0.3537307928648397
Random Forest,1484,player_3,match_9,61.0,91.0,0.3546849516129031,0.36194964046066913
Random Forest,1485,player_3,match_9,91.0,121.0,0.3546658854838709,0.3527845541262813
Random Forest,1486,player_3,match_9,121.0,151.0,0.3238790596774193,0.3501465167092544
Random Forest,1487,player_3,match_9,151.0,181.0,0.4036772,0.3482099055214138
Random Forest,1488,player_3,match_9,181.0,211.0,0.3837763016129032,0.35074833471992173
Random Forest,1489,player_3,match_9,211.0,241.0,0.3465665532258064,0.35234142647379185
Random Forest,1490,player_3,match_9,241.0,271.0,0.317046764516129,0.3509860868435396
Random Forest,1491,player_3,match_9,271.0,301.0,0.3381844661290322,0.35190472970608855
Random Forest,1492,player_3,match_9,301.0,331.0,0.368675708064516,0.3578197193505227
Random Forest,1493,player_3,match_9,331.0,361.0,0.3779544048387097,0.3509232284117639
Random Forest,1494,player_3,match_9,361.0,391.0,0.3473830177419355,0.34856915012300893
Random Forest,1495,player_3,match_9,391.0,421.0,0.3446340870967742,0.34731928647533894
Random Forest,1496,player_3,match_9,421.0,451.0,0.3274053822580645,0.3503530345719271
Random Forest,1497,player_3,match_9,451.0,481.0,0.3398382387096774,0.3557598688980005
Random Forest,1498,player_3,match_9,481.0,511.0,0.4211915596774193,0.3670346459086259
Random Forest,1499,player_3,match_9,511.0,541.0,0.3921036999999999,0.3456509564370451
Random Forest,1500,player_3,match_9,541.0,571.0,0.3714641798387096,0.34720722120063596
Random Forest,1501,player_3,match_9,571.0,601.0,0.3447682870967742,0.33750173277243256
Random Forest,1502,player_3,match_9,601.0,631.0,0.3480073403225806,0.34131628570930855
Random Forest,1503,player_3,match_9,631.0,661.0,0.3573306774193548,0.3412380571732293
Random Forest,1504,player_3,match_9,661.0,691.0,0.4332546073476702,0.3600968336434354
Random Forest,1505,player_3,match_9,691.0,721.0,0.3730761193548387,0.35710529088584886
Random Forest,1506,player_3,match_9,721.0,751.0,0.3033966499999999,0.3596940486590798
Random Forest,1507,player_3,match_9,751.0,781.0,0.3180434161290322,0.36642059947776895
Random Forest,1508,player_3,match_9,781.0,811.0,0.4788181209677419,0.36206421298049174
Random Forest,1509,player_3,match_9,811.0,841.0,0.4453166193548386,0.3485659670234778
Random Forest,1510,player_3,match_9,841.0,871.0,0.3353647677419354,0.3540025106390465
Random Forest,1511,player_3,match_9,871.0,901.0,0.400662479032258,0.365777659559308
Random Forest,1512,player_3,match_9,901.0,931.0,0.4410353741935483,0.3524845287365057
Random Forest,1513,player_3,match_9,931.0,961.0,0.461188043548387,0.3594744943061037
Random Forest,1514,player_3,match_9,961.0,991.0,0.4928181209677419,0.3477023106543638
Random Forest,89,player_4,match_10,9.0,39.0,0.3217799612903225,0.37911600519835825
Random Forest,90,player_4,match_10,39.0,69.0,0.2928451225806451,0.37470606727206573
Random Forest,91,player_4,match_10,69.0,99.0,0.3910603177419354,0.360916188981926
Random Forest,92,player_4,match_10,99.0,129.0,0.3278932709677419,0.36591628244449786
Random Forest,93,player_4,match_10,129.0,159.0,0.4370787677419354,0.37842362569909666
Random Forest,94,player_4,match_10,159.0,189.0,0.3937881016129031,0.36761178440541686
Random Forest,95,player_4,match_10,189.0,219.0,0.1685731397849462,0.36395424490100725
Random Forest,308,player_4,match_11,168.0,198.0,0.3842112951612904,0.37984472848934364
Random Forest,309,player_4,match_11,198.0,228.0,0.4058162451612903,0.3924855209715145
Random Forest,310,player_4,match_11,228.0,258.0,0.4038188241935483,0.3823099336796073
Random Forest,311,player_4,match_11,258.0,288.0,0.3873129274193548,0.3632713122950315
Random Forest,312,player_4,match_11,288.0,318.0,0.3955306419354838,0.3814236547833627
Random Forest,313,player_4,match_11,318.0,348.0,0.4709272048387096,0.39151586508508857
Random Forest,314,player_4,match_11,348.0,378.0,0.5832202322580645,0.38277905919998745
Random Forest,315,player_4,match_11,378.0,408.0,0.4728050080645161,0.3916617648708742
Random Forest,316,player_4,match_11,408.0,438.0,0.413562829032258,0.3813040382132108
Random Forest,317,player_4,match_11,438.0,468.0,0.4762296290322581,0.36918786074229715
Random Forest,318,player_4,match_11,468.0,498.0,0.4215463322580645,0.37771091990716826
Random Forest,319,player_4,match_11,498.0,528.0,0.3882374032258064,0.3715941655411827
Random Forest,320,player_4,match_11,528.0,558.0,0.3935791387096774,0.373456564622834
Random Forest,321,player_4,match_11,558.0,588.0,0.4332609403225805,0.37560187214200447
Random Forest,322,player_4,match_11,588.0,618.0,0.475627679032258,0.38138811227100117
Random Forest,323,player_4,match_11,618.0,648.0,0.4024941677419354,0.37832503447774385
Random Forest,324,player_4,match_11,648.0,678.0,0.4430050919354839,0.39340084141649234
Random Forest,325,player_4,match_11,678.0,708.0,0.4159376048387097,0.39759405275016707
Random Forest,326,player_4,match_11,708.0,738.0,0.3945401516129031,0.3785989906964147
Random Forest,327,player_4,match_11,738.0,768.0,0.4259119580645161,0.3710999526742917
Random Forest,328,player_4,match_11,768.0,798.0,0.4030253258064515,0.3656106818380488
Random Forest,329,player_4,match_11,798.0,828.0,0.3907230725806451,0.37951476975741577
Random Forest,330,player_4,match_11,828.0,858.0,0.4226385591397849,0.38346957789455344
Random Forest,331,player_4,match_11,858.0,888.0,0.448481229032258,0.3784173106754508
Random Forest,332,player_4,match_11,888.0,918.0,0.4334815274193548,0.38788377359871756
Random Forest,333,player_4,match_11,918.0,948.0,0.4083821870967742,0.3916533546073012
Random Forest,334,player_4,match_11,948.0,978.0,0.4190907564516129,0.3737403646620594
Random Forest,335,player_4,match_11,978.0,1008.0,0.429247764516129,0.3856340887871934
Random Forest,336,player_4,match_11,1008.0,1038.0,0.4780028752688172,0.38261024605062666
Random Forest,337,player_4,match_11,1038.0,1068.0,0.4410169193548386,0.38562136061539337
Random Forest,338,player_4,match_11,1068.0,1098.0,0.4612133919354839,0.37959705694642865
Random Forest,339,player_4,match_11,1098.0,1128.0,0.3906026505376343,0.36560520522037626
Random Forest,340,player_4,match_11,1128.0,1158.0,0.4279749279569892,0.37100220651984483
Random Forest,341,player_4,match_11,1158.0,1188.0,0.5070420774193549,0.3812821953879433
Random Forest,342,player_4,match_11,1188.0,1218.0,0.5153815080645161,0.3849926832862312
Random Forest,343,player_4,match_11,1218.0,1248.0,0.428450079032258,0.3741534094957817
Random Forest,344,player_4,match_11,1248.0,1278.0,0.3750276177419355,0.3671504809233921
Random Forest,345,player_4,match_11,1278.0,1308.0,0.3954101774193548,0.36528741111648605
Random Forest,346,player_4,match_11,1308.0,1338.0,0.4079895161290322,0.38141141988961796
Random Forest,347,player_4,match_11,1338.0,1368.0,0.4018140806451612,0.3860047804278362
Random Forest,348,player_4,match_11,1368.0,1398.0,0.3403397758064516,0.3829127400608035
Random Forest,349,player_4,match_11,1398.0,1428.0,0.4415285564516128,0.37393778445891707
Random Forest,350,player_4,match_11,1428.0,1458.0,0.4619110403225805,0.38639534628484673
Random Forest,351,player_4,match_11,1458.0,1488.0,0.4448537112903226,0.3722408984431509
Random Forest,352,player_4,match_11,1488.0,1518.0,0.5368804637096773,0.38043135760166075
Random Forest,353,player_4,match_11,1518.0,1548.0,0.3442471387096774,0.3794593590728243
Random Forest,354,player_4,match_11,1548.0,1578.0,0.4269378112903225,0.3773573677538076
Random Forest,355,player_4,match_11,1578.0,1608.0,0.3956674516129032,0.3805767217042417
Random Forest,356,player_4,match_11,1608.0,1638.0,0.3750901629032258,0.3810574505245599
Random Forest,357,player_4,match_11,1638.0,1668.0,0.4173886274193548,0.37244697373518765
Random Forest,358,player_4,match_11,1668.0,1698.0,0.4143237946236558,0.37278723139389786
Random Forest,359,player_4,match_11,1698.0,1728.0,0.4375127612903225,0.37658782130188384
Random Forest,360,player_4,match_11,1728.0,1758.0,0.3816933838709676,0.37439698059981813
Random Forest,361,player_4,match_11,1758.0,1788.0,0.3879063499999999,0.36923516528112243
Random Forest,362,player_4,match_11,1788.0,1818.0,0.3840723258064515,0.3803669579329715
Random Forest,363,player_4,match_11,1818.0,1848.0,0.4074549297235023,0.3732460784231979
Random Forest,364,player_4,match_11,1848.0,1878.0,0.491157072580645,0.3762241632404186
Random Forest,365,player_4,match_11,1878.0,1908.0,0.377877913489736,0.36942753103576836
Random Forest,366,player_4,match_11,1908.0,1938.0,0.3828979322580644,0.3838681962841393
Random Forest,367,player_4,match_11,1938.0,1968.0,0.3768100806451613,0.3834635104083155
Random Forest,368,player_4,match_11,1968.0,1998.0,0.3784119387096774,0.37837645555309796
Random Forest,369,player_4,match_11,1998.0,2028.0,0.3779958564516128,0.3750046020014369
Random Forest,370,player_4,match_11,2028.0,2058.0,0.3968446774193548,0.386028620857504
Random Forest,371,player_4,match_11,2058.0,2088.0,0.4261899580645161,0.3839853919017511
Random Forest,372,player_4,match_11,2088.0,2118.0,0.418223622580645,0.3692279450670617
Random Forest,373,player_4,match_11,2118.0,2148.0,0.389275564516129,0.38393573578720036
Random Forest,374,player_4,match_11,2148.0,2178.0,0.4169403177419354,0.3795286497443382
Random Forest,375,player_4,match_11,2178.0,2208.0,0.3932120403225806,0.38005774736065545
Random Forest,448,player_4,match_12,236.0,266.0,0.3623836822580645,0.3583827810716106
Random Forest,449,player_4,match_12,266.0,296.0,0.3702193693548387,0.37143393696681515
Random Forest,450,player_4,match_12,296.0,326.0,0.3490734274193549,0.3690526764921363
Random Forest,451,player_4,match_12,326.0,356.0,0.3996911016129032,0.37597262693875116
Random Forest,452,player_4,match_12,356.0,386.0,0.3284608209677419,0.39115075455355314
Random Forest,453,player_4,match_12,386.0,416.0,0.4272166354838709,0.3711889599138404
Random Forest,454,player_4,match_12,416.0,446.0,0.441558479032258,0.36979606417953015
Random Forest,455,player_4,match_12,446.0,476.0,0.4257332451612903,0.3671151105876332
Random Forest,456,player_4,match_12,476.0,506.0,0.3800015161290322,0.3566809128750347
Random Forest,457,player_4,match_12,506.0,536.0,0.3585309838709677,0.3491722219482991
Random Forest,458,player_4,match_12,536.0,566.0,0.4354185322580645,0.36409358378093604
Random Forest,459,player_4,match_12,566.0,596.0,0.457104458064516,0.3745278565418843
Random Forest,460,player_4,match_12,596.0,626.0,0.4273867548387096,0.3644621832934303
Random Forest,461,player_4,match_12,626.0,656.0,0.3503060967741934,0.3659826009819885
Random Forest,462,player_4,match_12,656.0,686.0,0.3833928499999999,0.37730714912808927
Random Forest,463,player_4,match_12,686.0,716.0,0.3904234741935484,0.37141185028788504
Random Forest,464,player_4,match_12,716.0,746.0,0.4298751596774193,0.3439183888054192
Random Forest,465,player_4,match_12,746.0,776.0,0.428139087096774,0.3627262338556598
Random Forest,466,player_4,match_12,776.0,806.0,0.3894983064516129,0.3695083938705289
Random Forest,467,player_4,match_12,806.0,836.0,0.3534890854838709,0.36533130379814877
Random Forest,468,player_4,match_12,836.0,866.0,0.3911594774193548,0.3665453947015506
Random Forest,469,player_4,match_12,866.0,896.0,0.4145624822580644,0.36713935722172114
Random Forest,669,player_4,match_13,134.0,164.0,0.366750979032258,0.34657782611414684
Random Forest,670,player_4,match_13,164.0,194.0,0.3624990887096774,0.3516793115636688
Random Forest,671,player_4,match_13,194.0,224.0,0.352512693548387,0.3464272589688047
Random Forest,672,player_4,match_13,224.0,254.0,0.3564580935483871,0.36424367759337234
Random Forest,673,player_4,match_13,254.0,284.0,0.3309110451612903,0.363949293339479
Random Forest,674,player_4,match_13,284.0,314.0,0.3915517903225806,0.3505863949772618
Random Forest,675,player_4,match_13,314.0,344.0,0.4298870338709677,0.35620162159231794
Random Forest,676,player_4,match_13,344.0,374.0,0.4176532709677419,0.3678251696209504
Random Forest,677,player_4,match_13,374.0,404.0,0.3779788451612903,0.3588747740865342
Random Forest,678,player_4,match_13,404.0,434.0,0.4283153661290322,0.3586619592015484
Random Forest,679,player_4,match_13,434.0,464.0,0.382800129032258,0.3547696298183437
Random Forest,680,player_4,match_13,464.0,494.0,0.4168474403225806,0.3557492514584619
Random Forest,681,player_4,match_13,494.0,524.0,0.3807065758064516,0.3454003769025225
Random Forest,682,player_4,match_13,524.0,554.0,0.4227452580645161,0.347921316121454
Random Forest,683,player_4,match_13,554.0,584.0,0.4064318279569892,0.3486284259521528
Random Forest,684,player_4,match_13,584.0,614.0,0.3609130483870967,0.371673461540058
Random Forest,685,player_4,match_13,614.0,644.0,0.4888476727598565,0.3473421989253307
Random Forest,686,player_4,match_13,644.0,674.0,0.4908945209677419,0.3534976922062496
Random Forest,687,player_4,match_13,674.0,704.0,0.4348001161290322,0.3543273521404334
Random Forest,688,player_4,match_13,704.0,734.0,0.427643643548387,0.35421723849559655
Random Forest,689,player_4,match_13,734.0,764.0,0.4198529306451612,0.3413312505711714
Random Forest,690,player_4,match_13,764.0,794.0,0.3750722806451613,0.35634661444762994
Random Forest,691,player_4,match_13,794.0,824.0,0.2947397709677419,0.3589304073234501
Random Forest,692,player_4,match_13,824.0,854.0,0.4280808758064516,0.35345933163382204
Random Forest,693,player_4,match_13,854.0,884.0,0.415344908064516,0.3586268150833446
Random Forest,694,player_4,match_13,884.0,914.0,0.3840966193548386,0.3616956807228572
Random Forest,695,player_4,match_13,914.0,944.0,0.4180323548387097,0.35855366484943907
Random Forest,696,player_4,match_13,944.0,974.0,0.4621011903225805,0.36026364963679475
Random Forest,697,player_4,match_13,974.0,1004.0,0.4107305645161289,0.34789199084431327
Random Forest,698,player_4,match_13,1004.0,1034.0,0.4295765107526881,0.35464219129053304
Random Forest,699,player_4,match_13,1034.0,1064.0,0.4894602967741935,0.36418161849624936
Random Forest,700,player_4,match_13,1064.0,1094.0,0.4890407419354838,0.3496530949273215
Random Forest,701,player_4,match_13,1094.0,1124.0,0.4325143999999999,0.3599955206826678
Random Forest,702,player_4,match_13,1124.0,1154.0,0.4059713709677419,0.3526557195688128
Random Forest,703,player_4,match_13,1154.0,1184.0,0.4018455499999999,0.35485224353983086
Random Forest,704,player_4,match_13,1184.0,1214.0,0.4696028661290322,0.3390314539693605
Random Forest,705,player_4,match_13,1214.0,1244.0,0.4621412096774193,0.347183596440183
Random Forest,706,player_4,match_13,1244.0,1274.0,0.3845204693548387,0.35092082388946094
Random Forest,707,player_4,match_13,1274.0,1304.0,0.3340003566308243,0.3684171691107427
Random Forest,708,player_4,match_13,1304.0,1334.0,0.4043534483870967,0.35954546147548905
Random Forest,709,player_4,match_13,1334.0,1364.0,0.371750114516129,0.3664369627794405
Random Forest,710,player_4,match_13,1364.0,1394.0,0.4122716016129032,0.3501845155446975
Random Forest,711,player_4,match_13,1394.0,1424.0,0.3915227935483871,0.3471016712387333
Random Forest,712,player_4,match_13,1424.0,1454.0,0.3739972612903226,0.35619214924259157
Random Forest,713,player_4,match_13,1454.0,1484.0,0.4081507080645161,0.3679065494022307
Random Forest,714,player_4,match_13,1484.0,1514.0,0.4723563999999999,0.3555006284448313
Random Forest,715,player_4,match_13,1514.0,1544.0,0.4062820209677418,0.36289978878774654
Random Forest,716,player_4,match_13,1544.0,1574.0,0.4087842096774193,0.3574461720011289
Random Forest,717,player_4,match_13,1574.0,1604.0,0.4999228516129032,0.3644328821267719
Random Forest,718,player_4,match_13,1604.0,1634.0,0.474066529032258,0.35950393536852815
Random Forest,719,player_4,match_13,1634.0,1664.0,0.3784953629032257,0.36987651417790807
Random Forest,720,player_4,match_13,1664.0,1694.0,0.3294626306451612,0.3732210287047992
Random Forest,721,player_4,match_13,1694.0,1724.0,0.4156032951612903,0.3522715178363619
Random Forest,722,player_4,match_13,1724.0,1754.0,0.4257821451612902,0.3659839901833269
Random Forest,723,player_4,match_13,1754.0,1784.0,0.4024596306451612,0.34236393759397793
Random Forest,724,player_4,match_13,1784.0,1814.0,0.328244343548387,0.3584052614182069
Random Forest,725,player_4,match_13,1814.0,1844.0,0.3405583,0.35265528545379793
Random Forest,726,player_4,match_13,1844.0,1874.0,0.4143364048387096,0.352023592115128
Random Forest,727,player_4,match_13,1874.0,1904.0,0.4840867612903226,0.3440704979200433
Random Forest,728,player_4,match_13,1904.0,1934.0,0.369382964516129,0.34476632291359116
Random Forest,729,player_4,match_13,1934.0,1964.0,0.4041648241935484,0.3530382797413364
Random Forest,730,player_4,match_13,1964.0,1994.0,0.3434776064516129,0.3576170075411181
Random Forest,731,player_4,match_13,1994.0,2024.0,0.3997559177419354,0.34483857122547096
Random Forest,732,player_4,match_13,2024.0,2054.0,0.3138108548387097,0.35513592951487566
Random Forest,733,player_4,match_13,2054.0,2084.0,0.3317083516129032,0.3695992072588824
Random Forest,833,player_4,match_14,386.0,416.0,0.405148514516129,0.3773797020129223
Random Forest,834,player_4,match_14,416.0,446.0,0.3932071975806451,0.3775918410348387
Random Forest,835,player_4,match_14,446.0,476.0,0.3884511261520736,0.3640679057624903
Random Forest,836,player_4,match_14,476.0,506.0,0.3836950547235022,0.3708695115240144
Random Forest,837,player_4,match_14,506.0,536.0,0.3789389832949308,0.3742737415087957
Random Forest,838,player_4,match_14,536.0,566.0,0.3756097332949308,0.3757312330986381
Random Forest,839,player_4,match_14,566.0,596.0,0.3930877580645161,0.3714306853242127
Random Forest,840,player_4,match_14,596.0,626.0,0.377830679032258,0.3544618457256333
Random Forest,841,player_4,match_14,626.0,656.0,0.3831889322580645,0.3574243485632502
Random Forest,842,player_4,match_14,656.0,686.0,0.4224506612903225,0.3544639467025369
Random Forest,843,player_4,match_14,686.0,716.0,0.3805634838709677,0.35690067110504714
Random Forest,844,player_4,match_14,716.0,746.0,0.3789224693548386,0.35821996315779814
Random Forest,845,player_4,match_14,746.0,776.0,0.3775421354838709,0.36675542148863033
Random Forest,846,player_4,match_14,776.0,806.0,0.3891524322580645,0.36900999513727545
Random Forest,847,player_4,match_14,806.0,836.0,0.374085243548387,0.3715890854390709
Random Forest,848,player_4,match_14,836.0,866.0,0.3737445677419355,0.3742524461054524
Random Forest,849,player_4,match_14,866.0,896.0,0.37754,0.3757678678257787
Random Forest,850,player_4,match_14,896.0,926.0,0.369730114516129,0.37041666116887856
Random Forest,851,player_4,match_14,926.0,956.0,0.3745211730205278,0.3688998875222982
Random Forest,852,player_4,match_14,956.0,986.0,0.3808013306451612,0.36830467579605103
Random Forest,853,player_4,match_14,986.0,1016.0,0.3776010967741935,0.3790424263042917
Random Forest,854,player_4,match_14,1016.0,1046.0,0.3998627822580645,0.3741372625411987
Random Forest,855,player_4,match_14,1046.0,1076.0,0.5312633096774193,0.35793698903502735
Random Forest,856,player_4,match_14,1076.0,1106.0,0.3963917564516129,0.3720129855148878
Random Forest,857,player_4,match_14,1106.0,1136.0,0.377594408064516,0.377253069960371
Random Forest,858,player_4,match_14,1136.0,1166.0,0.3680299129032257,0.35962304274075035
Random Forest,859,player_4,match_14,1166.0,1196.0,0.3781662887096773,0.362807995867514
Random Forest,860,player_4,match_14,1196.0,1226.0,0.3847059193548386,0.36863684739675845
Random Forest,861,player_4,match_14,1226.0,1256.0,0.3984853483870967,0.3718884976679426
Random Forest,862,player_4,match_14,1256.0,1286.0,0.3775004548387096,0.37887864869822285
Random Forest,863,player_4,match_14,1286.0,1316.0,0.3775998919354838,0.37386478416700003
Random Forest,864,player_4,match_14,1316.0,1346.0,0.37754,0.3676064842495391
Random Forest,865,player_4,match_14,1346.0,1376.0,0.37754,0.37111397270846425
Random Forest,866,player_4,match_14,1376.0,1406.0,0.3777298225806451,0.3616934786670128
Random Forest,867,player_4,match_14,1406.0,1436.0,0.367695179032258,0.3837424320223266
Random Forest,868,player_4,match_14,1436.0,1466.0,0.3880869,0.37239991317711935
Random Forest,869,player_4,match_14,1466.0,1496.0,0.3906062419354839,0.37211059972826527
Random Forest,870,player_4,match_14,1496.0,1526.0,0.3775400096774193,0.38455091339583297
Random Forest,871,player_4,match_14,1526.0,1556.0,0.37754,0.37738689337600184
Random Forest,872,player_4,match_14,1556.0,1586.0,0.3696757516129031,0.38000566086180004
Random Forest,873,player_4,match_14,1586.0,1616.0,0.3824956403225806,0.3837786512379687
Random Forest,874,player_4,match_14,1616.0,1646.0,0.37754,0.36936609959950273
Random Forest,875,player_4,match_14,1646.0,1676.0,0.37754,0.37695265644874204
Random Forest,876,player_4,match_14,1676.0,1706.0,0.3819723225806452,0.37206775111369733
Random Forest,877,player_4,match_14,1706.0,1736.0,0.3797491370967741,0.38214088713519917
Random Forest,878,player_4,match_14,1736.0,1766.0,0.3757101677419354,0.38298677508029316
Random Forest,879,player_4,match_14,1766.0,1796.0,0.3756249609507639,0.38942524954683266
Random Forest,880,player_4,match_14,1796.0,1826.0,0.3942242084889643,0.3848508655682271
Random Forest,881,player_4,match_14,1826.0,1856.0,0.37754,0.3864402230500313
Random Forest,1432,player_4,match_8,3.0,33.0,0.2936402661290322,0.36573710279213434
Random Forest,1433,player_4,match_8,33.0,63.0,0.2337888903225806,0.3530354615969087
Random Forest,1434,player_4,match_8,63.0,93.0,0.2387624322580644,0.36523089814998044
Random Forest,1435,player_4,match_8,93.0,123.0,0.2585965112903226,0.36839113626156644
Random Forest,1436,player_4,match_8,123.0,153.0,0.1856127354838709,0.36742630696173756
Random Forest,1437,player_4,match_8,153.0,183.0,0.2244420725806451,0.3567312873697794
Random Forest,1438,player_4,match_8,183.0,213.0,0.2791424451612903,0.35996383362177053
Random Forest,1439,player_4,match_8,213.0,243.0,0.280498814516129,0.3658134741948981
Random Forest,1440,player_4,match_8,243.0,273.0,0.2254200951612903,0.36131867878901264
Random Forest,1441,player_4,match_8,273.0,303.0,0.2321811870967741,0.3722346409889773
Random Forest,1442,player_4,match_8,303.0,333.0,0.2412346677419354,0.3683025019222727
Random Forest,1443,player_4,match_8,333.0,363.0,0.3085772112903225,0.3827313292257854
Random Forest,1444,player_4,match_8,363.0,393.0,0.3894644483870968,0.38524230999047143
Random Forest,1445,player_4,match_8,393.0,423.0,0.3108899806451612,0.37492988945580025
Random Forest,1446,player_4,match_8,423.0,453.0,0.3475553870967742,0.39268969060749476
Random Forest,1447,player_4,match_8,453.0,483.0,0.3402289983870967,0.37685534018282635
Random Forest,1448,player_4,match_8,483.0,513.0,0.4374144387096774,0.3647637067931744
Random Forest,1449,player_4,match_8,513.0,543.0,0.4074272322580645,0.3668547971164931
Random Forest,1450,player_4,match_8,543.0,573.0,0.3671605225806451,0.38964314591824184
Random Forest,1451,player_4,match_8,573.0,603.0,0.462001229032258,0.37147139956600195
Random Forest,1452,player_4,match_8,603.0,633.0,0.2885247564516129,0.3537458645465827
Random Forest,1453,player_4,match_8,633.0,663.0,0.3292853935483871,0.3709268548504579
Random Forest,1454,player_4,match_8,663.0,693.0,0.4571119806451613,0.3830879144199899
Random Forest,1455,player_4,match_8,693.0,723.0,0.345162040860215,0.36101505763063824
Random Forest,1456,player_4,match_8,723.0,753.0,0.3520294903225806,0.35847186017263666
Random Forest,1457,player_4,match_8,753.0,783.0,0.319706914516129,0.36286610504923816
Random Forest,1458,player_4,match_8,783.0,813.0,0.3719317096774193,0.37059143719377124
Random Forest,1459,player_4,match_8,813.0,843.0,0.3440492451612902,0.37225184452652066
Random Forest,1460,player_4,match_8,843.0,873.0,0.4413690096774193,0.37865620331357036
Random Forest,1461,player_4,match_8,873.0,903.0,0.5348753854838709,0.38519271383453796
Random Forest,1462,player_4,match_8,903.0,933.0,0.5216585983870968,0.3811363612466168
Random Forest,1463,player_4,match_8,933.0,963.0,0.4585932709677418,0.38510213104912006
Random Forest,1464,player_4,match_8,963.0,993.0,0.3480824774193548,0.37176866984945656
Random Forest,1465,player_4,match_8,993.0,1023.0,0.4307672241935483,0.3763350025056674
Random Forest,1466,player_4,match_8,1023.0,1053.0,0.6003164032258064,0.3715749161152578
Random Forest,1467,player_4,match_8,1053.0,1083.0,0.4401362887096773,0.36869821630859767
Random Forest,1468,player_4,match_8,1083.0,1113.0,0.4283666467741935,0.3658333005779941
Random Forest,1469,player_4,match_8,1113.0,1143.0,0.478429317204301,0.3831658982394889
Random Forest,1470,player_4,match_8,1143.0,1173.0,0.4842511612903225,0.36091979060560864
Random Forest,1471,player_4,match_8,1173.0,1203.0,0.5376216354838709,0.39710248765894124
Random Forest,1472,player_4,match_8,1203.0,1233.0,0.4296513903225806,0.3809490341205951
Random Forest,1473,player_4,match_8,1233.0,1263.0,0.5108459354838709,0.4003063553075979
Random Forest,1474,player_4,match_8,1263.0,1293.0,0.4504216467741935,0.3718375789452487
Random Forest,1475,player_4,match_8,1293.0,1323.0,0.3596913080645161,0.35986023876452716
Random Forest,1476,player_4,match_8,1323.0,1353.0,0.3339856580645161,0.3636681542644332
Random Forest,1477,player_4,match_8,1353.0,1383.0,0.3750152580645161,0.3733883655474281
Random Forest,1478,player_4,match_8,1383.0,1413.0,0.4615939112903225,0.3613573821243826
Random Forest,1479,player_4,match_8,1413.0,1443.0,0.2335161774193548,0.36714609327324904
Random Forest,1480,player_4,match_8,1443.0,1473.0,0.321098814516129,0.3721587150056736
Random Forest,1481,player_4,match_8,1473.0,1503.0,0.44420675,0.383198766422925
Random Forest,1515,player_4,match_9,9.0,39.0,0.4239898887096774,0.37534454783212534
Random Forest,1516,player_4,match_9,39.0,69.0,0.3739965903225806,0.3639977494931926
Random Forest,1517,player_4,match_9,69.0,99.0,0.3716395580645161,0.36624407540512216
Random Forest,1518,player_4,match_9,99.0,129.0,0.4017635564516129,0.3775550886473739
Random Forest,1519,player_4,match_9,129.0,159.0,0.4971047661290322,0.3610882969777461
Random Forest,1520,player_4,match_9,159.0,189.0,0.3686038741935483,0.36034597282092873
Random Forest,1521,player_4,match_9,189.0,219.0,0.3476745096774193,0.3682057983207832
Random Forest,1522,player_4,match_9,219.0,249.0,0.3680411629032258,0.3617420128979863
Random Forest,1523,player_4,match_9,249.0,279.0,0.3407845483870967,0.37311041702206854
Random Forest,1524,player_4,match_9,279.0,309.0,0.3837451451612902,0.40188748590471646
Random Forest,1525,player_4,match_9,309.0,339.0,0.3621322161290322,0.372064276355304
Random Forest,1526,player_4,match_9,339.0,369.0,0.4526585064516129,0.37348391660554353
Random Forest,1527,player_4,match_9,369.0,399.0,0.3755813580645161,0.35933462612180606
Random Forest,1528,player_4,match_9,399.0,429.0,0.4819621903225806,0.36396920958194345
Random Forest,1529,player_4,match_9,429.0,459.0,0.3414929295698924,0.372876594434076
Random Forest,1530,player_4,match_9,459.0,489.0,0.4011424741935483,0.37639545523475365
Random Forest,1531,player_4,match_9,489.0,519.0,0.3668874193548386,0.35903931793893745
Random Forest,1532,player_4,match_9,519.0,549.0,0.4462699548387095,0.3740933061182295
Random Forest,1533,player_4,match_9,549.0,579.0,0.3921005677419354,0.37926667064665504
Random Forest,1534,player_4,match_9,579.0,609.0,0.3451927499999999,0.387286732800005
Random Forest,1535,player_4,match_9,609.0,639.0,0.3739440629032258,0.36719953423450435
Random Forest,1536,player_4,match_9,639.0,669.0,0.3175080225806451,0.36010231386931807
Random Forest,1537,player_4,match_9,669.0,699.0,0.3284608822580644,0.37093590708743157
Random Forest,1538,player_4,match_9,699.0,729.0,0.3103561016129031,0.3677482862470021
Random Forest,1539,player_4,match_9,729.0,759.0,0.3383057854838709,0.3746747411927399
Random Forest,1540,player_4,match_9,759.0,789.0,0.3636210725806451,0.37631038604117717
Random Forest,1541,player_4,match_9,789.0,819.0,0.4444937193548386,0.3869057255660529
Random Forest,1542,player_4,match_9,819.0,849.0,0.4620974139784946,0.38069712913027254
Random Forest,1543,player_4,match_9,849.0,879.0,0.3245619886148008,0.3746286714080253
Random Forest,1544,player_4,match_9,879.0,909.0,0.2481818625237191,0.38676491154677284
Random Forest,1545,player_4,match_9,909.0,939.0,0.3647371741935483,0.3926511407390462
Random Forest,1546,player_4,match_9,939.0,969.0,0.3781964322580644,0.36249378828708306
Random Forest,1547,player_4,match_9,969.0,999.0,0.4294712465437788,0.3666976939196011
Extra Trees,0,player_1,match_0,0.0,30.0,0.3089558967741935,0.372517161085039
Extra Trees,1,player_1,match_0,30.0,60.0,0.293013805734767,0.36966451278520984
Extra Trees,2,player_1,match_0,60.0,90.0,0.3186742338709677,0.3637837084404524
Extra Trees,3,player_1,match_0,90.0,120.0,0.3088151419354837,0.35453722940151466
Extra Trees,4,player_1,match_0,120.0,150.0,0.2586407629032257,0.364510489975732
Extra Trees,5,player_1,match_0,150.0,180.0,0.2626157370967741,0.36112302230072435
Extra Trees,6,player_1,match_0,180.0,210.0,0.2673253306451613,0.36625796214424444
Extra Trees,7,player_1,match_0,210.0,240.0,0.262403414516129,0.3621818617066234
Extra Trees,8,player_1,match_0,240.0,270.0,0.284407179032258,0.36650835633973927
Extra Trees,9,player_1,match_0,270.0,300.0,0.2913860887096773,0.3702479683223522
Extra Trees,10,player_1,match_0,300.0,330.0,0.2618468435483871,0.36078370627148076
Extra Trees,11,player_1,match_0,330.0,360.0,0.2690541677419354,0.35500459340835183
Extra Trees,12,player_1,match_0,360.0,390.0,0.2794713403225806,0.3689163513477776
Extra Trees,13,player_1,match_0,390.0,420.0,0.3035584258064515,0.3653411327177579
Extra Trees,14,player_1,match_0,420.0,450.0,0.2994459048387096,0.3675744141670494
Extra Trees,15,player_1,match_0,450.0,480.0,0.2647599161290321,0.36930275622105907
Extra Trees,16,player_1,match_0,480.0,510.0,0.3334233080645161,0.3751428538663647
Extra Trees,17,player_1,match_0,510.0,540.0,0.2825128983870967,0.3680145495977058
Extra Trees,18,player_1,match_0,540.0,570.0,0.2714513209677418,0.3680564208417576
Extra Trees,19,player_1,match_0,570.0,600.0,0.2878617693548387,0.3663025491930892
Extra Trees,20,player_1,match_0,600.0,630.0,0.3189576483870967,0.36355085408344573
Extra Trees,21,player_1,match_0,630.0,660.0,0.2880222548387097,0.36276508882015773
Extra Trees,22,player_1,match_0,660.0,690.0,0.2710485612903225,0.3664054996442722
Extra Trees,23,player_1,match_0,690.0,720.0,0.2761948435483871,0.3653484153686147
Extra Trees,24,player_1,match_0,720.0,750.0,0.3103824580645161,0.3706927281102759
Extra Trees,25,player_1,match_0,750.0,780.0,0.2959241612903225,0.37257883941985864
Extra Trees,26,player_1,match_0,780.0,810.0,0.2792054548387096,0.3725295195155264
Extra Trees,27,player_1,match_0,810.0,840.0,0.4803356887096774,0.3712191362688985
Extra Trees,28,player_1,match_0,840.0,870.0,0.4701610854838709,0.3703501104636836
Extra Trees,29,player_1,match_0,870.0,900.0,0.4655304225806451,0.37413056522244487
Extra Trees,30,player_1,match_0,900.0,930.0,0.2989577419354838,0.36612730559365525
Extra Trees,31,player_1,match_1,7.0,37.0,0.326792464516129,0.3651885147111792
Extra Trees,32,player_1,match_1,37.0,67.0,0.3146942025089605,0.35965195738810163
Extra Trees,33,player_1,match_1,67.0,97.0,0.327580964516129,0.3657984274661196
Extra Trees,34,player_1,match_1,97.0,127.0,0.3033205887096774,0.36313595997977804
Extra Trees,35,player_1,match_1,127.0,157.0,0.2627608532258064,0.3653974684818955
Extra Trees,36,player_1,match_1,157.0,187.0,0.2688933999999999,0.36218237373789147
Extra Trees,37,player_1,match_1,187.0,217.0,0.2837630806451612,0.3644321614153684
Extra Trees,38,player_1,match_1,217.0,247.0,0.271203708064516,0.3668997754046503
Extra Trees,39,player_1,match_1,247.0,277.0,0.2798041016129032,0.3639085754307027
Extra Trees,40,player_1,match_1,277.0,307.0,0.2588016451612903,0.3698063099412528
Extra Trees,41,player_1,match_1,307.0,337.0,0.2964694806451612,0.3622269951107851
Extra Trees,42,player_1,match_1,337.0,367.0,0.2562407983870967,0.362949542464921
Extra Trees,43,player_1,match_1,367.0,397.0,0.3099167709677419,0.3661440600909425
Extra Trees,44,player_1,match_1,397.0,427.0,0.3193273854838709,0.3656765912825134
Extra Trees,45,player_1,match_1,427.0,457.0,0.2609561080645161,0.3678846247180472
Extra Trees,46,player_1,match_1,457.0,487.0,0.2648506709677419,0.3678451754139082
Extra Trees,47,player_1,match_1,487.0,517.0,0.2760417177419354,0.3747938609639766
Extra Trees,48,player_1,match_1,517.0,547.0,0.2991992596774193,0.3628286658613694
Extra Trees,49,player_1,match_1,547.0,577.0,0.4693328548387097,0.362465041031276
Extra Trees,50,player_1,match_1,577.0,607.0,0.3155598387096773,0.36167684182898135
Extra Trees,51,player_1,match_1,607.0,637.0,0.3107442612903225,0.36813273659925366
Extra Trees,52,player_1,match_1,637.0,667.0,0.3418126048387097,0.36938244282116955
Extra Trees,53,player_1,match_1,667.0,697.0,0.4955745064516129,0.3704855696761076
Extra Trees,54,player_1,match_1,697.0,727.0,0.4025211887096774,0.369780295289049
Extra Trees,55,player_1,match_1,727.0,757.0,0.4099977258064515,0.36526971499200644
Extra Trees,56,player_1,match_1,757.0,787.0,0.4764586903225807,0.3641607262092697
Extra Trees,57,player_1,match_1,787.0,817.0,0.4500446580645161,0.36985348297681647
Extra Trees,58,player_1,match_1,817.0,847.0,0.5814184774193548,0.3701892995442582
Extra Trees,59,player_1,match_1,847.0,877.0,0.3919543064516128,0.36474342754168465
Extra Trees,60,player_1,match_1,877.0,907.0,0.4392985548387096,0.37149910845657796
Extra Trees,61,player_1,match_1,907.0,937.0,0.4926014854838709,0.37246229844657597
Extra Trees,62,player_1,match_1,937.0,967.0,0.342435014516129,0.36722898503069934
Extra Trees,63,player_1,match_1,967.0,997.0,0.3776644999999999,0.3621891235826645
Extra Trees,64,player_1,match_1,997.0,1027.0,0.2881532822580644,0.36254244214520026
Extra Trees,65,player_1,match_1,1027.0,1057.0,0.3654509419354838,0.3626611373778289
Extra Trees,66,player_1,match_1,1057.0,1087.0,0.3716624532258064,0.37502616013184836
Extra Trees,67,player_1,match_1,1087.0,1117.0,0.3102842241935483,0.36388106227751377
Extra Trees,68,player_1,match_1,1117.0,1147.0,0.2924984032258064,0.3690283734644422
Extra Trees,69,player_1,match_1,1147.0,1177.0,0.3274675064516128,0.36736241443128254
Extra Trees,70,player_1,match_1,1177.0,1207.0,0.3139987612903225,0.36754761780993256
Extra Trees,71,player_1,match_1,1207.0,1237.0,0.3041761096774192,0.36504442276622273
Extra Trees,72,player_1,match_1,1237.0,1267.0,0.2918950306451612,0.3643612029424514
Extra Trees,73,player_1,match_1,1267.0,1297.0,0.3080974322580645,0.36267421093766694
Extra Trees,74,player_1,match_1,1297.0,1327.0,0.3178463758064516,0.36662210046444604
Extra Trees,75,player_1,match_1,1327.0,1357.0,0.2968616967741935,0.362824441161396
Extra Trees,76,player_1,match_1,1357.0,1387.0,0.3722757193548387,0.3635643317868053
Extra Trees,77,player_1,match_1,1387.0,1417.0,0.3155762887096773,0.36553299308349513
Extra Trees,78,player_1,match_1,1417.0,1447.0,0.3206064874551971,0.35840990138149675
Extra Trees,79,player_1,match_1,1447.0,1477.0,0.3224366129032258,0.3740948991511855
Extra Trees,80,player_1,match_1,1477.0,1507.0,0.297328814516129,0.36451504865833007
Extra Trees,96,player_1,match_11,172.0,202.0,0.4136623241935483,0.36636961300037335
Extra Trees,97,player_1,match_11,202.0,232.0,0.416332764516129,0.37823674281581643
Extra Trees,98,player_1,match_11,232.0,262.0,0.4717237370967742,0.3734463331613789
Extra Trees,99,player_1,match_11,262.0,292.0,0.5031590225806452,0.37474469875878536
Extra Trees,100,player_1,match_11,292.0,322.0,0.4347989661290322,0.3718422337947055
Extra Trees,101,player_1,match_11,322.0,352.0,0.4280991516129032,0.36719953026384655
Extra Trees,102,player_1,match_11,352.0,382.0,0.4635560725806451,0.3710311410991735
Extra Trees,103,player_1,match_11,382.0,412.0,0.4437919649417562,0.378844839368502
Extra Trees,104,player_1,match_11,412.0,442.0,0.4541907066532257,0.3743236270642829
Extra Trees,105,player_1,match_11,442.0,472.0,0.4438867373900292,0.36950727776856446
Extra Trees,106,player_1,match_11,472.0,502.0,0.4038241983870967,0.3771082882363073
Extra Trees,107,player_1,match_11,502.0,532.0,0.3913221564516129,0.3723601292863867
Extra Trees,108,player_1,match_11,532.0,562.0,0.4260377967741935,0.37169272089705196
Extra Trees,109,player_1,match_11,562.0,592.0,0.4308283129032257,0.37189742715157637
Extra Trees,110,player_1,match_11,592.0,622.0,0.4629238661290322,0.3699987027639285
Extra Trees,111,player_1,match_11,622.0,652.0,0.4602110887096773,0.36328898368814305
Extra Trees,112,player_1,match_11,652.0,682.0,0.3935223306451613,0.37213924515704977
Extra Trees,113,player_1,match_11,682.0,712.0,0.3982104741935484,0.3705013264658118
Extra Trees,114,player_1,match_11,712.0,742.0,0.4295733951612902,0.3797297680107185
Extra Trees,115,player_1,match_11,742.0,772.0,0.4238557,0.3665326231552134
Extra Trees,116,player_1,match_11,772.0,802.0,0.4175289983870967,0.3751978320246476
Extra Trees,117,player_1,match_11,802.0,832.0,0.379765129032258,0.3811337165565058
Extra Trees,118,player_1,match_11,832.0,862.0,0.3948746887096773,0.3783481476859821
Extra Trees,119,player_1,match_11,862.0,892.0,0.4160788564516128,0.37650942159348005
Extra Trees,120,player_1,match_11,892.0,922.0,0.3652540870967741,0.37747163460558447
Extra Trees,121,player_1,match_11,922.0,952.0,0.3925473532258065,0.3708360080703232
Extra Trees,122,player_1,match_11,952.0,982.0,0.3322909274193548,0.37275080200794425
Extra Trees,123,player_1,match_11,982.0,1012.0,0.3801257870967742,0.3743837060338959
Extra Trees,124,player_1,match_11,1012.0,1042.0,0.3373334903225806,0.36650398900580117
Extra Trees,125,player_1,match_11,1042.0,1072.0,0.3478639967741935,0.36720531619696006
Extra Trees,126,player_1,match_11,1072.0,1102.0,0.4415434661290323,0.36899304125515914
Extra Trees,127,player_1,match_11,1102.0,1132.0,0.2853860983870968,0.37606896990947475
Extra Trees,128,player_1,match_11,1132.0,1162.0,0.293957064516129,0.3730384206222806
Extra Trees,129,player_1,match_11,1162.0,1192.0,0.3479358064516128,0.37076544226125874
Extra Trees,130,player_1,match_11,1192.0,1222.0,0.3663038322580645,0.37112695764424963
Extra Trees,131,player_1,match_11,1222.0,1252.0,0.4008660596774193,0.3693851573065956
Extra Trees,132,player_1,match_11,1252.0,1282.0,0.4250461225806451,0.37157999203946623
Extra Trees,133,player_1,match_11,1282.0,1312.0,0.4056366209677419,0.37916159851597103
Extra Trees,134,player_1,match_11,1312.0,1342.0,0.3596767419354838,0.3750797632221216
Extra Trees,135,player_1,match_11,1342.0,1372.0,0.4587094032258064,0.3705088657380384
Extra Trees,136,player_1,match_11,1372.0,1402.0,0.3524431048387096,0.3725254163872758
Extra Trees,137,player_1,match_11,1402.0,1432.0,0.3985929903225805,0.3793924835608791
Extra Trees,138,player_1,match_11,1432.0,1462.0,0.4153332693548386,0.37544048371738037
Extra Trees,139,player_1,match_11,1462.0,1492.0,0.4259003451612903,0.37741451328780046
Extra Trees,140,player_1,match_11,1492.0,1522.0,0.4547701946236558,0.37099142720885625
Extra Trees,141,player_1,match_11,1522.0,1552.0,0.3945448564516129,0.3791039863495951
Extra Trees,142,player_1,match_11,1552.0,1582.0,0.3744696951612902,0.3758669919196699
Extra Trees,143,player_1,match_11,1582.0,1612.0,0.4127492435483871,0.3796988227540712
Extra Trees,144,player_1,match_11,1612.0,1642.0,0.3248093854838709,0.3698971442672911
Extra Trees,145,player_1,match_11,1642.0,1672.0,0.4427095725806451,0.3736149427214799
Extra Trees,146,player_1,match_11,1672.0,1702.0,0.4044388838709676,0.37206063927378674
Extra Trees,147,player_1,match_11,1702.0,1732.0,0.3678745677419354,0.3719610691210275
Extra Trees,148,player_1,match_11,1732.0,1762.0,0.3491393933002481,0.37049978814561174
Extra Trees,149,player_1,match_11,1762.0,1792.0,0.4061422532258064,0.368503368505689
Extra Trees,150,player_1,match_11,1792.0,1822.0,0.3585060322580644,0.3679733938858811
Extra Trees,151,player_1,match_11,1822.0,1852.0,0.3783669338709676,0.37805344490471077
Extra Trees,152,player_1,match_11,1852.0,1882.0,0.450786529032258,0.3693538896250665
Extra Trees,153,player_1,match_11,1882.0,1912.0,0.3480020048387097,0.3732008620839375
Extra Trees,154,player_1,match_11,1912.0,1942.0,0.3644472564516129,0.37194107542627536
Extra Trees,155,player_1,match_11,1942.0,1972.0,0.4806962903225806,0.3714578156395735
Extra Trees,156,player_1,match_11,1972.0,2002.0,0.4444146887096774,0.37215680806026175
Extra Trees,157,player_1,match_11,2002.0,2032.0,0.3196661161290322,0.37553319937071045
Extra Trees,158,player_1,match_11,2032.0,2062.0,0.3275598387096774,0.3722182998904913
Extra Trees,159,player_1,match_11,2062.0,2092.0,0.3751879677419354,0.3764418308697356
Extra Trees,160,player_1,match_11,2092.0,2122.0,0.3702284112903224,0.3696714190533845
Extra Trees,161,player_1,match_11,2122.0,2152.0,0.5152851870967742,0.37021378989910547
Extra Trees,162,player_1,match_11,2152.0,2182.0,0.3809551032258064,0.3679676591935746
Extra Trees,163,player_1,match_11,2182.0,2212.0,0.3728131241935484,0.364028666865283
Extra Trees,376,player_1,match_12,239.0,269.0,0.3400579516129032,0.36640468554589506
Extra Trees,377,player_1,match_12,269.0,299.0,0.3144669612903226,0.36773532434622613
Extra Trees,378,player_1,match_12,299.0,329.0,0.5110473161290323,0.377335790667485
Extra Trees,379,player_1,match_12,329.0,359.0,0.4311793887096774,0.37045469774358486
Extra Trees,380,player_1,match_12,359.0,389.0,0.4683972016129032,0.37279509672415073
Extra Trees,381,player_1,match_12,389.0,419.0,0.4162375016129032,0.36867642602856715
Extra Trees,382,player_1,match_12,419.0,449.0,0.4214025806451612,0.3673182511528905
Extra Trees,383,player_1,match_12,449.0,479.0,0.4019269548387096,0.3683785450121957
Extra Trees,384,player_1,match_12,479.0,509.0,0.3542751080645161,0.3750117704996802
Extra Trees,385,player_1,match_12,509.0,539.0,0.392424593548387,0.368966198274825
Extra Trees,386,player_1,match_12,539.0,569.0,0.3975517532258064,0.3723815727421824
Extra Trees,387,player_1,match_12,569.0,599.0,0.4097716967741935,0.37187141569824356
Extra Trees,388,player_1,match_12,599.0,629.0,0.3381159469534049,0.36943390683801897
Extra Trees,389,player_1,match_12,629.0,659.0,0.3241692,0.37347346841670365
Extra Trees,390,player_1,match_12,659.0,689.0,0.3956984741935483,0.3697046509290636
Extra Trees,391,player_1,match_12,689.0,719.0,0.3604701967741935,0.3736863379701991
Extra Trees,392,player_1,match_12,719.0,749.0,0.4092552193548386,0.3599106116760673
Extra Trees,393,player_1,match_12,749.0,779.0,0.381246243548387,0.3653370084835409
Extra Trees,394,player_1,match_12,779.0,809.0,0.3435942,0.36678084800711236
Extra Trees,395,player_1,match_12,809.0,839.0,0.3481626516129031,0.36961238248117856
Extra Trees,396,player_1,match_12,839.0,869.0,0.329289729032258,0.3718381518474163
Extra Trees,470,player_1,match_13,137.0,167.0,0.4297108421146953,0.3641511560770779
Extra Trees,471,player_1,match_13,167.0,197.0,0.4261963,0.3529834909314809
Extra Trees,472,player_1,match_13,197.0,227.0,0.3807079999999999,0.37021912384701156
Extra Trees,473,player_1,match_13,227.0,257.0,0.4518187258064515,0.36911728871032073
Extra Trees,474,player_1,match_13,257.0,287.0,0.4522258548387096,0.3711279205174632
Extra Trees,475,player_1,match_13,287.0,317.0,0.4434951919354838,0.36875125692206123
Extra Trees,476,player_1,match_13,317.0,347.0,0.3814994806451612,0.36715886029832645
Extra Trees,477,player_1,match_13,347.0,377.0,0.3740176983870967,0.37170274853211316
Extra Trees,478,player_1,match_13,377.0,407.0,0.3679258548387096,0.36557805069875104
Extra Trees,479,player_1,match_13,407.0,437.0,0.4163013999999999,0.3709694370553146
Extra Trees,480,player_1,match_13,437.0,467.0,0.3734376612903225,0.36685702110018037
Extra Trees,481,player_1,match_13,467.0,497.0,0.3954941016129032,0.36963839036807933
Extra Trees,482,player_1,match_13,497.0,527.0,0.3866611483870967,0.3707642291314688
Extra Trees,483,player_1,match_13,527.0,557.0,0.4719075193548386,0.36621621691447087
Extra Trees,484,player_1,match_13,557.0,587.0,0.2849969387096773,0.36977872491416086
Extra Trees,485,player_1,match_13,587.0,617.0,0.3055833983870967,0.3663772935328339
Extra Trees,486,player_1,match_13,617.0,647.0,0.3457568602150537,0.36729091370572997
Extra Trees,487,player_1,match_13,647.0,677.0,0.3561092387096773,0.36722747237746084
Extra Trees,488,player_1,match_13,677.0,707.0,0.5017185967741935,0.36692720144050117
Extra Trees,489,player_1,match_13,707.0,737.0,0.3352148564516128,0.36132358368430917
Extra Trees,490,player_1,match_13,737.0,767.0,0.3232410071684587,0.36621388270045047
Extra Trees,491,player_1,match_13,767.0,797.0,0.3319687419354838,0.36256606991428936
Extra Trees,492,player_1,match_13,797.0,827.0,0.3787868693548386,0.3676882579198295
Extra Trees,493,player_1,match_13,827.0,857.0,0.3573640483870968,0.3638178643064103
Extra Trees,494,player_1,match_13,857.0,887.0,0.36030815,0.3603774331091966
Extra Trees,495,player_1,match_13,887.0,917.0,0.3700600615835777,0.3678715697992172
Extra Trees,496,player_1,match_13,917.0,947.0,0.4018305112903225,0.36236997008624533
Extra Trees,497,player_1,match_13,947.0,977.0,0.4777713887096774,0.36013614718774906
Extra Trees,498,player_1,match_13,977.0,1007.0,0.4825169677419355,0.3717518642844199
Extra Trees,499,player_1,match_13,1007.0,1037.0,0.4120946451612902,0.3669989944019361
Extra Trees,500,player_1,match_13,1037.0,1067.0,0.3189861989247311,0.36572235695390454
Extra Trees,501,player_1,match_13,1067.0,1097.0,0.2867375225806451,0.35832044263795504
Extra Trees,502,player_1,match_13,1097.0,1127.0,0.3511622177419354,0.3553321361135567
Extra Trees,503,player_1,match_13,1127.0,1157.0,0.4818510516129031,0.3652278843114718
Extra Trees,504,player_1,match_13,1157.0,1187.0,0.3894725306451612,0.36432323108821324
Extra Trees,505,player_1,match_13,1187.0,1217.0,0.4749633854838709,0.3640169385231796
Extra Trees,506,player_1,match_13,1217.0,1247.0,0.5027637548387096,0.37331054254688467
Extra Trees,507,player_1,match_13,1247.0,1277.0,0.4474593967741935,0.36591463435047455
Extra Trees,508,player_1,match_13,1277.0,1307.0,0.3817496338709677,0.3609917785898959
Extra Trees,509,player_1,match_13,1307.0,1337.0,0.4277196951612903,0.3626432954625037
Extra Trees,510,player_1,match_13,1337.0,1367.0,0.4311164306451612,0.366008813180871
Extra Trees,511,player_1,match_13,1367.0,1397.0,0.4622056483870967,0.3707075335536583
Extra Trees,512,player_1,match_13,1397.0,1427.0,0.3698741612903226,0.36262770601985467
Extra Trees,513,player_1,match_13,1427.0,1457.0,0.4040003428315412,0.365776312024721
Extra Trees,514,player_1,match_13,1457.0,1487.0,0.4624870016129032,0.3575181626854255
Extra Trees,515,player_1,match_13,1487.0,1517.0,0.4829153225806451,0.36338596443703464
Extra Trees,516,player_1,match_13,1517.0,1547.0,0.3507165499999999,0.3681518308286593
Extra Trees,517,player_1,match_13,1547.0,1577.0,0.4577799,0.3685683016351959
Extra Trees,518,player_1,match_13,1577.0,1607.0,0.4131685822580645,0.3630651625172643
Extra Trees,519,player_1,match_13,1607.0,1637.0,0.5196829693548387,0.3654330537987155
Extra Trees,520,player_1,match_13,1637.0,1667.0,0.4005708806451612,0.37364657877249496
Extra Trees,521,player_1,match_13,1667.0,1697.0,0.5110959516129032,0.3640795910583419
Extra Trees,522,player_1,match_13,1697.0,1727.0,0.5381736774193548,0.3625416816591791
Extra Trees,523,player_1,match_13,1727.0,1757.0,0.4434894193548387,0.36031188436138206
Extra Trees,524,player_1,match_13,1757.0,1787.0,0.3746342467741935,0.3638702835856785
Extra Trees,525,player_1,match_13,1787.0,1817.0,0.3379895209677419,0.366291843127828
Extra Trees,526,player_1,match_13,1817.0,1847.0,0.4141112580645161,0.3633080428844095
Extra Trees,527,player_1,match_13,1847.0,1877.0,0.3742167112903225,0.36282894794027276
Extra Trees,528,player_1,match_13,1877.0,1907.0,0.3697015591397848,0.36231508493410053
Extra Trees,529,player_1,match_13,1907.0,1937.0,0.4048530274193548,0.36734212764086943
Extra Trees,530,player_1,match_13,1937.0,1967.0,0.2652047612903225,0.3661356107848734
Extra Trees,531,player_1,match_13,1967.0,1997.0,0.3488528193548386,0.3699775360042635
Extra Trees,532,player_1,match_13,1997.0,2027.0,0.3670864032258064,0.35515527044014195
Extra Trees,533,player_1,match_13,2027.0,2057.0,0.4078593241935483,0.3617174224809856
Extra Trees,534,player_1,match_13,2057.0,2087.0,0.4180620564516129,0.3847285313248841
Extra Trees,734,player_1,match_14,394.0,424.0,0.329956329032258,0.3633786141878833
Extra Trees,735,player_1,match_14,424.0,454.0,0.2993918573393348,0.3652316929385251
Extra Trees,736,player_1,match_14,454.0,484.0,0.2910753457114278,0.35394708845387785
Extra Trees,737,player_1,match_14,484.0,514.0,0.2827588340835208,0.3552339836816251
Extra Trees,738,player_1,match_14,514.0,544.0,0.2744423224556138,0.36536919810080787
Extra Trees,739,player_1,match_14,544.0,574.0,0.2707195919354838,0.3622860233458239
Extra Trees,740,player_1,match_14,574.0,604.0,0.2634844580645161,0.36685923296852885
Extra Trees,741,player_1,match_14,604.0,634.0,0.3307987274193548,0.36206076079893385
Extra Trees,742,player_1,match_14,634.0,664.0,0.3718515516129032,0.36111095874687515
Extra Trees,743,player_1,match_14,664.0,694.0,0.2566187677419353,0.3561782605495182
Extra Trees,744,player_1,match_14,694.0,724.0,0.2521627016129032,0.3573687697173738
Extra Trees,745,player_1,match_14,724.0,754.0,0.3387252241935484,0.3632621258055332
Extra Trees,746,player_1,match_14,754.0,784.0,0.2438232354838709,0.3584988030335134
Extra Trees,747,player_1,match_14,784.0,814.0,0.2675964661290322,0.35880987332418973
Extra Trees,748,player_1,match_14,814.0,844.0,0.2718040758064516,0.3609133405229839
Extra Trees,749,player_1,match_14,844.0,874.0,0.2869475951612902,0.37036146317007096
Extra Trees,750,player_1,match_14,874.0,904.0,0.289157864516129,0.3610394253347942
Extra Trees,751,player_1,match_14,904.0,934.0,0.2668230016129032,0.3589213612930197
Extra Trees,752,player_1,match_14,934.0,964.0,0.2973100241935483,0.36418347931219375
Extra Trees,753,player_1,match_14,964.0,994.0,0.3126952774193547,0.36446878199985155
Extra Trees,754,player_1,match_14,994.0,1024.0,0.3368025629032257,0.3660878876427411
Extra Trees,755,player_1,match_14,1024.0,1054.0,0.3230093758064516,0.35710123023488377
Extra Trees,756,player_1,match_14,1054.0,1084.0,0.2887739258064515,0.3577172993550902
Extra Trees,757,player_1,match_14,1084.0,1114.0,0.2846323612903225,0.3660901867297354
Extra Trees,758,player_1,match_14,1114.0,1144.0,0.3458288548387097,0.3735781266581169
Extra Trees,759,player_1,match_14,1144.0,1174.0,0.2876663016129032,0.3603219701876588
Extra Trees,760,player_1,match_14,1174.0,1204.0,0.3187364483870967,0.3575932420169383
Extra Trees,761,player_1,match_14,1204.0,1234.0,0.2769541564516128,0.3641528511980914
Extra Trees,762,player_1,match_14,1234.0,1264.0,0.3034009096774193,0.3680104124125974
Extra Trees,763,player_1,match_14,1264.0,1294.0,0.3052135903225806,0.3616833683876892
Extra Trees,764,player_1,match_14,1294.0,1324.0,0.2810469241935482,0.35733100547325863
Extra Trees,765,player_1,match_14,1324.0,1354.0,0.2712858629032257,0.3550676472415955
Extra Trees,766,player_1,match_14,1354.0,1384.0,0.308564164516129,0.3589835090669312
Extra Trees,767,player_1,match_14,1384.0,1414.0,0.2781091774193548,0.3645941709298163
Extra Trees,768,player_1,match_14,1414.0,1444.0,0.3313043209677418,0.37000033686462636
Extra Trees,769,player_1,match_14,1444.0,1474.0,0.3813909451612903,0.3672447108561897
Extra Trees,770,player_1,match_14,1474.0,1504.0,0.3995235177419354,0.363166277237035
Extra Trees,771,player_1,match_14,1504.0,1534.0,0.2877168677419354,0.3617440259583451
Extra Trees,772,player_1,match_14,1534.0,1564.0,0.2648341516129032,0.35498630694088895
Extra Trees,773,player_1,match_14,1564.0,1594.0,0.3137279225806451,0.37553078980667265
Extra Trees,774,player_1,match_14,1594.0,1624.0,0.3933622274193548,0.36551826759905137
Extra Trees,775,player_1,match_14,1624.0,1654.0,0.287526043548387,0.361686888764914
Extra Trees,776,player_1,match_14,1654.0,1684.0,0.2981030709677419,0.36178699066042147
Extra Trees,777,player_1,match_14,1684.0,1714.0,0.3973651096774194,0.3691915220342496
Extra Trees,778,player_1,match_14,1714.0,1744.0,0.3146204016129031,0.3701316399868937
Extra Trees,779,player_1,match_14,1744.0,1774.0,0.3720404870967742,0.36538217962828873
Extra Trees,780,player_1,match_14,1774.0,1804.0,0.3306750983870967,0.3645153844018367
Extra Trees,781,player_1,match_14,1804.0,1834.0,0.4044475838709677,0.37233616437480976
Extra Trees,782,player_1,match_14,1834.0,1864.0,0.3351733838709677,0.3729655104744866
Extra Trees,882,player_1,match_18,65.0,95.0,0.4903846806451613,0.3550217755848143
Extra Trees,883,player_1,match_18,95.0,125.0,0.4900290274193548,0.35416673711116203
Extra Trees,884,player_1,match_18,125.0,155.0,0.4216675161290322,0.363294902631854
Extra Trees,885,player_1,match_18,155.0,185.0,0.4281842338709677,0.3598784601732569
Extra Trees,886,player_1,match_18,185.0,215.0,0.3942215951612903,0.354855109396274
Extra Trees,887,player_1,match_18,215.0,245.0,0.4428200919354838,0.36571468824442704
Extra Trees,888,player_1,match_18,245.0,275.0,0.3800381499999999,0.3651725554626397
Extra Trees,889,player_1,match_18,275.0,305.0,0.424114085483871,0.37041131215731304
Extra Trees,890,player_1,match_18,305.0,335.0,0.3540663193548387,0.3626410468941383
Extra Trees,891,player_1,match_18,335.0,365.0,0.3890096903225806,0.3714543155654825
Extra Trees,892,player_1,match_18,365.0,395.0,0.4142705121863799,0.36670451882616706
Extra Trees,893,player_1,match_18,395.0,425.0,0.361949864516129,0.37142741323603035
Extra Trees,894,player_1,match_18,425.0,455.0,0.3998154858870967,0.3640617786028567
Extra Trees,895,player_1,match_18,455.0,485.0,0.4608750548387096,0.35558848816955846
Extra Trees,896,player_1,match_18,485.0,515.0,0.4413816612903226,0.3670334774187491
Extra Trees,897,player_1,match_18,515.0,545.0,0.4072058532258064,0.3695730370388451
Extra Trees,898,player_1,match_18,545.0,575.0,0.4313362693548387,0.3635027645327697
Extra Trees,899,player_1,match_18,575.0,605.0,0.3883011435483871,0.3692415785278079
Extra Trees,900,player_1,match_18,605.0,635.0,0.3999302999999999,0.36846126875963114
Extra Trees,901,player_1,match_18,635.0,665.0,0.3973900967741935,0.3709855361111877
Extra Trees,902,player_1,match_18,665.0,695.0,0.402514929032258,0.36570204071859264
Extra Trees,903,player_1,match_18,695.0,725.0,0.388979979032258,0.3681218455603846
Extra Trees,904,player_1,match_18,725.0,755.0,0.4493199241935484,0.3687638375989695
Extra Trees,905,player_1,match_18,755.0,785.0,0.4547159870967742,0.36435218168527267
Extra Trees,906,player_1,match_18,785.0,815.0,0.4786723951612902,0.366172979979868
Extra Trees,907,player_1,match_18,815.0,845.0,0.4543706693548386,0.36908464776383487
Extra Trees,908,player_1,match_18,845.0,875.0,0.4450819112903226,0.3641176845968977
Extra Trees,909,player_1,match_18,875.0,905.0,0.3898048854838709,0.3595165415644885
Extra Trees,910,player_1,match_18,905.0,935.0,0.4455010274193548,0.3660599244650764
Extra Trees,911,player_1,match_18,935.0,965.0,0.4510370403225806,0.3657383041073371
Extra Trees,912,player_1,match_18,965.0,995.0,0.3433650370967741,0.3720210914066079
Extra Trees,913,player_1,match_18,995.0,1025.0,0.413941770967742,0.3675031242444134
Extra Trees,914,player_1,match_18,1025.0,1055.0,0.4272219677419355,0.3667123236639486
Extra Trees,915,player_1,match_18,1055.0,1085.0,0.3561701612903226,0.3617321203743746
Extra Trees,916,player_1,match_18,1085.0,1115.0,0.3801260129032258,0.37003531943216206
Extra Trees,917,player_1,match_18,1115.0,1145.0,0.3460726258064516,0.3596825996412916
Extra Trees,918,player_1,match_18,1145.0,1175.0,0.4570099370967742,0.3631241904168015
Extra Trees,919,player_1,match_18,1175.0,1205.0,0.4312639806451612,0.37127220488951723
Extra Trees,920,player_1,match_18,1205.0,1235.0,0.4574239193548387,0.35907620585325695
Extra Trees,921,player_1,match_18,1235.0,1265.0,0.4404858451612902,0.36046701344347243
Extra Trees,922,player_1,match_18,1265.0,1295.0,0.4074666499999999,0.3694981787520697
Extra Trees,923,player_1,match_18,1295.0,1325.0,0.420292243548387,0.3627696786539829
Extra Trees,924,player_1,match_18,1325.0,1355.0,0.3914861870967742,0.3647994849607717
Extra Trees,925,player_1,match_18,1355.0,1385.0,0.3828698806451612,0.3693096272269137
Extra Trees,926,player_1,match_18,1385.0,1415.0,0.4066304532258065,0.357699533165009
Extra Trees,927,player_1,match_18,1415.0,1445.0,0.3114662709677419,0.36840368942252394
Extra Trees,928,player_1,match_18,1445.0,1475.0,0.3201552419354839,0.3509024943706226
Extra Trees,929,player_1,match_18,1475.0,1505.0,0.3667958193548387,0.3589159576538244
Extra Trees,930,player_1,match_18,1505.0,1535.0,0.4142223951612902,0.3560559303886507
Extra Trees,931,player_1,match_18,1535.0,1565.0,0.334844158064516,0.3603202912278248
Extra Trees,932,player_1,match_18,1565.0,1595.0,0.4041086580645161,0.36267740655233527
Extra Trees,933,player_1,match_18,1595.0,1625.0,0.3583298096774193,0.35856332045371186
Extra Trees,934,player_1,match_18,1625.0,1655.0,0.3680079677419354,0.36431132719327114
Extra Trees,935,player_1,match_18,1655.0,1685.0,0.3733173758064515,0.3570273535668554
Extra Trees,936,player_1,match_18,1685.0,1715.0,0.4471321741935483,0.36835415726966486
Extra Trees,937,player_1,match_18,1715.0,1745.0,0.3571136258064515,0.37151264668566364
Extra Trees,938,player_1,match_18,1745.0,1775.0,0.3141510209677419,0.36665206717878446
Extra Trees,939,player_1,match_18,1775.0,1805.0,0.319278529032258,0.3644866331395331
Extra Trees,940,player_1,match_18,1805.0,1835.0,0.3425857064516129,0.3639966186551317
Extra Trees,941,player_1,match_18,1835.0,1865.0,0.3955945096774192,0.3616710716887091
Extra Trees,942,player_1,match_18,1865.0,1895.0,0.3310328129032257,0.3585829573873098
Extra Trees,943,player_1,match_18,1895.0,1925.0,0.3494332516129032,0.36569679379029574
Extra Trees,944,player_1,match_18,1925.0,1955.0,0.4393587096774193,0.3604063553915571
Extra Trees,945,player_1,match_18,1955.0,1985.0,0.4718739387096773,0.35996641612796776
Extra Trees,946,player_1,match_18,1985.0,2015.0,0.3235580279569892,0.3622433564937148
Extra Trees,947,player_1,match_18,2015.0,2045.0,0.4282874827956989,0.35509486477332003
Extra Trees,948,player_1,match_18,2045.0,2075.0,0.3798978268817203,0.3611682817124456
Extra Trees,949,player_1,match_18,2075.0,2105.0,0.3466557096774193,0.3588123469273745
Extra Trees,950,player_1,match_18,2105.0,2135.0,0.4128237854838709,0.3543207060824978
Extra Trees,951,player_1,match_18,2135.0,2165.0,0.3962035838709677,0.3570987439667678
Extra Trees,952,player_1,match_18,2165.0,2195.0,0.4174065806451613,0.3538820996459841
Extra Trees,953,player_1,match_18,2195.0,2225.0,0.4007655806451612,0.3571999568070075
Extra Trees,954,player_1,match_18,2225.0,2255.0,0.4051961274193548,0.35800853204153815
Extra Trees,955,player_1,match_18,2255.0,2285.0,0.3618894451612902,0.3580781447495138
Extra Trees,956,player_1,match_18,2285.0,2315.0,0.3889859241935484,0.3605648517308894
Extra Trees,957,player_1,match_18,2315.0,2345.0,0.3682580241935484,0.36673204033460477
Extra Trees,958,player_1,match_18,2345.0,2375.0,0.4278256209677419,0.36075428713881275
Extra Trees,1036,player_1,match_19,4.0,34.0,0.346955036344086,0.3692848372509261
Extra Trees,1037,player_1,match_19,34.0,64.0,0.4860952193548387,0.3690515540542929
Extra Trees,1038,player_1,match_19,64.0,94.0,0.2503748451612902,0.367879099622732
Extra Trees,1039,player_1,match_19,94.0,124.0,0.3339913580645161,0.3658473036362763
Extra Trees,1040,player_1,match_19,124.0,154.0,0.2979476258064516,0.36389221414254064
Extra Trees,1041,player_1,match_19,154.0,184.0,0.3438236467741935,0.36273627930916935
Extra Trees,1042,player_1,match_19,184.0,214.0,0.4131600645161289,0.36513251433756677
Extra Trees,1043,player_1,match_19,214.0,244.0,0.3620903795698924,0.36568075489115337
Extra Trees,1044,player_1,match_19,244.0,274.0,0.3750370725806451,0.3680140010499741
Extra Trees,1045,player_1,match_19,274.0,304.0,0.3312729403225806,0.36678731853464835
Extra Trees,1046,player_1,match_19,304.0,334.0,0.2992506311827957,0.3670506163593802
Extra Trees,1047,player_1,match_19,334.0,364.0,0.3115837322580644,0.3683026001426671
Extra Trees,1048,player_1,match_19,364.0,394.0,0.3697505870967741,0.3599742751367927
Extra Trees,1049,player_1,match_19,394.0,424.0,0.2926450806451612,0.36981214543940893
Extra Trees,1050,player_1,match_19,424.0,454.0,0.3417411096774193,0.37144033448131825
Extra Trees,1051,player_1,match_19,454.0,484.0,0.4074611709677419,0.36945489441921686
Extra Trees,1052,player_1,match_19,484.0,514.0,0.460586214516129,0.3674541247024515
Extra Trees,1053,player_1,match_19,514.0,544.0,0.3249116758064515,0.3670023658831226
Extra Trees,1054,player_1,match_19,544.0,574.0,0.3767467306451612,0.36820053267174735
Extra Trees,1055,player_1,match_19,574.0,604.0,0.3643226838709676,0.36745366314545796
Extra Trees,1056,player_1,match_19,604.0,634.0,0.3196262645161289,0.36390838686223653
Extra Trees,1057,player_1,match_19,634.0,664.0,0.3825130403225806,0.36576395192492506
Extra Trees,1058,player_1,match_19,664.0,694.0,0.2664388306451613,0.3668184323579921
Extra Trees,1059,player_1,match_19,694.0,724.0,0.4317197419354838,0.368996321493259
Extra Trees,1060,player_1,match_19,724.0,754.0,0.4267420435483871,0.3712071541689884
Extra Trees,1061,player_1,match_19,754.0,784.0,0.3077548532258064,0.3656575348185124
Extra Trees,1062,player_1,match_19,784.0,814.0,0.2900432338709677,0.36509418841129165
Extra Trees,1063,player_1,match_19,814.0,844.0,0.3189259016129032,0.3676964959877944
Extra Trees,1064,player_1,match_19,844.0,874.0,0.3310214225806451,0.3681872275431902
Extra Trees,1065,player_1,match_19,874.0,904.0,0.4569588354838709,0.3680437015463852
Extra Trees,1066,player_1,match_19,904.0,934.0,0.4133246967741935,0.36377766430411396
Extra Trees,1067,player_1,match_19,934.0,964.0,0.4087482870967741,0.36446807206075377
Extra Trees,1068,player_1,match_19,964.0,994.0,0.5050125741935484,0.36646345543933134
Extra Trees,1069,player_1,match_19,994.0,1024.0,0.4477181580645161,0.37018555484396315
Extra Trees,1104,player_1,match_2,4.0,34.0,0.2958652661290322,0.3702647381615409
Extra Trees,1105,player_1,match_2,34.0,64.0,0.2775176467741935,0.37112556715792305
Extra Trees,1106,player_1,match_2,64.0,94.0,0.2637238629032258,0.369473573810786
Extra Trees,1107,player_1,match_2,94.0,124.0,0.2586034,0.37529062553312076
Extra Trees,1108,player_1,match_2,124.0,154.0,0.3067604274193548,0.3698496920500814
Extra Trees,1109,player_1,match_2,154.0,184.0,0.3346776854838709,0.37746932988820925
Extra Trees,1110,player_1,match_2,184.0,214.0,0.2801252564516128,0.3709003714949297
Extra Trees,1111,player_1,match_2,214.0,244.0,0.3093890403225806,0.37549161636315775
Extra Trees,1112,player_1,match_2,244.0,274.0,0.2566419408602149,0.37393427313214456
Extra Trees,1113,player_1,match_2,274.0,304.0,0.2652927387096773,0.36958364875091104
Extra Trees,1114,player_1,match_2,304.0,334.0,0.2742754129032257,0.37153403488574177
Extra Trees,1115,player_1,match_2,334.0,364.0,0.3004889838709677,0.37255107732675047
Extra Trees,1116,player_1,match_2,364.0,394.0,0.2880322241935483,0.37574257148630247
Extra Trees,1117,player_1,match_2,394.0,424.0,0.2722221096774193,0.3641538439249835
Extra Trees,1118,player_1,match_2,424.0,454.0,0.2656520806451613,0.3643330733986515
Extra Trees,1119,player_1,match_2,454.0,484.0,0.3102619983870968,0.36494507477416077
Extra Trees,1120,player_1,match_2,484.0,514.0,0.2792051919354838,0.3687265637035257
Extra Trees,1121,player_1,match_2,514.0,544.0,0.3022927983870968,0.3683723978096495
Extra Trees,1122,player_1,match_2,544.0,574.0,0.2844382032258064,0.36626935439812036
Extra Trees,1123,player_1,match_2,574.0,604.0,0.2853032274193547,0.3693052156260421
Extra Trees,1124,player_1,match_2,604.0,634.0,0.2881203322580645,0.37260739510593166
Extra Trees,1125,player_1,match_2,634.0,664.0,0.3373394419354838,0.3720715718681692
Extra Trees,1126,player_1,match_2,664.0,694.0,0.2931663677419354,0.3681649485537875
Extra Trees,1127,player_1,match_2,694.0,724.0,0.28431085,0.36577815897832006
Extra Trees,1128,player_1,match_2,724.0,754.0,0.3184956838709677,0.3697242278652453
Extra Trees,1129,player_1,match_2,754.0,784.0,0.3055769,0.366476446418219
Extra Trees,1130,player_1,match_2,784.0,814.0,0.2926449499999999,0.36738174407331226
Extra Trees,1131,player_1,match_2,814.0,844.0,0.3067503661290321,0.37110450600365846
Extra Trees,1132,player_1,match_2,844.0,874.0,0.289839793548387,0.36884925625879306
Extra Trees,1133,player_1,match_2,874.0,904.0,0.3378765919354839,0.372455738216096
Extra Trees,1134,player_1,match_2,904.0,934.0,0.3269790983870967,0.3700355834785921
Extra Trees,1135,player_1,match_2,934.0,964.0,0.3132642403225806,0.3685437701668687
Extra Trees,1136,player_1,match_2,964.0,994.0,0.3223875709677419,0.3763922544831678
Extra Trees,1137,player_1,match_2,994.0,1024.0,0.3215101564516129,0.367427022059739
Extra Trees,1138,player_1,match_2,1024.0,1054.0,0.3371445725806451,0.3667553458143186
Extra Trees,1139,player_1,match_20,8.0,38.0,0.3989269854838709,0.3756608923976655
Extra Trees,1140,player_1,match_20,38.0,68.0,0.4316900344086021,0.37606475506932713
Extra Trees,1141,player_1,match_20,68.0,98.0,0.3397370677419354,0.3700070617183304
Extra Trees,1142,player_1,match_20,98.0,128.0,0.3017111225806451,0.3634478367489938
Extra Trees,1143,player_1,match_20,128.0,158.0,0.3798366677419355,0.3603488843458095
Extra Trees,1144,player_1,match_20,158.0,188.0,0.3745574080645161,0.35790374052455465
Extra Trees,1145,player_1,match_20,188.0,218.0,0.3556796903225807,0.36263737302395344
Extra Trees,1146,player_1,match_20,218.0,248.0,0.3473440016129032,0.36625687435871174
Extra Trees,1147,player_1,match_20,248.0,278.0,0.3123709129032258,0.36138832764655243
Extra Trees,1148,player_1,match_20,278.0,308.0,0.3874297354838709,0.36739811515782284
Extra Trees,1149,player_1,match_20,308.0,338.0,0.3102420612903225,0.3636423119040055
Extra Trees,1150,player_1,match_20,338.0,368.0,0.3197564532258065,0.3720111905615727
Extra Trees,1151,player_1,match_20,368.0,398.0,0.4100833096774193,0.3643618557307075
Extra Trees,1152,player_1,match_20,398.0,428.0,0.393396693548387,0.3661733211225468
Extra Trees,1153,player_1,match_20,428.0,458.0,0.385809793548387,0.36340469846248286
Extra Trees,1154,player_1,match_20,458.0,488.0,0.3220859338709677,0.3710807101117223
Extra Trees,1155,player_1,match_20,488.0,518.0,0.4059238080645161,0.36707970572172605
Extra Trees,1156,player_1,match_20,518.0,548.0,0.4215177967741935,0.363613168600804
Extra Trees,1157,player_1,match_20,548.0,578.0,0.4170904209677418,0.36964332643417386
Extra Trees,1158,player_1,match_20,578.0,608.0,0.3580198709677418,0.3744382650343716
Extra Trees,1159,player_1,match_20,608.0,638.0,0.3240940629032258,0.36697562945771645
Extra Trees,1160,player_1,match_20,638.0,668.0,0.4082569467741935,0.36470475191368784
Extra Trees,1161,player_1,match_20,668.0,698.0,0.3032243564516129,0.3602158168026826
Extra Trees,1162,player_1,match_20,698.0,728.0,0.3439332903225806,0.364058683045314
Extra Trees,1163,player_1,match_20,728.0,758.0,0.3478509258064515,0.36467557506696874
Extra Trees,1164,player_1,match_20,758.0,788.0,0.4013233741935483,0.3650514504770186
Extra Trees,1165,player_1,match_20,788.0,818.0,0.4152917016129032,0.367748877517041
Extra Trees,1166,player_1,match_20,818.0,848.0,0.424755858064516,0.3718803759091739
Extra Trees,1167,player_1,match_20,848.0,878.0,0.3946000548387096,0.36500388302461106
Extra Trees,1168,player_1,match_20,878.0,908.0,0.3284972451612902,0.3707420442503719
Extra Trees,1169,player_1,match_20,908.0,938.0,0.4403926483870967,0.36443357686677313
Extra Trees,1170,player_1,match_20,938.0,968.0,0.4816861806451612,0.36877626576550604
Extra Trees,1171,player_1,match_20,968.0,998.0,0.4418031258064515,0.36765270758202123
Extra Trees,1172,player_1,match_20,998.0,1028.0,0.3454945629032258,0.3668787155201859
Extra Trees,1173,player_1,match_20,1028.0,1058.0,0.3381067080645161,0.37368428979947266
Extra Trees,1174,player_1,match_20,1058.0,1088.0,0.3687248887096774,0.3662009029552378
Extra Trees,1175,player_1,match_20,1088.0,1118.0,0.4259811403225805,0.3640859615673557
Extra Trees,1176,player_1,match_20,1118.0,1148.0,0.418253,0.3738597523098421
Extra Trees,1177,player_1,match_20,1148.0,1178.0,0.419524279032258,0.38055549469538164
Extra Trees,1178,player_1,match_20,1178.0,1208.0,0.3381845822580644,0.36242536774738665
Extra Trees,1179,player_1,match_20,1208.0,1238.0,0.3538950322580645,0.36277770006355853
Extra Trees,1180,player_1,match_20,1238.0,1268.0,0.3349326193548387,0.3640272198999425
Extra Trees,1181,player_1,match_20,1268.0,1298.0,0.4908100338709676,0.36912472248850664
Extra Trees,1182,player_1,match_20,1298.0,1328.0,0.4540041129032258,0.3594238231065185
Extra Trees,1183,player_1,match_20,1328.0,1358.0,0.3569337725806452,0.3661154605419339
Extra Trees,1184,player_1,match_20,1358.0,1388.0,0.4102828046594982,0.3697062994871747
Extra Trees,1231,player_1,match_21,3.0,33.0,0.4004845535483871,0.3728148318747162
Extra Trees,1232,player_1,match_21,33.0,63.0,0.4099569516129032,0.3746910267695902
Extra Trees,1233,player_1,match_21,63.0,93.0,0.4049818806451613,0.365373614332883
Extra Trees,1234,player_1,match_21,93.0,123.0,0.3200000661290322,0.36410860255316924
Extra Trees,1235,player_1,match_21,123.0,153.0,0.3533985403225805,0.3685854665986184
Extra Trees,1236,player_1,match_21,153.0,183.0,0.3228522677419354,0.3651861218690636
Extra Trees,1237,player_1,match_21,183.0,213.0,0.3965992741935483,0.366770275509616
Extra Trees,1238,player_1,match_21,213.0,243.0,0.3613735806451612,0.3640999129869298
Extra Trees,1239,player_1,match_21,243.0,273.0,0.3413423725806451,0.3654284420209913
Extra Trees,1240,player_1,match_21,273.0,303.0,0.3935567467741935,0.3695001401560841
Extra Trees,1241,player_1,match_21,303.0,333.0,0.4224229661290322,0.3681530451755603
Extra Trees,1242,player_1,match_21,333.0,363.0,0.4005380483870967,0.36725903285159334
Extra Trees,1243,player_1,match_21,363.0,393.0,0.4055830661290321,0.3652156833968528
Extra Trees,1244,player_1,match_21,393.0,423.0,0.3407616548387097,0.3748697609127841
Extra Trees,1245,player_1,match_21,423.0,453.0,0.3872321983870967,0.36833013923620794
Extra Trees,1246,player_1,match_21,453.0,483.0,0.3013079306451613,0.365749662652281
Extra Trees,1247,player_1,match_21,483.0,513.0,0.2541387903225806,0.36682191156538424
Extra Trees,1248,player_1,match_21,513.0,543.0,0.3072809516129032,0.3649706993864918
Extra Trees,1249,player_1,match_21,543.0,573.0,0.3827155387096774,0.37205941911274787
Extra Trees,1250,player_1,match_21,573.0,603.0,0.2854157129032257,0.3644121035554804
Extra Trees,1251,player_1,match_21,603.0,633.0,0.3713720967741934,0.37207544959599537
Extra Trees,1252,player_1,match_21,633.0,663.0,0.3908297422939067,0.3579680890066594
Extra Trees,1253,player_1,match_21,663.0,693.0,0.4158240161290322,0.3682394897455594
Extra Trees,1254,player_1,match_21,693.0,723.0,0.377770993548387,0.36444844664159737
Extra Trees,1255,player_1,match_21,723.0,753.0,0.3551171693548386,0.36493543267323225
Extra Trees,1256,player_1,match_21,753.0,783.0,0.6543495838709678,0.3680088116488234
Extra Trees,1257,player_1,match_21,783.0,813.0,0.6062418838709678,0.3597468226639788
Extra Trees,1258,player_1,match_21,813.0,843.0,0.4450721623655913,0.36679150464637145
Extra Trees,1259,player_1,match_21,843.0,873.0,0.3495499709677419,0.3666849615336855
Extra Trees,1260,player_1,match_21,873.0,903.0,0.3791292774193547,0.3643470888142966
Extra Trees,1261,player_1,match_21,903.0,933.0,0.5089486177419356,0.36094619855904175
Extra Trees,1262,player_1,match_21,933.0,963.0,0.3916851064516128,0.37477964796482904
Extra Trees,1263,player_1,match_21,963.0,993.0,0.3715880693548387,0.3675366154953834
Extra Trees,1330,player_1,match_3,0.0,30.0,0.3446366951612903,0.3706984015019709
Extra Trees,1331,player_1,match_3,30.0,60.0,0.3109970064516129,0.36891272624107463
Extra Trees,1332,player_1,match_3,60.0,90.0,0.326121629032258,0.36438414404053937
Extra Trees,1333,player_1,match_3,90.0,120.0,0.329823464516129,0.3594131143801241
Extra Trees,1334,player_1,match_3,120.0,150.0,0.3237445967741935,0.3587784752522134
Extra Trees,1335,player_1,match_3,150.0,180.0,0.337025514516129,0.35960569058018343
Extra Trees,1336,player_1,match_3,180.0,210.0,0.3217871096774193,0.3589801520841264
Extra Trees,1337,player_1,match_3,210.0,240.0,0.3234279951612903,0.3580444764392295
Extra Trees,1338,player_1,match_3,240.0,270.0,0.3458482322580645,0.3596874764760974
Extra Trees,1339,player_1,match_3,270.0,300.0,0.3226254032258064,0.36220051732441366
Extra Trees,1340,player_1,match_3,300.0,330.0,0.3182741322580644,0.3610711740593522
Extra Trees,1341,player_1,match_3,330.0,360.0,0.3315618693548386,0.3620284359576911
Extra Trees,1342,player_1,match_3,360.0,390.0,0.3394417532258064,0.3669412332250083
Extra Trees,1343,player_1,match_3,390.0,420.0,0.322517014874552,0.3639027835146634
Extra Trees,1344,player_1,match_3,420.0,450.0,0.3606450629032257,0.36380721322001924
Extra Trees,1345,player_1,match_3,450.0,480.0,0.3394956532258064,0.35940603202606713
Extra Trees,1346,player_1,match_3,480.0,510.0,0.3613336209677419,0.3687132149612491
Extra Trees,1347,player_1,match_3,510.0,540.0,0.3539220612903225,0.36004267876353824
Extra Trees,1348,player_1,match_3,540.0,570.0,0.4476641435483871,0.3622668892629833
Extra Trees,1349,player_1,match_3,570.0,600.0,0.3146005225806451,0.3574107148631818
Extra Trees,1350,player_1,match_3,600.0,630.0,0.3320542483870968,0.36145615354532207
Extra Trees,1351,player_1,match_3,630.0,660.0,0.3357328080645161,0.3594082748497217
Extra Trees,1352,player_1,match_3,660.0,690.0,0.3524776774193549,0.3674606797860425
Extra Trees,1353,player_1,match_3,690.0,720.0,0.3604634919354839,0.36336668322043003
Extra Trees,1354,player_1,match_3,720.0,750.0,0.343651643548387,0.3590744096923895
Extra Trees,1355,player_1,match_3,750.0,780.0,0.3439974709677419,0.35719481169238404
Extra Trees,1356,player_1,match_3,780.0,810.0,0.3666215258064516,0.36378733673009306
Extra Trees,1357,player_1,match_3,810.0,840.0,0.3664728241935484,0.37075958622785476
Extra Trees,1358,player_1,match_3,840.0,870.0,0.3279021645161291,0.36346912838536033
Extra Trees,1359,player_1,match_3,870.0,900.0,0.3354657758064516,0.36578646482128385
Extra Trees,1360,player_1,match_3,900.0,930.0,0.3314160274193548,0.3554152950705809
Extra Trees,1361,player_1,match_3,930.0,960.0,0.322504043548387,0.36223663749195617
Extra Trees,1362,player_1,match_3,960.0,990.0,0.3488482370967741,0.367981557369668
Extra Trees,1363,player_1,match_3,990.0,1020.0,0.3799896870967741,0.37929729061981377
Extra Trees,1364,player_1,match_3,1020.0,1050.0,0.471963843548387,0.36847160434477044
Extra Trees,1365,player_1,match_3,1050.0,1080.0,0.4195100596774193,0.3675489591130872
Extra Trees,1366,player_1,match_3,1080.0,1110.0,0.4289013516129032,0.3701067588385485
Extra Trees,1367,player_1,match_3,1110.0,1140.0,0.3872684548387097,0.3657017455738216
Extra Trees,1368,player_1,match_3,1140.0,1170.0,0.3958297032258063,0.36927502318754
Extra Trees,1369,player_1,match_3,1170.0,1200.0,0.4394950258064516,0.37968542077578066
Extra Trees,1370,player_1,match_3,1200.0,1230.0,0.4009759838709676,0.37029205242821855
Extra Trees,1371,player_1,match_3,1230.0,1260.0,0.4137728451612903,0.3722462541438005
Extra Trees,1372,player_1,match_3,1260.0,1290.0,0.3938032241935484,0.3714006304170346
Extra Trees,1373,player_1,match_3,1290.0,1320.0,0.3852829967741935,0.3677556903619737
Extra Trees,1374,player_1,match_3,1320.0,1350.0,0.309360026344086,0.3627504879379546
Extra Trees,1375,player_1,match_3,1350.0,1380.0,0.318415143548387,0.361028974047408
Extra Trees,1376,player_1,match_3,1380.0,1410.0,0.3252842548387097,0.3637210358210749
Extra Trees,1377,player_1,match_3,1410.0,1440.0,0.3482156177419355,0.3635222315738771
Extra Trees,1378,player_1,match_3,1440.0,1470.0,0.3271847951612903,0.36152201228876885
Extra Trees,1379,player_1,match_3,1470.0,1500.0,0.3052435903225806,0.3675408499086835
Extra Trees,1380,player_1,match_3,1500.0,1530.0,0.3606436612903225,0.36465151624447706
Extra Trees,1381,player_1,match_3,1530.0,1560.0,0.3602180016129032,0.36531837171197074
Extra Trees,164,player_2,match_11,171.0,201.0,0.2623217354838709,0.3467223897021055
Extra Trees,165,player_2,match_11,201.0,231.0,0.2642272387096774,0.3503859865901952
Extra Trees,166,player_2,match_11,231.0,261.0,0.2897477274193548,0.35883053361294465
Extra Trees,167,player_2,match_11,261.0,291.0,0.2672184693548387,0.35648552800194
Extra Trees,168,player_2,match_11,291.0,321.0,0.3197311193548386,0.35882425120897893
Extra Trees,169,player_2,match_11,321.0,351.0,0.2947617032258064,0.35289754953141855
Extra Trees,170,player_2,match_11,351.0,381.0,0.2879285322580645,0.3598040143150155
Extra Trees,171,player_2,match_11,381.0,411.0,0.2963167114695341,0.3495726413063749
Extra Trees,172,player_2,match_11,411.0,441.0,0.3226705258064515,0.3504196113239055
Extra Trees,173,player_2,match_11,441.0,471.0,0.3006176103942651,0.35586183784889475
Extra Trees,174,player_2,match_11,471.0,501.0,0.3150016870967741,0.3516163238565509
Extra Trees,175,player_2,match_11,501.0,531.0,0.319758179032258,0.34538133096427776
Extra Trees,176,player_2,match_11,531.0,561.0,0.3478589580645161,0.35344944851380083
Extra Trees,177,player_2,match_11,561.0,591.0,0.3491936887096774,0.3467356999487971
Extra Trees,178,player_2,match_11,591.0,621.0,0.3256973661290322,0.3476112699483201
Extra Trees,179,player_2,match_11,621.0,651.0,0.3642662774193548,0.3558802438695188
Extra Trees,180,player_2,match_11,651.0,681.0,0.3218441629032258,0.35780725906643945
Extra Trees,181,player_2,match_11,681.0,711.0,0.3067237870967741,0.35333746041393904
Extra Trees,182,player_2,match_11,711.0,741.0,0.3288741129032257,0.34935004090795246
Extra Trees,183,player_2,match_11,741.0,771.0,0.3536145096774193,0.3593040573783892
Extra Trees,184,player_2,match_11,771.0,801.0,0.3532903854838709,0.36235909296730984
Extra Trees,185,player_2,match_11,801.0,831.0,0.3739670596774193,0.359169829842677
Extra Trees,186,player_2,match_11,831.0,861.0,0.373655414516129,0.3552136551118577
Extra Trees,187,player_2,match_11,861.0,891.0,0.3933243725806451,0.3589605757394903
Extra Trees,188,player_2,match_11,891.0,921.0,0.3680768258064516,0.3583597325658738
Extra Trees,189,player_2,match_11,921.0,951.0,0.3522220774193548,0.35153182157087337
Extra Trees,190,player_2,match_11,951.0,981.0,0.3449581516129031,0.35290323580749255
Extra Trees,191,player_2,match_11,981.0,1011.0,0.3654426387096773,0.3584444069795659
Extra Trees,192,player_2,match_11,1011.0,1041.0,0.3250653225806451,0.3545876675466845
Extra Trees,193,player_2,match_11,1041.0,1071.0,0.3537423403225806,0.3542273054806108
Extra Trees,194,player_2,match_11,1071.0,1101.0,0.3534418838709677,0.3528713018906441
Extra Trees,195,player_2,match_11,1101.0,1131.0,0.402032293548387,0.35429186349328373
Extra Trees,196,player_2,match_11,1131.0,1161.0,0.353488993548387,0.3586743622783136
Extra Trees,197,player_2,match_11,1161.0,1191.0,0.3527295758064516,0.36288295999147785
Extra Trees,198,player_2,match_11,1191.0,1221.0,0.3663112983870968,0.3496373964038947
Extra Trees,199,player_2,match_11,1221.0,1251.0,0.3421548838709678,0.3510975718413891
Extra Trees,200,player_2,match_11,1251.0,1281.0,0.3399633569892473,0.3540125361322649
Extra Trees,201,player_2,match_11,1281.0,1311.0,0.3775074919354838,0.3523558834787031
Extra Trees,202,player_2,match_11,1311.0,1341.0,0.3787978612903226,0.36014007294400335
Extra Trees,203,player_2,match_11,1341.0,1371.0,0.3619137467741935,0.3620542166916908
Extra Trees,204,player_2,match_11,1371.0,1401.0,0.3974881903225806,0.351581383370699
Extra Trees,205,player_2,match_11,1401.0,1431.0,0.3531865903225805,0.3520746755377773
Extra Trees,206,player_2,match_11,1431.0,1461.0,0.355686429032258,0.3573448881460988
Extra Trees,207,player_2,match_11,1461.0,1491.0,0.3920973467741935,0.34988697888434883
Extra Trees,208,player_2,match_11,1491.0,1521.0,0.2766111258064515,0.35088625325700934
Extra Trees,209,player_2,match_11,1521.0,1551.0,0.203704429032258,0.3524690592098325
Extra Trees,210,player_2,match_11,1551.0,1581.0,0.3272110537634408,0.3546349175772367
Extra Trees,211,player_2,match_11,1581.0,1611.0,0.3821864854838709,0.3480464352473976
Extra Trees,212,player_2,match_11,1611.0,1641.0,0.3492578951612903,0.3578592175250677
Extra Trees,213,player_2,match_11,1641.0,1671.0,0.3789353112903225,0.36105854082388816
Extra Trees,214,player_2,match_11,1671.0,1701.0,0.3978354161290323,0.3552328280404956
Extra Trees,215,player_2,match_11,1701.0,1731.0,0.3644581532258064,0.35876943338367867
Extra Trees,216,player_2,match_11,1731.0,1761.0,0.3794783499999999,0.347847547331465
Extra Trees,217,player_2,match_11,1761.0,1791.0,0.343785158064516,0.35195465563604905
Extra Trees,218,player_2,match_11,1791.0,1821.0,0.3737829274193548,0.34488395268771443
Extra Trees,219,player_2,match_11,1821.0,1851.0,0.3272990322580645,0.35754034711254706
Extra Trees,220,player_2,match_11,1851.0,1881.0,0.3433125677419354,0.3597424568100699
Extra Trees,221,player_2,match_11,1881.0,1911.0,0.3572977758064516,0.34301110964014647
Extra Trees,222,player_2,match_11,1911.0,1941.0,0.4145039112903225,0.35036029936992835
Extra Trees,223,player_2,match_11,1941.0,1971.0,0.3868440903225806,0.36427574095469384
Extra Trees,224,player_2,match_11,1971.0,2001.0,0.3498666951612902,0.35918746508294774
Extra Trees,225,player_2,match_11,2001.0,2031.0,0.3401527967741935,0.3487415748221771
Extra Trees,226,player_2,match_11,2031.0,2061.0,0.2524957580645161,0.3600145504218735
Extra Trees,227,player_2,match_11,2061.0,2091.0,0.2840511193548386,0.35443297693993453
Extra Trees,228,player_2,match_11,2091.0,2121.0,0.3270610548387096,0.34360181579900395
Extra Trees,229,player_2,match_11,2121.0,2151.0,0.3724038903225806,0.35517937759412327
Extra Trees,230,player_2,match_11,2151.0,2181.0,0.3577526896057347,0.34179651260224253
Extra Trees,231,player_2,match_11,2181.0,2211.0,0.3386293274193548,0.35768792673854194
Extra Trees,397,player_2,match_12,235.0,265.0,0.3823774387096774,0.3573709535272483
Extra Trees,398,player_2,match_12,265.0,295.0,0.185351493548387,0.3577616154462876
Extra Trees,399,player_2,match_12,295.0,325.0,0.3765021580645161,0.35901923537733704
Extra Trees,400,player_2,match_12,325.0,355.0,0.2657585096774193,0.3638671060116094
Extra Trees,401,player_2,match_12,355.0,385.0,0.2251858177419354,0.3662091813206558
Extra Trees,402,player_2,match_12,385.0,415.0,0.3591942516129032,0.36014402000656887
Extra Trees,403,player_2,match_12,415.0,445.0,0.3646629112903226,0.3511866937675182
Extra Trees,404,player_2,match_12,445.0,475.0,0.4387410129032257,0.3572387280245318
Extra Trees,405,player_2,match_12,475.0,505.0,0.4251420129032257,0.3525943285891965
Extra Trees,406,player_2,match_12,505.0,535.0,0.3513109016129032,0.3563366679324393
Extra Trees,407,player_2,match_12,535.0,565.0,0.4308218306451612,0.37560885004790523
Extra Trees,408,player_2,match_12,565.0,595.0,0.3958078387096774,0.35006377082133694
Extra Trees,409,player_2,match_12,595.0,625.0,0.4089173139784946,0.34735455482285665
Extra Trees,410,player_2,match_12,625.0,655.0,0.4168825080645161,0.3507755252305226
Extra Trees,411,player_2,match_12,655.0,685.0,0.4286712467741935,0.35247795040405505
Extra Trees,412,player_2,match_12,685.0,715.0,0.3285415370967741,0.3604327087356105
Extra Trees,413,player_2,match_12,715.0,745.0,0.3409090370967741,0.34973769442395747
Extra Trees,414,player_2,match_12,745.0,775.0,0.3877052741935483,0.3578951264269972
Extra Trees,415,player_2,match_12,775.0,805.0,0.2174056338709677,0.3511408441076871
Extra Trees,416,player_2,match_12,805.0,835.0,0.2127050419354837,0.35486224723888005
Extra Trees,417,player_2,match_12,835.0,865.0,0.3839272258064515,0.36020650488159217
Extra Trees,418,player_2,match_12,865.0,895.0,0.4120720758064515,0.3598732957926495
Extra Trees,535,player_2,match_13,136.0,166.0,0.3203768499999999,0.3622101760510558
Extra Trees,536,player_2,match_13,166.0,196.0,0.3510273596774194,0.3397642181475746
Extra Trees,537,player_2,match_13,196.0,226.0,0.3371809887096774,0.3554319173439892
Extra Trees,538,player_2,match_13,226.0,256.0,0.383885364516129,0.35286449780435414
Extra Trees,539,player_2,match_13,256.0,286.0,0.3411146758064516,0.35742395940644944
Extra Trees,540,player_2,match_13,286.0,316.0,0.3868784494623656,0.3575027389036449
Extra Trees,541,player_2,match_13,316.0,346.0,0.3792455322580644,0.3490383484172038
Extra Trees,542,player_2,match_13,346.0,376.0,0.3741152919354837,0.3530101766956298
Extra Trees,543,player_2,match_13,376.0,406.0,0.3264390580645161,0.35423086032564643
Extra Trees,544,player_2,match_13,406.0,436.0,0.3255267806451613,0.35331895273057984
Extra Trees,545,player_2,match_13,436.0,466.0,0.3150696709677419,0.3557887589315322
Extra Trees,546,player_2,match_13,466.0,496.0,0.4319719096774194,0.35762684355311414
Extra Trees,547,player_2,match_13,496.0,526.0,0.4407557629032258,0.35656749902108764
Extra Trees,548,player_2,match_13,526.0,556.0,0.3546817096774193,0.35658534586346713
Extra Trees,549,player_2,match_13,556.0,586.0,0.3732421043010752,0.3404971338330994
Extra Trees,550,player_2,match_13,586.0,616.0,0.3148285612903225,0.35787837797451716
Extra Trees,551,player_2,match_13,616.0,646.0,0.3574014596774193,0.3531879003420555
Extra Trees,552,player_2,match_13,646.0,676.0,0.3697791403225806,0.3538548064361359
Extra Trees,553,player_2,match_13,676.0,706.0,0.4517991048387096,0.35868240977869237
Extra Trees,554,player_2,match_13,706.0,736.0,0.4374386838709677,0.36339019689461943
Extra Trees,555,player_2,match_13,736.0,766.0,0.3904528258064516,0.35219476427344415
Extra Trees,556,player_2,match_13,766.0,796.0,0.348101143548387,0.3508018164451409
Extra Trees,557,player_2,match_13,796.0,826.0,0.3713494290322581,0.3583751574097943
Extra Trees,558,player_2,match_13,826.0,856.0,0.3897900387096774,0.3596701813858648
Extra Trees,559,player_2,match_13,856.0,886.0,0.4105739999999999,0.36725660635047724
Extra Trees,560,player_2,match_13,886.0,916.0,0.3379924193548387,0.3490483315148447
Extra Trees,561,player_2,match_13,916.0,946.0,0.3449711725806451,0.3431717698995602
Extra Trees,562,player_2,match_13,946.0,976.0,0.3369980064516129,0.3524856669639733
Extra Trees,563,player_2,match_13,976.0,1006.0,0.4247304225806451,0.3624472591252272
Extra Trees,564,player_2,match_13,1006.0,1036.0,0.3343436720430107,0.352785160891003
Extra Trees,565,player_2,match_13,1036.0,1066.0,0.3092625354838709,0.34114206697989
Extra Trees,566,player_2,match_13,1066.0,1096.0,0.3347051774193548,0.35379221843007536
Extra Trees,567,player_2,match_13,1096.0,1126.0,0.3847860887096774,0.3496448848687461
Extra Trees,568,player_2,match_13,1126.0,1156.0,0.3455779096774193,0.35022167515816277
Extra Trees,569,player_2,match_13,1156.0,1186.0,0.3266729903225805,0.3490428626925434
Extra Trees,570,player_2,match_13,1186.0,1216.0,0.422052343548387,0.3576024868338413
Extra Trees,571,player_2,match_13,1216.0,1246.0,0.1645994806451612,0.3533127022660567
Extra Trees,572,player_2,match_13,1246.0,1276.0,0.3763427903225806,0.3586157366955091
Extra Trees,573,player_2,match_13,1276.0,1306.0,0.3162066,0.35589116593492093
Extra Trees,574,player_2,match_13,1306.0,1336.0,0.3953508790322581,0.3548834539786475
Extra Trees,575,player_2,match_13,1336.0,1366.0,0.3588329274193548,0.35584783765018474
Extra Trees,576,player_2,match_13,1366.0,1396.0,0.3196100596774193,0.3491907280937233
Extra Trees,577,player_2,match_13,1396.0,1426.0,0.2876119548387096,0.3481265176486798
Extra Trees,578,player_2,match_13,1426.0,1456.0,0.2933735241935484,0.35727107490619664
Extra Trees,579,player_2,match_13,1456.0,1486.0,0.3974378951612903,0.35228739869178954
Extra Trees,580,player_2,match_13,1486.0,1516.0,0.3782936725806451,0.3614766287633903
Extra Trees,581,player_2,match_13,1516.0,1546.0,0.3539775564516129,0.3446399199958436
Extra Trees,582,player_2,match_13,1546.0,1576.0,0.3561329,0.36372137216330264
Extra Trees,583,player_2,match_13,1576.0,1606.0,0.332876629032258,0.35397810289836773
Extra Trees,584,player_2,match_13,1606.0,1636.0,0.3529130204301075,0.345930465668591
Extra Trees,585,player_2,match_13,1636.0,1666.0,0.3827875596774193,0.35020146939017655
Extra Trees,586,player_2,match_13,1666.0,1696.0,0.3981103306451612,0.3703385758242164
Extra Trees,587,player_2,match_13,1696.0,1726.0,0.3469473403225805,0.3624107697921175
Extra Trees,588,player_2,match_13,1726.0,1756.0,0.3716753629032258,0.34991636168581525
Extra Trees,589,player_2,match_13,1756.0,1786.0,0.3561163548387096,0.3562794052252598
Extra Trees,590,player_2,match_13,1786.0,1816.0,0.3643941064516128,0.35843135853491226
Extra Trees,591,player_2,match_13,1816.0,1846.0,0.3386539403225806,0.3603123588181561
Extra Trees,592,player_2,match_13,1846.0,1876.0,0.1999594967741935,0.3552066168334902
Extra Trees,593,player_2,match_13,1876.0,1906.0,0.3757436596774193,0.3524999486771151
Extra Trees,594,player_2,match_13,1906.0,1936.0,0.3974150596774193,0.36316074690124295
Extra Trees,595,player_2,match_13,1936.0,1966.0,0.3722060032258064,0.3524904786155852
Extra Trees,596,player_2,match_13,1966.0,1996.0,0.4333785596774193,0.35179753176880335
Extra Trees,597,player_2,match_13,1996.0,2026.0,0.4152561161290322,0.34017905857421904
Extra Trees,598,player_2,match_13,2026.0,2056.0,0.3866705693548387,0.35728765497800596
Extra Trees,599,player_2,match_13,2056.0,2086.0,0.4045804333333334,0.3693112778659196
Extra Trees,783,player_2,match_14,387.0,417.0,0.37754,0.3737175648927322
Extra Trees,784,player_2,match_14,417.0,447.0,0.37754,0.38236252319410274
Extra Trees,785,player_2,match_14,447.0,477.0,0.37754,0.36414616032936686
Extra Trees,786,player_2,match_14,477.0,507.0,0.37754,0.3690535546440732
Extra Trees,787,player_2,match_14,507.0,537.0,0.37754,0.36913466883814633
Extra Trees,788,player_2,match_14,537.0,567.0,0.3781911483870968,0.37936833364979267
Extra Trees,789,player_2,match_14,567.0,597.0,0.377540464516129,0.3795203811238188
Extra Trees,790,player_2,match_14,597.0,627.0,0.37754,0.3613869367597185
Extra Trees,791,player_2,match_14,627.0,657.0,0.37754,0.3679937577016168
Extra Trees,792,player_2,match_14,657.0,687.0,0.4035301129032258,0.37916781824874185
Extra Trees,793,player_2,match_14,687.0,717.0,0.3785550129032257,0.37706664752172175
Extra Trees,794,player_2,match_14,717.0,747.0,0.37754,0.36645002920956526
Extra Trees,795,player_2,match_14,747.0,777.0,0.37754,0.3642176629872097
Extra Trees,796,player_2,match_14,777.0,807.0,0.37754,0.37873534147479254
Extra Trees,797,player_2,match_14,807.0,837.0,0.37754,0.3728814985946297
Extra Trees,798,player_2,match_14,837.0,867.0,0.37754,0.376434763525258
Extra Trees,799,player_2,match_14,867.0,897.0,0.37754,0.3574932245308225
Extra Trees,800,player_2,match_14,897.0,927.0,0.37754,0.3550837008070684
Extra Trees,801,player_2,match_14,927.0,957.0,0.37754,0.36639948092068
Extra Trees,802,player_2,match_14,957.0,987.0,0.37754,0.38072357038833476
Extra Trees,803,player_2,match_14,987.0,1017.0,0.37754,0.36692875249271445
Extra Trees,804,player_2,match_14,1017.0,1047.0,0.37754,0.37704114110543513
Extra Trees,805,player_2,match_14,1047.0,1077.0,0.37754,0.37175359703765487
Extra Trees,806,player_2,match_14,1077.0,1107.0,0.37754,0.36851618912568984
Extra Trees,807,player_2,match_14,1107.0,1137.0,0.37754,0.3816754097043516
Extra Trees,808,player_2,match_14,1137.0,1167.0,0.37754,0.3822451587892381
Extra Trees,809,player_2,match_14,1167.0,1197.0,0.37754,0.3814508448421836
Extra Trees,810,player_2,match_14,1197.0,1227.0,0.37754,0.38249649109384604
Extra Trees,811,player_2,match_14,1227.0,1257.0,0.37754,0.38564421733562826
Extra Trees,812,player_2,match_14,1257.0,1287.0,0.37754,0.38306095856031364
Extra Trees,813,player_2,match_14,1287.0,1317.0,0.37754,0.37943863828556385
Extra Trees,814,player_2,match_14,1317.0,1347.0,0.37754,0.3832026708362874
Extra Trees,815,player_2,match_14,1347.0,1377.0,0.37754,0.36770963566846654
Extra Trees,816,player_2,match_14,1377.0,1407.0,0.37754,0.38576316842151315
Extra Trees,817,player_2,match_14,1407.0,1437.0,0.37754,0.3814883559464727
Extra Trees,818,player_2,match_14,1437.0,1467.0,0.37754,0.37382769360890505
Extra Trees,819,player_2,match_14,1467.0,1497.0,0.37754,0.3823699887619354
Extra Trees,820,player_2,match_14,1497.0,1527.0,0.37754,0.38588204302873563
Extra Trees,821,player_2,match_14,1527.0,1557.0,0.37754,0.3849844560354558
Extra Trees,822,player_2,match_14,1557.0,1587.0,0.37754,0.36575264793004403
Extra Trees,823,player_2,match_14,1587.0,1617.0,0.37754,0.378612493588534
Extra Trees,824,player_2,match_14,1617.0,1647.0,0.37754,0.3799438417272548
Extra Trees,825,player_2,match_14,1647.0,1677.0,0.37754,0.3705984245807103
Extra Trees,826,player_2,match_14,1677.0,1707.0,0.37754,0.3782362338132823
Extra Trees,827,player_2,match_14,1707.0,1737.0,0.37754,0.37995601301565207
Extra Trees,828,player_2,match_14,1737.0,1767.0,0.37754,0.38021254196206156
Extra Trees,829,player_2,match_14,1767.0,1797.0,0.37754,0.37541906951135984
Extra Trees,830,player_2,match_14,1797.0,1827.0,0.37754,0.3827220358075492
Extra Trees,831,player_2,match_14,1827.0,1857.0,0.37754,0.384872179755914
Extra Trees,832,player_2,match_14,1857.0,1887.0,0.37754,0.3857089318223381
Extra Trees,959,player_2,match_18,60.0,90.0,0.1265018822580644,0.3330004954773456
Extra Trees,960,player_2,match_18,90.0,120.0,0.1975462064516129,0.337188046481502
Extra Trees,961,player_2,match_18,120.0,150.0,0.2099745709677419,0.33331082086624825
Extra Trees,962,player_2,match_18,150.0,180.0,0.0826861806451612,0.345039455015367
Extra Trees,963,player_2,match_18,180.0,210.0,0.2091167494623655,0.33618277682283715
Extra Trees,964,player_2,match_18,210.0,240.0,0.3536953494623656,0.33241573682239295
Extra Trees,965,player_2,match_18,240.0,270.0,0.1985578064516128,0.33664815688058375
Extra Trees,966,player_2,match_18,270.0,300.0,0.2462889161290322,0.34421801065334573
Extra Trees,967,player_2,match_18,300.0,330.0,0.2113078580645161,0.3390205655652685
Extra Trees,968,player_2,match_18,330.0,360.0,0.2490650182795698,0.3357924988039948
Extra Trees,969,player_2,match_18,360.0,390.0,0.2353135241935482,0.3374829172986286
Extra Trees,970,player_2,match_18,390.0,420.0,0.271110914516129,0.3364523964607259
Extra Trees,971,player_2,match_18,420.0,450.0,0.2695514193548386,0.34321926356778526
Extra Trees,972,player_2,match_18,450.0,480.0,0.2482327564516128,0.3350879882267464
Extra Trees,973,player_2,match_18,480.0,510.0,0.3595352725806451,0.3411374312125867
Extra Trees,974,player_2,match_18,510.0,540.0,0.308278529032258,0.33877618702988715
Extra Trees,975,player_2,match_18,540.0,570.0,0.3052066870967741,0.34245646853544115
Extra Trees,976,player_2,match_18,570.0,600.0,0.2898734112903225,0.33707161788052903
Extra Trees,977,player_2,match_18,600.0,630.0,0.3177092387096774,0.3432716791783475
Extra Trees,978,player_2,match_18,630.0,660.0,0.3329719306451612,0.33586091059385564
Extra Trees,979,player_2,match_18,660.0,690.0,0.2306084451612902,0.33034075160726156
Extra Trees,980,player_2,match_18,690.0,720.0,0.244525129032258,0.3377815462067519
Extra Trees,981,player_2,match_18,720.0,750.0,0.2120635193548387,0.3410497563665243
Extra Trees,982,player_2,match_18,750.0,780.0,0.1922719161290322,0.3448290575252066
Extra Trees,983,player_2,match_18,780.0,810.0,0.1794149032258064,0.34349165576962853
Extra Trees,984,player_2,match_18,810.0,840.0,0.2320613161290322,0.334752364592534
Extra Trees,985,player_2,match_18,840.0,870.0,0.2490118387096774,0.3495303071920765
Extra Trees,986,player_2,match_18,870.0,900.0,0.2757308080645161,0.3361156401208166
Extra Trees,987,player_2,match_18,900.0,930.0,0.2446298161290322,0.3541501884317054
Extra Trees,988,player_2,match_18,930.0,960.0,0.1789727306451612,0.34885322663131424
Extra Trees,989,player_2,match_18,960.0,990.0,0.2536165483870967,0.34009398813792546
Extra Trees,990,player_2,match_18,990.0,1020.0,0.2800268999999999,0.3381718954997658
Extra Trees,991,player_2,match_18,1020.0,1050.0,0.2928947903225806,0.33480673204392536
Extra Trees,992,player_2,match_18,1050.0,1080.0,0.2163887064516128,0.3293371985791472
Extra Trees,993,player_2,match_18,1080.0,1110.0,0.3134931435483871,0.32650487752520313
Extra Trees,994,player_2,match_18,1110.0,1140.0,0.3098939064516128,0.33232196704653333
Extra Trees,995,player_2,match_18,1140.0,1170.0,0.2688312241935483,0.3337291685252073
Extra Trees,996,player_2,match_18,1170.0,1200.0,0.3347416741935483,0.33892286096314894
Extra Trees,997,player_2,match_18,1200.0,1230.0,0.0762539999999999,0.35170037886440186
Extra Trees,998,player_2,match_18,1230.0,1260.0,0.0521518854838709,0.3490652407829648
Extra Trees,999,player_2,match_18,1260.0,1290.0,0.1586144403225806,0.3542035522640763
Extra Trees,1000,player_2,match_18,1290.0,1320.0,0.2384119580645161,0.3450594065517481
Extra Trees,1001,player_2,match_18,1320.0,1350.0,0.3153568064516128,0.3456086985128516
Extra Trees,1002,player_2,match_18,1350.0,1380.0,0.3155417935483871,0.35012454717591995
Extra Trees,1003,player_2,match_18,1380.0,1410.0,0.2526156806451612,0.34013731492277327
Extra Trees,1004,player_2,match_18,1410.0,1440.0,0.2589049516129031,0.3487247107011255
Extra Trees,1005,player_2,match_18,1440.0,1470.0,0.2961282112903225,0.3466379108865249
Extra Trees,1006,player_2,match_18,1470.0,1500.0,0.3129078112903225,0.3497093328095578
Extra Trees,1007,player_2,match_18,1500.0,1530.0,0.2726860612903224,0.3485933087465222
Extra Trees,1008,player_2,match_18,1530.0,1560.0,0.3404677306451612,0.34706561269105046
Extra Trees,1009,player_2,match_18,1560.0,1590.0,0.2039664564516129,0.34800445407163205
Extra Trees,1010,player_2,match_18,1590.0,1620.0,0.2124868096774192,0.34413838690772947
Extra Trees,1011,player_2,match_18,1620.0,1650.0,0.2476126612903225,0.34887349447639493
Extra Trees,1012,player_2,match_18,1650.0,1680.0,0.135748929032258,0.3506027004355254
Extra Trees,1013,player_2,match_18,1680.0,1710.0,0.115191614516129,0.3491033037615289
Extra Trees,1014,player_2,match_18,1710.0,1740.0,0.3731333483870968,0.35415815840011977
Extra Trees,1015,player_2,match_18,1740.0,1770.0,0.3617037661290322,0.345688064329766
Extra Trees,1016,player_2,match_18,1770.0,1800.0,0.3649500854838708,0.3326693180378737
Extra Trees,1017,player_2,match_18,1800.0,1830.0,0.3476288967741935,0.3400024534100158
Extra Trees,1018,player_2,match_18,1830.0,1860.0,0.3985812806451612,0.33841347644661196
Extra Trees,1019,player_2,match_18,1860.0,1890.0,0.3817743887096774,0.3459787294012092
Extra Trees,1020,player_2,match_18,1890.0,1920.0,0.356927079032258,0.3337343257683591
Extra Trees,1021,player_2,match_18,1920.0,1950.0,0.3157491903225806,0.34062790601092646
Extra Trees,1022,player_2,match_18,1950.0,1980.0,0.3775586666666666,0.33805029980904233
Extra Trees,1023,player_2,match_18,1980.0,2010.0,0.3594133537634408,0.34132208727701946
Extra Trees,1024,player_2,match_18,2010.0,2040.0,0.4103754096774193,0.34390415898547105
Extra Trees,1025,player_2,match_18,2040.0,2070.0,0.3176464129032258,0.34263548111766473
Extra Trees,1026,player_2,match_18,2070.0,2100.0,0.3474472919354838,0.33426476333660887
Extra Trees,1027,player_2,match_18,2100.0,2130.0,0.299746214516129,0.34082747641052563
Extra Trees,1028,player_2,match_18,2130.0,2160.0,0.3953248548387096,0.34739918798950037
Extra Trees,1029,player_2,match_18,2160.0,2190.0,0.397874343548387,0.34061708951222164
Extra Trees,1030,player_2,match_18,2190.0,2220.0,0.4384404854838709,0.336181382784005
Extra Trees,1031,player_2,match_18,2220.0,2250.0,0.3637582193548387,0.3365268249516931
Extra Trees,1032,player_2,match_18,2250.0,2280.0,0.3811608516129032,0.3428101631062468
Extra Trees,1033,player_2,match_18,2280.0,2310.0,0.3237115951612903,0.33543153337328924
Extra Trees,1034,player_2,match_18,2310.0,2340.0,0.3820686064516129,0.3450125775700123
Extra Trees,1035,player_2,match_18,2340.0,2370.0,0.2982503870967741,0.3446383113797833
Extra Trees,1070,player_2,match_19,9.0,39.0,0.4060834774193548,0.3341033021324893
Extra Trees,1071,player_2,match_19,39.0,69.0,0.3999022564516129,0.34615511477861555
Extra Trees,1072,player_2,match_19,69.0,99.0,0.4453726790322579,0.3348860878636933
Extra Trees,1073,player_2,match_19,99.0,129.0,0.4059080532258063,0.3406729261929779
Extra Trees,1074,player_2,match_19,129.0,159.0,0.3937670322580644,0.3458801077521276
Extra Trees,1075,player_2,match_19,159.0,189.0,0.3851306467741934,0.33538061990124024
Extra Trees,1076,player_2,match_19,189.0,219.0,0.3742201854838709,0.34224045190651287
Extra Trees,1077,player_2,match_19,219.0,249.0,0.4060936152329748,0.3425393631350213
Extra Trees,1078,player_2,match_19,249.0,279.0,0.4037085854838709,0.34612774316117284
Extra Trees,1079,player_2,match_19,279.0,309.0,0.4052885016129032,0.33540121224320746
Extra Trees,1080,player_2,match_19,309.0,339.0,0.3836005999999999,0.33959799239976235
Extra Trees,1081,player_2,match_19,339.0,369.0,0.4294711467741935,0.345475829930234
Extra Trees,1082,player_2,match_19,369.0,399.0,0.4184653096774193,0.3439197938349043
Extra Trees,1083,player_2,match_19,399.0,429.0,0.4270351193548386,0.34052959553308887
Extra Trees,1084,player_2,match_19,429.0,459.0,0.3484098999999999,0.3353407443780796
Extra Trees,1085,player_2,match_19,459.0,489.0,0.3986019645161289,0.3389329562063064
Extra Trees,1086,player_2,match_19,489.0,519.0,0.4025070096774193,0.3377475233359344
Extra Trees,1087,player_2,match_19,519.0,549.0,0.3843973096774193,0.33932274203480983
Extra Trees,1088,player_2,match_19,549.0,579.0,0.3863609736559139,0.3320560055102009
Extra Trees,1089,player_2,match_19,579.0,609.0,0.4270561370967741,0.3318740683533744
Extra Trees,1090,player_2,match_19,609.0,639.0,0.3807439193548386,0.3278554195698935
Extra Trees,1091,player_2,match_19,639.0,669.0,0.3241944080645161,0.32972289817693334
Extra Trees,1092,player_2,match_19,669.0,699.0,0.3452205983870967,0.32704892081232456
Extra Trees,1093,player_2,match_19,699.0,729.0,0.3648051741935483,0.3426006030936803
Extra Trees,1094,player_2,match_19,729.0,759.0,0.3879176193548387,0.3409365021220022
Extra Trees,1095,player_2,match_19,759.0,789.0,0.221746990860215,0.3391152329292388
Extra Trees,1096,player_2,match_19,789.0,819.0,0.4105747258064516,0.34000522587733084
Extra Trees,1097,player_2,match_19,819.0,849.0,0.3722610903225806,0.3354686226460875
Extra Trees,1098,player_2,match_19,849.0,879.0,0.3992315555555555,0.34593330488860313
Extra Trees,1099,player_2,match_19,879.0,909.0,0.1642846532258064,0.34312932078846053
Extra Trees,1100,player_2,match_19,909.0,939.0,0.2671454725806451,0.33851444118066815
Extra Trees,1101,player_2,match_19,939.0,969.0,0.2620449625,0.33430078025074783
Extra Trees,1102,player_2,match_19,969.0,999.0,0.2364008132616487,0.34920686176097604
Extra Trees,1103,player_2,match_19,999.0,1029.0,0.0370114161290322,0.3441164138051836
Extra Trees,1185,player_2,match_20,3.0,33.0,0.3649248661290322,0.3522409240816237
Extra Trees,1186,player_2,match_20,33.0,63.0,0.3532953306451613,0.353804966911532
Extra Trees,1187,player_2,match_20,63.0,93.0,0.3162854048387096,0.34903582855971804
Extra Trees,1188,player_2,match_20,93.0,123.0,0.3734763354838709,0.3322712991782238
Extra Trees,1189,player_2,match_20,123.0,153.0,0.3243749870967741,0.3283935589423665
Extra Trees,1190,player_2,match_20,153.0,183.0,0.3642842129032257,0.3316087893063375
Extra Trees,1191,player_2,match_20,183.0,213.0,0.4011551274193548,0.3326554201840038
Extra Trees,1192,player_2,match_20,213.0,243.0,0.3987028887096774,0.32731293705055214
Extra Trees,1193,player_2,match_20,243.0,273.0,0.4171702661290322,0.33858049759463815
Extra Trees,1194,player_2,match_20,273.0,303.0,0.3883569403225806,0.3278638742107333
Extra Trees,1195,player_2,match_20,303.0,333.0,0.3630810870967741,0.3387432342960023
Extra Trees,1196,player_2,match_20,333.0,363.0,0.3619397854838709,0.3300570130733926
Extra Trees,1197,player_2,match_20,363.0,393.0,0.4000240064516129,0.33454960046255344
Extra Trees,1198,player_2,match_20,393.0,423.0,0.3958978370967742,0.3392954064210599
Extra Trees,1199,player_2,match_20,423.0,453.0,0.3788264956989247,0.3345841648728258
Extra Trees,1200,player_2,match_20,453.0,483.0,0.3866072693548387,0.3247094102069648
Extra Trees,1201,player_2,match_20,483.0,513.0,0.3692804177419354,0.3392458228555731
Extra Trees,1202,player_2,match_20,513.0,543.0,0.3807831548387096,0.3388983442442479
Extra Trees,1203,player_2,match_20,543.0,573.0,0.3897940709677419,0.33512688422097775
Extra Trees,1204,player_2,match_20,573.0,603.0,0.3962242854838709,0.33431654490901136
Extra Trees,1205,player_2,match_20,603.0,633.0,0.4124903048387096,0.33790468085087866
Extra Trees,1206,player_2,match_20,633.0,663.0,0.3734338709677419,0.3363380051994621
Extra Trees,1207,player_2,match_20,663.0,693.0,0.3012079919354838,0.3379326500926533
Extra Trees,1208,player_2,match_20,693.0,723.0,0.2420556758064516,0.334779663174903
Extra Trees,1209,player_2,match_20,723.0,753.0,0.4108755774193547,0.3358917452889606
Extra Trees,1210,player_2,match_20,753.0,783.0,0.4135165758064515,0.33703747591374766
Extra Trees,1211,player_2,match_20,783.0,813.0,0.3825323967741935,0.3484873893207561
Extra Trees,1212,player_2,match_20,813.0,843.0,0.3204939112903225,0.3415708425041528
Extra Trees,1213,player_2,match_20,843.0,873.0,0.3248239623655913,0.34512176064193123
Extra Trees,1214,player_2,match_20,873.0,903.0,0.3390274483870967,0.33861068927288546
Extra Trees,1215,player_2,match_20,903.0,933.0,0.2100038483870968,0.34684885399478316
Extra Trees,1216,player_2,match_20,933.0,963.0,0.1477797774193548,0.3278615833084361
Extra Trees,1217,player_2,match_20,963.0,993.0,0.3258415209677419,0.3338277840585291
Extra Trees,1218,player_2,match_20,993.0,1023.0,0.4287407661290321,0.3418994525680865
Extra Trees,1219,player_2,match_20,1023.0,1053.0,0.375188664516129,0.34564207725366547
Extra Trees,1220,player_2,match_20,1053.0,1083.0,0.287636293548387,0.336204072782654
Extra Trees,1221,player_2,match_20,1083.0,1113.0,0.4094436306451612,0.3384085228750632
Extra Trees,1222,player_2,match_20,1113.0,1143.0,0.4046336467741935,0.3379005731440138
Extra Trees,1223,player_2,match_20,1143.0,1173.0,0.4205949,0.3398810955794717
Extra Trees,1224,player_2,match_20,1173.0,1203.0,0.3462300032258064,0.33759165325369594
Extra Trees,1225,player_2,match_20,1203.0,1233.0,0.3347539983870967,0.3328425025650137
Extra Trees,1226,player_2,match_20,1233.0,1263.0,0.3898393548387096,0.3408921361445289
Extra Trees,1227,player_2,match_20,1263.0,1293.0,0.2886360112903225,0.33890508088303867
Extra Trees,1228,player_2,match_20,1293.0,1323.0,0.387555341532258,0.33283973510093223
Extra Trees,1229,player_2,match_20,1323.0,1353.0,0.1977938951612902,0.340417786389578
Extra Trees,1230,player_2,match_20,1353.0,1383.0,0.1413758629032257,0.3356529968136024
Extra Trees,1264,player_2,match_21,0.0,30.0,0.3316527016129031,0.35112582473159043
Extra Trees,1265,player_2,match_21,30.0,60.0,0.4313356112903225,0.3509460009828246
Extra Trees,1266,player_2,match_21,60.0,90.0,0.4205158467741935,0.3721402722512487
Extra Trees,1267,player_2,match_21,90.0,120.0,0.4387095387096774,0.34373313608629613
Extra Trees,1268,player_2,match_21,120.0,150.0,0.4259962016129032,0.344426930890646
Extra Trees,1269,player_2,match_21,150.0,180.0,0.4316159854838709,0.34026565460934427
Extra Trees,1270,player_2,match_21,180.0,210.0,0.4246090596774193,0.34521147630415233
Extra Trees,1271,player_2,match_21,210.0,240.0,0.4406089822580645,0.3452824259339977
Extra Trees,1272,player_2,match_21,240.0,270.0,0.4264212419354838,0.34555140285355124
Extra Trees,1273,player_2,match_21,270.0,300.0,0.4309485145161289,0.34108697897724527
Extra Trees,1274,player_2,match_21,300.0,330.0,0.4343007419354838,0.3429051943647784
Extra Trees,1275,player_2,match_21,330.0,360.0,0.4346652887096773,0.34069127195115484
Extra Trees,1276,player_2,match_21,360.0,390.0,0.4322045698924731,0.3392231683565208
Extra Trees,1277,player_2,match_21,390.0,420.0,0.4265902258064515,0.3434760750405412
Extra Trees,1278,player_2,match_21,420.0,450.0,0.397753393548387,0.34119763032981193
Extra Trees,1279,player_2,match_21,450.0,480.0,0.3992529096774194,0.3494521638616476
Extra Trees,1280,player_2,match_21,480.0,510.0,0.3918707790322581,0.35152693063098556
Extra Trees,1281,player_2,match_21,510.0,540.0,0.3622043258064515,0.35083778921472625
Extra Trees,1282,player_2,match_21,540.0,570.0,0.3974682854838709,0.34127785119824966
Extra Trees,1283,player_2,match_21,570.0,600.0,0.4223756548387096,0.34425201150483126
Extra Trees,1284,player_2,match_21,600.0,630.0,0.4193857483870967,0.3458171398147654
Extra Trees,1285,player_2,match_21,630.0,660.0,0.4010296387096774,0.3484232914488195
Extra Trees,1286,player_2,match_21,660.0,690.0,0.4042364161290322,0.351413010690947
Extra Trees,1287,player_2,match_21,690.0,720.0,0.4003329209677418,0.3423261628513054
Extra Trees,1288,player_2,match_21,720.0,750.0,0.4350319516129032,0.337774619233811
Extra Trees,1289,player_2,match_21,750.0,780.0,0.4288246661290321,0.334784214803481
Extra Trees,1290,player_2,match_21,780.0,810.0,0.3615841693548387,0.345761198141727
Extra Trees,1291,player_2,match_21,810.0,840.0,0.3699863930107527,0.33709426138221105
Extra Trees,1292,player_2,match_21,840.0,870.0,0.2764377032258064,0.34492321119376884
Extra Trees,1293,player_2,match_21,870.0,900.0,0.2745093016129032,0.35147392339929473
Extra Trees,1294,player_2,match_21,900.0,930.0,0.2856326790322581,0.35227265996398816
Extra Trees,1295,player_2,match_21,930.0,960.0,0.330835379032258,0.3447502554946036
Extra Trees,1296,player_2,match_21,960.0,990.0,0.4559655774193548,0.3421772263657886
Extra Trees,81,player_3,match_10,7.0,37.0,0.4361331387096773,0.3621642395649299
Extra Trees,82,player_3,match_10,37.0,67.0,0.4383647580645161,0.3523466029475374
Extra Trees,83,player_3,match_10,67.0,97.0,0.3855034564516129,0.36197784717887593
Extra Trees,84,player_3,match_10,97.0,127.0,0.3971516564516129,0.3523899598911232
Extra Trees,85,player_3,match_10,127.0,157.0,0.4671472774193548,0.36340564759732774
Extra Trees,86,player_3,match_10,157.0,187.0,0.4710231774193548,0.3555865699941031
Extra Trees,87,player_3,match_10,187.0,217.0,0.4670338774193548,0.35817096021755246
Extra Trees,88,player_3,match_10,217.0,247.0,0.4893131822580644,0.3526508967175905
Extra Trees,232,player_3,match_11,4.0,34.0,0.3910243156682027,0.3612325127425756
Extra Trees,233,player_3,match_11,34.0,64.0,0.3795904612903226,0.36397498136397627
Extra Trees,234,player_3,match_11,64.0,94.0,0.3515901994906621,0.3620770672927602
Extra Trees,235,player_3,match_11,94.0,124.0,0.3702416080645161,0.3632135555513386
Extra Trees,236,player_3,match_11,124.0,154.0,0.3630615741935483,0.36258548589614553
Extra Trees,237,player_3,match_11,154.0,184.0,0.3132434822580644,0.3552817315507737
Extra Trees,238,player_3,match_11,184.0,214.0,0.3136218306451612,0.36404512660144345
Extra Trees,239,player_3,match_11,214.0,244.0,0.3203669677419355,0.3548999877399832
Extra Trees,240,player_3,match_11,244.0,274.0,0.3222881693548386,0.36070606483145623
Extra Trees,241,player_3,match_11,274.0,304.0,0.3652293741935484,0.36298787658225057
Extra Trees,242,player_3,match_11,304.0,334.0,0.3208708548387096,0.36217273111541803
Extra Trees,243,player_3,match_11,334.0,364.0,0.3602804354838709,0.3684391173267237
Extra Trees,244,player_3,match_11,364.0,394.0,0.353715379032258,0.36090328056140225
Extra Trees,245,player_3,match_11,394.0,424.0,0.3321580241935483,0.3623675769355053
Extra Trees,246,player_3,match_11,424.0,454.0,0.3277589032258065,0.3618848168621014
Extra Trees,247,player_3,match_11,454.0,484.0,0.3303852903225805,0.36463614018476215
Extra Trees,248,player_3,match_11,484.0,514.0,0.3474349161290322,0.35413252143595125
Extra Trees,249,player_3,match_11,514.0,544.0,0.3166702193548387,0.35833681462659533
Extra Trees,250,player_3,match_11,544.0,574.0,0.3397516274193548,0.3590851389525487
Extra Trees,251,player_3,match_11,574.0,604.0,0.3643458403225806,0.3586766416089193
Extra Trees,252,player_3,match_11,604.0,634.0,0.3368568516129032,0.3604322560279789
Extra Trees,253,player_3,match_11,634.0,664.0,0.3319147032258064,0.35571973584056255
Extra Trees,254,player_3,match_11,664.0,694.0,0.3474350241935484,0.3601329654578445
Extra Trees,255,player_3,match_11,694.0,724.0,0.3478693193548386,0.3649218562805302
Extra Trees,256,player_3,match_11,724.0,754.0,0.2987791370967741,0.35793371533630175
Extra Trees,257,player_3,match_11,754.0,784.0,0.3593931483870968,0.3594705569028953
Extra Trees,258,player_3,match_11,784.0,814.0,0.3544077387096774,0.35706395006788905
Extra Trees,259,player_3,match_11,814.0,844.0,0.3207452770609318,0.35863962337338845
Extra Trees,260,player_3,match_11,844.0,874.0,0.3315306548387097,0.3577798160292449
Extra Trees,261,player_3,match_11,874.0,904.0,0.3873169193548387,0.3585022502419329
Extra Trees,262,player_3,match_11,904.0,934.0,0.4688639112903224,0.35358449508387646
Extra Trees,263,player_3,match_11,934.0,964.0,0.4263520999999999,0.359712108622133
Extra Trees,264,player_3,match_11,964.0,994.0,0.4231265580645161,0.3545026942931553
Extra Trees,265,player_3,match_11,994.0,1024.0,0.3620068967741935,0.3524113213220581
Extra Trees,266,player_3,match_11,1024.0,1054.0,0.3321651999999999,0.35203082634804694
Extra Trees,267,player_3,match_11,1054.0,1084.0,0.3242882580645161,0.36140171185025516
Extra Trees,268,player_3,match_11,1084.0,1114.0,0.3549055661290322,0.3702291062613285
Extra Trees,269,player_3,match_11,1114.0,1144.0,0.5306583548387096,0.3614134863529133
Extra Trees,270,player_3,match_11,1144.0,1174.0,0.4216986758064516,0.3615631685867044
Extra Trees,271,player_3,match_11,1174.0,1204.0,0.4595364225806451,0.35593682780902225
Extra Trees,272,player_3,match_11,1204.0,1234.0,0.3909993725806451,0.35633866086492166
Extra Trees,273,player_3,match_11,1234.0,1264.0,0.3907572096774193,0.3578096465247718
Extra Trees,274,player_3,match_11,1264.0,1294.0,0.3941528467741935,0.35956151625347094
Extra Trees,275,player_3,match_11,1294.0,1324.0,0.363603493548387,0.3568479370518875
Extra Trees,276,player_3,match_11,1324.0,1354.0,0.5211213467741935,0.3636909219722246
Extra Trees,277,player_3,match_11,1354.0,1384.0,0.3878741774193548,0.34992879293792645
Extra Trees,278,player_3,match_11,1384.0,1414.0,0.3929994725806451,0.35977535619323436
Extra Trees,279,player_3,match_11,1414.0,1444.0,0.3966700661290322,0.36234399532259415
Extra Trees,280,player_3,match_11,1444.0,1474.0,0.3972694419354838,0.35622240342809114
Extra Trees,281,player_3,match_11,1474.0,1504.0,0.3844904129032257,0.3527946333302468
Extra Trees,282,player_3,match_11,1504.0,1534.0,0.4235581967741935,0.355970373550578
Extra Trees,283,player_3,match_11,1534.0,1564.0,0.4034634661290321,0.3548949023950056
Extra Trees,284,player_3,match_11,1564.0,1594.0,0.3873319854838709,0.3542831419678731
Extra Trees,285,player_3,match_11,1594.0,1624.0,0.4561544548387096,0.3569538292583439
Extra Trees,286,player_3,match_11,1624.0,1654.0,0.4235317322580644,0.3553351938015537
Extra Trees,287,player_3,match_11,1654.0,1684.0,0.3856292096774192,0.3512563706830064
Extra Trees,288,player_3,match_11,1684.0,1714.0,0.3760227193548386,0.35645544210787977
Extra Trees,289,player_3,match_11,1714.0,1744.0,0.2833069032258064,0.35557047290976335
Extra Trees,290,player_3,match_11,1744.0,1774.0,0.3936828354838709,0.36037295595700286
Extra Trees,291,player_3,match_11,1774.0,1804.0,0.3682581903225805,0.35735760274840583
Extra Trees,292,player_3,match_11,1804.0,1834.0,0.3789931274193548,0.3611319856687746
Extra Trees,293,player_3,match_11,1834.0,1864.0,0.4009829209677419,0.3540563475960488
Extra Trees,294,player_3,match_11,1864.0,1894.0,0.4245554919354838,0.35718642151262275
Extra Trees,295,player_3,match_11,1894.0,1924.0,0.3521169548387096,0.34231286118451804
Extra Trees,296,player_3,match_11,1924.0,1954.0,0.396529314516129,0.3435137999952923
Extra Trees,297,player_3,match_11,1954.0,1984.0,0.3933025403225806,0.34948365324442726
Extra Trees,298,player_3,match_11,1984.0,2014.0,0.407235072580645,0.3551003846770486
Extra Trees,299,player_3,match_11,2014.0,2044.0,0.3857940306451612,0.35510117261370544
Extra Trees,300,player_3,match_11,2044.0,2074.0,0.3650781548387096,0.36085927293334386
Extra Trees,301,player_3,match_11,2074.0,2104.0,0.3677881225806451,0.3554450936776759
Extra Trees,302,player_3,match_11,2104.0,2134.0,0.3522334354838708,0.3496864975680747
Extra Trees,303,player_3,match_11,2134.0,2164.0,0.3669460112903225,0.3603515510539516
Extra Trees,304,player_3,match_11,2164.0,2194.0,0.4251186709677419,0.3478367134887182
Extra Trees,305,player_3,match_11,2194.0,2224.0,0.3751776032258064,0.3714649773472337
Extra Trees,306,player_3,match_11,2224.0,2254.0,0.3664109546594982,0.3687288218923427
Extra Trees,307,player_3,match_11,2254.0,2284.0,0.3646316612903225,0.3802603554659671
Extra Trees,419,player_3,match_12,7.0,37.0,0.3669705370967742,0.372966085313615
Extra Trees,420,player_3,match_12,37.0,67.0,0.3955128451612903,0.3697219039955247
Extra Trees,421,player_3,match_12,67.0,97.0,0.4126900161290322,0.37356631121758377
Extra Trees,422,player_3,match_12,97.0,127.0,0.3963605744416872,0.38266234369406993
Extra Trees,423,player_3,match_12,127.0,157.0,0.3903422854838709,0.3832334280410995
Extra Trees,424,player_3,match_12,157.0,187.0,0.3844437467741934,0.381335429450448
Extra Trees,425,player_3,match_12,187.0,217.0,0.3757519193548386,0.3821153963199147
Extra Trees,426,player_3,match_12,217.0,247.0,0.3749229387096773,0.378656921456428
Extra Trees,427,player_3,match_12,247.0,277.0,0.4028460758064516,0.3810308808876447
Extra Trees,428,player_3,match_12,277.0,307.0,0.3926043693548386,0.37612103496230637
Extra Trees,429,player_3,match_12,307.0,337.0,0.3512831225806451,0.37388342655801726
Extra Trees,430,player_3,match_12,337.0,367.0,0.3351671177419354,0.37229731904314844
Extra Trees,431,player_3,match_12,367.0,397.0,0.351164235483871,0.37403645335896213
Extra Trees,432,player_3,match_12,397.0,427.0,0.3486505922939068,0.37458332222670204
Extra Trees,433,player_3,match_12,427.0,457.0,0.3383293951612902,0.3764205169614257
Extra Trees,434,player_3,match_12,457.0,487.0,0.3052464677419354,0.3797483426814303
Extra Trees,435,player_3,match_12,487.0,517.0,0.331264729032258,0.3673724973496476
Extra Trees,436,player_3,match_12,517.0,547.0,0.3247921725806451,0.3821222190410408
Extra Trees,437,player_3,match_12,547.0,577.0,0.3181197177419355,0.3700487536672527
Extra Trees,438,player_3,match_12,577.0,607.0,0.3630194354838709,0.3798660737837718
Extra Trees,439,player_3,match_12,607.0,637.0,0.3265592177419354,0.3723939633073004
Extra Trees,440,player_3,match_12,637.0,667.0,0.3485093774193548,0.371746265334529
Extra Trees,441,player_3,match_12,667.0,697.0,0.3530882854838709,0.3747780047947036
Extra Trees,442,player_3,match_12,697.0,727.0,0.3143430758064516,0.3712877656344547
Extra Trees,443,player_3,match_12,727.0,757.0,0.3656071177419355,0.38198336786722387
Extra Trees,444,player_3,match_12,757.0,787.0,0.3452076838709677,0.3810860323770447
Extra Trees,445,player_3,match_12,787.0,817.0,0.3300876080645161,0.38113723868947536
Extra Trees,446,player_3,match_12,817.0,847.0,0.3220524403225806,0.3764878727586045
Extra Trees,447,player_3,match_12,847.0,877.0,0.3376904403225806,0.3802354807449761
Extra Trees,600,player_3,match_13,5.0,35.0,0.3521303193548386,0.3676071956296693
Extra Trees,601,player_3,match_13,35.0,65.0,0.3389918370967741,0.3824338564110072
Extra Trees,602,player_3,match_13,65.0,95.0,0.3189536467741936,0.38312797045956787
Extra Trees,603,player_3,match_13,95.0,125.0,0.3746919064516129,0.37626130599608104
Extra Trees,604,player_3,match_13,125.0,155.0,0.3443250306451613,0.3759437402390922
Extra Trees,605,player_3,match_13,155.0,185.0,0.3289299306451612,0.37240145567994515
Extra Trees,606,player_3,match_13,185.0,215.0,0.3118002080645161,0.3705317571519499
Extra Trees,607,player_3,match_13,215.0,245.0,0.3580603419354838,0.36360580666885733
Extra Trees,608,player_3,match_13,245.0,275.0,0.4557171241935484,0.37615289141974323
Extra Trees,609,player_3,match_13,275.0,305.0,0.3425668338709677,0.3772753744715284
Extra Trees,610,player_3,match_13,305.0,335.0,0.3511853032258064,0.37436177691825506
Extra Trees,611,player_3,match_13,335.0,365.0,0.3792794516129031,0.3722492841186486
Extra Trees,612,player_3,match_13,365.0,395.0,0.3578501048387096,0.36331200853905143
Extra Trees,613,player_3,match_13,395.0,425.0,0.3078801193548387,0.377199531644543
Extra Trees,614,player_3,match_13,425.0,455.0,0.3287395096774193,0.3703958007438044
Extra Trees,615,player_3,match_13,455.0,485.0,0.3821638967741935,0.3735844265265937
Extra Trees,616,player_3,match_13,485.0,515.0,0.3466873387096774,0.36970957747964023
Extra Trees,617,player_3,match_13,515.0,545.0,0.3102375758064516,0.3765975705576009
Extra Trees,618,player_3,match_13,545.0,575.0,0.3276522177419354,0.37262254068292266
Extra Trees,619,player_3,match_13,575.0,605.0,0.3520716709677418,0.3700764393491064
Extra Trees,620,player_3,match_13,605.0,635.0,0.3152256758064516,0.36991480719424946
Extra Trees,621,player_3,match_13,635.0,665.0,0.3598628661290322,0.35792249041232593
Extra Trees,622,player_3,match_13,665.0,695.0,0.359101843548387,0.3756616323035126
Extra Trees,623,player_3,match_13,695.0,725.0,0.3469617854838709,0.3808480312153424
Extra Trees,624,player_3,match_13,725.0,755.0,0.3524468580645161,0.3798697606974375
Extra Trees,625,player_3,match_13,755.0,785.0,0.3321925129032258,0.38157201126098844
Extra Trees,626,player_3,match_13,785.0,815.0,0.3709659241935484,0.3693497382870833
Extra Trees,627,player_3,match_13,815.0,845.0,0.3483519161290322,0.37152452440794315
Extra Trees,628,player_3,match_13,845.0,875.0,0.3546726129032257,0.36510210266098386
Extra Trees,629,player_3,match_13,875.0,905.0,0.3474160048387097,0.36890438387086677
Extra Trees,630,player_3,match_13,905.0,935.0,0.3423207548387097,0.3698635440738599
Extra Trees,631,player_3,match_13,935.0,965.0,0.3483044983870967,0.37559914479138445
Extra Trees,632,player_3,match_13,965.0,995.0,0.3266472272401433,0.36808389576163153
Extra Trees,633,player_3,match_13,995.0,1025.0,0.3334074863799283,0.3687756543832242
Extra Trees,634,player_3,match_13,1025.0,1055.0,0.323217264516129,0.36816940737354925
Extra Trees,635,player_3,match_13,1055.0,1085.0,0.308552164516129,0.37665628832943304
Extra Trees,636,player_3,match_13,1085.0,1115.0,0.3111829096774192,0.3663291816387506
Extra Trees,637,player_3,match_13,1115.0,1145.0,0.3479715870967742,0.3641174418908435
Extra Trees,638,player_3,match_13,1145.0,1175.0,0.3405524612903226,0.3597165059154564
Extra Trees,639,player_3,match_13,1175.0,1205.0,0.3372105629032257,0.36561267904661804
Extra Trees,640,player_3,match_13,1205.0,1235.0,0.3157914903225806,0.3725386424174695
Extra Trees,641,player_3,match_13,1235.0,1265.0,0.3268866564516128,0.3766830054537821
Extra Trees,642,player_3,match_13,1265.0,1295.0,0.3247668370967741,0.3763210388989369
Extra Trees,643,player_3,match_13,1295.0,1325.0,0.3608837370967741,0.37031330370451376
Extra Trees,644,player_3,match_13,1325.0,1355.0,0.3911609709677419,0.37769054665561186
Extra Trees,645,player_3,match_13,1355.0,1385.0,0.3425233548387096,0.3763238332396442
Extra Trees,646,player_3,match_13,1385.0,1415.0,0.4937061774193548,0.3702083372618192
Extra Trees,647,player_3,match_13,1415.0,1445.0,0.4025709661290322,0.37627983306719126
Extra Trees,648,player_3,match_13,1445.0,1475.0,0.3101776241935483,0.37502373636359976
Extra Trees,649,player_3,match_13,1475.0,1505.0,0.3444233564516128,0.3732713102331315
Extra Trees,650,player_3,match_13,1505.0,1535.0,0.3442153467741935,0.3707483649146857
Extra Trees,651,player_3,match_13,1535.0,1565.0,0.3300268532258064,0.3717079734633822
Extra Trees,652,player_3,match_13,1565.0,1595.0,0.5734079725806451,0.37021296100301737
Extra Trees,653,player_3,match_13,1595.0,1625.0,0.3820903112903225,0.3779614124447435
Extra Trees,654,player_3,match_13,1625.0,1655.0,0.3444525193548386,0.37185749767286913
Extra Trees,655,player_3,match_13,1655.0,1685.0,0.3390658419354838,0.3702251289295478
Extra Trees,656,player_3,match_13,1685.0,1715.0,0.4530429177419354,0.371661204947788
Extra Trees,657,player_3,match_13,1715.0,1745.0,0.3660804564516129,0.37050860651912393
Extra Trees,658,player_3,match_13,1745.0,1775.0,0.3375916467741935,0.37335651327956343
Extra Trees,659,player_3,match_13,1775.0,1805.0,0.3604707532258064,0.3755022408882018
Extra Trees,660,player_3,match_13,1805.0,1835.0,0.4038150612903225,0.3669774169451854
Extra Trees,661,player_3,match_13,1835.0,1865.0,0.3563674919354838,0.37650659394374164
Extra Trees,662,player_3,match_13,1865.0,1895.0,0.3435740499999999,0.3772047077392069
Extra Trees,663,player_3,match_13,1895.0,1925.0,0.3767098,0.36755098492019017
Extra Trees,664,player_3,match_13,1925.0,1955.0,0.3773525709677419,0.37343108934537034
Extra Trees,665,player_3,match_13,1955.0,1985.0,0.3324288580645161,0.3718597209862209
Extra Trees,666,player_3,match_13,1985.0,2015.0,0.4663374177419354,0.3697382418872722
Extra Trees,667,player_3,match_13,2015.0,2045.0,0.3857469792114695,0.3635745374071671
Extra Trees,668,player_3,match_13,2045.0,2075.0,0.3610912661290322,0.3791788103727306
Extra Trees,1297,player_3,match_21,2.0,32.0,0.3669890354838709,0.3505775847309634
Extra Trees,1298,player_3,match_21,32.0,62.0,0.3456523177419355,0.35991421682953834
Extra Trees,1299,player_3,match_21,62.0,92.0,0.3505914516129031,0.35652056445813163
Extra Trees,1300,player_3,match_21,92.0,122.0,0.3115286403225806,0.36084636165987055
Extra Trees,1301,player_3,match_21,122.0,152.0,0.3180478177419354,0.35109591627752457
Extra Trees,1302,player_3,match_21,152.0,182.0,0.3745705290322579,0.35987169678370834
Extra Trees,1303,player_3,match_21,182.0,212.0,0.3594768806451612,0.3647875024252835
Extra Trees,1304,player_3,match_21,212.0,242.0,0.3535580693548387,0.3766779629973538
Extra Trees,1305,player_3,match_21,242.0,272.0,0.3792379709677419,0.371523919082876
Extra Trees,1306,player_3,match_21,272.0,302.0,0.3605857806451612,0.36456893622701264
Extra Trees,1307,player_3,match_21,302.0,332.0,0.4395546516129032,0.3637253158247564
Extra Trees,1308,player_3,match_21,332.0,362.0,0.4458765177419355,0.35598416313055997
Extra Trees,1309,player_3,match_21,362.0,392.0,0.4798766903225806,0.36314736216657173
Extra Trees,1310,player_3,match_21,392.0,422.0,0.4342216451612903,0.36271682066347544
Extra Trees,1311,player_3,match_21,422.0,452.0,0.4009650725806452,0.36660685768910395
Extra Trees,1312,player_3,match_21,452.0,482.0,0.4576769252688172,0.36940919212774015
Extra Trees,1313,player_3,match_21,482.0,512.0,0.3430645951612903,0.37002551370988845
Extra Trees,1314,player_3,match_21,512.0,542.0,0.4172735112903225,0.3719649836988902
Extra Trees,1315,player_3,match_21,542.0,572.0,0.4032284838709677,0.36972765818626935
Extra Trees,1316,player_3,match_21,572.0,602.0,0.3825146,0.3733024520339017
Extra Trees,1317,player_3,match_21,602.0,632.0,0.3900239548387096,0.37338594069639525
Extra Trees,1318,player_3,match_21,632.0,662.0,0.3547383258064516,0.3658238827397467
Extra Trees,1319,player_3,match_21,662.0,692.0,0.3558563451612903,0.3621858202859252
Extra Trees,1320,player_3,match_21,692.0,722.0,0.3852632161290322,0.3575907315701757
Extra Trees,1321,player_3,match_21,722.0,752.0,0.3133045354838709,0.349706756989058
Extra Trees,1322,player_3,match_21,752.0,782.0,0.2778166548387096,0.36573113680083075
Extra Trees,1323,player_3,match_21,782.0,812.0,0.3757601564516128,0.3682798916954505
Extra Trees,1324,player_3,match_21,812.0,842.0,0.3641775838709677,0.3610657249887965
Extra Trees,1325,player_3,match_21,842.0,872.0,0.3266585451612903,0.3648610556615506
Extra Trees,1326,player_3,match_21,872.0,902.0,0.2961558564516128,0.36516358511617747
Extra Trees,1327,player_3,match_21,902.0,932.0,0.3281638145161289,0.36755577827351715
Extra Trees,1328,player_3,match_21,932.0,962.0,0.3837857096774193,0.36925842667809816
Extra Trees,1329,player_3,match_21,962.0,992.0,0.4081830989247311,0.3646363001105698
Extra Trees,1382,player_3,match_8,4.0,34.0,0.2867737333333333,0.3713781146958418
Extra Trees,1383,player_3,match_8,34.0,64.0,0.3224119032258065,0.35825801891115194
Extra Trees,1384,player_3,match_8,64.0,94.0,0.3168409580645161,0.35895331386836193
Extra Trees,1385,player_3,match_8,94.0,124.0,0.2380993564516128,0.369434424854574
Extra Trees,1386,player_3,match_8,124.0,154.0,0.2257556677419354,0.36827092496763186
Extra Trees,1387,player_3,match_8,154.0,184.0,0.2730701,0.35281317279471414
Extra Trees,1388,player_3,match_8,184.0,214.0,0.2103354838709676,0.3517894298083724
Extra Trees,1389,player_3,match_8,214.0,244.0,0.2507606387096773,0.34298971788515153
Extra Trees,1390,player_3,match_8,244.0,274.0,0.1996526387096774,0.3617884827037119
Extra Trees,1391,player_3,match_8,274.0,304.0,0.3189643467741935,0.3708390453387044
Extra Trees,1392,player_3,match_8,304.0,334.0,0.2768238306451613,0.3597820737528127
Extra Trees,1393,player_3,match_8,334.0,364.0,0.3001439612903225,0.36419975120195625
Extra Trees,1394,player_3,match_8,364.0,394.0,0.2786879338709677,0.35777726653955394
Extra Trees,1395,player_3,match_8,394.0,424.0,0.2435328903225805,0.36325871172890223
Extra Trees,1396,player_3,match_8,424.0,454.0,0.1702869247311827,0.3646584214799922
Extra Trees,1397,player_3,match_8,454.0,484.0,0.306578814516129,0.3666189442217728
Extra Trees,1398,player_3,match_8,484.0,514.0,0.2767868774193548,0.364504703144988
Extra Trees,1399,player_3,match_8,514.0,544.0,0.250909214516129,0.3673610257274984
Extra Trees,1400,player_3,match_8,544.0,574.0,0.3060971032258064,0.3684373435980137
Extra Trees,1401,player_3,match_8,574.0,604.0,0.2995785645161289,0.363347212914525
Extra Trees,1402,player_3,match_8,604.0,634.0,0.3648162435483871,0.3595392500043898
Extra Trees,1403,player_3,match_8,634.0,664.0,0.2738658161290322,0.3596795980252343
Extra Trees,1404,player_3,match_8,664.0,694.0,0.3464340290322579,0.3691010286856931
Extra Trees,1405,player_3,match_8,694.0,724.0,0.3296180419354838,0.36647866557448994
Extra Trees,1406,player_3,match_8,724.0,754.0,0.2870044354838709,0.35558640172345224
Extra Trees,1407,player_3,match_8,754.0,784.0,0.3207690709677419,0.35895069613284086
Extra Trees,1408,player_3,match_8,784.0,814.0,0.2845508758064516,0.35991961956337737
Extra Trees,1409,player_3,match_8,814.0,844.0,0.3200196096774194,0.37383692329959395
Extra Trees,1410,player_3,match_8,844.0,874.0,0.3216044274193548,0.3658281425883891
Extra Trees,1411,player_3,match_8,874.0,904.0,0.3126179387096773,0.36468222476243767
Extra Trees,1412,player_3,match_8,904.0,934.0,0.3606785193548386,0.36406695584241777
Extra Trees,1413,player_3,match_8,934.0,964.0,0.385552229032258,0.3718831833797886
Extra Trees,1414,player_3,match_8,964.0,994.0,0.3347774983870967,0.3665178786096145
Extra Trees,1415,player_3,match_8,994.0,1024.0,0.3717777967741935,0.3612949049722397
Extra Trees,1416,player_3,match_8,1024.0,1054.0,0.3365552725806451,0.3728547971832004
Extra Trees,1417,player_3,match_8,1054.0,1084.0,0.3237554758064516,0.36516695406377014
Extra Trees,1418,player_3,match_8,1084.0,1114.0,0.4643626887096774,0.37490892065625053
Extra Trees,1419,player_3,match_8,1114.0,1144.0,0.3093228064516129,0.36485967234025396
Extra Trees,1420,player_3,match_8,1144.0,1174.0,0.356843264516129,0.37012396020548666
Extra Trees,1421,player_3,match_8,1174.0,1204.0,0.3551337338709677,0.36327282579787473
Extra Trees,1422,player_3,match_8,1204.0,1234.0,0.2752174629032258,0.3722970236960035
Extra Trees,1423,player_3,match_8,1234.0,1264.0,0.242902343548387,0.37394033064303783
Extra Trees,1424,player_3,match_8,1264.0,1294.0,0.3738273983870966,0.35436684982544014
Extra Trees,1425,player_3,match_8,1294.0,1324.0,0.3141751016129032,0.3715192927023736
Extra Trees,1426,player_3,match_8,1324.0,1354.0,0.3341685548387096,0.3770397205465715
Extra Trees,1427,player_3,match_8,1354.0,1384.0,0.3898067403225805,0.3645093839131042
Extra Trees,1428,player_3,match_8,1384.0,1414.0,0.3246493258064516,0.3588814035655867
Extra Trees,1429,player_3,match_8,1414.0,1444.0,0.2727682241935484,0.3605884656637623
Extra Trees,1430,player_3,match_8,1444.0,1474.0,0.2527807983870968,0.3695459213134836
Extra Trees,1431,player_3,match_8,1474.0,1504.0,0.3396483903225806,0.3656085651468478
Extra Trees,1482,player_3,match_9,1.0,31.0,0.33529765,0.3688337787095006
Extra Trees,1483,player_3,match_9,31.0,61.0,0.3742693419354838,0.3647622699533583
Extra Trees,1484,player_3,match_9,61.0,91.0,0.3546849516129031,0.3614276644494502
Extra Trees,1485,player_3,match_9,91.0,121.0,0.3546658854838709,0.3628771993443899
Extra Trees,1486,player_3,match_9,121.0,151.0,0.3238790596774193,0.36143743223310565
Extra Trees,1487,player_3,match_9,151.0,181.0,0.4036772,0.36172342727560636
Extra Trees,1488,player_3,match_9,181.0,211.0,0.3837763016129032,0.3647157135803304
Extra Trees,1489,player_3,match_9,211.0,241.0,0.3465665532258064,0.3555282452445135
Extra Trees,1490,player_3,match_9,241.0,271.0,0.317046764516129,0.36354103350713446
Extra Trees,1491,player_3,match_9,271.0,301.0,0.3381844661290322,0.36617968739987294
Extra Trees,1492,player_3,match_9,301.0,331.0,0.368675708064516,0.3637636208549811
Extra Trees,1493,player_3,match_9,331.0,361.0,0.3779544048387097,0.36194834123104713
Extra Trees,1494,player_3,match_9,361.0,391.0,0.3473830177419355,0.3558510739233422
Extra Trees,1495,player_3,match_9,391.0,421.0,0.3446340870967742,0.35735012032321756
Extra Trees,1496,player_3,match_9,421.0,451.0,0.3274053822580645,0.35619585521363123
Extra Trees,1497,player_3,match_9,451.0,481.0,0.3398382387096774,0.3608738253451154
Extra Trees,1498,player_3,match_9,481.0,511.0,0.4211915596774193,0.3731157221831209
Extra Trees,1499,player_3,match_9,511.0,541.0,0.3921036999999999,0.35791716336256924
Extra Trees,1500,player_3,match_9,541.0,571.0,0.3714641798387096,0.3578779544108336
Extra Trees,1501,player_3,match_9,571.0,601.0,0.3447682870967742,0.349966138399782
Extra Trees,1502,player_3,match_9,601.0,631.0,0.3480073403225806,0.3569447306966617
Extra Trees,1503,player_3,match_9,631.0,661.0,0.3573306774193548,0.35307510948172444
Extra Trees,1504,player_3,match_9,661.0,691.0,0.4332546073476702,0.36143410941607196
Extra Trees,1505,player_3,match_9,691.0,721.0,0.3730761193548387,0.3633295317777232
Extra Trees,1506,player_3,match_9,721.0,751.0,0.3033966499999999,0.36611170869259624
Extra Trees,1507,player_3,match_9,751.0,781.0,0.3180434161290322,0.3705670176623007
Extra Trees,1508,player_3,match_9,781.0,811.0,0.4788181209677419,0.3757066569784399
Extra Trees,1509,player_3,match_9,811.0,841.0,0.4453166193548386,0.35247158186811883
Extra Trees,1510,player_3,match_9,841.0,871.0,0.3353647677419354,0.3497669041105775
Extra Trees,1511,player_3,match_9,871.0,901.0,0.400662479032258,0.3640459528855268
Extra Trees,1512,player_3,match_9,901.0,931.0,0.4410353741935483,0.36303279488996876
Extra Trees,1513,player_3,match_9,931.0,961.0,0.461188043548387,0.3641813326374757
Extra Trees,1514,player_3,match_9,961.0,991.0,0.4928181209677419,0.3545017515673141
Extra Trees,89,player_4,match_10,9.0,39.0,0.3217799612903225,0.3735137491698156
Extra Trees,90,player_4,match_10,39.0,69.0,0.2928451225806451,0.3627550123442252
Extra Trees,91,player_4,match_10,69.0,99.0,0.3910603177419354,0.35270359710543386
Extra Trees,92,player_4,match_10,99.0,129.0,0.3278932709677419,0.3577328045818275
Extra Trees,93,player_4,match_10,129.0,159.0,0.4370787677419354,0.3687004345852902
Extra Trees,94,player_4,match_10,159.0,189.0,0.3937881016129031,0.3598197992579527
Extra Trees,95,player_4,match_10,189.0,219.0,0.1685731397849462,0.35478643773937674
Extra Trees,308,player_4,match_11,168.0,198.0,0.3842112951612904,0.37633112631171756
Extra Trees,309,player_4,match_11,198.0,228.0,0.4058162451612903,0.37638304392704547
Extra Trees,310,player_4,match_11,228.0,258.0,0.4038188241935483,0.3806966932399219
Extra Trees,311,player_4,match_11,258.0,288.0,0.3873129274193548,0.3694743381634336
Extra Trees,312,player_4,match_11,288.0,318.0,0.3955306419354838,0.37530004485049945
Extra Trees,313,player_4,match_11,318.0,348.0,0.4709272048387096,0.38061342392349073
Extra Trees,314,player_4,match_11,348.0,378.0,0.5832202322580645,0.37598491212466734
Extra Trees,315,player_4,match_11,378.0,408.0,0.4728050080645161,0.3810141473371487
Extra Trees,316,player_4,match_11,408.0,438.0,0.413562829032258,0.382033578350887
Extra Trees,317,player_4,match_11,438.0,468.0,0.4762296290322581,0.3683445215056736
Extra Trees,318,player_4,match_11,468.0,498.0,0.4215463322580645,0.37159009056311954
Extra Trees,319,player_4,match_11,498.0,528.0,0.3882374032258064,0.37610487254397307
Extra Trees,320,player_4,match_11,528.0,558.0,0.3935791387096774,0.37383753797588865
Extra Trees,321,player_4,match_11,558.0,588.0,0.4332609403225805,0.37493613270981646
Extra Trees,322,player_4,match_11,588.0,618.0,0.475627679032258,0.3759666217035996
Extra Trees,323,player_4,match_11,618.0,648.0,0.4024941677419354,0.37379224259679183
Extra Trees,324,player_4,match_11,648.0,678.0,0.4430050919354839,0.38131635943065373
Extra Trees,325,player_4,match_11,678.0,708.0,0.4159376048387097,0.3826823705793571
Extra Trees,326,player_4,match_11,708.0,738.0,0.3945401516129031,0.37352123035058943
Extra Trees,327,player_4,match_11,738.0,768.0,0.4259119580645161,0.3690125776889945
Extra Trees,328,player_4,match_11,768.0,798.0,0.4030253258064515,0.36683267231144756
Extra Trees,329,player_4,match_11,798.0,828.0,0.3907230725806451,0.37539591223597724
Extra Trees,330,player_4,match_11,828.0,858.0,0.4226385591397849,0.37837863233343205
Extra Trees,331,player_4,match_11,858.0,888.0,0.448481229032258,0.371789226813109
Extra Trees,332,player_4,match_11,888.0,918.0,0.4334815274193548,0.3788206478863876
Extra Trees,333,player_4,match_11,918.0,948.0,0.4083821870967742,0.37590078575580765
Extra Trees,334,player_4,match_11,948.0,978.0,0.4190907564516129,0.37235803506161747
Extra Trees,335,player_4,match_11,978.0,1008.0,0.429247764516129,0.37971910879180276
Extra Trees,336,player_4,match_11,1008.0,1038.0,0.4780028752688172,0.38035082430413303
Extra Trees,337,player_4,match_11,1038.0,1068.0,0.4410169193548386,0.37481112085881296
Extra Trees,338,player_4,match_11,1068.0,1098.0,0.4612133919354839,0.3744447826380902
Extra Trees,339,player_4,match_11,1098.0,1128.0,0.3906026505376343,0.3687165618985361
Extra Trees,340,player_4,match_11,1128.0,1158.0,0.4279749279569892,0.3733269234657547
Extra Trees,341,player_4,match_11,1158.0,1188.0,0.5070420774193549,0.3781748740094006
Extra Trees,342,player_4,match_11,1188.0,1218.0,0.5153815080645161,0.37166224902103256
Extra Trees,343,player_4,match_11,1218.0,1248.0,0.428450079032258,0.3745281401755029
Extra Trees,344,player_4,match_11,1248.0,1278.0,0.3750276177419355,0.3734964692224709
Extra Trees,345,player_4,match_11,1278.0,1308.0,0.3954101774193548,0.37382950234601126
Extra Trees,346,player_4,match_11,1308.0,1338.0,0.4079895161290322,0.3764752138902062
Extra Trees,347,player_4,match_11,1338.0,1368.0,0.4018140806451612,0.37800795367896406
Extra Trees,348,player_4,match_11,1368.0,1398.0,0.3403397758064516,0.3728198755297703
Extra Trees,349,player_4,match_11,1398.0,1428.0,0.4415285564516128,0.37275649571398045
Extra Trees,350,player_4,match_11,1428.0,1458.0,0.4619110403225805,0.3756941344307974
Extra Trees,351,player_4,match_11,1458.0,1488.0,0.4448537112903226,0.37399944326997786
Extra Trees,352,player_4,match_11,1488.0,1518.0,0.5368804637096773,0.3772106039792096
Extra Trees,353,player_4,match_11,1518.0,1548.0,0.3442471387096774,0.3755697907504894
Extra Trees,354,player_4,match_11,1548.0,1578.0,0.4269378112903225,0.3759739722044788
Extra Trees,355,player_4,match_11,1578.0,1608.0,0.3956674516129032,0.37470257242587207
Extra Trees,356,player_4,match_11,1608.0,1638.0,0.3750901629032258,0.37597377552782035
Extra Trees,357,player_4,match_11,1638.0,1668.0,0.4173886274193548,0.3730946618081785
Extra Trees,358,player_4,match_11,1668.0,1698.0,0.4143237946236558,0.36748087446631045
Extra Trees,359,player_4,match_11,1698.0,1728.0,0.4375127612903225,0.3750958025097971
Extra Trees,360,player_4,match_11,1728.0,1758.0,0.3816933838709676,0.3731330494747536
Extra Trees,361,player_4,match_11,1758.0,1788.0,0.3879063499999999,0.37039312113639367
Extra Trees,362,player_4,match_11,1788.0,1818.0,0.3840723258064515,0.3775102802322063
Extra Trees,363,player_4,match_11,1818.0,1848.0,0.4074549297235023,0.37303698108528
Extra Trees,364,player_4,match_11,1848.0,1878.0,0.491157072580645,0.3719969502657885
Extra Trees,365,player_4,match_11,1878.0,1908.0,0.377877913489736,0.3730570388074815
Extra Trees,366,player_4,match_11,1908.0,1938.0,0.3828979322580644,0.383253869721263
Extra Trees,367,player_4,match_11,1938.0,1968.0,0.3768100806451613,0.37490832296727467
Extra Trees,368,player_4,match_11,1968.0,1998.0,0.3784119387096774,0.37359883409694633
Extra Trees,369,player_4,match_11,1998.0,2028.0,0.3779958564516128,0.3752209219852398
Extra Trees,370,player_4,match_11,2028.0,2058.0,0.3968446774193548,0.37287932123098255
Extra Trees,371,player_4,match_11,2058.0,2088.0,0.4261899580645161,0.37645256296881935
Extra Trees,372,player_4,match_11,2088.0,2118.0,0.418223622580645,0.36805074957896616
Extra Trees,373,player_4,match_11,2118.0,2148.0,0.389275564516129,0.37749197431169934
Extra Trees,374,player_4,match_11,2148.0,2178.0,0.4169403177419354,0.37294303558281733
Extra Trees,375,player_4,match_11,2178.0,2208.0,0.3932120403225806,0.3743394435834541
Extra Trees,448,player_4,match_12,236.0,266.0,0.3623836822580645,0.3624313994652795
Extra Trees,449,player_4,match_12,266.0,296.0,0.3702193693548387,0.36639765497180365
Extra Trees,450,player_4,match_12,296.0,326.0,0.3490734274193549,0.36895459759373933
Extra Trees,451,player_4,match_12,326.0,356.0,0.3996911016129032,0.37078852973919735
Extra Trees,452,player_4,match_12,356.0,386.0,0.3284608209677419,0.37803472582231973
Extra Trees,453,player_4,match_12,386.0,416.0,0.4272166354838709,0.3708144072269711
Extra Trees,454,player_4,match_12,416.0,446.0,0.441558479032258,0.3688683733795054
Extra Trees,455,player_4,match_12,446.0,476.0,0.4257332451612903,0.36131528165427546
Extra Trees,456,player_4,match_12,476.0,506.0,0.3800015161290322,0.35674468694492645
Extra Trees,457,player_4,match_12,506.0,536.0,0.3585309838709677,0.3568108595819993
Extra Trees,458,player_4,match_12,536.0,566.0,0.4354185322580645,0.3659406641830258
Extra Trees,459,player_4,match_12,566.0,596.0,0.457104458064516,0.36843884548377226
Extra Trees,460,player_4,match_12,596.0,626.0,0.4273867548387096,0.3670680732412083
Extra Trees,461,player_4,match_12,626.0,656.0,0.3503060967741934,0.3655710929836477
Extra Trees,462,player_4,match_12,656.0,686.0,0.3833928499999999,0.3748828280903946
Extra Trees,463,player_4,match_12,686.0,716.0,0.3904234741935484,0.36835423273213985
Extra Trees,464,player_4,match_12,716.0,746.0,0.4298751596774193,0.3569414959773557
Extra Trees,465,player_4,match_12,746.0,776.0,0.428139087096774,0.3660908970624721
Extra Trees,466,player_4,match_12,776.0,806.0,0.3894983064516129,0.36994867603735765
Extra Trees,467,player_4,match_12,806.0,836.0,0.3534890854838709,0.36482307313872925
Extra Trees,468,player_4,match_12,836.0,866.0,0.3911594774193548,0.3669584261387617
Extra Trees,469,player_4,match_12,866.0,896.0,0.4145624822580644,0.3668159866189496
Extra Trees,669,player_4,match_13,134.0,164.0,0.366750979032258,0.3486214616159726
Extra Trees,670,player_4,match_13,164.0,194.0,0.3624990887096774,0.35208573016143196
Extra Trees,671,player_4,match_13,194.0,224.0,0.352512693548387,0.354277459086392
Extra Trees,672,player_4,match_13,224.0,254.0,0.3564580935483871,0.36647316165699756
Extra Trees,673,player_4,match_13,254.0,284.0,0.3309110451612903,0.3659209041878403
Extra Trees,674,player_4,match_13,284.0,314.0,0.3915517903225806,0.3454216451093172
Extra Trees,675,player_4,match_13,314.0,344.0,0.4298870338709677,0.3493994348996304
Extra Trees,676,player_4,match_13,344.0,374.0,0.4176532709677419,0.3578535813620542
Extra Trees,677,player_4,match_13,374.0,404.0,0.3779788451612903,0.3614755382997917
Extra Trees,678,player_4,match_13,404.0,434.0,0.4283153661290322,0.3527447309391619
Extra Trees,679,player_4,match_13,434.0,464.0,0.382800129032258,0.35304149538790636
Extra Trees,680,player_4,match_13,464.0,494.0,0.4168474403225806,0.3569897860737056
Extra Trees,681,player_4,match_13,494.0,524.0,0.3807065758064516,0.3510491811767283
Extra Trees,682,player_4,match_13,524.0,554.0,0.4227452580645161,0.3466286661071168
Extra Trees,683,player_4,match_13,554.0,584.0,0.4064318279569892,0.3538787254931839
Extra Trees,684,player_4,match_13,584.0,614.0,0.3609130483870967,0.36574124255417634
Extra Trees,685,player_4,match_13,614.0,644.0,0.4888476727598565,0.3529186202301604
Extra Trees,686,player_4,match_13,644.0,674.0,0.4908945209677419,0.3547192144239723
Extra Trees,687,player_4,match_13,674.0,704.0,0.4348001161290322,0.35340566123302036
Extra Trees,688,player_4,match_13,704.0,734.0,0.427643643548387,0.35634344734124385
Extra Trees,689,player_4,match_13,734.0,764.0,0.4198529306451612,0.34602342327517777
Extra Trees,690,player_4,match_13,764.0,794.0,0.3750722806451613,0.35576328871180246
Extra Trees,691,player_4,match_13,794.0,824.0,0.2947397709677419,0.35950300592625645
Extra Trees,692,player_4,match_13,824.0,854.0,0.4280808758064516,0.3565671508587018
Extra Trees,693,player_4,match_13,854.0,884.0,0.415344908064516,0.3563061053144905
Extra Trees,694,player_4,match_13,884.0,914.0,0.3840966193548386,0.36160554335499984
Extra Trees,695,player_4,match_13,914.0,944.0,0.4180323548387097,0.3578047252852684
Extra Trees,696,player_4,match_13,944.0,974.0,0.4621011903225805,0.3596000680309797
Extra Trees,697,player_4,match_13,974.0,1004.0,0.4107305645161289,0.3526625329110657
Extra Trees,698,player_4,match_13,1004.0,1034.0,0.4295765107526881,0.3558448991783105
Extra Trees,699,player_4,match_13,1034.0,1064.0,0.4894602967741935,0.3600589063016435
Extra Trees,700,player_4,match_13,1064.0,1094.0,0.4890407419354838,0.3506543737194909
Extra Trees,701,player_4,match_13,1094.0,1124.0,0.4325143999999999,0.35790966270008484
Extra Trees,702,player_4,match_13,1124.0,1154.0,0.4059713709677419,0.35882501857829896
Extra Trees,703,player_4,match_13,1154.0,1184.0,0.4018455499999999,0.35501881585543393
Extra Trees,704,player_4,match_13,1184.0,1214.0,0.4696028661290322,0.3474832366326272
Extra Trees,705,player_4,match_13,1214.0,1244.0,0.4621412096774193,0.3489739241789321
Extra Trees,706,player_4,match_13,1244.0,1274.0,0.3845204693548387,0.35351479796586033
Extra Trees,707,player_4,match_13,1274.0,1304.0,0.3340003566308243,0.36495168748811063
Extra Trees,708,player_4,match_13,1304.0,1334.0,0.4043534483870967,0.35623824614612865
Extra Trees,709,player_4,match_13,1334.0,1364.0,0.371750114516129,0.3652860154366955
Extra Trees,710,player_4,match_13,1364.0,1394.0,0.4122716016129032,0.3512393373089307
Extra Trees,711,player_4,match_13,1394.0,1424.0,0.3915227935483871,0.3533721207734152
Extra Trees,712,player_4,match_13,1424.0,1454.0,0.3739972612903226,0.3606245039587398
Extra Trees,713,player_4,match_13,1454.0,1484.0,0.4081507080645161,0.3621246670738988
Extra Trees,714,player_4,match_13,1484.0,1514.0,0.4723563999999999,0.35561446540704655
Extra Trees,715,player_4,match_13,1514.0,1544.0,0.4062820209677418,0.36114901088610024
Extra Trees,716,player_4,match_13,1544.0,1574.0,0.4087842096774193,0.3608409167387678
Extra Trees,717,player_4,match_13,1574.0,1604.0,0.4999228516129032,0.35995481467075
Extra Trees,718,player_4,match_13,1604.0,1634.0,0.474066529032258,0.36056633671179145
Extra Trees,719,player_4,match_13,1634.0,1664.0,0.3784953629032257,0.36243628062661226
Extra Trees,720,player_4,match_13,1664.0,1694.0,0.3294626306451612,0.3777005680712996
Extra Trees,721,player_4,match_13,1694.0,1724.0,0.4156032951612903,0.349711540576645
Extra Trees,722,player_4,match_13,1724.0,1754.0,0.4257821451612902,0.3585580136639381
Extra Trees,723,player_4,match_13,1754.0,1784.0,0.4024596306451612,0.35253276628617064
Extra Trees,724,player_4,match_13,1784.0,1814.0,0.328244343548387,0.3591143583806685
Extra Trees,725,player_4,match_13,1814.0,1844.0,0.3405583,0.35479837953758897
Extra Trees,726,player_4,match_13,1844.0,1874.0,0.4143364048387096,0.35235828909536787
Extra Trees,727,player_4,match_13,1874.0,1904.0,0.4840867612903226,0.34318873167372277
Extra Trees,728,player_4,match_13,1904.0,1934.0,0.369382964516129,0.3444053507729833
Extra Trees,729,player_4,match_13,1934.0,1964.0,0.4041648241935484,0.35409016024678897
Extra Trees,730,player_4,match_13,1964.0,1994.0,0.3434776064516129,0.35894344029491787
Extra Trees,731,player_4,match_13,1994.0,2024.0,0.3997559177419354,0.3554582302004559
Extra Trees,732,player_4,match_13,2024.0,2054.0,0.3138108548387097,0.35807474600267863
Extra Trees,733,player_4,match_13,2054.0,2084.0,0.3317083516129032,0.36781794594363737
Extra Trees,833,player_4,match_14,386.0,416.0,0.405148514516129,0.3711297170102495
Extra Trees,834,player_4,match_14,416.0,446.0,0.3932071975806451,0.37213675579005956
Extra Trees,835,player_4,match_14,446.0,476.0,0.3884511261520736,0.35882258248082766
Extra Trees,836,player_4,match_14,476.0,506.0,0.3836950547235022,0.3609006721622109
Extra Trees,837,player_4,match_14,506.0,536.0,0.3789389832949308,0.358448740282916
Extra Trees,838,player_4,match_14,536.0,566.0,0.3756097332949308,0.36563076345396167
Extra Trees,839,player_4,match_14,566.0,596.0,0.3930877580645161,0.37044007184267885
Extra Trees,840,player_4,match_14,596.0,626.0,0.377830679032258,0.3593113388473963
Extra Trees,841,player_4,match_14,626.0,656.0,0.3831889322580645,0.3622991435925572
Extra Trees,842,player_4,match_14,656.0,686.0,0.4224506612903225,0.36150332959406994
Extra Trees,843,player_4,match_14,686.0,716.0,0.3805634838709677,0.36056415855032053
Extra Trees,844,player_4,match_14,716.0,746.0,0.3789224693548386,0.3617220364035012
Extra Trees,845,player_4,match_14,746.0,776.0,0.3775421354838709,0.37318188489145565
Extra Trees,846,player_4,match_14,776.0,806.0,0.3891524322580645,0.3668247697928162
Extra Trees,847,player_4,match_14,806.0,836.0,0.374085243548387,0.36696947418672027
Extra Trees,848,player_4,match_14,836.0,866.0,0.3737445677419355,0.366455770902591
Extra Trees,849,player_4,match_14,866.0,896.0,0.37754,0.3627604878624608
Extra Trees,850,player_4,match_14,896.0,926.0,0.369730114516129,0.37206590215777346
Extra Trees,851,player_4,match_14,926.0,956.0,0.3745211730205278,0.36226927723484814
Extra Trees,852,player_4,match_14,956.0,986.0,0.3808013306451612,0.363393134212151
Extra Trees,853,player_4,match_14,986.0,1016.0,0.3776010967741935,0.3696970050346864
Extra Trees,854,player_4,match_14,1016.0,1046.0,0.3998627822580645,0.3674825053741921
Extra Trees,855,player_4,match_14,1046.0,1076.0,0.5312633096774193,0.3615496199868258
Extra Trees,856,player_4,match_14,1076.0,1106.0,0.3963917564516129,0.37350822611323264
Extra Trees,857,player_4,match_14,1106.0,1136.0,0.377594408064516,0.374227686645544
Extra Trees,858,player_4,match_14,1136.0,1166.0,0.3680299129032257,0.3571573757507937
Extra Trees,859,player_4,match_14,1166.0,1196.0,0.3781662887096773,0.3640644777797609
Extra Trees,860,player_4,match_14,1196.0,1226.0,0.3847059193548386,0.3671963318654157
Extra Trees,861,player_4,match_14,1226.0,1256.0,0.3984853483870967,0.36957659118791786
Extra Trees,862,player_4,match_14,1256.0,1286.0,0.3775004548387096,0.36823800646762644
Extra Trees,863,player_4,match_14,1286.0,1316.0,0.3775998919354838,0.36992530078538666
Extra Trees,864,player_4,match_14,1316.0,1346.0,0.37754,0.3624932301717235
Extra Trees,865,player_4,match_14,1346.0,1376.0,0.37754,0.36764068458586324
Extra Trees,866,player_4,match_14,1376.0,1406.0,0.3777298225806451,0.35835504017621245
Extra Trees,867,player_4,match_14,1406.0,1436.0,0.367695179032258,0.36635656542253353
Extra Trees,868,player_4,match_14,1436.0,1466.0,0.3880869,0.3645070884589011
Extra Trees,869,player_4,match_14,1466.0,1496.0,0.3906062419354839,0.361091425965952
Extra Trees,870,player_4,match_14,1496.0,1526.0,0.3775400096774193,0.36283100660402773
Extra Trees,871,player_4,match_14,1526.0,1556.0,0.37754,0.3683343737239984
Extra Trees,872,player_4,match_14,1556.0,1586.0,0.3696757516129031,0.372188016694761
Extra Trees,873,player_4,match_14,1586.0,1616.0,0.3824956403225806,0.369238580338494
Extra Trees,874,player_4,match_14,1616.0,1646.0,0.37754,0.36748482090028883
Extra Trees,875,player_4,match_14,1646.0,1676.0,0.37754,0.3711888983738149
Extra Trees,876,player_4,match_14,1676.0,1706.0,0.3819723225806452,0.3672096566343142
Extra Trees,877,player_4,match_14,1706.0,1736.0,0.3797491370967741,0.3663225409846938
Extra Trees,878,player_4,match_14,1736.0,1766.0,0.3757101677419354,0.37201038233615846
Extra Trees,879,player_4,match_14,1766.0,1796.0,0.3756249609507639,0.3745549543667022
Extra Trees,880,player_4,match_14,1796.0,1826.0,0.3942242084889643,0.36893478311786615
Extra Trees,881,player_4,match_14,1826.0,1856.0,0.37754,0.3704233721360343
Extra Trees,1432,player_4,match_8,3.0,33.0,0.2936402661290322,0.35836883625954397
Extra Trees,1433,player_4,match_8,33.0,63.0,0.2337888903225806,0.36010004023575476
Extra Trees,1434,player_4,match_8,63.0,93.0,0.2387624322580644,0.3609194800431699
Extra Trees,1435,player_4,match_8,93.0,123.0,0.2585965112903226,0.36307409345136865
Extra Trees,1436,player_4,match_8,123.0,153.0,0.1856127354838709,0.3551096007535566
Extra Trees,1437,player_4,match_8,153.0,183.0,0.2244420725806451,0.34928542705725873
Extra Trees,1438,player_4,match_8,183.0,213.0,0.2791424451612903,0.3574574329829234
Extra Trees,1439,player_4,match_8,213.0,243.0,0.280498814516129,0.36077124196736
Extra Trees,1440,player_4,match_8,243.0,273.0,0.2254200951612903,0.3542250968758397
Extra Trees,1441,player_4,match_8,273.0,303.0,0.2321811870967741,0.364564832472492
Extra Trees,1442,player_4,match_8,303.0,333.0,0.2412346677419354,0.3590394802179834
Extra Trees,1443,player_4,match_8,333.0,363.0,0.3085772112903225,0.38125220715448654
Extra Trees,1444,player_4,match_8,363.0,393.0,0.3894644483870968,0.36583469578455063
Extra Trees,1445,player_4,match_8,393.0,423.0,0.3108899806451612,0.3602439712924019
Extra Trees,1446,player_4,match_8,423.0,453.0,0.3475553870967742,0.38666039377368816
Extra Trees,1447,player_4,match_8,453.0,483.0,0.3402289983870967,0.37027480075823815
Extra Trees,1448,player_4,match_8,483.0,513.0,0.4374144387096774,0.3633326054916977
Extra Trees,1449,player_4,match_8,513.0,543.0,0.4074272322580645,0.3629978970781834
Extra Trees,1450,player_4,match_8,543.0,573.0,0.3671605225806451,0.36523796844563494
Extra Trees,1451,player_4,match_8,573.0,603.0,0.462001229032258,0.36885622778265237
Extra Trees,1452,player_4,match_8,603.0,633.0,0.2885247564516129,0.3529291278715341
Extra Trees,1453,player_4,match_8,633.0,663.0,0.3292853935483871,0.36001695612850415
Extra Trees,1454,player_4,match_8,663.0,693.0,0.4571119806451613,0.3792489617165165
Extra Trees,1455,player_4,match_8,693.0,723.0,0.345162040860215,0.3609403428285173
Extra Trees,1456,player_4,match_8,723.0,753.0,0.3520294903225806,0.35421922312818066
Extra Trees,1457,player_4,match_8,753.0,783.0,0.319706914516129,0.352863703416456
Extra Trees,1458,player_4,match_8,783.0,813.0,0.3719317096774193,0.35852185984906926
Extra Trees,1459,player_4,match_8,813.0,843.0,0.3440492451612902,0.3596882700104773
Extra Trees,1460,player_4,match_8,843.0,873.0,0.4413690096774193,0.36742633835475375
Extra Trees,1461,player_4,match_8,873.0,903.0,0.5348753854838709,0.3796484710163147
Extra Trees,1462,player_4,match_8,903.0,933.0,0.5216585983870968,0.37042164916629644
Extra Trees,1463,player_4,match_8,933.0,963.0,0.4585932709677418,0.3814762855449453
Extra Trees,1464,player_4,match_8,963.0,993.0,0.3480824774193548,0.360039942744291
Extra Trees,1465,player_4,match_8,993.0,1023.0,0.4307672241935483,0.3713781789555069
Extra Trees,1466,player_4,match_8,1023.0,1053.0,0.6003164032258064,0.3632643486127079
Extra Trees,1467,player_4,match_8,1053.0,1083.0,0.4401362887096773,0.35957781490857976
Extra Trees,1468,player_4,match_8,1083.0,1113.0,0.4283666467741935,0.3594102213460616
Extra Trees,1469,player_4,match_8,1113.0,1143.0,0.478429317204301,0.36296981330734873
Extra Trees,1470,player_4,match_8,1143.0,1173.0,0.4842511612903225,0.35793045315751465
Extra Trees,1471,player_4,match_8,1173.0,1203.0,0.5376216354838709,0.3730545357314156
Extra Trees,1472,player_4,match_8,1203.0,1233.0,0.4296513903225806,0.36697023442313015
Extra Trees,1473,player_4,match_8,1233.0,1263.0,0.5108459354838709,0.3804670730199179
Extra Trees,1474,player_4,match_8,1263.0,1293.0,0.4504216467741935,0.3676138034256993
Extra Trees,1475,player_4,match_8,1293.0,1323.0,0.3596913080645161,0.3537464114217346
Extra Trees,1476,player_4,match_8,1323.0,1353.0,0.3339856580645161,0.3589203842741349
Extra Trees,1477,player_4,match_8,1353.0,1383.0,0.3750152580645161,0.3618484821923372
Extra Trees,1478,player_4,match_8,1383.0,1413.0,0.4615939112903225,0.35244925337654043
Extra Trees,1479,player_4,match_8,1413.0,1443.0,0.2335161774193548,0.36541569224593784
Extra Trees,1480,player_4,match_8,1443.0,1473.0,0.321098814516129,0.361016272869871
Extra Trees,1481,player_4,match_8,1473.0,1503.0,0.44420675,0.3671169336841538
Extra Trees,1515,player_4,match_9,9.0,39.0,0.4239898887096774,0.3665194412211397
Extra Trees,1516,player_4,match_9,39.0,69.0,0.3739965903225806,0.3527432175310302
Extra Trees,1517,player_4,match_9,69.0,99.0,0.3716395580645161,0.35785037080241283
Extra Trees,1518,player_4,match_9,99.0,129.0,0.4017635564516129,0.36578950410294014
Extra Trees,1519,player_4,match_9,129.0,159.0,0.4971047661290322,0.3521619522797666
Extra Trees,1520,player_4,match_9,159.0,189.0,0.3686038741935483,0.3502473751547889
Extra Trees,1521,player_4,match_9,189.0,219.0,0.3476745096774193,0.3590666008716437
Extra Trees,1522,player_4,match_9,219.0,249.0,0.3680411629032258,0.3553590568610028
Extra Trees,1523,player_4,match_9,249.0,279.0,0.3407845483870967,0.3598346174912767
Extra Trees,1524,player_4,match_9,279.0,309.0,0.3837451451612902,0.3783296671440921
Extra Trees,1525,player_4,match_9,309.0,339.0,0.3621322161290322,0.3573615904139876
Extra Trees,1526,player_4,match_9,339.0,369.0,0.4526585064516129,0.35699975325600153
Extra Trees,1527,player_4,match_9,369.0,399.0,0.3755813580645161,0.3521606782525717
Extra Trees,1528,player_4,match_9,399.0,429.0,0.4819621903225806,0.35674309685657446
Extra Trees,1529,player_4,match_9,429.0,459.0,0.3414929295698924,0.35978920886540117
Extra Trees,1530,player_4,match_9,459.0,489.0,0.4011424741935483,0.36607333724032015
Extra Trees,1531,player_4,match_9,489.0,519.0,0.3668874193548386,0.34753924463912295
Extra Trees,1532,player_4,match_9,519.0,549.0,0.4462699548387095,0.3692728754662669
Extra Trees,1533,player_4,match_9,549.0,579.0,0.3921005677419354,0.3689407009834831
Extra Trees,1534,player_4,match_9,579.0,609.0,0.3451927499999999,0.3822779714318519
Extra Trees,1535,player_4,match_9,609.0,639.0,0.3739440629032258,0.348531409392883
Extra Trees,1536,player_4,match_9,639.0,669.0,0.3175080225806451,0.35421103712837926
Extra Trees,1537,player_4,match_9,669.0,699.0,0.3284608822580644,0.3626042957338831
Extra Trees,1538,player_4,match_9,699.0,729.0,0.3103561016129031,0.3535031224373646
Extra Trees,1539,player_4,match_9,729.0,759.0,0.3383057854838709,0.36679144227057503
Extra Trees,1540,player_4,match_9,759.0,789.0,0.3636210725806451,0.3644361723232098
Extra Trees,1541,player_4,match_9,789.0,819.0,0.4444937193548386,0.372236228116685
Extra Trees,1542,player_4,match_9,819.0,849.0,0.4620974139784946,0.36897589435043915
Extra Trees,1543,player_4,match_9,849.0,879.0,0.3245619886148008,0.3648347544674868
Extra Trees,1544,player_4,match_9,879.0,909.0,0.2481818625237191,0.3758730475142463
Extra Trees,1545,player_4,match_9,909.0,939.0,0.3647371741935483,0.3756859343944584
Extra Trees,1546,player_4,match_9,939.0,969.0,0.3781964322580644,0.3607598374222491
Extra Trees,1547,player_4,match_9,969.0,999.0,0.4294712465437788,0.36453573081677393
Hist Gradient Boosting,0,player_1,match_0,0.0,30.0,0.3089558967741935,0.40085428205386425
Hist Gradient Boosting,1,player_1,match_0,30.0,60.0,0.293013805734767,0.3405863577355265
Hist Gradient Boosting,2,player_1,match_0,60.0,90.0,0.3186742338709677,0.34308596347447334
Hist Gradient Boosting,3,player_1,match_0,90.0,120.0,0.3088151419354837,0.3543053831231077
Hist Gradient Boosting,4,player_1,match_0,120.0,150.0,0.2586407629032257,0.36522932464209135
Hist Gradient Boosting,5,player_1,match_0,150.0,180.0,0.2626157370967741,0.34446084703410046
Hist Gradient Boosting,6,player_1,match_0,180.0,210.0,0.2673253306451613,0.37799699835592127
Hist Gradient Boosting,7,player_1,match_0,210.0,240.0,0.262403414516129,0.3347767727665393
Hist Gradient Boosting,8,player_1,match_0,240.0,270.0,0.284407179032258,0.3990962103379125
Hist Gradient Boosting,9,player_1,match_0,270.0,300.0,0.2913860887096773,0.38601916902142325
Hist Gradient Boosting,10,player_1,match_0,300.0,330.0,0.2618468435483871,0.3367719056144136
Hist Gradient Boosting,11,player_1,match_0,330.0,360.0,0.2690541677419354,0.342635514408951
Hist Gradient Boosting,12,player_1,match_0,360.0,390.0,0.2794713403225806,0.3607985964632192
Hist Gradient Boosting,13,player_1,match_0,390.0,420.0,0.3035584258064515,0.3680703352446667
Hist Gradient Boosting,14,player_1,match_0,420.0,450.0,0.2994459048387096,0.3643626004832262
Hist Gradient Boosting,15,player_1,match_0,450.0,480.0,0.2647599161290321,0.3462952597925225
Hist Gradient Boosting,16,player_1,match_0,480.0,510.0,0.3334233080645161,0.385228610874577
Hist Gradient Boosting,17,player_1,match_0,510.0,540.0,0.2825128983870967,0.33017790358470633
Hist Gradient Boosting,18,player_1,match_0,540.0,570.0,0.2714513209677418,0.32465765937084234
Hist Gradient Boosting,19,player_1,match_0,570.0,600.0,0.2878617693548387,0.36088059241974374
Hist Gradient Boosting,20,player_1,match_0,600.0,630.0,0.3189576483870967,0.39310561025610485
Hist Gradient Boosting,21,player_1,match_0,630.0,660.0,0.2880222548387097,0.3449834036114021
Hist Gradient Boosting,22,player_1,match_0,660.0,690.0,0.2710485612903225,0.3384457629021322
Hist Gradient Boosting,23,player_1,match_0,690.0,720.0,0.2761948435483871,0.3372810911808217
Hist Gradient Boosting,24,player_1,match_0,720.0,750.0,0.3103824580645161,0.39992691261529245
Hist Gradient Boosting,25,player_1,match_0,750.0,780.0,0.2959241612903225,0.37754419289935504
Hist Gradient Boosting,26,player_1,match_0,780.0,810.0,0.2792054548387096,0.3668784524832577
Hist Gradient Boosting,27,player_1,match_0,810.0,840.0,0.4803356887096774,0.36354070177214404
Hist Gradient Boosting,28,player_1,match_0,840.0,870.0,0.4701610854838709,0.3724166858620535
Hist Gradient Boosting,29,player_1,match_0,870.0,900.0,0.4655304225806451,0.3584137599560636
Hist Gradient Boosting,30,player_1,match_0,900.0,930.0,0.2989577419354838,0.3528925031238602
Hist Gradient Boosting,31,player_1,match_1,7.0,37.0,0.326792464516129,0.378393050727134
Hist Gradient Boosting,32,player_1,match_1,37.0,67.0,0.3146942025089605,0.34990501341071106
Hist Gradient Boosting,33,player_1,match_1,67.0,97.0,0.327580964516129,0.3763201635704881
Hist Gradient Boosting,34,player_1,match_1,97.0,127.0,0.3033205887096774,0.35947472518760165
Hist Gradient Boosting,35,player_1,match_1,127.0,157.0,0.2627608532258064,0.3562742378858387
Hist Gradient Boosting,36,player_1,match_1,157.0,187.0,0.2688933999999999,0.37862053936008594
Hist Gradient Boosting,37,player_1,match_1,187.0,217.0,0.2837630806451612,0.355621519309327
Hist Gradient Boosting,38,player_1,match_1,217.0,247.0,0.271203708064516,0.36678381590834025
Hist Gradient Boosting,39,player_1,match_1,247.0,277.0,0.2798041016129032,0.37821785050033224
Hist Gradient Boosting,40,player_1,match_1,277.0,307.0,0.2588016451612903,0.34547030099420406
Hist Gradient Boosting,41,player_1,match_1,307.0,337.0,0.2964694806451612,0.34516646622532315
Hist Gradient Boosting,42,player_1,match_1,337.0,367.0,0.2562407983870967,0.34676779047942036
Hist Gradient Boosting,43,player_1,match_1,367.0,397.0,0.3099167709677419,0.427062571100077
Hist Gradient Boosting,44,player_1,match_1,397.0,427.0,0.3193273854838709,0.37465228670539025
Hist Gradient Boosting,45,player_1,match_1,427.0,457.0,0.2609561080645161,0.36107603794516424
Hist Gradient Boosting,46,player_1,match_1,457.0,487.0,0.2648506709677419,0.3534128465939646
Hist Gradient Boosting,47,player_1,match_1,487.0,517.0,0.2760417177419354,0.37240181494667246
Hist Gradient Boosting,48,player_1,match_1,517.0,547.0,0.2991992596774193,0.38586341494279364
Hist Gradient Boosting,49,player_1,match_1,547.0,577.0,0.4693328548387097,0.38079814762326286
Hist Gradient Boosting,50,player_1,match_1,577.0,607.0,0.3155598387096773,0.3808621216694357
Hist Gradient Boosting,51,player_1,match_1,607.0,637.0,0.3107442612903225,0.38186808543901113
Hist Gradient Boosting,52,player_1,match_1,637.0,667.0,0.3418126048387097,0.39414386593286016
Hist Gradient Boosting,53,player_1,match_1,667.0,697.0,0.4955745064516129,0.406886206945064
Hist Gradient Boosting,54,player_1,match_1,697.0,727.0,0.4025211887096774,0.34278378976216517
Hist Gradient Boosting,55,player_1,match_1,727.0,757.0,0.4099977258064515,0.3612365596336098
Hist Gradient Boosting,56,player_1,match_1,757.0,787.0,0.4764586903225807,0.3740770758086097
Hist Gradient Boosting,57,player_1,match_1,787.0,817.0,0.4500446580645161,0.3721889984359104
Hist Gradient Boosting,58,player_1,match_1,817.0,847.0,0.5814184774193548,0.404288720117296
Hist Gradient Boosting,59,player_1,match_1,847.0,877.0,0.3919543064516128,0.3977003869770174
Hist Gradient Boosting,60,player_1,match_1,877.0,907.0,0.4392985548387096,0.39104208769815346
Hist Gradient Boosting,61,player_1,match_1,907.0,937.0,0.4926014854838709,0.40837424060016314
Hist Gradient Boosting,62,player_1,match_1,937.0,967.0,0.342435014516129,0.3524442889752232
Hist Gradient Boosting,63,player_1,match_1,967.0,997.0,0.3776644999999999,0.37839454214835266
Hist Gradient Boosting,64,player_1,match_1,997.0,1027.0,0.2881532822580644,0.39086549532177367
Hist Gradient Boosting,65,player_1,match_1,1027.0,1057.0,0.3654509419354838,0.3863766396981738
Hist Gradient Boosting,66,player_1,match_1,1057.0,1087.0,0.3716624532258064,0.4204038729998439
Hist Gradient Boosting,67,player_1,match_1,1087.0,1117.0,0.3102842241935483,0.3921831594699968
Hist Gradient Boosting,68,player_1,match_1,1117.0,1147.0,0.2924984032258064,0.38039499351235095
Hist Gradient Boosting,69,player_1,match_1,1147.0,1177.0,0.3274675064516128,0.3716434039628952
Hist Gradient Boosting,70,player_1,match_1,1177.0,1207.0,0.3139987612903225,0.3516636217712036
Hist Gradient Boosting,71,player_1,match_1,1207.0,1237.0,0.3041761096774192,0.3559333587222347
Hist Gradient Boosting,72,player_1,match_1,1237.0,1267.0,0.2918950306451612,0.3400169464938385
Hist Gradient Boosting,73,player_1,match_1,1267.0,1297.0,0.3080974322580645,0.3918126356570987
Hist Gradient Boosting,74,player_1,match_1,1297.0,1327.0,0.3178463758064516,0.4123256163588319
Hist Gradient Boosting,75,player_1,match_1,1327.0,1357.0,0.2968616967741935,0.38266405135952325
Hist Gradient Boosting,76,player_1,match_1,1357.0,1387.0,0.3722757193548387,0.37994754592273305
Hist Gradient Boosting,77,player_1,match_1,1387.0,1417.0,0.3155762887096773,0.35013699797520453
Hist Gradient Boosting,78,player_1,match_1,1417.0,1447.0,0.3206064874551971,0.3591137199791461
Hist Gradient Boosting,79,player_1,match_1,1447.0,1477.0,0.3224366129032258,0.39681762360597045
Hist Gradient Boosting,80,player_1,match_1,1477.0,1507.0,0.297328814516129,0.39144604988781934
Hist Gradient Boosting,96,player_1,match_11,172.0,202.0,0.4136623241935483,0.3902845159769018
Hist Gradient Boosting,97,player_1,match_11,202.0,232.0,0.416332764516129,0.3951837750111805
Hist Gradient Boosting,98,player_1,match_11,232.0,262.0,0.4717237370967742,0.3818711711133452
Hist Gradient Boosting,99,player_1,match_11,262.0,292.0,0.5031590225806452,0.3900708926513531
Hist Gradient Boosting,100,player_1,match_11,292.0,322.0,0.4347989661290322,0.38692086260306996
Hist Gradient Boosting,101,player_1,match_11,322.0,352.0,0.4280991516129032,0.3891929213573479
Hist Gradient Boosting,102,player_1,match_11,352.0,382.0,0.4635560725806451,0.3972007927428355
Hist Gradient Boosting,103,player_1,match_11,382.0,412.0,0.4437919649417562,0.40800233172432326
Hist Gradient Boosting,104,player_1,match_11,412.0,442.0,0.4541907066532257,0.39854043151606433
Hist Gradient Boosting,105,player_1,match_11,442.0,472.0,0.4438867373900292,0.3680497939376918
Hist Gradient Boosting,106,player_1,match_11,472.0,502.0,0.4038241983870967,0.4211270406915248
Hist Gradient Boosting,107,player_1,match_11,502.0,532.0,0.3913221564516129,0.39798718383086307
Hist Gradient Boosting,108,player_1,match_11,532.0,562.0,0.4260377967741935,0.37538088930282426
Hist Gradient Boosting,109,player_1,match_11,562.0,592.0,0.4308283129032257,0.38141798436430424
Hist Gradient Boosting,110,player_1,match_11,592.0,622.0,0.4629238661290322,0.38991607948106655
Hist Gradient Boosting,111,player_1,match_11,622.0,652.0,0.4602110887096773,0.3834902461265455
Hist Gradient Boosting,112,player_1,match_11,652.0,682.0,0.3935223306451613,0.4250344756825513
Hist Gradient Boosting,113,player_1,match_11,682.0,712.0,0.3982104741935484,0.40831832730079304
Hist Gradient Boosting,114,player_1,match_11,712.0,742.0,0.4295733951612902,0.44172135818334596
Hist Gradient Boosting,115,player_1,match_11,742.0,772.0,0.4238557,0.38789591687803554
Hist Gradient Boosting,116,player_1,match_11,772.0,802.0,0.4175289983870967,0.4013513237327129
Hist Gradient Boosting,117,player_1,match_11,802.0,832.0,0.379765129032258,0.41189929345514553
Hist Gradient Boosting,118,player_1,match_11,832.0,862.0,0.3948746887096773,0.43881642183846775
Hist Gradient Boosting,119,player_1,match_11,862.0,892.0,0.4160788564516128,0.4217147133309512
Hist Gradient Boosting,120,player_1,match_11,892.0,922.0,0.3652540870967741,0.42657946958336207
Hist Gradient Boosting,121,player_1,match_11,922.0,952.0,0.3925473532258065,0.4104879349764109
Hist Gradient Boosting,122,player_1,match_11,952.0,982.0,0.3322909274193548,0.3998747130231839
Hist Gradient Boosting,123,player_1,match_11,982.0,1012.0,0.3801257870967742,0.3969686563440802
Hist Gradient Boosting,124,player_1,match_11,1012.0,1042.0,0.3373334903225806,0.4062681858270098
Hist Gradient Boosting,125,player_1,match_11,1042.0,1072.0,0.3478639967741935,0.43203054812140346
Hist Gradient Boosting,126,player_1,match_11,1072.0,1102.0,0.4415434661290323,0.4146852845246485
Hist Gradient Boosting,127,player_1,match_11,1102.0,1132.0,0.2853860983870968,0.4287716540028797
Hist Gradient Boosting,128,player_1,match_11,1132.0,1162.0,0.293957064516129,0.3933409256411013
Hist Gradient Boosting,129,player_1,match_11,1162.0,1192.0,0.3479358064516128,0.37698337072251803
Hist Gradient Boosting,130,player_1,match_11,1192.0,1222.0,0.3663038322580645,0.3980357642983898
Hist Gradient Boosting,131,player_1,match_11,1222.0,1252.0,0.4008660596774193,0.4456294049245027
Hist Gradient Boosting,132,player_1,match_11,1252.0,1282.0,0.4250461225806451,0.39870335798699635
Hist Gradient Boosting,133,player_1,match_11,1282.0,1312.0,0.4056366209677419,0.4199495546175359
Hist Gradient Boosting,134,player_1,match_11,1312.0,1342.0,0.3596767419354838,0.43094816742593756
Hist Gradient Boosting,135,player_1,match_11,1342.0,1372.0,0.4587094032258064,0.42274151747142213
Hist Gradient Boosting,136,player_1,match_11,1372.0,1402.0,0.3524431048387096,0.4207497470363164
Hist Gradient Boosting,137,player_1,match_11,1402.0,1432.0,0.3985929903225805,0.416211962764794
Hist Gradient Boosting,138,player_1,match_11,1432.0,1462.0,0.4153332693548386,0.409145126430462
Hist Gradient Boosting,139,player_1,match_11,1462.0,1492.0,0.4259003451612903,0.41716204870973317
Hist Gradient Boosting,140,player_1,match_11,1492.0,1522.0,0.4547701946236558,0.4277696800697114
Hist Gradient Boosting,141,player_1,match_11,1522.0,1552.0,0.3945448564516129,0.4158963590902102
Hist Gradient Boosting,142,player_1,match_11,1552.0,1582.0,0.3744696951612902,0.42787338858838314
Hist Gradient Boosting,143,player_1,match_11,1582.0,1612.0,0.4127492435483871,0.4000910050870005
Hist Gradient Boosting,144,player_1,match_11,1612.0,1642.0,0.3248093854838709,0.4148242451121629
Hist Gradient Boosting,145,player_1,match_11,1642.0,1672.0,0.4427095725806451,0.4296807124346619
Hist Gradient Boosting,146,player_1,match_11,1672.0,1702.0,0.4044388838709676,0.40584383138670505
Hist Gradient Boosting,147,player_1,match_11,1702.0,1732.0,0.3678745677419354,0.4195684746916809
Hist Gradient Boosting,148,player_1,match_11,1732.0,1762.0,0.3491393933002481,0.3980351892393547
Hist Gradient Boosting,149,player_1,match_11,1762.0,1792.0,0.4061422532258064,0.4088849075674959
Hist Gradient Boosting,150,player_1,match_11,1792.0,1822.0,0.3585060322580644,0.38528603532773714
Hist Gradient Boosting,151,player_1,match_11,1822.0,1852.0,0.3783669338709676,0.4401861465992373
Hist Gradient Boosting,152,player_1,match_11,1852.0,1882.0,0.450786529032258,0.3761339698763449
Hist Gradient Boosting,153,player_1,match_11,1882.0,1912.0,0.3480020048387097,0.40632516933383817
Hist Gradient Boosting,154,player_1,match_11,1912.0,1942.0,0.3644472564516129,0.4167857638188989
Hist Gradient Boosting,155,player_1,match_11,1942.0,1972.0,0.4806962903225806,0.4195514755050862
Hist Gradient Boosting,156,player_1,match_11,1972.0,2002.0,0.4444146887096774,0.39731088369191103
Hist Gradient Boosting,157,player_1,match_11,2002.0,2032.0,0.3196661161290322,0.40335641119235344
Hist Gradient Boosting,158,player_1,match_11,2032.0,2062.0,0.3275598387096774,0.3860869008330132
Hist Gradient Boosting,159,player_1,match_11,2062.0,2092.0,0.3751879677419354,0.42551167141464785
Hist Gradient Boosting,160,player_1,match_11,2092.0,2122.0,0.3702284112903224,0.3713779593794492
Hist Gradient Boosting,161,player_1,match_11,2122.0,2152.0,0.5152851870967742,0.40450209959944994
Hist Gradient Boosting,162,player_1,match_11,2152.0,2182.0,0.3809551032258064,0.3733070401832671
Hist Gradient Boosting,163,player_1,match_11,2182.0,2212.0,0.3728131241935484,0.3517742470350672
Hist Gradient Boosting,376,player_1,match_12,239.0,269.0,0.3400579516129032,0.37594628298161964
Hist Gradient Boosting,377,player_1,match_12,269.0,299.0,0.3144669612903226,0.36762832917597726
Hist Gradient Boosting,378,player_1,match_12,299.0,329.0,0.5110473161290323,0.40847219592695827
Hist Gradient Boosting,379,player_1,match_12,329.0,359.0,0.4311793887096774,0.38966742487814093
Hist Gradient Boosting,380,player_1,match_12,359.0,389.0,0.4683972016129032,0.357909886913362
Hist Gradient Boosting,381,player_1,match_12,389.0,419.0,0.4162375016129032,0.3887081132176547
Hist Gradient Boosting,382,player_1,match_12,419.0,449.0,0.4214025806451612,0.37134611935565237
Hist Gradient Boosting,383,player_1,match_12,449.0,479.0,0.4019269548387096,0.36742726401240666
Hist Gradient Boosting,384,player_1,match_12,479.0,509.0,0.3542751080645161,0.4067326408727877
Hist Gradient Boosting,385,player_1,match_12,509.0,539.0,0.392424593548387,0.35570451340702886
Hist Gradient Boosting,386,player_1,match_12,539.0,569.0,0.3975517532258064,0.39165532623055144
Hist Gradient Boosting,387,player_1,match_12,569.0,599.0,0.4097716967741935,0.37045344825167775
Hist Gradient Boosting,388,player_1,match_12,599.0,629.0,0.3381159469534049,0.3453128243734391
Hist Gradient Boosting,389,player_1,match_12,629.0,659.0,0.3241692,0.3724771592889197
Hist Gradient Boosting,390,player_1,match_12,659.0,689.0,0.3956984741935483,0.36132136274078724
Hist Gradient Boosting,391,player_1,match_12,689.0,719.0,0.3604701967741935,0.3580519206391599
Hist Gradient Boosting,392,player_1,match_12,719.0,749.0,0.4092552193548386,0.36608230208471243
Hist Gradient Boosting,393,player_1,match_12,749.0,779.0,0.381246243548387,0.36609682157424983
Hist Gradient Boosting,394,player_1,match_12,779.0,809.0,0.3435942,0.3616680975592715
Hist Gradient Boosting,395,player_1,match_12,809.0,839.0,0.3481626516129031,0.36438894879500705
Hist Gradient Boosting,396,player_1,match_12,839.0,869.0,0.329289729032258,0.387375972592343
Hist Gradient Boosting,470,player_1,match_13,137.0,167.0,0.4297108421146953,0.3792381186800196
Hist Gradient Boosting,471,player_1,match_13,167.0,197.0,0.4261963,0.37891613431522764
Hist Gradient Boosting,472,player_1,match_13,197.0,227.0,0.3807079999999999,0.38369403777020944
Hist Gradient Boosting,473,player_1,match_13,227.0,257.0,0.4518187258064515,0.3945112091738054
Hist Gradient Boosting,474,player_1,match_13,257.0,287.0,0.4522258548387096,0.3707626771331954
Hist Gradient Boosting,475,player_1,match_13,287.0,317.0,0.4434951919354838,0.3796284534020293
Hist Gradient Boosting,476,player_1,match_13,317.0,347.0,0.3814994806451612,0.3519398094658514
Hist Gradient Boosting,477,player_1,match_13,347.0,377.0,0.3740176983870967,0.391699492349748
Hist Gradient Boosting,478,player_1,match_13,377.0,407.0,0.3679258548387096,0.36214762110331195
Hist Gradient Boosting,479,player_1,match_13,407.0,437.0,0.4163013999999999,0.3886562624778119
Hist Gradient Boosting,480,player_1,match_13,437.0,467.0,0.3734376612903225,0.3873105151782034
Hist Gradient Boosting,481,player_1,match_13,467.0,497.0,0.3954941016129032,0.3749419420911411
Hist Gradient Boosting,482,player_1,match_13,497.0,527.0,0.3866611483870967,0.3894716740560684
Hist Gradient Boosting,483,player_1,match_13,527.0,557.0,0.4719075193548386,0.3694604372030925
Hist Gradient Boosting,484,player_1,match_13,557.0,587.0,0.2849969387096773,0.3864155864286997
Hist Gradient Boosting,485,player_1,match_13,587.0,617.0,0.3055833983870967,0.38643642074682666
Hist Gradient Boosting,486,player_1,match_13,617.0,647.0,0.3457568602150537,0.38685277721619216
Hist Gradient Boosting,487,player_1,match_13,647.0,677.0,0.3561092387096773,0.4070423007145763
Hist Gradient Boosting,488,player_1,match_13,677.0,707.0,0.5017185967741935,0.37894265380756587
Hist Gradient Boosting,489,player_1,match_13,707.0,737.0,0.3352148564516128,0.3646942765170878
Hist Gradient Boosting,490,player_1,match_13,737.0,767.0,0.3232410071684587,0.3493089352084023
Hist Gradient Boosting,491,player_1,match_13,767.0,797.0,0.3319687419354838,0.366173165742376
Hist Gradient Boosting,492,player_1,match_13,797.0,827.0,0.3787868693548386,0.38851530666890305
Hist Gradient Boosting,493,player_1,match_13,827.0,857.0,0.3573640483870968,0.40994215071230766
Hist Gradient Boosting,494,player_1,match_13,857.0,887.0,0.36030815,0.37664197931898674
Hist Gradient Boosting,495,player_1,match_13,887.0,917.0,0.3700600615835777,0.4013613207706703
Hist Gradient Boosting,496,player_1,match_13,917.0,947.0,0.4018305112903225,0.35631188435166067
Hist Gradient Boosting,497,player_1,match_13,947.0,977.0,0.4777713887096774,0.39179194399997364
Hist Gradient Boosting,498,player_1,match_13,977.0,1007.0,0.4825169677419355,0.40643782804645734
Hist Gradient Boosting,499,player_1,match_13,1007.0,1037.0,0.4120946451612902,0.37597838355716084
Hist Gradient Boosting,500,player_1,match_13,1037.0,1067.0,0.3189861989247311,0.38940146762000216
Hist Gradient Boosting,501,player_1,match_13,1067.0,1097.0,0.2867375225806451,0.3881594546933686
Hist Gradient Boosting,502,player_1,match_13,1097.0,1127.0,0.3511622177419354,0.37435498316004956
Hist Gradient Boosting,503,player_1,match_13,1127.0,1157.0,0.4818510516129031,0.3902687506920437
Hist Gradient Boosting,504,player_1,match_13,1157.0,1187.0,0.3894725306451612,0.393291896365797
Hist Gradient Boosting,505,player_1,match_13,1187.0,1217.0,0.4749633854838709,0.3733702732122843
Hist Gradient Boosting,506,player_1,match_13,1217.0,1247.0,0.5027637548387096,0.4045939647635997
Hist Gradient Boosting,507,player_1,match_13,1247.0,1277.0,0.4474593967741935,0.3946579066649551
Hist Gradient Boosting,508,player_1,match_13,1277.0,1307.0,0.3817496338709677,0.38171288419397753
Hist Gradient Boosting,509,player_1,match_13,1307.0,1337.0,0.4277196951612903,0.3859502637152999
Hist Gradient Boosting,510,player_1,match_13,1337.0,1367.0,0.4311164306451612,0.378576407783294
Hist Gradient Boosting,511,player_1,match_13,1367.0,1397.0,0.4622056483870967,0.40129623314294244
Hist Gradient Boosting,512,player_1,match_13,1397.0,1427.0,0.3698741612903226,0.39624767420534435
Hist Gradient Boosting,513,player_1,match_13,1427.0,1457.0,0.4040003428315412,0.3958525510396153
Hist Gradient Boosting,514,player_1,match_13,1457.0,1487.0,0.4624870016129032,0.36839702223649234
Hist Gradient Boosting,515,player_1,match_13,1487.0,1517.0,0.4829153225806451,0.40022305626850674
Hist Gradient Boosting,516,player_1,match_13,1517.0,1547.0,0.3507165499999999,0.3947794023547323
Hist Gradient Boosting,517,player_1,match_13,1547.0,1577.0,0.4577799,0.38297629060612703
Hist Gradient Boosting,518,player_1,match_13,1577.0,1607.0,0.4131685822580645,0.37069553423704293
Hist Gradient Boosting,519,player_1,match_13,1607.0,1637.0,0.5196829693548387,0.41147333782557166
Hist Gradient Boosting,520,player_1,match_13,1637.0,1667.0,0.4005708806451612,0.4059674479703094
Hist Gradient Boosting,521,player_1,match_13,1667.0,1697.0,0.5110959516129032,0.36486774074847744
Hist Gradient Boosting,522,player_1,match_13,1697.0,1727.0,0.5381736774193548,0.3988932252868586
Hist Gradient Boosting,523,player_1,match_13,1727.0,1757.0,0.4434894193548387,0.3603262632903257
Hist Gradient Boosting,524,player_1,match_13,1757.0,1787.0,0.3746342467741935,0.3892639216507429
Hist Gradient Boosting,525,player_1,match_13,1787.0,1817.0,0.3379895209677419,0.38926992485044126
Hist Gradient Boosting,526,player_1,match_13,1817.0,1847.0,0.4141112580645161,0.3865152895456619
Hist Gradient Boosting,527,player_1,match_13,1847.0,1877.0,0.3742167112903225,0.3844515476222159
Hist Gradient Boosting,528,player_1,match_13,1877.0,1907.0,0.3697015591397848,0.3821942933504127
Hist Gradient Boosting,529,player_1,match_13,1907.0,1937.0,0.4048530274193548,0.3929844513313557
Hist Gradient Boosting,530,player_1,match_13,1937.0,1967.0,0.2652047612903225,0.3782331259503078
Hist Gradient Boosting,531,player_1,match_13,1967.0,1997.0,0.3488528193548386,0.40274211073664007
Hist Gradient Boosting,532,player_1,match_13,1997.0,2027.0,0.3670864032258064,0.3716869864879858
Hist Gradient Boosting,533,player_1,match_13,2027.0,2057.0,0.4078593241935483,0.37643251526031457
Hist Gradient Boosting,534,player_1,match_13,2057.0,2087.0,0.4180620564516129,0.4242167121343548
Hist Gradient Boosting,734,player_1,match_14,394.0,424.0,0.329956329032258,0.3883313333140332
Hist Gradient Boosting,735,player_1,match_14,424.0,454.0,0.2993918573393348,0.35241959519331945
Hist Gradient Boosting,736,player_1,match_14,454.0,484.0,0.2910753457114278,0.3458054622313369
Hist Gradient Boosting,737,player_1,match_14,484.0,514.0,0.2827588340835208,0.33801613101561945
Hist Gradient Boosting,738,player_1,match_14,514.0,544.0,0.2744423224556138,0.3611848474420921
Hist Gradient Boosting,739,player_1,match_14,544.0,574.0,0.2707195919354838,0.3834544577803045
Hist Gradient Boosting,740,player_1,match_14,574.0,604.0,0.2634844580645161,0.4032983153429861
Hist Gradient Boosting,741,player_1,match_14,604.0,634.0,0.3307987274193548,0.39998053372268794
Hist Gradient Boosting,742,player_1,match_14,634.0,664.0,0.3718515516129032,0.4241420886337546
Hist Gradient Boosting,743,player_1,match_14,664.0,694.0,0.2566187677419353,0.3841493290121606
Hist Gradient Boosting,744,player_1,match_14,694.0,724.0,0.2521627016129032,0.37949229020859193
Hist Gradient Boosting,745,player_1,match_14,724.0,754.0,0.3387252241935484,0.37518800275729075
Hist Gradient Boosting,746,player_1,match_14,754.0,784.0,0.2438232354838709,0.37951380923955724
Hist Gradient Boosting,747,player_1,match_14,784.0,814.0,0.2675964661290322,0.3555109492727066
Hist Gradient Boosting,748,player_1,match_14,814.0,844.0,0.2718040758064516,0.3767786828297294
Hist Gradient Boosting,749,player_1,match_14,844.0,874.0,0.2869475951612902,0.3983573839367562
Hist Gradient Boosting,750,player_1,match_14,874.0,904.0,0.289157864516129,0.41123509084738785
Hist Gradient Boosting,751,player_1,match_14,904.0,934.0,0.2668230016129032,0.3850748116964501
Hist Gradient Boosting,752,player_1,match_14,934.0,964.0,0.2973100241935483,0.40511761254756895
Hist Gradient Boosting,753,player_1,match_14,964.0,994.0,0.3126952774193547,0.36605636270229075
Hist Gradient Boosting,754,player_1,match_14,994.0,1024.0,0.3368025629032257,0.409996866707631
Hist Gradient Boosting,755,player_1,match_14,1024.0,1054.0,0.3230093758064516,0.35382903828465356
Hist Gradient Boosting,756,player_1,match_14,1054.0,1084.0,0.2887739258064515,0.3899509381643521
Hist Gradient Boosting,757,player_1,match_14,1084.0,1114.0,0.2846323612903225,0.3894717361801951
Hist Gradient Boosting,758,player_1,match_14,1114.0,1144.0,0.3458288548387097,0.4233472887115619
Hist Gradient Boosting,759,player_1,match_14,1144.0,1174.0,0.2876663016129032,0.3969760634724491
Hist Gradient Boosting,760,player_1,match_14,1174.0,1204.0,0.3187364483870967,0.3971751704288914
Hist Gradient Boosting,761,player_1,match_14,1204.0,1234.0,0.2769541564516128,0.379453804973918
Hist Gradient Boosting,762,player_1,match_14,1234.0,1264.0,0.3034009096774193,0.40635850870560936
Hist Gradient Boosting,763,player_1,match_14,1264.0,1294.0,0.3052135903225806,0.4111956285266389
Hist Gradient Boosting,764,player_1,match_14,1294.0,1324.0,0.2810469241935482,0.3772270405298943
Hist Gradient Boosting,765,player_1,match_14,1324.0,1354.0,0.2712858629032257,0.3989102494996285
Hist Gradient Boosting,766,player_1,match_14,1354.0,1384.0,0.308564164516129,0.4046976564977727
Hist Gradient Boosting,767,player_1,match_14,1384.0,1414.0,0.2781091774193548,0.4111666048096366
Hist Gradient Boosting,768,player_1,match_14,1414.0,1444.0,0.3313043209677418,0.41466472381783176
Hist Gradient Boosting,769,player_1,match_14,1444.0,1474.0,0.3813909451612903,0.4134967683382548
Hist Gradient Boosting,770,player_1,match_14,1474.0,1504.0,0.3995235177419354,0.4110592099844098
Hist Gradient Boosting,771,player_1,match_14,1504.0,1534.0,0.2877168677419354,0.4344960680612484
Hist Gradient Boosting,772,player_1,match_14,1534.0,1564.0,0.2648341516129032,0.399485695315649
Hist Gradient Boosting,773,player_1,match_14,1564.0,1594.0,0.3137279225806451,0.41774108202276294
Hist Gradient Boosting,774,player_1,match_14,1594.0,1624.0,0.3933622274193548,0.421428929282687
Hist Gradient Boosting,775,player_1,match_14,1624.0,1654.0,0.287526043548387,0.3978425635617533
Hist Gradient Boosting,776,player_1,match_14,1654.0,1684.0,0.2981030709677419,0.39129744876518646
Hist Gradient Boosting,777,player_1,match_14,1684.0,1714.0,0.3973651096774194,0.3966042207678069
Hist Gradient Boosting,778,player_1,match_14,1714.0,1744.0,0.3146204016129031,0.43203057152105073
Hist Gradient Boosting,779,player_1,match_14,1744.0,1774.0,0.3720404870967742,0.38875508022710653
Hist Gradient Boosting,780,player_1,match_14,1774.0,1804.0,0.3306750983870967,0.38252902031319447
Hist Gradient Boosting,781,player_1,match_14,1804.0,1834.0,0.4044475838709677,0.4070917211749823
Hist Gradient Boosting,782,player_1,match_14,1834.0,1864.0,0.3351733838709677,0.40531969578028215
Hist Gradient Boosting,882,player_1,match_18,65.0,95.0,0.4903846806451613,0.36694236272700087
Hist Gradient Boosting,883,player_1,match_18,95.0,125.0,0.4900290274193548,0.3501389131639521
Hist Gradient Boosting,884,player_1,match_18,125.0,155.0,0.4216675161290322,0.3736751976563181
Hist Gradient Boosting,885,player_1,match_18,155.0,185.0,0.4281842338709677,0.3637531840736137
Hist Gradient Boosting,886,player_1,match_18,185.0,215.0,0.3942215951612903,0.34594370588070783
Hist Gradient Boosting,887,player_1,match_18,215.0,245.0,0.4428200919354838,0.3789132628368155
Hist Gradient Boosting,888,player_1,match_18,245.0,275.0,0.3800381499999999,0.35038652726878705
Hist Gradient Boosting,889,player_1,match_18,275.0,305.0,0.424114085483871,0.35026939541382374
Hist Gradient Boosting,890,player_1,match_18,305.0,335.0,0.3540663193548387,0.3619102538639361
Hist Gradient Boosting,891,player_1,match_18,335.0,365.0,0.3890096903225806,0.37186827062753686
Hist Gradient Boosting,892,player_1,match_18,365.0,395.0,0.4142705121863799,0.367144188626208
Hist Gradient Boosting,893,player_1,match_18,395.0,425.0,0.361949864516129,0.3705804827149578
Hist Gradient Boosting,894,player_1,match_18,425.0,455.0,0.3998154858870967,0.35896084331527567
Hist Gradient Boosting,895,player_1,match_18,455.0,485.0,0.4608750548387096,0.3565451867787484
Hist Gradient Boosting,896,player_1,match_18,485.0,515.0,0.4413816612903226,0.36509550598232715
Hist Gradient Boosting,897,player_1,match_18,515.0,545.0,0.4072058532258064,0.35811449852259253
Hist Gradient Boosting,898,player_1,match_18,545.0,575.0,0.4313362693548387,0.3561111255816952
Hist Gradient Boosting,899,player_1,match_18,575.0,605.0,0.3883011435483871,0.3614995956219134
Hist Gradient Boosting,900,player_1,match_18,605.0,635.0,0.3999302999999999,0.38615580995164256
Hist Gradient Boosting,901,player_1,match_18,635.0,665.0,0.3973900967741935,0.38510493976506466
Hist Gradient Boosting,902,player_1,match_18,665.0,695.0,0.402514929032258,0.36941089616791817
Hist Gradient Boosting,903,player_1,match_18,695.0,725.0,0.388979979032258,0.3693075762982593
Hist Gradient Boosting,904,player_1,match_18,725.0,755.0,0.4493199241935484,0.38072435745275346
Hist Gradient Boosting,905,player_1,match_18,755.0,785.0,0.4547159870967742,0.37210505622437734
Hist Gradient Boosting,906,player_1,match_18,785.0,815.0,0.4786723951612902,0.3842413613483777
Hist Gradient Boosting,907,player_1,match_18,815.0,845.0,0.4543706693548386,0.3463887723617057
Hist Gradient Boosting,908,player_1,match_18,845.0,875.0,0.4450819112903226,0.36666909481945775
Hist Gradient Boosting,909,player_1,match_18,875.0,905.0,0.3898048854838709,0.3714835558721744
Hist Gradient Boosting,910,player_1,match_18,905.0,935.0,0.4455010274193548,0.35670460334109616
Hist Gradient Boosting,911,player_1,match_18,935.0,965.0,0.4510370403225806,0.37738368168386044
Hist Gradient Boosting,912,player_1,match_18,965.0,995.0,0.3433650370967741,0.38433519549929773
Hist Gradient Boosting,913,player_1,match_18,995.0,1025.0,0.413941770967742,0.3745752103547837
Hist Gradient Boosting,914,player_1,match_18,1025.0,1055.0,0.4272219677419355,0.3737408879159856
Hist Gradient Boosting,915,player_1,match_18,1055.0,1085.0,0.3561701612903226,0.34179607923111316
Hist Gradient Boosting,916,player_1,match_18,1085.0,1115.0,0.3801260129032258,0.35661377224016294
Hist Gradient Boosting,917,player_1,match_18,1115.0,1145.0,0.3460726258064516,0.37938458595659336
Hist Gradient Boosting,918,player_1,match_18,1145.0,1175.0,0.4570099370967742,0.3338101707938845
Hist Gradient Boosting,919,player_1,match_18,1175.0,1205.0,0.4312639806451612,0.38979444820360876
Hist Gradient Boosting,920,player_1,match_18,1205.0,1235.0,0.4574239193548387,0.34836731215067246
Hist Gradient Boosting,921,player_1,match_18,1235.0,1265.0,0.4404858451612902,0.34609825983334475
Hist Gradient Boosting,922,player_1,match_18,1265.0,1295.0,0.4074666499999999,0.38362463066191904
Hist Gradient Boosting,923,player_1,match_18,1295.0,1325.0,0.420292243548387,0.3777011480833915
Hist Gradient Boosting,924,player_1,match_18,1325.0,1355.0,0.3914861870967742,0.3613976591678326
Hist Gradient Boosting,925,player_1,match_18,1355.0,1385.0,0.3828698806451612,0.3342104013799903
Hist Gradient Boosting,926,player_1,match_18,1385.0,1415.0,0.4066304532258065,0.34421953611783346
Hist Gradient Boosting,927,player_1,match_18,1415.0,1445.0,0.3114662709677419,0.35969655016833096
Hist Gradient Boosting,928,player_1,match_18,1445.0,1475.0,0.3201552419354839,0.3366260447408455
Hist Gradient Boosting,929,player_1,match_18,1475.0,1505.0,0.3667958193548387,0.36662848881473575
Hist Gradient Boosting,930,player_1,match_18,1505.0,1535.0,0.4142223951612902,0.360938264154804
Hist Gradient Boosting,931,player_1,match_18,1535.0,1565.0,0.334844158064516,0.36720714751903627
Hist Gradient Boosting,932,player_1,match_18,1565.0,1595.0,0.4041086580645161,0.3657570158536278
Hist Gradient Boosting,933,player_1,match_18,1595.0,1625.0,0.3583298096774193,0.3573816093872979
Hist Gradient Boosting,934,player_1,match_18,1625.0,1655.0,0.3680079677419354,0.3530604598046108
Hist Gradient Boosting,935,player_1,match_18,1655.0,1685.0,0.3733173758064515,0.36433431606178057
Hist Gradient Boosting,936,player_1,match_18,1685.0,1715.0,0.4471321741935483,0.3860819547870402
Hist Gradient Boosting,937,player_1,match_18,1715.0,1745.0,0.3571136258064515,0.3787262354334496
Hist Gradient Boosting,938,player_1,match_18,1745.0,1775.0,0.3141510209677419,0.3672081531793698
Hist Gradient Boosting,939,player_1,match_18,1775.0,1805.0,0.319278529032258,0.3598501094870745
Hist Gradient Boosting,940,player_1,match_18,1805.0,1835.0,0.3425857064516129,0.37219370467017515
Hist Gradient Boosting,941,player_1,match_18,1835.0,1865.0,0.3955945096774192,0.358608578329684
Hist Gradient Boosting,942,player_1,match_18,1865.0,1895.0,0.3310328129032257,0.3445051381362961
Hist Gradient Boosting,943,player_1,match_18,1895.0,1925.0,0.3494332516129032,0.37324779134381714
Hist Gradient Boosting,944,player_1,match_18,1925.0,1955.0,0.4393587096774193,0.34973546659813676
Hist Gradient Boosting,945,player_1,match_18,1955.0,1985.0,0.4718739387096773,0.35798539739262725
Hist Gradient Boosting,946,player_1,match_18,1985.0,2015.0,0.3235580279569892,0.3860178267032616
Hist Gradient Boosting,947,player_1,match_18,2015.0,2045.0,0.4282874827956989,0.3663114713282517
Hist Gradient Boosting,948,player_1,match_18,2045.0,2075.0,0.3798978268817203,0.3608249037354183
Hist Gradient Boosting,949,player_1,match_18,2075.0,2105.0,0.3466557096774193,0.37964968768141144
Hist Gradient Boosting,950,player_1,match_18,2105.0,2135.0,0.4128237854838709,0.3760701832365963
Hist Gradient Boosting,951,player_1,match_18,2135.0,2165.0,0.3962035838709677,0.37527283428278624
Hist Gradient Boosting,952,player_1,match_18,2165.0,2195.0,0.4174065806451613,0.3506794609376297
Hist Gradient Boosting,953,player_1,match_18,2195.0,2225.0,0.4007655806451612,0.383190224079699
Hist Gradient Boosting,954,player_1,match_18,2225.0,2255.0,0.4051961274193548,0.37327393047396557
Hist Gradient Boosting,955,player_1,match_18,2255.0,2285.0,0.3618894451612902,0.3691130301013216
Hist Gradient Boosting,956,player_1,match_18,2285.0,2315.0,0.3889859241935484,0.3823739872187534
Hist Gradient Boosting,957,player_1,match_18,2315.0,2345.0,0.3682580241935484,0.36556784369903644
Hist Gradient Boosting,958,player_1,match_18,2345.0,2375.0,0.4278256209677419,0.35549237625657304
Hist Gradient Boosting,1036,player_1,match_19,4.0,34.0,0.346955036344086,0.36500323994258044
Hist Gradient Boosting,1037,player_1,match_19,34.0,64.0,0.4860952193548387,0.36709314597680787
Hist Gradient Boosting,1038,player_1,match_19,64.0,94.0,0.2503748451612902,0.3384041600697501
Hist Gradient Boosting,1039,player_1,match_19,94.0,124.0,0.3339913580645161,0.35134291778221965
Hist Gradient Boosting,1040,player_1,match_19,124.0,154.0,0.2979476258064516,0.3242543010346988
Hist Gradient Boosting,1041,player_1,match_19,154.0,184.0,0.3438236467741935,0.35919370322711364
Hist Gradient Boosting,1042,player_1,match_19,184.0,214.0,0.4131600645161289,0.37610262374680387
Hist Gradient Boosting,1043,player_1,match_19,214.0,244.0,0.3620903795698924,0.39064039483850715
Hist Gradient Boosting,1044,player_1,match_19,244.0,274.0,0.3750370725806451,0.36995996411733295
Hist Gradient Boosting,1045,player_1,match_19,274.0,304.0,0.3312729403225806,0.359826219257146
Hist Gradient Boosting,1046,player_1,match_19,304.0,334.0,0.2992506311827957,0.3654603394577225
Hist Gradient Boosting,1047,player_1,match_19,334.0,364.0,0.3115837322580644,0.37633990321078997
Hist Gradient Boosting,1048,player_1,match_19,364.0,394.0,0.3697505870967741,0.35252929199349914
Hist Gradient Boosting,1049,player_1,match_19,394.0,424.0,0.2926450806451612,0.3422164559350002
Hist Gradient Boosting,1050,player_1,match_19,424.0,454.0,0.3417411096774193,0.3598401163144836
Hist Gradient Boosting,1051,player_1,match_19,454.0,484.0,0.4074611709677419,0.3488022440769134
Hist Gradient Boosting,1052,player_1,match_19,484.0,514.0,0.460586214516129,0.3483320848627867
Hist Gradient Boosting,1053,player_1,match_19,514.0,544.0,0.3249116758064515,0.36304643665785497
Hist Gradient Boosting,1054,player_1,match_19,544.0,574.0,0.3767467306451612,0.3893283777642239
Hist Gradient Boosting,1055,player_1,match_19,574.0,604.0,0.3643226838709676,0.37347323452030334
Hist Gradient Boosting,1056,player_1,match_19,604.0,634.0,0.3196262645161289,0.35191918620277546
Hist Gradient Boosting,1057,player_1,match_19,634.0,664.0,0.3825130403225806,0.3716323766387569
Hist Gradient Boosting,1058,player_1,match_19,664.0,694.0,0.2664388306451613,0.37149765804134055
Hist Gradient Boosting,1059,player_1,match_19,694.0,724.0,0.4317197419354838,0.3817461528690041
Hist Gradient Boosting,1060,player_1,match_19,724.0,754.0,0.4267420435483871,0.38823386361879075
Hist Gradient Boosting,1061,player_1,match_19,754.0,784.0,0.3077548532258064,0.3702665622222265
Hist Gradient Boosting,1062,player_1,match_19,784.0,814.0,0.2900432338709677,0.354856643155255
Hist Gradient Boosting,1063,player_1,match_19,814.0,844.0,0.3189259016129032,0.3864765542779563
Hist Gradient Boosting,1064,player_1,match_19,844.0,874.0,0.3310214225806451,0.37501485893466735
Hist Gradient Boosting,1065,player_1,match_19,874.0,904.0,0.4569588354838709,0.36496396458500424
Hist Gradient Boosting,1066,player_1,match_19,904.0,934.0,0.4133246967741935,0.3621210295201561
Hist Gradient Boosting,1067,player_1,match_19,934.0,964.0,0.4087482870967741,0.3630951997365201
Hist Gradient Boosting,1068,player_1,match_19,964.0,994.0,0.5050125741935484,0.357798038166338
Hist Gradient Boosting,1069,player_1,match_19,994.0,1024.0,0.4477181580645161,0.38143242856031595
Hist Gradient Boosting,1104,player_1,match_2,4.0,34.0,0.2958652661290322,0.39689437830961677
Hist Gradient Boosting,1105,player_1,match_2,34.0,64.0,0.2775176467741935,0.39676717239353126
Hist Gradient Boosting,1106,player_1,match_2,64.0,94.0,0.2637238629032258,0.3965607732365906
Hist Gradient Boosting,1107,player_1,match_2,94.0,124.0,0.2586034,0.39939667067941603
Hist Gradient Boosting,1108,player_1,match_2,124.0,154.0,0.3067604274193548,0.4051078389104616
Hist Gradient Boosting,1109,player_1,match_2,154.0,184.0,0.3346776854838709,0.4194625877217727
Hist Gradient Boosting,1110,player_1,match_2,184.0,214.0,0.2801252564516128,0.40985483075536383
Hist Gradient Boosting,1111,player_1,match_2,214.0,244.0,0.3093890403225806,0.39529086280391523
Hist Gradient Boosting,1112,player_1,match_2,244.0,274.0,0.2566419408602149,0.3567729237949273
Hist Gradient Boosting,1113,player_1,match_2,274.0,304.0,0.2652927387096773,0.4000457860843137
Hist Gradient Boosting,1114,player_1,match_2,304.0,334.0,0.2742754129032257,0.4072666620486649
Hist Gradient Boosting,1115,player_1,match_2,334.0,364.0,0.3004889838709677,0.39040642886740407
Hist Gradient Boosting,1116,player_1,match_2,364.0,394.0,0.2880322241935483,0.38025767467415283
Hist Gradient Boosting,1117,player_1,match_2,394.0,424.0,0.2722221096774193,0.34794831474342836
Hist Gradient Boosting,1118,player_1,match_2,424.0,454.0,0.2656520806451613,0.34536975399154424
Hist Gradient Boosting,1119,player_1,match_2,454.0,484.0,0.3102619983870968,0.3653011238874069
Hist Gradient Boosting,1120,player_1,match_2,484.0,514.0,0.2792051919354838,0.3739409508484294
Hist Gradient Boosting,1121,player_1,match_2,514.0,544.0,0.3022927983870968,0.3636031413454821
Hist Gradient Boosting,1122,player_1,match_2,544.0,574.0,0.2844382032258064,0.3667582833916902
Hist Gradient Boosting,1123,player_1,match_2,574.0,604.0,0.2853032274193547,0.37517006395237595
Hist Gradient Boosting,1124,player_1,match_2,604.0,634.0,0.2881203322580645,0.3858861743166932
Hist Gradient Boosting,1125,player_1,match_2,634.0,664.0,0.3373394419354838,0.3655449730791573
Hist Gradient Boosting,1126,player_1,match_2,664.0,694.0,0.2931663677419354,0.32948954891142296
Hist Gradient Boosting,1127,player_1,match_2,694.0,724.0,0.28431085,0.34794661373591423
Hist Gradient Boosting,1128,player_1,match_2,724.0,754.0,0.3184956838709677,0.3682437355419291
Hist Gradient Boosting,1129,player_1,match_2,754.0,784.0,0.3055769,0.35657932933101716
Hist Gradient Boosting,1130,player_1,match_2,784.0,814.0,0.2926449499999999,0.3702015746715471
Hist Gradient Boosting,1131,player_1,match_2,814.0,844.0,0.3067503661290321,0.35734816150601295
Hist Gradient Boosting,1132,player_1,match_2,844.0,874.0,0.289839793548387,0.3742571505965178
Hist Gradient Boosting,1133,player_1,match_2,874.0,904.0,0.3378765919354839,0.37462693159399807
Hist Gradient Boosting,1134,player_1,match_2,904.0,934.0,0.3269790983870967,0.4024817727984796
Hist Gradient Boosting,1135,player_1,match_2,934.0,964.0,0.3132642403225806,0.3566645244915913
Hist Gradient Boosting,1136,player_1,match_2,964.0,994.0,0.3223875709677419,0.3597844554375294
Hist Gradient Boosting,1137,player_1,match_2,994.0,1024.0,0.3215101564516129,0.3621680179180755
Hist Gradient Boosting,1138,player_1,match_2,1024.0,1054.0,0.3371445725806451,0.34606135384832826
Hist Gradient Boosting,1139,player_1,match_20,8.0,38.0,0.3989269854838709,0.3786194968876685
Hist Gradient Boosting,1140,player_1,match_20,38.0,68.0,0.4316900344086021,0.3996882480843686
Hist Gradient Boosting,1141,player_1,match_20,68.0,98.0,0.3397370677419354,0.4050959840056198
Hist Gradient Boosting,1142,player_1,match_20,98.0,128.0,0.3017111225806451,0.34484979986504916
Hist Gradient Boosting,1143,player_1,match_20,128.0,158.0,0.3798366677419355,0.34565424845509973
Hist Gradient Boosting,1144,player_1,match_20,158.0,188.0,0.3745574080645161,0.3578835522240995
Hist Gradient Boosting,1145,player_1,match_20,188.0,218.0,0.3556796903225807,0.3535132491774046
Hist Gradient Boosting,1146,player_1,match_20,218.0,248.0,0.3473440016129032,0.39049731313274977
Hist Gradient Boosting,1147,player_1,match_20,248.0,278.0,0.3123709129032258,0.3640705104716668
Hist Gradient Boosting,1148,player_1,match_20,278.0,308.0,0.3874297354838709,0.37250085544879497
Hist Gradient Boosting,1149,player_1,match_20,308.0,338.0,0.3102420612903225,0.36272753535050595
Hist Gradient Boosting,1150,player_1,match_20,338.0,368.0,0.3197564532258065,0.39465384818458293
Hist Gradient Boosting,1151,player_1,match_20,368.0,398.0,0.4100833096774193,0.3763132157454345
Hist Gradient Boosting,1152,player_1,match_20,398.0,428.0,0.393396693548387,0.3619865253325601
Hist Gradient Boosting,1153,player_1,match_20,428.0,458.0,0.385809793548387,0.36498652359209205
Hist Gradient Boosting,1154,player_1,match_20,458.0,488.0,0.3220859338709677,0.3799114783146717
Hist Gradient Boosting,1155,player_1,match_20,488.0,518.0,0.4059238080645161,0.37266013150369415
Hist Gradient Boosting,1156,player_1,match_20,518.0,548.0,0.4215177967741935,0.3750577656503996
Hist Gradient Boosting,1157,player_1,match_20,548.0,578.0,0.4170904209677418,0.3827638415738725
Hist Gradient Boosting,1158,player_1,match_20,578.0,608.0,0.3580198709677418,0.40173111239464737
Hist Gradient Boosting,1159,player_1,match_20,608.0,638.0,0.3240940629032258,0.34693557664820546
Hist Gradient Boosting,1160,player_1,match_20,638.0,668.0,0.4082569467741935,0.37814194489297603
Hist Gradient Boosting,1161,player_1,match_20,668.0,698.0,0.3032243564516129,0.37742978066309113
Hist Gradient Boosting,1162,player_1,match_20,698.0,728.0,0.3439332903225806,0.378637545912408
Hist Gradient Boosting,1163,player_1,match_20,728.0,758.0,0.3478509258064515,0.36840570891564445
Hist Gradient Boosting,1164,player_1,match_20,758.0,788.0,0.4013233741935483,0.3530278034850419
Hist Gradient Boosting,1165,player_1,match_20,788.0,818.0,0.4152917016129032,0.34252261150608865
Hist Gradient Boosting,1166,player_1,match_20,818.0,848.0,0.424755858064516,0.3759640734340084
Hist Gradient Boosting,1167,player_1,match_20,848.0,878.0,0.3946000548387096,0.3728794388906398
Hist Gradient Boosting,1168,player_1,match_20,878.0,908.0,0.3284972451612902,0.38145775999948356
Hist Gradient Boosting,1169,player_1,match_20,908.0,938.0,0.4403926483870967,0.3632706951418198
Hist Gradient Boosting,1170,player_1,match_20,938.0,968.0,0.4816861806451612,0.36590568603216916
Hist Gradient Boosting,1171,player_1,match_20,968.0,998.0,0.4418031258064515,0.39336837542845765
Hist Gradient Boosting,1172,player_1,match_20,998.0,1028.0,0.3454945629032258,0.3809262463279457
Hist Gradient Boosting,1173,player_1,match_20,1028.0,1058.0,0.3381067080645161,0.3754931251958427
Hist Gradient Boosting,1174,player_1,match_20,1058.0,1088.0,0.3687248887096774,0.35284889634745464
Hist Gradient Boosting,1175,player_1,match_20,1088.0,1118.0,0.4259811403225805,0.3603896206968324
Hist Gradient Boosting,1176,player_1,match_20,1118.0,1148.0,0.418253,0.3793732844092173
Hist Gradient Boosting,1177,player_1,match_20,1148.0,1178.0,0.419524279032258,0.4152348194878311
Hist Gradient Boosting,1178,player_1,match_20,1178.0,1208.0,0.3381845822580644,0.3996938447419306
Hist Gradient Boosting,1179,player_1,match_20,1208.0,1238.0,0.3538950322580645,0.36914839359804474
Hist Gradient Boosting,1180,player_1,match_20,1238.0,1268.0,0.3349326193548387,0.37516109565673983
Hist Gradient Boosting,1181,player_1,match_20,1268.0,1298.0,0.4908100338709676,0.3823898710085729
Hist Gradient Boosting,1182,player_1,match_20,1298.0,1328.0,0.4540041129032258,0.3488358013855335
Hist Gradient Boosting,1183,player_1,match_20,1328.0,1358.0,0.3569337725806452,0.3692629200420566
Hist Gradient Boosting,1184,player_1,match_20,1358.0,1388.0,0.4102828046594982,0.3707399133330065
Hist Gradient Boosting,1231,player_1,match_21,3.0,33.0,0.4004845535483871,0.39804896887253427
Hist Gradient Boosting,1232,player_1,match_21,33.0,63.0,0.4099569516129032,0.3977120164472106
Hist Gradient Boosting,1233,player_1,match_21,63.0,93.0,0.4049818806451613,0.3480583123046655
Hist Gradient Boosting,1234,player_1,match_21,93.0,123.0,0.3200000661290322,0.3611433361799348
Hist Gradient Boosting,1235,player_1,match_21,123.0,153.0,0.3533985403225805,0.3727026310404306
Hist Gradient Boosting,1236,player_1,match_21,153.0,183.0,0.3228522677419354,0.3555125048917936
Hist Gradient Boosting,1237,player_1,match_21,183.0,213.0,0.3965992741935483,0.38154060378423144
Hist Gradient Boosting,1238,player_1,match_21,213.0,243.0,0.3613735806451612,0.3561135920161511
Hist Gradient Boosting,1239,player_1,match_21,243.0,273.0,0.3413423725806451,0.3441590133351567
Hist Gradient Boosting,1240,player_1,match_21,273.0,303.0,0.3935567467741935,0.361769073300241
Hist Gradient Boosting,1241,player_1,match_21,303.0,333.0,0.4224229661290322,0.38028108907585667
Hist Gradient Boosting,1242,player_1,match_21,333.0,363.0,0.4005380483870967,0.3596081975434963
Hist Gradient Boosting,1243,player_1,match_21,363.0,393.0,0.4055830661290321,0.36936671591582704
Hist Gradient Boosting,1244,player_1,match_21,393.0,423.0,0.3407616548387097,0.3776629288789895
Hist Gradient Boosting,1245,player_1,match_21,423.0,453.0,0.3872321983870967,0.3695119794316482
Hist Gradient Boosting,1246,player_1,match_21,453.0,483.0,0.3013079306451613,0.3858616883215092
Hist Gradient Boosting,1247,player_1,match_21,483.0,513.0,0.2541387903225806,0.351104060030651
Hist Gradient Boosting,1248,player_1,match_21,513.0,543.0,0.3072809516129032,0.3498970389594117
Hist Gradient Boosting,1249,player_1,match_21,543.0,573.0,0.3827155387096774,0.37345077587274184
Hist Gradient Boosting,1250,player_1,match_21,573.0,603.0,0.2854157129032257,0.38761270985402324
Hist Gradient Boosting,1251,player_1,match_21,603.0,633.0,0.3713720967741934,0.3949316294216251
Hist Gradient Boosting,1252,player_1,match_21,633.0,663.0,0.3908297422939067,0.37242242807457904
Hist Gradient Boosting,1253,player_1,match_21,663.0,693.0,0.4158240161290322,0.3402795070827052
Hist Gradient Boosting,1254,player_1,match_21,693.0,723.0,0.377770993548387,0.36062979165115183
Hist Gradient Boosting,1255,player_1,match_21,723.0,753.0,0.3551171693548386,0.37299179558703505
Hist Gradient Boosting,1256,player_1,match_21,753.0,783.0,0.6543495838709678,0.39569399965076624
Hist Gradient Boosting,1257,player_1,match_21,783.0,813.0,0.6062418838709678,0.36506720233725887
Hist Gradient Boosting,1258,player_1,match_21,813.0,843.0,0.4450721623655913,0.37069129886189006
Hist Gradient Boosting,1259,player_1,match_21,843.0,873.0,0.3495499709677419,0.37211106544967937
Hist Gradient Boosting,1260,player_1,match_21,873.0,903.0,0.3791292774193547,0.3907853782563691
Hist Gradient Boosting,1261,player_1,match_21,903.0,933.0,0.5089486177419356,0.365358567417705
Hist Gradient Boosting,1262,player_1,match_21,933.0,963.0,0.3916851064516128,0.3740253483179633
Hist Gradient Boosting,1263,player_1,match_21,963.0,993.0,0.3715880693548387,0.3825545600876041
Hist Gradient Boosting,1330,player_1,match_3,0.0,30.0,0.3446366951612903,0.3781215597938691
Hist Gradient Boosting,1331,player_1,match_3,30.0,60.0,0.3109970064516129,0.3693587921244878
Hist Gradient Boosting,1332,player_1,match_3,60.0,90.0,0.326121629032258,0.34402122122282947
Hist Gradient Boosting,1333,player_1,match_3,90.0,120.0,0.329823464516129,0.33056077844407084
Hist Gradient Boosting,1334,player_1,match_3,120.0,150.0,0.3237445967741935,0.3438930131964942
Hist Gradient Boosting,1335,player_1,match_3,150.0,180.0,0.337025514516129,0.34191755087393233
Hist Gradient Boosting,1336,player_1,match_3,180.0,210.0,0.3217871096774193,0.33025784596157126
Hist Gradient Boosting,1337,player_1,match_3,210.0,240.0,0.3234279951612903,0.337720855743603
Hist Gradient Boosting,1338,player_1,match_3,240.0,270.0,0.3458482322580645,0.34794882633407814
Hist Gradient Boosting,1339,player_1,match_3,270.0,300.0,0.3226254032258064,0.36388177903972396
Hist Gradient Boosting,1340,player_1,match_3,300.0,330.0,0.3182741322580644,0.36008730003814904
Hist Gradient Boosting,1341,player_1,match_3,330.0,360.0,0.3315618693548386,0.3533604807527181
Hist Gradient Boosting,1342,player_1,match_3,360.0,390.0,0.3394417532258064,0.35025898644099046
Hist Gradient Boosting,1343,player_1,match_3,390.0,420.0,0.322517014874552,0.36437120963644876
Hist Gradient Boosting,1344,player_1,match_3,420.0,450.0,0.3606450629032257,0.3595378797787946
Hist Gradient Boosting,1345,player_1,match_3,450.0,480.0,0.3394956532258064,0.3302917364479193
Hist Gradient Boosting,1346,player_1,match_3,480.0,510.0,0.3613336209677419,0.3572721095464803
Hist Gradient Boosting,1347,player_1,match_3,510.0,540.0,0.3539220612903225,0.33895517603100994
Hist Gradient Boosting,1348,player_1,match_3,540.0,570.0,0.4476641435483871,0.33358544111627686
Hist Gradient Boosting,1349,player_1,match_3,570.0,600.0,0.3146005225806451,0.31273857416884415
Hist Gradient Boosting,1350,player_1,match_3,600.0,630.0,0.3320542483870968,0.37209643510723683
Hist Gradient Boosting,1351,player_1,match_3,630.0,660.0,0.3357328080645161,0.3390886199431575
Hist Gradient Boosting,1352,player_1,match_3,660.0,690.0,0.3524776774193549,0.3887892733836056
Hist Gradient Boosting,1353,player_1,match_3,690.0,720.0,0.3604634919354839,0.37863547231516154
Hist Gradient Boosting,1354,player_1,match_3,720.0,750.0,0.343651643548387,0.32881936156377267
Hist Gradient Boosting,1355,player_1,match_3,750.0,780.0,0.3439974709677419,0.33125181434912826
Hist Gradient Boosting,1356,player_1,match_3,780.0,810.0,0.3666215258064516,0.35759635575575177
Hist Gradient Boosting,1357,player_1,match_3,810.0,840.0,0.3664728241935484,0.3873005246622841
Hist Gradient Boosting,1358,player_1,match_3,840.0,870.0,0.3279021645161291,0.34150003798474654
Hist Gradient Boosting,1359,player_1,match_3,870.0,900.0,0.3354657758064516,0.37166769290239815
Hist Gradient Boosting,1360,player_1,match_3,900.0,930.0,0.3314160274193548,0.3253884037976494
Hist Gradient Boosting,1361,player_1,match_3,930.0,960.0,0.322504043548387,0.3199720174195731
Hist Gradient Boosting,1362,player_1,match_3,960.0,990.0,0.3488482370967741,0.3715065149628387
Hist Gradient Boosting,1363,player_1,match_3,990.0,1020.0,0.3799896870967741,0.4152260882958796
Hist Gradient Boosting,1364,player_1,match_3,1020.0,1050.0,0.471963843548387,0.34220722953329896
Hist Gradient Boosting,1365,player_1,match_3,1050.0,1080.0,0.4195100596774193,0.3701996083302997
Hist Gradient Boosting,1366,player_1,match_3,1080.0,1110.0,0.4289013516129032,0.37155341674781583
Hist Gradient Boosting,1367,player_1,match_3,1110.0,1140.0,0.3872684548387097,0.36084865761783275
Hist Gradient Boosting,1368,player_1,match_3,1140.0,1170.0,0.3958297032258063,0.38225610289551115
Hist Gradient Boosting,1369,player_1,match_3,1170.0,1200.0,0.4394950258064516,0.3844967242560181
Hist Gradient Boosting,1370,player_1,match_3,1200.0,1230.0,0.4009759838709676,0.3599483743980021
Hist Gradient Boosting,1371,player_1,match_3,1230.0,1260.0,0.4137728451612903,0.3957349150918934
Hist Gradient Boosting,1372,player_1,match_3,1260.0,1290.0,0.3938032241935484,0.3872028621179481
Hist Gradient Boosting,1373,player_1,match_3,1290.0,1320.0,0.3852829967741935,0.3958193451391095
Hist Gradient Boosting,1374,player_1,match_3,1320.0,1350.0,0.309360026344086,0.39035599575336755
Hist Gradient Boosting,1375,player_1,match_3,1350.0,1380.0,0.318415143548387,0.3492166027312047
Hist Gradient Boosting,1376,player_1,match_3,1380.0,1410.0,0.3252842548387097,0.373063801118767
Hist Gradient Boosting,1377,player_1,match_3,1410.0,1440.0,0.3482156177419355,0.35399136345614546
Hist Gradient Boosting,1378,player_1,match_3,1440.0,1470.0,0.3271847951612903,0.35097370162029623
Hist Gradient Boosting,1379,player_1,match_3,1470.0,1500.0,0.3052435903225806,0.39783544395823917
Hist Gradient Boosting,1380,player_1,match_3,1500.0,1530.0,0.3606436612903225,0.37582431671831334
Hist Gradient Boosting,1381,player_1,match_3,1530.0,1560.0,0.3602180016129032,0.38249343486187476
Hist Gradient Boosting,164,player_2,match_11,171.0,201.0,0.2623217354838709,0.31406114807827074
Hist Gradient Boosting,165,player_2,match_11,201.0,231.0,0.2642272387096774,0.34458167849844373
Hist Gradient Boosting,166,player_2,match_11,231.0,261.0,0.2897477274193548,0.3544160977434334
Hist Gradient Boosting,167,player_2,match_11,261.0,291.0,0.2672184693548387,0.3586057979946886
Hist Gradient Boosting,168,player_2,match_11,291.0,321.0,0.3197311193548386,0.3093206342124171
Hist Gradient Boosting,169,player_2,match_11,321.0,351.0,0.2947617032258064,0.31511353607334003
Hist Gradient Boosting,170,player_2,match_11,351.0,381.0,0.2879285322580645,0.3455712485870875
Hist Gradient Boosting,171,player_2,match_11,381.0,411.0,0.2963167114695341,0.3345991197667682
Hist Gradient Boosting,172,player_2,match_11,411.0,441.0,0.3226705258064515,0.30979500203113924
Hist Gradient Boosting,173,player_2,match_11,441.0,471.0,0.3006176103942651,0.3546424149215712
Hist Gradient Boosting,174,player_2,match_11,471.0,501.0,0.3150016870967741,0.33983143946682126
Hist Gradient Boosting,175,player_2,match_11,501.0,531.0,0.319758179032258,0.3147381741783861
Hist Gradient Boosting,176,player_2,match_11,531.0,561.0,0.3478589580645161,0.3309744498128246
Hist Gradient Boosting,177,player_2,match_11,561.0,591.0,0.3491936887096774,0.30323853290641284
Hist Gradient Boosting,178,player_2,match_11,591.0,621.0,0.3256973661290322,0.31879215954532963
Hist Gradient Boosting,179,player_2,match_11,621.0,651.0,0.3642662774193548,0.3477259760205399
Hist Gradient Boosting,180,player_2,match_11,651.0,681.0,0.3218441629032258,0.3417106113463676
Hist Gradient Boosting,181,player_2,match_11,681.0,711.0,0.3067237870967741,0.3535629067840666
Hist Gradient Boosting,182,player_2,match_11,711.0,741.0,0.3288741129032257,0.3285935170569931
Hist Gradient Boosting,183,player_2,match_11,741.0,771.0,0.3536145096774193,0.34175015957143307
Hist Gradient Boosting,184,player_2,match_11,771.0,801.0,0.3532903854838709,0.3465451207749181
Hist Gradient Boosting,185,player_2,match_11,801.0,831.0,0.3739670596774193,0.33789162123209343
Hist Gradient Boosting,186,player_2,match_11,831.0,861.0,0.373655414516129,0.3732032986219501
Hist Gradient Boosting,187,player_2,match_11,861.0,891.0,0.3933243725806451,0.3434893145900514
Hist Gradient Boosting,188,player_2,match_11,891.0,921.0,0.3680768258064516,0.33193996661355535
Hist Gradient Boosting,189,player_2,match_11,921.0,951.0,0.3522220774193548,0.320189544997317
Hist Gradient Boosting,190,player_2,match_11,951.0,981.0,0.3449581516129031,0.32117661586621143
Hist Gradient Boosting,191,player_2,match_11,981.0,1011.0,0.3654426387096773,0.3618452059886313
Hist Gradient Boosting,192,player_2,match_11,1011.0,1041.0,0.3250653225806451,0.33409976667613006
Hist Gradient Boosting,193,player_2,match_11,1041.0,1071.0,0.3537423403225806,0.3204716521664003
Hist Gradient Boosting,194,player_2,match_11,1071.0,1101.0,0.3534418838709677,0.3187402130981225
Hist Gradient Boosting,195,player_2,match_11,1101.0,1131.0,0.402032293548387,0.32065918933487186
Hist Gradient Boosting,196,player_2,match_11,1131.0,1161.0,0.353488993548387,0.3329943818434894
Hist Gradient Boosting,197,player_2,match_11,1161.0,1191.0,0.3527295758064516,0.3483329991766031
Hist Gradient Boosting,198,player_2,match_11,1191.0,1221.0,0.3663112983870968,0.32375306794291064
Hist Gradient Boosting,199,player_2,match_11,1221.0,1251.0,0.3421548838709678,0.3366826838693286
Hist Gradient Boosting,200,player_2,match_11,1251.0,1281.0,0.3399633569892473,0.306781533455691
Hist Gradient Boosting,201,player_2,match_11,1281.0,1311.0,0.3775074919354838,0.36228262662772803
Hist Gradient Boosting,202,player_2,match_11,1311.0,1341.0,0.3787978612903226,0.3391877347455361
Hist Gradient Boosting,203,player_2,match_11,1341.0,1371.0,0.3619137467741935,0.326646563310291
Hist Gradient Boosting,204,player_2,match_11,1371.0,1401.0,0.3974881903225806,0.3459172721818426
Hist Gradient Boosting,205,player_2,match_11,1401.0,1431.0,0.3531865903225805,0.31611646719165004
Hist Gradient Boosting,206,player_2,match_11,1431.0,1461.0,0.355686429032258,0.3517892234354863
Hist Gradient Boosting,207,player_2,match_11,1461.0,1491.0,0.3920973467741935,0.3242454018819669
Hist Gradient Boosting,208,player_2,match_11,1491.0,1521.0,0.2766111258064515,0.308521288326114
Hist Gradient Boosting,209,player_2,match_11,1521.0,1551.0,0.203704429032258,0.3401026991446999
Hist Gradient Boosting,210,player_2,match_11,1551.0,1581.0,0.3272110537634408,0.34287794491542256
Hist Gradient Boosting,211,player_2,match_11,1581.0,1611.0,0.3821864854838709,0.30444777108187393
Hist Gradient Boosting,212,player_2,match_11,1611.0,1641.0,0.3492578951612903,0.3517710678610277
Hist Gradient Boosting,213,player_2,match_11,1641.0,1671.0,0.3789353112903225,0.3461435942335047
Hist Gradient Boosting,214,player_2,match_11,1671.0,1701.0,0.3978354161290323,0.35823634099930224
Hist Gradient Boosting,215,player_2,match_11,1701.0,1731.0,0.3644581532258064,0.37307468200120464
Hist Gradient Boosting,216,player_2,match_11,1731.0,1761.0,0.3794783499999999,0.34238626387581145
Hist Gradient Boosting,217,player_2,match_11,1761.0,1791.0,0.343785158064516,0.33616111719616726
Hist Gradient Boosting,218,player_2,match_11,1791.0,1821.0,0.3737829274193548,0.31789966574206613
Hist Gradient Boosting,219,player_2,match_11,1821.0,1851.0,0.3272990322580645,0.3327368036727683
Hist Gradient Boosting,220,player_2,match_11,1851.0,1881.0,0.3433125677419354,0.35797040804100794
Hist Gradient Boosting,221,player_2,match_11,1881.0,1911.0,0.3572977758064516,0.33600309150313185
Hist Gradient Boosting,222,player_2,match_11,1911.0,1941.0,0.4145039112903225,0.329936456767333
Hist Gradient Boosting,223,player_2,match_11,1941.0,1971.0,0.3868440903225806,0.3486898534495034
Hist Gradient Boosting,224,player_2,match_11,1971.0,2001.0,0.3498666951612902,0.3307423058446873
Hist Gradient Boosting,225,player_2,match_11,2001.0,2031.0,0.3401527967741935,0.31919646271798624
Hist Gradient Boosting,226,player_2,match_11,2031.0,2061.0,0.2524957580645161,0.3300514221398594
Hist Gradient Boosting,227,player_2,match_11,2061.0,2091.0,0.2840511193548386,0.3380192332478069
Hist Gradient Boosting,228,player_2,match_11,2091.0,2121.0,0.3270610548387096,0.32948514201823215
Hist Gradient Boosting,229,player_2,match_11,2121.0,2151.0,0.3724038903225806,0.36292627334648586
Hist Gradient Boosting,230,player_2,match_11,2151.0,2181.0,0.3577526896057347,0.3205847135477553
Hist Gradient Boosting,231,player_2,match_11,2181.0,2211.0,0.3386293274193548,0.3385088685902158
Hist Gradient Boosting,397,player_2,match_12,235.0,265.0,0.3823774387096774,0.3146157041045541
Hist Gradient Boosting,398,player_2,match_12,265.0,295.0,0.185351493548387,0.3574546911416925
Hist Gradient Boosting,399,player_2,match_12,295.0,325.0,0.3765021580645161,0.32586279056415024
Hist Gradient Boosting,400,player_2,match_12,325.0,355.0,0.2657585096774193,0.3642985309481694
Hist Gradient Boosting,401,player_2,match_12,355.0,385.0,0.2251858177419354,0.38419553739442913
Hist Gradient Boosting,402,player_2,match_12,385.0,415.0,0.3591942516129032,0.3117278724617089
Hist Gradient Boosting,403,player_2,match_12,415.0,445.0,0.3646629112903226,0.3354271588244251
Hist Gradient Boosting,404,player_2,match_12,445.0,475.0,0.4387410129032257,0.3303097776249513
Hist Gradient Boosting,405,player_2,match_12,475.0,505.0,0.4251420129032257,0.3365919382916032
Hist Gradient Boosting,406,player_2,match_12,505.0,535.0,0.3513109016129032,0.3309701383986058
Hist Gradient Boosting,407,player_2,match_12,535.0,565.0,0.4308218306451612,0.3884034890218924
Hist Gradient Boosting,408,player_2,match_12,565.0,595.0,0.3958078387096774,0.3280547325095292
Hist Gradient Boosting,409,player_2,match_12,595.0,625.0,0.4089173139784946,0.324889145905158
Hist Gradient Boosting,410,player_2,match_12,625.0,655.0,0.4168825080645161,0.3330334634157054
Hist Gradient Boosting,411,player_2,match_12,655.0,685.0,0.4286712467741935,0.3214646018146518
Hist Gradient Boosting,412,player_2,match_12,685.0,715.0,0.3285415370967741,0.3298545650290817
Hist Gradient Boosting,413,player_2,match_12,715.0,745.0,0.3409090370967741,0.3376440511899698
Hist Gradient Boosting,414,player_2,match_12,745.0,775.0,0.3877052741935483,0.32777203153877654
Hist Gradient Boosting,415,player_2,match_12,775.0,805.0,0.2174056338709677,0.3054091803692506
Hist Gradient Boosting,416,player_2,match_12,805.0,835.0,0.2127050419354837,0.321444289619008
Hist Gradient Boosting,417,player_2,match_12,835.0,865.0,0.3839272258064515,0.36358186344388427
Hist Gradient Boosting,418,player_2,match_12,865.0,895.0,0.4120720758064515,0.32154571163751544
Hist Gradient Boosting,535,player_2,match_13,136.0,166.0,0.3203768499999999,0.3446062844642999
Hist Gradient Boosting,536,player_2,match_13,166.0,196.0,0.3510273596774194,0.3224001718616436
Hist Gradient Boosting,537,player_2,match_13,196.0,226.0,0.3371809887096774,0.31349652911349696
Hist Gradient Boosting,538,player_2,match_13,226.0,256.0,0.383885364516129,0.34619915524264777
Hist Gradient Boosting,539,player_2,match_13,256.0,286.0,0.3411146758064516,0.3272375475894486
Hist Gradient Boosting,540,player_2,match_13,286.0,316.0,0.3868784494623656,0.33747961350188177
Hist Gradient Boosting,541,player_2,match_13,316.0,346.0,0.3792455322580644,0.3119922918254885
Hist Gradient Boosting,542,player_2,match_13,346.0,376.0,0.3741152919354837,0.3196781689207892
Hist Gradient Boosting,543,player_2,match_13,376.0,406.0,0.3264390580645161,0.33452212787810337
Hist Gradient Boosting,544,player_2,match_13,406.0,436.0,0.3255267806451613,0.3353296663920452
Hist Gradient Boosting,545,player_2,match_13,436.0,466.0,0.3150696709677419,0.3330979777881599
Hist Gradient Boosting,546,player_2,match_13,466.0,496.0,0.4319719096774194,0.3450099901091369
Hist Gradient Boosting,547,player_2,match_13,496.0,526.0,0.4407557629032258,0.31066386292909226
Hist Gradient Boosting,548,player_2,match_13,526.0,556.0,0.3546817096774193,0.3265873064202032
Hist Gradient Boosting,549,player_2,match_13,556.0,586.0,0.3732421043010752,0.3150238942691983
Hist Gradient Boosting,550,player_2,match_13,586.0,616.0,0.3148285612903225,0.328298989304999
Hist Gradient Boosting,551,player_2,match_13,616.0,646.0,0.3574014596774193,0.33192373227090727
Hist Gradient Boosting,552,player_2,match_13,646.0,676.0,0.3697791403225806,0.3217926725571313
Hist Gradient Boosting,553,player_2,match_13,676.0,706.0,0.4517991048387096,0.3401395353665719
Hist Gradient Boosting,554,player_2,match_13,706.0,736.0,0.4374386838709677,0.34598044488041724
Hist Gradient Boosting,555,player_2,match_13,736.0,766.0,0.3904528258064516,0.3454844597914246
Hist Gradient Boosting,556,player_2,match_13,766.0,796.0,0.348101143548387,0.33927577912839346
Hist Gradient Boosting,557,player_2,match_13,796.0,826.0,0.3713494290322581,0.350958271700551
Hist Gradient Boosting,558,player_2,match_13,826.0,856.0,0.3897900387096774,0.33282212531602096
Hist Gradient Boosting,559,player_2,match_13,856.0,886.0,0.4105739999999999,0.3515247600522358
Hist Gradient Boosting,560,player_2,match_13,886.0,916.0,0.3379924193548387,0.30076983885338376
Hist Gradient Boosting,561,player_2,match_13,916.0,946.0,0.3449711725806451,0.30691060265642517
Hist Gradient Boosting,562,player_2,match_13,946.0,976.0,0.3369980064516129,0.366633140709562
Hist Gradient Boosting,563,player_2,match_13,976.0,1006.0,0.4247304225806451,0.3333467290538339
Hist Gradient Boosting,564,player_2,match_13,1006.0,1036.0,0.3343436720430107,0.3404882096898401
Hist Gradient Boosting,565,player_2,match_13,1036.0,1066.0,0.3092625354838709,0.327074676666429
Hist Gradient Boosting,566,player_2,match_13,1066.0,1096.0,0.3347051774193548,0.32926585274327586
Hist Gradient Boosting,567,player_2,match_13,1096.0,1126.0,0.3847860887096774,0.33978835369583255
Hist Gradient Boosting,568,player_2,match_13,1126.0,1156.0,0.3455779096774193,0.33362325408937743
Hist Gradient Boosting,569,player_2,match_13,1156.0,1186.0,0.3266729903225805,0.3291409265490327
Hist Gradient Boosting,570,player_2,match_13,1186.0,1216.0,0.422052343548387,0.3230784944722794
Hist Gradient Boosting,571,player_2,match_13,1216.0,1246.0,0.1645994806451612,0.3347220662242262
Hist Gradient Boosting,572,player_2,match_13,1246.0,1276.0,0.3763427903225806,0.3113628644263082
Hist Gradient Boosting,573,player_2,match_13,1276.0,1306.0,0.3162066,0.3288623651191025
Hist Gradient Boosting,574,player_2,match_13,1306.0,1336.0,0.3953508790322581,0.3009795106957265
Hist Gradient Boosting,575,player_2,match_13,1336.0,1366.0,0.3588329274193548,0.321870601616715
Hist Gradient Boosting,576,player_2,match_13,1366.0,1396.0,0.3196100596774193,0.3275204186973783
Hist Gradient Boosting,577,player_2,match_13,1396.0,1426.0,0.2876119548387096,0.32749554454821517
Hist Gradient Boosting,578,player_2,match_13,1426.0,1456.0,0.2933735241935484,0.3606777389061224
Hist Gradient Boosting,579,player_2,match_13,1456.0,1486.0,0.3974378951612903,0.33787135241895894
Hist Gradient Boosting,580,player_2,match_13,1486.0,1516.0,0.3782936725806451,0.34918912172547767
Hist Gradient Boosting,581,player_2,match_13,1516.0,1546.0,0.3539775564516129,0.31629480614234173
Hist Gradient Boosting,582,player_2,match_13,1546.0,1576.0,0.3561329,0.3338882924565401
Hist Gradient Boosting,583,player_2,match_13,1576.0,1606.0,0.332876629032258,0.32622931285392626
Hist Gradient Boosting,584,player_2,match_13,1606.0,1636.0,0.3529130204301075,0.32243726170322934
Hist Gradient Boosting,585,player_2,match_13,1636.0,1666.0,0.3827875596774193,0.32540096371839794
Hist Gradient Boosting,586,player_2,match_13,1666.0,1696.0,0.3981103306451612,0.35087763690181245
Hist Gradient Boosting,587,player_2,match_13,1696.0,1726.0,0.3469473403225805,0.3466843576170441
Hist Gradient Boosting,588,player_2,match_13,1726.0,1756.0,0.3716753629032258,0.3026850385882314
Hist Gradient Boosting,589,player_2,match_13,1756.0,1786.0,0.3561163548387096,0.3364956333640379
Hist Gradient Boosting,590,player_2,match_13,1786.0,1816.0,0.3643941064516128,0.32452085277210907
Hist Gradient Boosting,591,player_2,match_13,1816.0,1846.0,0.3386539403225806,0.3280143895988251
Hist Gradient Boosting,592,player_2,match_13,1846.0,1876.0,0.1999594967741935,0.3281499010118428
Hist Gradient Boosting,593,player_2,match_13,1876.0,1906.0,0.3757436596774193,0.3218793490605146
Hist Gradient Boosting,594,player_2,match_13,1906.0,1936.0,0.3974150596774193,0.3476766764177599
Hist Gradient Boosting,595,player_2,match_13,1936.0,1966.0,0.3722060032258064,0.3149006372995301
Hist Gradient Boosting,596,player_2,match_13,1966.0,1996.0,0.4333785596774193,0.3276519292838615
Hist Gradient Boosting,597,player_2,match_13,1996.0,2026.0,0.4152561161290322,0.33712936897512635
Hist Gradient Boosting,598,player_2,match_13,2026.0,2056.0,0.3866705693548387,0.32812792220104603
Hist Gradient Boosting,599,player_2,match_13,2056.0,2086.0,0.4045804333333334,0.37027456864532315
Hist Gradient Boosting,783,player_2,match_14,387.0,417.0,0.37754,0.33136190571971136
Hist Gradient Boosting,784,player_2,match_14,417.0,447.0,0.37754,0.386525057802103
Hist Gradient Boosting,785,player_2,match_14,447.0,477.0,0.37754,0.3681783784932116
Hist Gradient Boosting,786,player_2,match_14,477.0,507.0,0.37754,0.324184439235312
Hist Gradient Boosting,787,player_2,match_14,507.0,537.0,0.37754,0.33446684112829334
Hist Gradient Boosting,788,player_2,match_14,537.0,567.0,0.3781911483870968,0.3847161725066273
Hist Gradient Boosting,789,player_2,match_14,567.0,597.0,0.377540464516129,0.38248048345922364
Hist Gradient Boosting,790,player_2,match_14,597.0,627.0,0.37754,0.31318772671770134
Hist Gradient Boosting,791,player_2,match_14,627.0,657.0,0.37754,0.3112410459567092
Hist Gradient Boosting,792,player_2,match_14,657.0,687.0,0.4035301129032258,0.4220747756567325
Hist Gradient Boosting,793,player_2,match_14,687.0,717.0,0.3785550129032257,0.3898693554318457
Hist Gradient Boosting,794,player_2,match_14,717.0,747.0,0.37754,0.3789376507241167
Hist Gradient Boosting,795,player_2,match_14,747.0,777.0,0.37754,0.37421505650615444
Hist Gradient Boosting,796,player_2,match_14,777.0,807.0,0.37754,0.3923086037957382
Hist Gradient Boosting,797,player_2,match_14,807.0,837.0,0.37754,0.4013508521200943
Hist Gradient Boosting,798,player_2,match_14,837.0,867.0,0.37754,0.4085734413223731
Hist Gradient Boosting,799,player_2,match_14,867.0,897.0,0.37754,0.3069045460810312
Hist Gradient Boosting,800,player_2,match_14,897.0,927.0,0.37754,0.28718378242540127
Hist Gradient Boosting,801,player_2,match_14,927.0,957.0,0.37754,0.3239052961407303
Hist Gradient Boosting,802,player_2,match_14,957.0,987.0,0.37754,0.3814242203318979
Hist Gradient Boosting,803,player_2,match_14,987.0,1017.0,0.37754,0.36704655527403635
Hist Gradient Boosting,804,player_2,match_14,1017.0,1047.0,0.37754,0.4014871685890532
Hist Gradient Boosting,805,player_2,match_14,1047.0,1077.0,0.37754,0.36934569323605654
Hist Gradient Boosting,806,player_2,match_14,1077.0,1107.0,0.37754,0.3485900786142528
Hist Gradient Boosting,807,player_2,match_14,1107.0,1137.0,0.37754,0.3870968079958613
Hist Gradient Boosting,808,player_2,match_14,1137.0,1167.0,0.37754,0.40516011141519703
Hist Gradient Boosting,809,player_2,match_14,1167.0,1197.0,0.37754,0.38148921348244275
Hist Gradient Boosting,810,player_2,match_14,1197.0,1227.0,0.37754,0.37673635729921723
Hist Gradient Boosting,811,player_2,match_14,1227.0,1257.0,0.37754,0.38914326104514163
Hist Gradient Boosting,812,player_2,match_14,1257.0,1287.0,0.37754,0.38822139733792854
Hist Gradient Boosting,813,player_2,match_14,1287.0,1317.0,0.37754,0.3728434493910398
Hist Gradient Boosting,814,player_2,match_14,1317.0,1347.0,0.37754,0.36257352609869553
Hist Gradient Boosting,815,player_2,match_14,1347.0,1377.0,0.37754,0.34919953063428394
Hist Gradient Boosting,816,player_2,match_14,1377.0,1407.0,0.37754,0.405600276477534
Hist Gradient Boosting,817,player_2,match_14,1407.0,1437.0,0.37754,0.3848087995792124
Hist Gradient Boosting,818,player_2,match_14,1437.0,1467.0,0.37754,0.3748869080587605
Hist Gradient Boosting,819,player_2,match_14,1467.0,1497.0,0.37754,0.3737132184019085
Hist Gradient Boosting,820,player_2,match_14,1497.0,1527.0,0.37754,0.3917310028999703
Hist Gradient Boosting,821,player_2,match_14,1527.0,1557.0,0.37754,0.4056614522017568
Hist Gradient Boosting,822,player_2,match_14,1557.0,1587.0,0.37754,0.36065613166549315
Hist Gradient Boosting,823,player_2,match_14,1587.0,1617.0,0.37754,0.375820640352592
Hist Gradient Boosting,824,player_2,match_14,1617.0,1647.0,0.37754,0.3938276079960687
Hist Gradient Boosting,825,player_2,match_14,1647.0,1677.0,0.37754,0.3856442395713125
Hist Gradient Boosting,826,player_2,match_14,1677.0,1707.0,0.37754,0.3621135236472999
Hist Gradient Boosting,827,player_2,match_14,1707.0,1737.0,0.37754,0.3912307032129485
Hist Gradient Boosting,828,player_2,match_14,1737.0,1767.0,0.37754,0.3970985727693705
Hist Gradient Boosting,829,player_2,match_14,1767.0,1797.0,0.37754,0.4067372264137603
Hist Gradient Boosting,830,player_2,match_14,1797.0,1827.0,0.37754,0.41540783650289315
Hist Gradient Boosting,831,player_2,match_14,1827.0,1857.0,0.37754,0.4201622012789017
Hist Gradient Boosting,832,player_2,match_14,1857.0,1887.0,0.37754,0.39233049901045586
Hist Gradient Boosting,959,player_2,match_18,60.0,90.0,0.1265018822580644,0.3359540793752466
Hist Gradient Boosting,960,player_2,match_18,90.0,120.0,0.1975462064516129,0.33033020427183024
Hist Gradient Boosting,961,player_2,match_18,120.0,150.0,0.2099745709677419,0.3175938966895884
Hist Gradient Boosting,962,player_2,match_18,150.0,180.0,0.0826861806451612,0.3199605183445988
Hist Gradient Boosting,963,player_2,match_18,180.0,210.0,0.2091167494623655,0.3358528368839504
Hist Gradient Boosting,964,player_2,match_18,210.0,240.0,0.3536953494623656,0.3438417507785916
Hist Gradient Boosting,965,player_2,match_18,240.0,270.0,0.1985578064516128,0.3541018259049411
Hist Gradient Boosting,966,player_2,match_18,270.0,300.0,0.2462889161290322,0.33557016292757813
Hist Gradient Boosting,967,player_2,match_18,300.0,330.0,0.2113078580645161,0.3325507231506011
Hist Gradient Boosting,968,player_2,match_18,330.0,360.0,0.2490650182795698,0.31416093248202714
Hist Gradient Boosting,969,player_2,match_18,360.0,390.0,0.2353135241935482,0.3291932990048196
Hist Gradient Boosting,970,player_2,match_18,390.0,420.0,0.271110914516129,0.3231843220901802
Hist Gradient Boosting,971,player_2,match_18,420.0,450.0,0.2695514193548386,0.3065204312689246
Hist Gradient Boosting,972,player_2,match_18,450.0,480.0,0.2482327564516128,0.3346124765009074
Hist Gradient Boosting,973,player_2,match_18,480.0,510.0,0.3595352725806451,0.3272528322389117
Hist Gradient Boosting,974,player_2,match_18,510.0,540.0,0.308278529032258,0.3249581849753353
Hist Gradient Boosting,975,player_2,match_18,540.0,570.0,0.3052066870967741,0.32776696113485265
Hist Gradient Boosting,976,player_2,match_18,570.0,600.0,0.2898734112903225,0.32680067520353945
Hist Gradient Boosting,977,player_2,match_18,600.0,630.0,0.3177092387096774,0.29313898883792755
Hist Gradient Boosting,978,player_2,match_18,630.0,660.0,0.3329719306451612,0.3340061763280161
Hist Gradient Boosting,979,player_2,match_18,660.0,690.0,0.2306084451612902,0.3176487475650922
Hist Gradient Boosting,980,player_2,match_18,690.0,720.0,0.244525129032258,0.32145636245365783
Hist Gradient Boosting,981,player_2,match_18,720.0,750.0,0.2120635193548387,0.32918460582671333
Hist Gradient Boosting,982,player_2,match_18,750.0,780.0,0.1922719161290322,0.33665206424132826
Hist Gradient Boosting,983,player_2,match_18,780.0,810.0,0.1794149032258064,0.3263469022404291
Hist Gradient Boosting,984,player_2,match_18,810.0,840.0,0.2320613161290322,0.3378406989733578
Hist Gradient Boosting,985,player_2,match_18,840.0,870.0,0.2490118387096774,0.32071673365913916
Hist Gradient Boosting,986,player_2,match_18,870.0,900.0,0.2757308080645161,0.33885787377261106
Hist Gradient Boosting,987,player_2,match_18,900.0,930.0,0.2446298161290322,0.3453155915288996
Hist Gradient Boosting,988,player_2,match_18,930.0,960.0,0.1789727306451612,0.36622500625279364
Hist Gradient Boosting,989,player_2,match_18,960.0,990.0,0.2536165483870967,0.342143842330542
Hist Gradient Boosting,990,player_2,match_18,990.0,1020.0,0.2800268999999999,0.31613948320606355
Hist Gradient Boosting,991,player_2,match_18,1020.0,1050.0,0.2928947903225806,0.31736600649495095
Hist Gradient Boosting,992,player_2,match_18,1050.0,1080.0,0.2163887064516128,0.3272963493140152
Hist Gradient Boosting,993,player_2,match_18,1080.0,1110.0,0.3134931435483871,0.3142605023371974
Hist Gradient Boosting,994,player_2,match_18,1110.0,1140.0,0.3098939064516128,0.3141055962052476
Hist Gradient Boosting,995,player_2,match_18,1140.0,1170.0,0.2688312241935483,0.30785270459644026
Hist Gradient Boosting,996,player_2,match_18,1170.0,1200.0,0.3347416741935483,0.32405259103019274
Hist Gradient Boosting,997,player_2,match_18,1200.0,1230.0,0.0762539999999999,0.3634254925741868
Hist Gradient Boosting,998,player_2,match_18,1230.0,1260.0,0.0521518854838709,0.35101480494168164
Hist Gradient Boosting,999,player_2,match_18,1260.0,1290.0,0.1586144403225806,0.3549653132943772
Hist Gradient Boosting,1000,player_2,match_18,1290.0,1320.0,0.2384119580645161,0.32955595679930016
Hist Gradient Boosting,1001,player_2,match_18,1320.0,1350.0,0.3153568064516128,0.34667200606254006
Hist Gradient Boosting,1002,player_2,match_18,1350.0,1380.0,0.3155417935483871,0.35175065078292067
Hist Gradient Boosting,1003,player_2,match_18,1380.0,1410.0,0.2526156806451612,0.32240371769119075
Hist Gradient Boosting,1004,player_2,match_18,1410.0,1440.0,0.2589049516129031,0.3390610713255544
Hist Gradient Boosting,1005,player_2,match_18,1440.0,1470.0,0.2961282112903225,0.3373222941467993
Hist Gradient Boosting,1006,player_2,match_18,1470.0,1500.0,0.3129078112903225,0.34527333738921323
Hist Gradient Boosting,1007,player_2,match_18,1500.0,1530.0,0.2726860612903224,0.3478189066399225
Hist Gradient Boosting,1008,player_2,match_18,1530.0,1560.0,0.3404677306451612,0.3442293573397271
Hist Gradient Boosting,1009,player_2,match_18,1560.0,1590.0,0.2039664564516129,0.3425461658365352
Hist Gradient Boosting,1010,player_2,match_18,1590.0,1620.0,0.2124868096774192,0.3365261312544241
Hist Gradient Boosting,1011,player_2,match_18,1620.0,1650.0,0.2476126612903225,0.34548448022782113
Hist Gradient Boosting,1012,player_2,match_18,1650.0,1680.0,0.135748929032258,0.3494711267113056
Hist Gradient Boosting,1013,player_2,match_18,1680.0,1710.0,0.115191614516129,0.38173538329657847
Hist Gradient Boosting,1014,player_2,match_18,1710.0,1740.0,0.3731333483870968,0.3675853236672036
Hist Gradient Boosting,1015,player_2,match_18,1740.0,1770.0,0.3617037661290322,0.31239173328936
Hist Gradient Boosting,1016,player_2,match_18,1770.0,1800.0,0.3649500854838708,0.32363208559736306
Hist Gradient Boosting,1017,player_2,match_18,1800.0,1830.0,0.3476288967741935,0.3073352973572933
Hist Gradient Boosting,1018,player_2,match_18,1830.0,1860.0,0.3985812806451612,0.392881135931532
Hist Gradient Boosting,1019,player_2,match_18,1860.0,1890.0,0.3817743887096774,0.34480107034321733
Hist Gradient Boosting,1020,player_2,match_18,1890.0,1920.0,0.356927079032258,0.31942225871261953
Hist Gradient Boosting,1021,player_2,match_18,1920.0,1950.0,0.3157491903225806,0.3186605958999655
Hist Gradient Boosting,1022,player_2,match_18,1950.0,1980.0,0.3775586666666666,0.3290041439684872
Hist Gradient Boosting,1023,player_2,match_18,1980.0,2010.0,0.3594133537634408,0.3321359582739599
Hist Gradient Boosting,1024,player_2,match_18,2010.0,2040.0,0.4103754096774193,0.3450502017410597
Hist Gradient Boosting,1025,player_2,match_18,2040.0,2070.0,0.3176464129032258,0.3472638599863264
Hist Gradient Boosting,1026,player_2,match_18,2070.0,2100.0,0.3474472919354838,0.3079247188288546
Hist Gradient Boosting,1027,player_2,match_18,2100.0,2130.0,0.299746214516129,0.3571445083909019
Hist Gradient Boosting,1028,player_2,match_18,2130.0,2160.0,0.3953248548387096,0.3414251023746322
Hist Gradient Boosting,1029,player_2,match_18,2160.0,2190.0,0.397874343548387,0.3016055522574652
Hist Gradient Boosting,1030,player_2,match_18,2190.0,2220.0,0.4384404854838709,0.33749649824531885
Hist Gradient Boosting,1031,player_2,match_18,2220.0,2250.0,0.3637582193548387,0.34797772522819226
Hist Gradient Boosting,1032,player_2,match_18,2250.0,2280.0,0.3811608516129032,0.34467357826403466
Hist Gradient Boosting,1033,player_2,match_18,2280.0,2310.0,0.3237115951612903,0.34684333784478605
Hist Gradient Boosting,1034,player_2,match_18,2310.0,2340.0,0.3820686064516129,0.35820732532130545
Hist Gradient Boosting,1035,player_2,match_18,2340.0,2370.0,0.2982503870967741,0.32598469134008806
Hist Gradient Boosting,1070,player_2,match_19,9.0,39.0,0.4060834774193548,0.30099780311967034
Hist Gradient Boosting,1071,player_2,match_19,39.0,69.0,0.3999022564516129,0.32759110157293353
Hist Gradient Boosting,1072,player_2,match_19,69.0,99.0,0.4453726790322579,0.3313187238132209
Hist Gradient Boosting,1073,player_2,match_19,99.0,129.0,0.4059080532258063,0.4120367874416659
Hist Gradient Boosting,1074,player_2,match_19,129.0,159.0,0.3937670322580644,0.362376878952378
Hist Gradient Boosting,1075,player_2,match_19,159.0,189.0,0.3851306467741934,0.31256583056376674
Hist Gradient Boosting,1076,player_2,match_19,189.0,219.0,0.3742201854838709,0.35005437650338234
Hist Gradient Boosting,1077,player_2,match_19,219.0,249.0,0.4060936152329748,0.33163636024136445
Hist Gradient Boosting,1078,player_2,match_19,249.0,279.0,0.4037085854838709,0.3945393692709852
Hist Gradient Boosting,1079,player_2,match_19,279.0,309.0,0.4052885016129032,0.31408923101655156
Hist Gradient Boosting,1080,player_2,match_19,309.0,339.0,0.3836005999999999,0.33859099571045725
Hist Gradient Boosting,1081,player_2,match_19,339.0,369.0,0.4294711467741935,0.3467524216512311
Hist Gradient Boosting,1082,player_2,match_19,369.0,399.0,0.4184653096774193,0.39855195961497236
Hist Gradient Boosting,1083,player_2,match_19,399.0,429.0,0.4270351193548386,0.3288433004364739
Hist Gradient Boosting,1084,player_2,match_19,429.0,459.0,0.3484098999999999,0.33389570344526204
Hist Gradient Boosting,1085,player_2,match_19,459.0,489.0,0.3986019645161289,0.3430550066770377
Hist Gradient Boosting,1086,player_2,match_19,489.0,519.0,0.4025070096774193,0.30714369093611193
Hist Gradient Boosting,1087,player_2,match_19,519.0,549.0,0.3843973096774193,0.35253763940797406
Hist Gradient Boosting,1088,player_2,match_19,549.0,579.0,0.3863609736559139,0.3074729332527768
Hist Gradient Boosting,1089,player_2,match_19,579.0,609.0,0.4270561370967741,0.29500436884167064
Hist Gradient Boosting,1090,player_2,match_19,609.0,639.0,0.3807439193548386,0.3035591907035193
Hist Gradient Boosting,1091,player_2,match_19,639.0,669.0,0.3241944080645161,0.31747152437650406
Hist Gradient Boosting,1092,player_2,match_19,669.0,699.0,0.3452205983870967,0.3172417447272006
Hist Gradient Boosting,1093,player_2,match_19,699.0,729.0,0.3648051741935483,0.31617931989507086
Hist Gradient Boosting,1094,player_2,match_19,729.0,759.0,0.3879176193548387,0.336885673159575
Hist Gradient Boosting,1095,player_2,match_19,759.0,789.0,0.221746990860215,0.31636762699189036
Hist Gradient Boosting,1096,player_2,match_19,789.0,819.0,0.4105747258064516,0.34794400584012936
Hist Gradient Boosting,1097,player_2,match_19,819.0,849.0,0.3722610903225806,0.2990702891093386
Hist Gradient Boosting,1098,player_2,match_19,849.0,879.0,0.3992315555555555,0.3578835266171597
Hist Gradient Boosting,1099,player_2,match_19,879.0,909.0,0.1642846532258064,0.3702159886839753
Hist Gradient Boosting,1100,player_2,match_19,909.0,939.0,0.2671454725806451,0.302868623655117
Hist Gradient Boosting,1101,player_2,match_19,939.0,969.0,0.2620449625,0.33055730456661375
Hist Gradient Boosting,1102,player_2,match_19,969.0,999.0,0.2364008132616487,0.3166679907940919
Hist Gradient Boosting,1103,player_2,match_19,999.0,1029.0,0.0370114161290322,0.3384734944489917
Hist Gradient Boosting,1185,player_2,match_20,3.0,33.0,0.3649248661290322,0.3874771037370333
Hist Gradient Boosting,1186,player_2,match_20,33.0,63.0,0.3532953306451613,0.33798850203476966
Hist Gradient Boosting,1187,player_2,match_20,63.0,93.0,0.3162854048387096,0.37154309468167707
Hist Gradient Boosting,1188,player_2,match_20,93.0,123.0,0.3734763354838709,0.3367449822322145
Hist Gradient Boosting,1189,player_2,match_20,123.0,153.0,0.3243749870967741,0.3157255506481271
Hist Gradient Boosting,1190,player_2,match_20,153.0,183.0,0.3642842129032257,0.3257989829330402
Hist Gradient Boosting,1191,player_2,match_20,183.0,213.0,0.4011551274193548,0.3160814643418591
Hist Gradient Boosting,1192,player_2,match_20,213.0,243.0,0.3987028887096774,0.2852390908489986
Hist Gradient Boosting,1193,player_2,match_20,243.0,273.0,0.4171702661290322,0.3167590798781716
Hist Gradient Boosting,1194,player_2,match_20,273.0,303.0,0.3883569403225806,0.307283627511894
Hist Gradient Boosting,1195,player_2,match_20,303.0,333.0,0.3630810870967741,0.3261522598039502
Hist Gradient Boosting,1196,player_2,match_20,333.0,363.0,0.3619397854838709,0.31947089653191396
Hist Gradient Boosting,1197,player_2,match_20,363.0,393.0,0.4000240064516129,0.32638327206948503
Hist Gradient Boosting,1198,player_2,match_20,393.0,423.0,0.3958978370967742,0.34120049397196167
Hist Gradient Boosting,1199,player_2,match_20,423.0,453.0,0.3788264956989247,0.3412050930392026
Hist Gradient Boosting,1200,player_2,match_20,453.0,483.0,0.3866072693548387,0.31997904205307776
Hist Gradient Boosting,1201,player_2,match_20,483.0,513.0,0.3692804177419354,0.3471450701646929
Hist Gradient Boosting,1202,player_2,match_20,513.0,543.0,0.3807831548387096,0.3276093519363619
Hist Gradient Boosting,1203,player_2,match_20,543.0,573.0,0.3897940709677419,0.319170307797026
Hist Gradient Boosting,1204,player_2,match_20,573.0,603.0,0.3962242854838709,0.33644590022552784
Hist Gradient Boosting,1205,player_2,match_20,603.0,633.0,0.4124903048387096,0.31932848625239757
Hist Gradient Boosting,1206,player_2,match_20,633.0,663.0,0.3734338709677419,0.3405699136619622
Hist Gradient Boosting,1207,player_2,match_20,663.0,693.0,0.3012079919354838,0.3324873972425551
Hist Gradient Boosting,1208,player_2,match_20,693.0,723.0,0.2420556758064516,0.32006836861122795
Hist Gradient Boosting,1209,player_2,match_20,723.0,753.0,0.4108755774193547,0.3063841884013343
Hist Gradient Boosting,1210,player_2,match_20,753.0,783.0,0.4135165758064515,0.3240707516939632
Hist Gradient Boosting,1211,player_2,match_20,783.0,813.0,0.3825323967741935,0.34501641149475476
Hist Gradient Boosting,1212,player_2,match_20,813.0,843.0,0.3204939112903225,0.36904591555922595
Hist Gradient Boosting,1213,player_2,match_20,843.0,873.0,0.3248239623655913,0.3533124916511254
Hist Gradient Boosting,1214,player_2,match_20,873.0,903.0,0.3390274483870967,0.3003378898959057
Hist Gradient Boosting,1215,player_2,match_20,903.0,933.0,0.2100038483870968,0.3349267212322325
Hist Gradient Boosting,1216,player_2,match_20,933.0,963.0,0.1477797774193548,0.3273990646710575
Hist Gradient Boosting,1217,player_2,match_20,963.0,993.0,0.3258415209677419,0.3376321989591141
Hist Gradient Boosting,1218,player_2,match_20,993.0,1023.0,0.4287407661290321,0.3377300886839922
Hist Gradient Boosting,1219,player_2,match_20,1023.0,1053.0,0.375188664516129,0.3631173423270436
Hist Gradient Boosting,1220,player_2,match_20,1053.0,1083.0,0.287636293548387,0.332272011077292
Hist Gradient Boosting,1221,player_2,match_20,1083.0,1113.0,0.4094436306451612,0.3401771599094084
Hist Gradient Boosting,1222,player_2,match_20,1113.0,1143.0,0.4046336467741935,0.34873674113473974
Hist Gradient Boosting,1223,player_2,match_20,1143.0,1173.0,0.4205949,0.315911248109021
Hist Gradient Boosting,1224,player_2,match_20,1173.0,1203.0,0.3462300032258064,0.33281251464405237
Hist Gradient Boosting,1225,player_2,match_20,1203.0,1233.0,0.3347539983870967,0.33163260086916196
Hist Gradient Boosting,1226,player_2,match_20,1233.0,1263.0,0.3898393548387096,0.3297796467670621
Hist Gradient Boosting,1227,player_2,match_20,1263.0,1293.0,0.2886360112903225,0.3302604686224597
Hist Gradient Boosting,1228,player_2,match_20,1293.0,1323.0,0.387555341532258,0.3312235611147069
Hist Gradient Boosting,1229,player_2,match_20,1323.0,1353.0,0.1977938951612902,0.3185199334942261
Hist Gradient Boosting,1230,player_2,match_20,1353.0,1383.0,0.1413758629032257,0.32890704161571377
Hist Gradient Boosting,1264,player_2,match_21,0.0,30.0,0.3316527016129031,0.37188495969007124
Hist Gradient Boosting,1265,player_2,match_21,30.0,60.0,0.4313356112903225,0.3469015467003263
Hist Gradient Boosting,1266,player_2,match_21,60.0,90.0,0.4205158467741935,0.32376739595875237
Hist Gradient Boosting,1267,player_2,match_21,90.0,120.0,0.4387095387096774,0.32793295898484315
Hist Gradient Boosting,1268,player_2,match_21,120.0,150.0,0.4259962016129032,0.3077763194935639
Hist Gradient Boosting,1269,player_2,match_21,150.0,180.0,0.4316159854838709,0.3325592866379522
Hist Gradient Boosting,1270,player_2,match_21,180.0,210.0,0.4246090596774193,0.3927444738959728
Hist Gradient Boosting,1271,player_2,match_21,210.0,240.0,0.4406089822580645,0.35058920470028204
Hist Gradient Boosting,1272,player_2,match_21,240.0,270.0,0.4264212419354838,0.31706376335158576
Hist Gradient Boosting,1273,player_2,match_21,270.0,300.0,0.4309485145161289,0.33159821674976947
Hist Gradient Boosting,1274,player_2,match_21,300.0,330.0,0.4343007419354838,0.32240454258805473
Hist Gradient Boosting,1275,player_2,match_21,330.0,360.0,0.4346652887096773,0.32650524214196386
Hist Gradient Boosting,1276,player_2,match_21,360.0,390.0,0.4322045698924731,0.3295350265499959
Hist Gradient Boosting,1277,player_2,match_21,390.0,420.0,0.4265902258064515,0.32951571412210096
Hist Gradient Boosting,1278,player_2,match_21,420.0,450.0,0.397753393548387,0.32222711628939515
Hist Gradient Boosting,1279,player_2,match_21,450.0,480.0,0.3992529096774194,0.34881966461295394
Hist Gradient Boosting,1280,player_2,match_21,480.0,510.0,0.3918707790322581,0.35027340871631724
Hist Gradient Boosting,1281,player_2,match_21,510.0,540.0,0.3622043258064515,0.3631151223209007
Hist Gradient Boosting,1282,player_2,match_21,540.0,570.0,0.3974682854838709,0.30910481271619217
Hist Gradient Boosting,1283,player_2,match_21,570.0,600.0,0.4223756548387096,0.3250874819400051
Hist Gradient Boosting,1284,player_2,match_21,600.0,630.0,0.4193857483870967,0.33823412935315883
Hist Gradient Boosting,1285,player_2,match_21,630.0,660.0,0.4010296387096774,0.365291234893514
Hist Gradient Boosting,1286,player_2,match_21,660.0,690.0,0.4042364161290322,0.3304718425607464
Hist Gradient Boosting,1287,player_2,match_21,690.0,720.0,0.4003329209677418,0.32688106583051985
Hist Gradient Boosting,1288,player_2,match_21,720.0,750.0,0.4350319516129032,0.3400926637363403
Hist Gradient Boosting,1289,player_2,match_21,750.0,780.0,0.4288246661290321,0.32569978532575683
Hist Gradient Boosting,1290,player_2,match_21,780.0,810.0,0.3615841693548387,0.32361182477787015
Hist Gradient Boosting,1291,player_2,match_21,810.0,840.0,0.3699863930107527,0.3487077899686313
Hist Gradient Boosting,1292,player_2,match_21,840.0,870.0,0.2764377032258064,0.3545654744565636
Hist Gradient Boosting,1293,player_2,match_21,870.0,900.0,0.2745093016129032,0.35157466493757783
Hist Gradient Boosting,1294,player_2,match_21,900.0,930.0,0.2856326790322581,0.37464293831464457
Hist Gradient Boosting,1295,player_2,match_21,930.0,960.0,0.330835379032258,0.35398782135540696
Hist Gradient Boosting,1296,player_2,match_21,960.0,990.0,0.4559655774193548,0.3262336498190435
Hist Gradient Boosting,81,player_3,match_10,7.0,37.0,0.4361331387096773,0.3645741420696829
Hist Gradient Boosting,82,player_3,match_10,37.0,67.0,0.4383647580645161,0.31744335380871913
Hist Gradient Boosting,83,player_3,match_10,67.0,97.0,0.3855034564516129,0.3609518374800272
Hist Gradient Boosting,84,player_3,match_10,97.0,127.0,0.3971516564516129,0.35064908016218427
Hist Gradient Boosting,85,player_3,match_10,127.0,157.0,0.4671472774193548,0.3471284848146837
Hist Gradient Boosting,86,player_3,match_10,157.0,187.0,0.4710231774193548,0.3629473149269667
Hist Gradient Boosting,87,player_3,match_10,187.0,217.0,0.4670338774193548,0.3517720425090049
Hist Gradient Boosting,88,player_3,match_10,217.0,247.0,0.4893131822580644,0.359241412320844
Hist Gradient Boosting,232,player_3,match_11,4.0,34.0,0.3910243156682027,0.34315537825593323
Hist Gradient Boosting,233,player_3,match_11,34.0,64.0,0.3795904612903226,0.350921396244038
Hist Gradient Boosting,234,player_3,match_11,64.0,94.0,0.3515901994906621,0.3695422970653551
Hist Gradient Boosting,235,player_3,match_11,94.0,124.0,0.3702416080645161,0.3569058880662606
Hist Gradient Boosting,236,player_3,match_11,124.0,154.0,0.3630615741935483,0.36419741115387716
Hist Gradient Boosting,237,player_3,match_11,154.0,184.0,0.3132434822580644,0.3872122517488609
Hist Gradient Boosting,238,player_3,match_11,184.0,214.0,0.3136218306451612,0.34478518563621335
Hist Gradient Boosting,239,player_3,match_11,214.0,244.0,0.3203669677419355,0.32325131571584537
Hist Gradient Boosting,240,player_3,match_11,244.0,274.0,0.3222881693548386,0.37283204964479255
Hist Gradient Boosting,241,player_3,match_11,274.0,304.0,0.3652293741935484,0.3439956535187654
Hist Gradient Boosting,242,player_3,match_11,304.0,334.0,0.3208708548387096,0.32361348142884633
Hist Gradient Boosting,243,player_3,match_11,334.0,364.0,0.3602804354838709,0.346967232047713
Hist Gradient Boosting,244,player_3,match_11,364.0,394.0,0.353715379032258,0.3500203190252947
Hist Gradient Boosting,245,player_3,match_11,394.0,424.0,0.3321580241935483,0.3637733953367668
Hist Gradient Boosting,246,player_3,match_11,424.0,454.0,0.3277589032258065,0.35202683624577824
Hist Gradient Boosting,247,player_3,match_11,454.0,484.0,0.3303852903225805,0.33074036741626966
Hist Gradient Boosting,248,player_3,match_11,484.0,514.0,0.3474349161290322,0.3436519756106301
Hist Gradient Boosting,249,player_3,match_11,514.0,544.0,0.3166702193548387,0.3252037344691184
Hist Gradient Boosting,250,player_3,match_11,544.0,574.0,0.3397516274193548,0.3591373311058597
Hist Gradient Boosting,251,player_3,match_11,574.0,604.0,0.3643458403225806,0.352354100017856
Hist Gradient Boosting,252,player_3,match_11,604.0,634.0,0.3368568516129032,0.34808954727389513
Hist Gradient Boosting,253,player_3,match_11,634.0,664.0,0.3319147032258064,0.3465120168938719
Hist Gradient Boosting,254,player_3,match_11,664.0,694.0,0.3474350241935484,0.36179154759780924
Hist Gradient Boosting,255,player_3,match_11,694.0,724.0,0.3478693193548386,0.36802019700097954
Hist Gradient Boosting,256,player_3,match_11,724.0,754.0,0.2987791370967741,0.34340445427852456
Hist Gradient Boosting,257,player_3,match_11,754.0,784.0,0.3593931483870968,0.36237741135976126
Hist Gradient Boosting,258,player_3,match_11,784.0,814.0,0.3544077387096774,0.34547922641043555
Hist Gradient Boosting,259,player_3,match_11,814.0,844.0,0.3207452770609318,0.3412188192391973
Hist Gradient Boosting,260,player_3,match_11,844.0,874.0,0.3315306548387097,0.3212094353791341
Hist Gradient Boosting,261,player_3,match_11,874.0,904.0,0.3873169193548387,0.34693383078538736
Hist Gradient Boosting,262,player_3,match_11,904.0,934.0,0.4688639112903224,0.3613276808835579
Hist Gradient Boosting,263,player_3,match_11,934.0,964.0,0.4263520999999999,0.37388069220268944
Hist Gradient Boosting,264,player_3,match_11,964.0,994.0,0.4231265580645161,0.3549140230611291
Hist Gradient Boosting,265,player_3,match_11,994.0,1024.0,0.3620068967741935,0.3444700712649236
Hist Gradient Boosting,266,player_3,match_11,1024.0,1054.0,0.3321651999999999,0.3355673610200362
Hist Gradient Boosting,267,player_3,match_11,1054.0,1084.0,0.3242882580645161,0.34666861809148486
Hist Gradient Boosting,268,player_3,match_11,1084.0,1114.0,0.3549055661290322,0.34530303731203166
Hist Gradient Boosting,269,player_3,match_11,1114.0,1144.0,0.5306583548387096,0.3839325689154066
Hist Gradient Boosting,270,player_3,match_11,1144.0,1174.0,0.4216986758064516,0.35279481328936785
Hist Gradient Boosting,271,player_3,match_11,1174.0,1204.0,0.4595364225806451,0.3342463086897842
Hist Gradient Boosting,272,player_3,match_11,1204.0,1234.0,0.3909993725806451,0.3211422140736968
Hist Gradient Boosting,273,player_3,match_11,1234.0,1264.0,0.3907572096774193,0.36365006599291394
Hist Gradient Boosting,274,player_3,match_11,1264.0,1294.0,0.3941528467741935,0.3116702761470751
Hist Gradient Boosting,275,player_3,match_11,1294.0,1324.0,0.363603493548387,0.35751337467583966
Hist Gradient Boosting,276,player_3,match_11,1324.0,1354.0,0.5211213467741935,0.32574526031101925
Hist Gradient Boosting,277,player_3,match_11,1354.0,1384.0,0.3878741774193548,0.33450622851487355
Hist Gradient Boosting,278,player_3,match_11,1384.0,1414.0,0.3929994725806451,0.34993430569332556
Hist Gradient Boosting,279,player_3,match_11,1414.0,1444.0,0.3966700661290322,0.3462454453237836
Hist Gradient Boosting,280,player_3,match_11,1444.0,1474.0,0.3972694419354838,0.34339240249591335
Hist Gradient Boosting,281,player_3,match_11,1474.0,1504.0,0.3844904129032257,0.3505438308224181
Hist Gradient Boosting,282,player_3,match_11,1504.0,1534.0,0.4235581967741935,0.3567325193319514
Hist Gradient Boosting,283,player_3,match_11,1534.0,1564.0,0.4034634661290321,0.3381002752873697
Hist Gradient Boosting,284,player_3,match_11,1564.0,1594.0,0.3873319854838709,0.34233798987711517
Hist Gradient Boosting,285,player_3,match_11,1594.0,1624.0,0.4561544548387096,0.31667682384738893
Hist Gradient Boosting,286,player_3,match_11,1624.0,1654.0,0.4235317322580644,0.3560797687046779
Hist Gradient Boosting,287,player_3,match_11,1654.0,1684.0,0.3856292096774192,0.3149969457346157
Hist Gradient Boosting,288,player_3,match_11,1684.0,1714.0,0.3760227193548386,0.3455066908102674
Hist Gradient Boosting,289,player_3,match_11,1714.0,1744.0,0.2833069032258064,0.34486780042985066
Hist Gradient Boosting,290,player_3,match_11,1744.0,1774.0,0.3936828354838709,0.3268617725901953
Hist Gradient Boosting,291,player_3,match_11,1774.0,1804.0,0.3682581903225805,0.33821238957975974
Hist Gradient Boosting,292,player_3,match_11,1804.0,1834.0,0.3789931274193548,0.33001229870828624
Hist Gradient Boosting,293,player_3,match_11,1834.0,1864.0,0.4009829209677419,0.3254253730338212
Hist Gradient Boosting,294,player_3,match_11,1864.0,1894.0,0.4245554919354838,0.34690442854765563
Hist Gradient Boosting,295,player_3,match_11,1894.0,1924.0,0.3521169548387096,0.29044679731169104
Hist Gradient Boosting,296,player_3,match_11,1924.0,1954.0,0.396529314516129,0.28589123651746995
Hist Gradient Boosting,297,player_3,match_11,1954.0,1984.0,0.3933025403225806,0.34594516017464205
Hist Gradient Boosting,298,player_3,match_11,1984.0,2014.0,0.407235072580645,0.33475884794523597
Hist Gradient Boosting,299,player_3,match_11,2014.0,2044.0,0.3857940306451612,0.3197591909614202
Hist Gradient Boosting,300,player_3,match_11,2044.0,2074.0,0.3650781548387096,0.31056115725018124
Hist Gradient Boosting,301,player_3,match_11,2074.0,2104.0,0.3677881225806451,0.32281011438532237
Hist Gradient Boosting,302,player_3,match_11,2104.0,2134.0,0.3522334354838708,0.33869301205678964
Hist Gradient Boosting,303,player_3,match_11,2134.0,2164.0,0.3669460112903225,0.35405891378716214
Hist Gradient Boosting,304,player_3,match_11,2164.0,2194.0,0.4251186709677419,0.3219931858786965
Hist Gradient Boosting,305,player_3,match_11,2194.0,2224.0,0.3751776032258064,0.4032901743026602
Hist Gradient Boosting,306,player_3,match_11,2224.0,2254.0,0.3664109546594982,0.41185412174617037
Hist Gradient Boosting,307,player_3,match_11,2254.0,2284.0,0.3646316612903225,0.3653700692018073
Hist Gradient Boosting,419,player_3,match_12,7.0,37.0,0.3669705370967742,0.3785839680928573
Hist Gradient Boosting,420,player_3,match_12,37.0,67.0,0.3955128451612903,0.3945466381038277
Hist Gradient Boosting,421,player_3,match_12,67.0,97.0,0.4126900161290322,0.428449647816211
Hist Gradient Boosting,422,player_3,match_12,97.0,127.0,0.3963605744416872,0.42847716045519324
Hist Gradient Boosting,423,player_3,match_12,127.0,157.0,0.3903422854838709,0.38157609022682704
Hist Gradient Boosting,424,player_3,match_12,157.0,187.0,0.3844437467741934,0.40348725978523425
Hist Gradient Boosting,425,player_3,match_12,187.0,217.0,0.3757519193548386,0.40582440223610167
Hist Gradient Boosting,426,player_3,match_12,217.0,247.0,0.3749229387096773,0.4060299568245476
Hist Gradient Boosting,427,player_3,match_12,247.0,277.0,0.4028460758064516,0.38669946308024106
Hist Gradient Boosting,428,player_3,match_12,277.0,307.0,0.3926043693548386,0.40083583200007666
Hist Gradient Boosting,429,player_3,match_12,307.0,337.0,0.3512831225806451,0.3863630968509774
Hist Gradient Boosting,430,player_3,match_12,337.0,367.0,0.3351671177419354,0.36366339275531107
Hist Gradient Boosting,431,player_3,match_12,367.0,397.0,0.351164235483871,0.3773718563344107
Hist Gradient Boosting,432,player_3,match_12,397.0,427.0,0.3486505922939068,0.3898542976496573
Hist Gradient Boosting,433,player_3,match_12,427.0,457.0,0.3383293951612902,0.3920124187019875
Hist Gradient Boosting,434,player_3,match_12,457.0,487.0,0.3052464677419354,0.400304422669751
Hist Gradient Boosting,435,player_3,match_12,487.0,517.0,0.331264729032258,0.38199853489143903
Hist Gradient Boosting,436,player_3,match_12,517.0,547.0,0.3247921725806451,0.4053431256481434
Hist Gradient Boosting,437,player_3,match_12,547.0,577.0,0.3181197177419355,0.3745378831507995
Hist Gradient Boosting,438,player_3,match_12,577.0,607.0,0.3630194354838709,0.39753787936583673
Hist Gradient Boosting,439,player_3,match_12,607.0,637.0,0.3265592177419354,0.41725068257876075
Hist Gradient Boosting,440,player_3,match_12,637.0,667.0,0.3485093774193548,0.37448136374311036
Hist Gradient Boosting,441,player_3,match_12,667.0,697.0,0.3530882854838709,0.4025059112461204
Hist Gradient Boosting,442,player_3,match_12,697.0,727.0,0.3143430758064516,0.3805143616359416
Hist Gradient Boosting,443,player_3,match_12,727.0,757.0,0.3656071177419355,0.4133707554828228
Hist Gradient Boosting,444,player_3,match_12,757.0,787.0,0.3452076838709677,0.40140008051022225
Hist Gradient Boosting,445,player_3,match_12,787.0,817.0,0.3300876080645161,0.39778607989878023
Hist Gradient Boosting,446,player_3,match_12,817.0,847.0,0.3220524403225806,0.39050492793470065
Hist Gradient Boosting,447,player_3,match_12,847.0,877.0,0.3376904403225806,0.39325884029177316
Hist Gradient Boosting,600,player_3,match_13,5.0,35.0,0.3521303193548386,0.3853474549114952
Hist Gradient Boosting,601,player_3,match_13,35.0,65.0,0.3389918370967741,0.4091389251703259
Hist Gradient Boosting,602,player_3,match_13,65.0,95.0,0.3189536467741936,0.39941977454637567
Hist Gradient Boosting,603,player_3,match_13,95.0,125.0,0.3746919064516129,0.392840110395046
Hist Gradient Boosting,604,player_3,match_13,125.0,155.0,0.3443250306451613,0.37041861615828037
Hist Gradient Boosting,605,player_3,match_13,155.0,185.0,0.3289299306451612,0.3724950171777705
Hist Gradient Boosting,606,player_3,match_13,185.0,215.0,0.3118002080645161,0.372044144569601
Hist Gradient Boosting,607,player_3,match_13,215.0,245.0,0.3580603419354838,0.35962617157877447
Hist Gradient Boosting,608,player_3,match_13,245.0,275.0,0.4557171241935484,0.4214944991480298
Hist Gradient Boosting,609,player_3,match_13,275.0,305.0,0.3425668338709677,0.3767867317202814
Hist Gradient Boosting,610,player_3,match_13,305.0,335.0,0.3511853032258064,0.40232829693076294
Hist Gradient Boosting,611,player_3,match_13,335.0,365.0,0.3792794516129031,0.4103626961133749
Hist Gradient Boosting,612,player_3,match_13,365.0,395.0,0.3578501048387096,0.3652187936559468
Hist Gradient Boosting,613,player_3,match_13,395.0,425.0,0.3078801193548387,0.4048609217515294
Hist Gradient Boosting,614,player_3,match_13,425.0,455.0,0.3287395096774193,0.34109074155365215
Hist Gradient Boosting,615,player_3,match_13,455.0,485.0,0.3821638967741935,0.3892937792463565
Hist Gradient Boosting,616,player_3,match_13,485.0,515.0,0.3466873387096774,0.36380968084985754
Hist Gradient Boosting,617,player_3,match_13,515.0,545.0,0.3102375758064516,0.39768760910634726
Hist Gradient Boosting,618,player_3,match_13,545.0,575.0,0.3276522177419354,0.3975440664307701
Hist Gradient Boosting,619,player_3,match_13,575.0,605.0,0.3520716709677418,0.36700302429172676
Hist Gradient Boosting,620,player_3,match_13,605.0,635.0,0.3152256758064516,0.37903814664024704
Hist Gradient Boosting,621,player_3,match_13,635.0,665.0,0.3598628661290322,0.39845374289422786
Hist Gradient Boosting,622,player_3,match_13,665.0,695.0,0.359101843548387,0.37287102127697264
Hist Gradient Boosting,623,player_3,match_13,695.0,725.0,0.3469617854838709,0.3858949396008837
Hist Gradient Boosting,624,player_3,match_13,725.0,755.0,0.3524468580645161,0.36317648206012815
Hist Gradient Boosting,625,player_3,match_13,755.0,785.0,0.3321925129032258,0.3914971385941519
Hist Gradient Boosting,626,player_3,match_13,785.0,815.0,0.3709659241935484,0.39438339134797107
Hist Gradient Boosting,627,player_3,match_13,815.0,845.0,0.3483519161290322,0.4214308354840135
Hist Gradient Boosting,628,player_3,match_13,845.0,875.0,0.3546726129032257,0.37536912581489723
Hist Gradient Boosting,629,player_3,match_13,875.0,905.0,0.3474160048387097,0.35045301056427963
Hist Gradient Boosting,630,player_3,match_13,905.0,935.0,0.3423207548387097,0.36364515238284684
Hist Gradient Boosting,631,player_3,match_13,935.0,965.0,0.3483044983870967,0.3892596190303885
Hist Gradient Boosting,632,player_3,match_13,965.0,995.0,0.3266472272401433,0.3551868441839994
Hist Gradient Boosting,633,player_3,match_13,995.0,1025.0,0.3334074863799283,0.36894076482017635
Hist Gradient Boosting,634,player_3,match_13,1025.0,1055.0,0.323217264516129,0.3639641814307459
Hist Gradient Boosting,635,player_3,match_13,1055.0,1085.0,0.308552164516129,0.3478606263924022
Hist Gradient Boosting,636,player_3,match_13,1085.0,1115.0,0.3111829096774192,0.3624247750616895
Hist Gradient Boosting,637,player_3,match_13,1115.0,1145.0,0.3479715870967742,0.3565170421355706
Hist Gradient Boosting,638,player_3,match_13,1145.0,1175.0,0.3405524612903226,0.3801750811387768
Hist Gradient Boosting,639,player_3,match_13,1175.0,1205.0,0.3372105629032257,0.36546470428783623
Hist Gradient Boosting,640,player_3,match_13,1205.0,1235.0,0.3157914903225806,0.3971541796979866
Hist Gradient Boosting,641,player_3,match_13,1235.0,1265.0,0.3268866564516128,0.38381833717555486
Hist Gradient Boosting,642,player_3,match_13,1265.0,1295.0,0.3247668370967741,0.39024457238684
Hist Gradient Boosting,643,player_3,match_13,1295.0,1325.0,0.3608837370967741,0.3611467468372352
Hist Gradient Boosting,644,player_3,match_13,1325.0,1355.0,0.3911609709677419,0.3920453847771079
Hist Gradient Boosting,645,player_3,match_13,1355.0,1385.0,0.3425233548387096,0.35839956665952427
Hist Gradient Boosting,646,player_3,match_13,1385.0,1415.0,0.4937061774193548,0.36272667319367285
Hist Gradient Boosting,647,player_3,match_13,1415.0,1445.0,0.4025709661290322,0.3785659351045069
Hist Gradient Boosting,648,player_3,match_13,1445.0,1475.0,0.3101776241935483,0.40315838591355946
Hist Gradient Boosting,649,player_3,match_13,1475.0,1505.0,0.3444233564516128,0.3732575993518471
Hist Gradient Boosting,650,player_3,match_13,1505.0,1535.0,0.3442153467741935,0.3637456903044808
Hist Gradient Boosting,651,player_3,match_13,1535.0,1565.0,0.3300268532258064,0.36318501100794265
Hist Gradient Boosting,652,player_3,match_13,1565.0,1595.0,0.5734079725806451,0.398587862553542
Hist Gradient Boosting,653,player_3,match_13,1595.0,1625.0,0.3820903112903225,0.3876681262016215
Hist Gradient Boosting,654,player_3,match_13,1625.0,1655.0,0.3444525193548386,0.3548731408397106
Hist Gradient Boosting,655,player_3,match_13,1655.0,1685.0,0.3390658419354838,0.3634313808197331
Hist Gradient Boosting,656,player_3,match_13,1685.0,1715.0,0.4530429177419354,0.36956564405666076
Hist Gradient Boosting,657,player_3,match_13,1715.0,1745.0,0.3660804564516129,0.36152816689442424
Hist Gradient Boosting,658,player_3,match_13,1745.0,1775.0,0.3375916467741935,0.3971720368893631
Hist Gradient Boosting,659,player_3,match_13,1775.0,1805.0,0.3604707532258064,0.38641692134104905
Hist Gradient Boosting,660,player_3,match_13,1805.0,1835.0,0.4038150612903225,0.3500297169482784
Hist Gradient Boosting,661,player_3,match_13,1835.0,1865.0,0.3563674919354838,0.37104898878810183
Hist Gradient Boosting,662,player_3,match_13,1865.0,1895.0,0.3435740499999999,0.3736147439457365
Hist Gradient Boosting,663,player_3,match_13,1895.0,1925.0,0.3767098,0.35484638869079327
Hist Gradient Boosting,664,player_3,match_13,1925.0,1955.0,0.3773525709677419,0.39437181586635245
Hist Gradient Boosting,665,player_3,match_13,1955.0,1985.0,0.3324288580645161,0.3733580413259579
Hist Gradient Boosting,666,player_3,match_13,1985.0,2015.0,0.4663374177419354,0.3763720237043952
Hist Gradient Boosting,667,player_3,match_13,2015.0,2045.0,0.3857469792114695,0.36635887006639367
Hist Gradient Boosting,668,player_3,match_13,2045.0,2075.0,0.3610912661290322,0.3596565495122427
Hist Gradient Boosting,1297,player_3,match_21,2.0,32.0,0.3669890354838709,0.35946679964137224
Hist Gradient Boosting,1298,player_3,match_21,32.0,62.0,0.3456523177419355,0.39508770462967563
Hist Gradient Boosting,1299,player_3,match_21,62.0,92.0,0.3505914516129031,0.4117659327023079
Hist Gradient Boosting,1300,player_3,match_21,92.0,122.0,0.3115286403225806,0.3853405099918117
Hist Gradient Boosting,1301,player_3,match_21,122.0,152.0,0.3180478177419354,0.39118288940712126
Hist Gradient Boosting,1302,player_3,match_21,152.0,182.0,0.3745705290322579,0.3874202358398069
Hist Gradient Boosting,1303,player_3,match_21,182.0,212.0,0.3594768806451612,0.37953468000407414
Hist Gradient Boosting,1304,player_3,match_21,212.0,242.0,0.3535580693548387,0.3780460731222768
Hist Gradient Boosting,1305,player_3,match_21,242.0,272.0,0.3792379709677419,0.39505874827481263
Hist Gradient Boosting,1306,player_3,match_21,272.0,302.0,0.3605857806451612,0.3838923640272709
Hist Gradient Boosting,1307,player_3,match_21,302.0,332.0,0.4395546516129032,0.4017556268250821
Hist Gradient Boosting,1308,player_3,match_21,332.0,362.0,0.4458765177419355,0.37347342028560315
Hist Gradient Boosting,1309,player_3,match_21,362.0,392.0,0.4798766903225806,0.3863572350274254
Hist Gradient Boosting,1310,player_3,match_21,392.0,422.0,0.4342216451612903,0.3811700432944402
Hist Gradient Boosting,1311,player_3,match_21,422.0,452.0,0.4009650725806452,0.3802729387173965
Hist Gradient Boosting,1312,player_3,match_21,452.0,482.0,0.4576769252688172,0.388765345204701
Hist Gradient Boosting,1313,player_3,match_21,482.0,512.0,0.3430645951612903,0.41190893134598294
Hist Gradient Boosting,1314,player_3,match_21,512.0,542.0,0.4172735112903225,0.38830656091729776
Hist Gradient Boosting,1315,player_3,match_21,542.0,572.0,0.4032284838709677,0.386338709565197
Hist Gradient Boosting,1316,player_3,match_21,572.0,602.0,0.3825146,0.38073072638744937
Hist Gradient Boosting,1317,player_3,match_21,602.0,632.0,0.3900239548387096,0.4055155041670467
Hist Gradient Boosting,1318,player_3,match_21,632.0,662.0,0.3547383258064516,0.3835022664038528
Hist Gradient Boosting,1319,player_3,match_21,662.0,692.0,0.3558563451612903,0.3726862074060795
Hist Gradient Boosting,1320,player_3,match_21,692.0,722.0,0.3852632161290322,0.3758065450304727
Hist Gradient Boosting,1321,player_3,match_21,722.0,752.0,0.3133045354838709,0.37627928814246836
Hist Gradient Boosting,1322,player_3,match_21,752.0,782.0,0.2778166548387096,0.37324466558613917
Hist Gradient Boosting,1323,player_3,match_21,782.0,812.0,0.3757601564516128,0.41103570624618385
Hist Gradient Boosting,1324,player_3,match_21,812.0,842.0,0.3641775838709677,0.3832081360952033
Hist Gradient Boosting,1325,player_3,match_21,842.0,872.0,0.3266585451612903,0.3886941955195341
Hist Gradient Boosting,1326,player_3,match_21,872.0,902.0,0.2961558564516128,0.39259789692891567
Hist Gradient Boosting,1327,player_3,match_21,902.0,932.0,0.3281638145161289,0.38481184685483566
Hist Gradient Boosting,1328,player_3,match_21,932.0,962.0,0.3837857096774193,0.41120818441491225
Hist Gradient Boosting,1329,player_3,match_21,962.0,992.0,0.4081830989247311,0.4022295966666836
Hist Gradient Boosting,1382,player_3,match_8,4.0,34.0,0.2867737333333333,0.36989995586348157
Hist Gradient Boosting,1383,player_3,match_8,34.0,64.0,0.3224119032258065,0.3599792245885834
Hist Gradient Boosting,1384,player_3,match_8,64.0,94.0,0.3168409580645161,0.3729240897927631
Hist Gradient Boosting,1385,player_3,match_8,94.0,124.0,0.2380993564516128,0.40079142730087525
Hist Gradient Boosting,1386,player_3,match_8,124.0,154.0,0.2257556677419354,0.35951981683834017
Hist Gradient Boosting,1387,player_3,match_8,154.0,184.0,0.2730701,0.3708425304747309
Hist Gradient Boosting,1388,player_3,match_8,184.0,214.0,0.2103354838709676,0.3436490840025377
Hist Gradient Boosting,1389,player_3,match_8,214.0,244.0,0.2507606387096773,0.3284038071582479
Hist Gradient Boosting,1390,player_3,match_8,244.0,274.0,0.1996526387096774,0.3665639048957369
Hist Gradient Boosting,1391,player_3,match_8,274.0,304.0,0.3189643467741935,0.37714369205701403
Hist Gradient Boosting,1392,player_3,match_8,304.0,334.0,0.2768238306451613,0.34677667357947134
Hist Gradient Boosting,1393,player_3,match_8,334.0,364.0,0.3001439612903225,0.35300204071437885
Hist Gradient Boosting,1394,player_3,match_8,364.0,394.0,0.2786879338709677,0.34368834414679644
Hist Gradient Boosting,1395,player_3,match_8,394.0,424.0,0.2435328903225805,0.3369184720942792
Hist Gradient Boosting,1396,player_3,match_8,424.0,454.0,0.1702869247311827,0.3453861491114862
Hist Gradient Boosting,1397,player_3,match_8,454.0,484.0,0.306578814516129,0.3437752867630148
Hist Gradient Boosting,1398,player_3,match_8,484.0,514.0,0.2767868774193548,0.35030165991133233
Hist Gradient Boosting,1399,player_3,match_8,514.0,544.0,0.250909214516129,0.3595191877615038
Hist Gradient Boosting,1400,player_3,match_8,544.0,574.0,0.3060971032258064,0.3335458233485841
Hist Gradient Boosting,1401,player_3,match_8,574.0,604.0,0.2995785645161289,0.369698212109933
Hist Gradient Boosting,1402,player_3,match_8,604.0,634.0,0.3648162435483871,0.3563095957987228
Hist Gradient Boosting,1403,player_3,match_8,634.0,664.0,0.2738658161290322,0.3501100986637361
Hist Gradient Boosting,1404,player_3,match_8,664.0,694.0,0.3464340290322579,0.37846266367341
Hist Gradient Boosting,1405,player_3,match_8,694.0,724.0,0.3296180419354838,0.3726896991800249
Hist Gradient Boosting,1406,player_3,match_8,724.0,754.0,0.2870044354838709,0.33542942852586954
Hist Gradient Boosting,1407,player_3,match_8,754.0,784.0,0.3207690709677419,0.345296056548321
Hist Gradient Boosting,1408,player_3,match_8,784.0,814.0,0.2845508758064516,0.34763061733074263
Hist Gradient Boosting,1409,player_3,match_8,814.0,844.0,0.3200196096774194,0.3822069477499984
Hist Gradient Boosting,1410,player_3,match_8,844.0,874.0,0.3216044274193548,0.38828173134743416
Hist Gradient Boosting,1411,player_3,match_8,874.0,904.0,0.3126179387096773,0.3560413484711998
Hist Gradient Boosting,1412,player_3,match_8,904.0,934.0,0.3606785193548386,0.3446783836358378
Hist Gradient Boosting,1413,player_3,match_8,934.0,964.0,0.385552229032258,0.3935264688333672
Hist Gradient Boosting,1414,player_3,match_8,964.0,994.0,0.3347774983870967,0.3726426872322769
Hist Gradient Boosting,1415,player_3,match_8,994.0,1024.0,0.3717777967741935,0.36253005398814714
Hist Gradient Boosting,1416,player_3,match_8,1024.0,1054.0,0.3365552725806451,0.3735795827617939
Hist Gradient Boosting,1417,player_3,match_8,1054.0,1084.0,0.3237554758064516,0.3542064356669708
Hist Gradient Boosting,1418,player_3,match_8,1084.0,1114.0,0.4643626887096774,0.3727410446487389
Hist Gradient Boosting,1419,player_3,match_8,1114.0,1144.0,0.3093228064516129,0.34465550466462974
Hist Gradient Boosting,1420,player_3,match_8,1144.0,1174.0,0.356843264516129,0.3548684257397944
Hist Gradient Boosting,1421,player_3,match_8,1174.0,1204.0,0.3551337338709677,0.354456457923327
Hist Gradient Boosting,1422,player_3,match_8,1204.0,1234.0,0.2752174629032258,0.34886079142597437
Hist Gradient Boosting,1423,player_3,match_8,1234.0,1264.0,0.242902343548387,0.3725090640915316
Hist Gradient Boosting,1424,player_3,match_8,1264.0,1294.0,0.3738273983870966,0.3349726466255021
Hist Gradient Boosting,1425,player_3,match_8,1294.0,1324.0,0.3141751016129032,0.3679380557323469
Hist Gradient Boosting,1426,player_3,match_8,1324.0,1354.0,0.3341685548387096,0.34580517473310873
Hist Gradient Boosting,1427,player_3,match_8,1354.0,1384.0,0.3898067403225805,0.36468123858484797
Hist Gradient Boosting,1428,player_3,match_8,1384.0,1414.0,0.3246493258064516,0.33160122356530547
Hist Gradient Boosting,1429,player_3,match_8,1414.0,1444.0,0.2727682241935484,0.3514817258341953
Hist Gradient Boosting,1430,player_3,match_8,1444.0,1474.0,0.2527807983870968,0.37442046585205785
Hist Gradient Boosting,1431,player_3,match_8,1474.0,1504.0,0.3396483903225806,0.3531957116021676
Hist Gradient Boosting,1482,player_3,match_9,1.0,31.0,0.33529765,0.34906712899098113
Hist Gradient Boosting,1483,player_3,match_9,31.0,61.0,0.3742693419354838,0.3429199709979582
Hist Gradient Boosting,1484,player_3,match_9,61.0,91.0,0.3546849516129031,0.3798846898369218
Hist Gradient Boosting,1485,player_3,match_9,91.0,121.0,0.3546658854838709,0.337381846846959
Hist Gradient Boosting,1486,player_3,match_9,121.0,151.0,0.3238790596774193,0.3376840648202105
Hist Gradient Boosting,1487,player_3,match_9,151.0,181.0,0.4036772,0.3350194602360893
Hist Gradient Boosting,1488,player_3,match_9,181.0,211.0,0.3837763016129032,0.3319001550725441
Hist Gradient Boosting,1489,player_3,match_9,211.0,241.0,0.3465665532258064,0.3353469823315205
Hist Gradient Boosting,1490,player_3,match_9,241.0,271.0,0.317046764516129,0.34245661665345045
Hist Gradient Boosting,1491,player_3,match_9,271.0,301.0,0.3381844661290322,0.3523534973749512
Hist Gradient Boosting,1492,player_3,match_9,301.0,331.0,0.368675708064516,0.3265180747713835
Hist Gradient Boosting,1493,player_3,match_9,331.0,361.0,0.3779544048387097,0.34404511920554276
Hist Gradient Boosting,1494,player_3,match_9,361.0,391.0,0.3473830177419355,0.3327643261986561
Hist Gradient Boosting,1495,player_3,match_9,391.0,421.0,0.3446340870967742,0.32117944389816294
Hist Gradient Boosting,1496,player_3,match_9,421.0,451.0,0.3274053822580645,0.35022605753081215
Hist Gradient Boosting,1497,player_3,match_9,451.0,481.0,0.3398382387096774,0.3462637695578227
Hist Gradient Boosting,1498,player_3,match_9,481.0,511.0,0.4211915596774193,0.37959474553656336
Hist Gradient Boosting,1499,player_3,match_9,511.0,541.0,0.3921036999999999,0.32416759379172216
Hist Gradient Boosting,1500,player_3,match_9,541.0,571.0,0.3714641798387096,0.33771650514816826
Hist Gradient Boosting,1501,player_3,match_9,571.0,601.0,0.3447682870967742,0.3380401078053149
Hist Gradient Boosting,1502,player_3,match_9,601.0,631.0,0.3480073403225806,0.29372115368261165
Hist Gradient Boosting,1503,player_3,match_9,631.0,661.0,0.3573306774193548,0.30574287201111966
Hist Gradient Boosting,1504,player_3,match_9,661.0,691.0,0.4332546073476702,0.36501216880059406
Hist Gradient Boosting,1505,player_3,match_9,691.0,721.0,0.3730761193548387,0.3699547530660217
Hist Gradient Boosting,1506,player_3,match_9,721.0,751.0,0.3033966499999999,0.3548088294435261
Hist Gradient Boosting,1507,player_3,match_9,751.0,781.0,0.3180434161290322,0.40453375247991963
Hist Gradient Boosting,1508,player_3,match_9,781.0,811.0,0.4788181209677419,0.364203430295295
Hist Gradient Boosting,1509,player_3,match_9,811.0,841.0,0.4453166193548386,0.3565580688463384
Hist Gradient Boosting,1510,player_3,match_9,841.0,871.0,0.3353647677419354,0.34925922071561055
Hist Gradient Boosting,1511,player_3,match_9,871.0,901.0,0.400662479032258,0.37898787407066026
Hist Gradient Boosting,1512,player_3,match_9,901.0,931.0,0.4410353741935483,0.3646115181697699
Hist Gradient Boosting,1513,player_3,match_9,931.0,961.0,0.461188043548387,0.35332736593276415
Hist Gradient Boosting,1514,player_3,match_9,961.0,991.0,0.4928181209677419,0.3193828565001937
Hist Gradient Boosting,89,player_4,match_10,9.0,39.0,0.3217799612903225,0.3920318881559882
Hist Gradient Boosting,90,player_4,match_10,39.0,69.0,0.2928451225806451,0.3938415758842998
Hist Gradient Boosting,91,player_4,match_10,69.0,99.0,0.3910603177419354,0.36184203243043533
Hist Gradient Boosting,92,player_4,match_10,99.0,129.0,0.3278932709677419,0.37694823362069657
Hist Gradient Boosting,93,player_4,match_10,129.0,159.0,0.4370787677419354,0.3778949682484587
Hist Gradient Boosting,94,player_4,match_10,159.0,189.0,0.3937881016129031,0.3714236450768865
Hist Gradient Boosting,95,player_4,match_10,189.0,219.0,0.1685731397849462,0.3576324783259203
Hist Gradient Boosting,308,player_4,match_11,168.0,198.0,0.3842112951612904,0.37814642186381353
Hist Gradient Boosting,309,player_4,match_11,198.0,228.0,0.4058162451612903,0.37075802079228665
Hist Gradient Boosting,310,player_4,match_11,228.0,258.0,0.4038188241935483,0.40150555303030794
Hist Gradient Boosting,311,player_4,match_11,258.0,288.0,0.3873129274193548,0.35975275709677007
Hist Gradient Boosting,312,player_4,match_11,288.0,318.0,0.3955306419354838,0.3520861305267411
Hist Gradient Boosting,313,player_4,match_11,318.0,348.0,0.4709272048387096,0.4085002705877008
Hist Gradient Boosting,314,player_4,match_11,348.0,378.0,0.5832202322580645,0.39659907492384616
Hist Gradient Boosting,315,player_4,match_11,378.0,408.0,0.4728050080645161,0.378522201604599
Hist Gradient Boosting,316,player_4,match_11,408.0,438.0,0.413562829032258,0.39739602239481403
Hist Gradient Boosting,317,player_4,match_11,438.0,468.0,0.4762296290322581,0.3557034987945422
Hist Gradient Boosting,318,player_4,match_11,468.0,498.0,0.4215463322580645,0.3830768091879214
Hist Gradient Boosting,319,player_4,match_11,498.0,528.0,0.3882374032258064,0.3870039966260188
Hist Gradient Boosting,320,player_4,match_11,528.0,558.0,0.3935791387096774,0.3514267371007698
Hist Gradient Boosting,321,player_4,match_11,558.0,588.0,0.4332609403225805,0.3680965520787851
Hist Gradient Boosting,322,player_4,match_11,588.0,618.0,0.475627679032258,0.3993385757126974
Hist Gradient Boosting,323,player_4,match_11,618.0,648.0,0.4024941677419354,0.3815349564915987
Hist Gradient Boosting,324,player_4,match_11,648.0,678.0,0.4430050919354839,0.39265814607548255
Hist Gradient Boosting,325,player_4,match_11,678.0,708.0,0.4159376048387097,0.4151655863653961
Hist Gradient Boosting,326,player_4,match_11,708.0,738.0,0.3945401516129031,0.36127802941548276
Hist Gradient Boosting,327,player_4,match_11,738.0,768.0,0.4259119580645161,0.34897640083553666
Hist Gradient Boosting,328,player_4,match_11,768.0,798.0,0.4030253258064515,0.33983886164657906
Hist Gradient Boosting,329,player_4,match_11,798.0,828.0,0.3907230725806451,0.36442563528818556
Hist Gradient Boosting,330,player_4,match_11,828.0,858.0,0.4226385591397849,0.38679584714878257
Hist Gradient Boosting,331,player_4,match_11,858.0,888.0,0.448481229032258,0.39265326000572903
Hist Gradient Boosting,332,player_4,match_11,888.0,918.0,0.4334815274193548,0.4281763721892797
Hist Gradient Boosting,333,player_4,match_11,918.0,948.0,0.4083821870967742,0.4041018394194023
Hist Gradient Boosting,334,player_4,match_11,948.0,978.0,0.4190907564516129,0.36883395709740835
Hist Gradient Boosting,335,player_4,match_11,978.0,1008.0,0.429247764516129,0.38870085607610777
Hist Gradient Boosting,336,player_4,match_11,1008.0,1038.0,0.4780028752688172,0.381045163626322
Hist Gradient Boosting,337,player_4,match_11,1038.0,1068.0,0.4410169193548386,0.38375460849194454
Hist Gradient Boosting,338,player_4,match_11,1068.0,1098.0,0.4612133919354839,0.3781749214150386
Hist Gradient Boosting,339,player_4,match_11,1098.0,1128.0,0.3906026505376343,0.36075406721778425
Hist Gradient Boosting,340,player_4,match_11,1128.0,1158.0,0.4279749279569892,0.3716481494136605
Hist Gradient Boosting,341,player_4,match_11,1158.0,1188.0,0.5070420774193549,0.3779670534584758
Hist Gradient Boosting,342,player_4,match_11,1188.0,1218.0,0.5153815080645161,0.39568483325887166
Hist Gradient Boosting,343,player_4,match_11,1218.0,1248.0,0.428450079032258,0.36622196745028157
Hist Gradient Boosting,344,player_4,match_11,1248.0,1278.0,0.3750276177419355,0.3713417047291844
Hist Gradient Boosting,345,player_4,match_11,1278.0,1308.0,0.3954101774193548,0.3606080530903992
Hist Gradient Boosting,346,player_4,match_11,1308.0,1338.0,0.4079895161290322,0.3805924062203742
Hist Gradient Boosting,347,player_4,match_11,1338.0,1368.0,0.4018140806451612,0.3721236868983787
Hist Gradient Boosting,348,player_4,match_11,1368.0,1398.0,0.3403397758064516,0.3608407743242916
Hist Gradient Boosting,349,player_4,match_11,1398.0,1428.0,0.4415285564516128,0.3381532305448152
Hist Gradient Boosting,350,player_4,match_11,1428.0,1458.0,0.4619110403225805,0.3689593991654318
Hist Gradient Boosting,351,player_4,match_11,1458.0,1488.0,0.4448537112903226,0.38230461021819906
Hist Gradient Boosting,352,player_4,match_11,1488.0,1518.0,0.5368804637096773,0.3755178377240711
Hist Gradient Boosting,353,player_4,match_11,1518.0,1548.0,0.3442471387096774,0.38292613280588905
Hist Gradient Boosting,354,player_4,match_11,1548.0,1578.0,0.4269378112903225,0.35513136790556205
Hist Gradient Boosting,355,player_4,match_11,1578.0,1608.0,0.3956674516129032,0.36967336702151515
Hist Gradient Boosting,356,player_4,match_11,1608.0,1638.0,0.3750901629032258,0.37847147302821293
Hist Gradient Boosting,357,player_4,match_11,1638.0,1668.0,0.4173886274193548,0.38006088167814994
Hist Gradient Boosting,358,player_4,match_11,1668.0,1698.0,0.4143237946236558,0.3786040805293885
Hist Gradient Boosting,359,player_4,match_11,1698.0,1728.0,0.4375127612903225,0.3690638043763095
Hist Gradient Boosting,360,player_4,match_11,1728.0,1758.0,0.3816933838709676,0.37621131763520027
Hist Gradient Boosting,361,player_4,match_11,1758.0,1788.0,0.3879063499999999,0.3625175858755879
Hist Gradient Boosting,362,player_4,match_11,1788.0,1818.0,0.3840723258064515,0.36410958265521826
Hist Gradient Boosting,363,player_4,match_11,1818.0,1848.0,0.4074549297235023,0.37095139237111013
Hist Gradient Boosting,364,player_4,match_11,1848.0,1878.0,0.491157072580645,0.38037398799765526
Hist Gradient Boosting,365,player_4,match_11,1878.0,1908.0,0.377877913489736,0.339218761020103
Hist Gradient Boosting,366,player_4,match_11,1908.0,1938.0,0.3828979322580644,0.3652148583013049
Hist Gradient Boosting,367,player_4,match_11,1938.0,1968.0,0.3768100806451613,0.38032141691376403
Hist Gradient Boosting,368,player_4,match_11,1968.0,1998.0,0.3784119387096774,0.35655292066847044
Hist Gradient Boosting,369,player_4,match_11,1998.0,2028.0,0.3779958564516128,0.35604682808887284
Hist Gradient Boosting,370,player_4,match_11,2028.0,2058.0,0.3968446774193548,0.3751015812646986
Hist Gradient Boosting,371,player_4,match_11,2058.0,2088.0,0.4261899580645161,0.37201499375938224
Hist Gradient Boosting,372,player_4,match_11,2088.0,2118.0,0.418223622580645,0.369456432790161
Hist Gradient Boosting,373,player_4,match_11,2118.0,2148.0,0.389275564516129,0.37461680368740075
Hist Gradient Boosting,374,player_4,match_11,2148.0,2178.0,0.4169403177419354,0.380569105801949
Hist Gradient Boosting,375,player_4,match_11,2178.0,2208.0,0.3932120403225806,0.386890937700687
Hist Gradient Boosting,448,player_4,match_12,236.0,266.0,0.3623836822580645,0.36129518551732687
Hist Gradient Boosting,449,player_4,match_12,266.0,296.0,0.3702193693548387,0.3613425698258963
Hist Gradient Boosting,450,player_4,match_12,296.0,326.0,0.3490734274193549,0.3762922616467792
Hist Gradient Boosting,451,player_4,match_12,326.0,356.0,0.3996911016129032,0.3671337371526631
Hist Gradient Boosting,452,player_4,match_12,356.0,386.0,0.3284608209677419,0.40640901076023095
Hist Gradient Boosting,453,player_4,match_12,386.0,416.0,0.4272166354838709,0.37744101712709116
Hist Gradient Boosting,454,player_4,match_12,416.0,446.0,0.441558479032258,0.3755782815451977
Hist Gradient Boosting,455,player_4,match_12,446.0,476.0,0.4257332451612903,0.36493065869960306
Hist Gradient Boosting,456,player_4,match_12,476.0,506.0,0.3800015161290322,0.3395905315581254
Hist Gradient Boosting,457,player_4,match_12,506.0,536.0,0.3585309838709677,0.33890657304928634
Hist Gradient Boosting,458,player_4,match_12,536.0,566.0,0.4354185322580645,0.3488427984344801
Hist Gradient Boosting,459,player_4,match_12,566.0,596.0,0.457104458064516,0.38817518358999964
Hist Gradient Boosting,460,player_4,match_12,596.0,626.0,0.4273867548387096,0.35659392549583346
Hist Gradient Boosting,461,player_4,match_12,626.0,656.0,0.3503060967741934,0.3402834398892267
Hist Gradient Boosting,462,player_4,match_12,656.0,686.0,0.3833928499999999,0.35522465525831576
Hist Gradient Boosting,463,player_4,match_12,686.0,716.0,0.3904234741935484,0.34707333024956033
Hist Gradient Boosting,464,player_4,match_12,716.0,746.0,0.4298751596774193,0.32776098749848964
Hist Gradient Boosting,465,player_4,match_12,746.0,776.0,0.428139087096774,0.3421518355412511
Hist Gradient Boosting,466,player_4,match_12,776.0,806.0,0.3894983064516129,0.33842907163104513
Hist Gradient Boosting,467,player_4,match_12,806.0,836.0,0.3534890854838709,0.376297595208265
Hist Gradient Boosting,468,player_4,match_12,836.0,866.0,0.3911594774193548,0.3798399820770289
Hist Gradient Boosting,469,player_4,match_12,866.0,896.0,0.4145624822580644,0.36964190172535033
Hist Gradient Boosting,669,player_4,match_13,134.0,164.0,0.366750979032258,0.35066377691386363
Hist Gradient Boosting,670,player_4,match_13,164.0,194.0,0.3624990887096774,0.3345785344556837
Hist Gradient Boosting,671,player_4,match_13,194.0,224.0,0.352512693548387,0.3533678317595288
Hist Gradient Boosting,672,player_4,match_13,224.0,254.0,0.3564580935483871,0.38530415517948013
Hist Gradient Boosting,673,player_4,match_13,254.0,284.0,0.3309110451612903,0.3936312484916563
Hist Gradient Boosting,674,player_4,match_13,284.0,314.0,0.3915517903225806,0.3643282222350911
Hist Gradient Boosting,675,player_4,match_13,314.0,344.0,0.4298870338709677,0.3904375420907915
Hist Gradient Boosting,676,player_4,match_13,344.0,374.0,0.4176532709677419,0.395350915050075
Hist Gradient Boosting,677,player_4,match_13,374.0,404.0,0.3779788451612903,0.37066041990788795
Hist Gradient Boosting,678,player_4,match_13,404.0,434.0,0.4283153661290322,0.3772547714390773
Hist Gradient Boosting,679,player_4,match_13,434.0,464.0,0.382800129032258,0.3876900844883574
Hist Gradient Boosting,680,player_4,match_13,464.0,494.0,0.4168474403225806,0.3715974772533759
Hist Gradient Boosting,681,player_4,match_13,494.0,524.0,0.3807065758064516,0.3558619470002748
Hist Gradient Boosting,682,player_4,match_13,524.0,554.0,0.4227452580645161,0.3432148759045163
Hist Gradient Boosting,683,player_4,match_13,554.0,584.0,0.4064318279569892,0.3545684377453383
Hist Gradient Boosting,684,player_4,match_13,584.0,614.0,0.3609130483870967,0.40450129513012223
Hist Gradient Boosting,685,player_4,match_13,614.0,644.0,0.4888476727598565,0.3505825771451147
Hist Gradient Boosting,686,player_4,match_13,644.0,674.0,0.4908945209677419,0.3665092968168513
Hist Gradient Boosting,687,player_4,match_13,674.0,704.0,0.4348001161290322,0.3833400612256063
Hist Gradient Boosting,688,player_4,match_13,704.0,734.0,0.427643643548387,0.3520961810301562
Hist Gradient Boosting,689,player_4,match_13,734.0,764.0,0.4198529306451612,0.3322294647677123
Hist Gradient Boosting,690,player_4,match_13,764.0,794.0,0.3750722806451613,0.389389551309325
Hist Gradient Boosting,691,player_4,match_13,794.0,824.0,0.2947397709677419,0.36695859585531204
Hist Gradient Boosting,692,player_4,match_13,824.0,854.0,0.4280808758064516,0.3404562050356646
Hist Gradient Boosting,693,player_4,match_13,854.0,884.0,0.415344908064516,0.387502568591773
Hist Gradient Boosting,694,player_4,match_13,884.0,914.0,0.3840966193548386,0.4032579065685085
Hist Gradient Boosting,695,player_4,match_13,914.0,944.0,0.4180323548387097,0.3392130914210713
Hist Gradient Boosting,696,player_4,match_13,944.0,974.0,0.4621011903225805,0.3847227171777083
Hist Gradient Boosting,697,player_4,match_13,974.0,1004.0,0.4107305645161289,0.35377545825328494
Hist Gradient Boosting,698,player_4,match_13,1004.0,1034.0,0.4295765107526881,0.35641774623497263
Hist Gradient Boosting,699,player_4,match_13,1034.0,1064.0,0.4894602967741935,0.35269245842146363
Hist Gradient Boosting,700,player_4,match_13,1064.0,1094.0,0.4890407419354838,0.37073776758185845
Hist Gradient Boosting,701,player_4,match_13,1094.0,1124.0,0.4325143999999999,0.3708843487228335
Hist Gradient Boosting,702,player_4,match_13,1124.0,1154.0,0.4059713709677419,0.36071510632605724
Hist Gradient Boosting,703,player_4,match_13,1154.0,1184.0,0.4018455499999999,0.35237579755260284
Hist Gradient Boosting,704,player_4,match_13,1184.0,1214.0,0.4696028661290322,0.34606130908062244
Hist Gradient Boosting,705,player_4,match_13,1214.0,1244.0,0.4621412096774193,0.340475825501977
Hist Gradient Boosting,706,player_4,match_13,1244.0,1274.0,0.3845204693548387,0.37492692893306984
Hist Gradient Boosting,707,player_4,match_13,1274.0,1304.0,0.3340003566308243,0.3986578179604763
Hist Gradient Boosting,708,player_4,match_13,1304.0,1334.0,0.4043534483870967,0.35752930331032035
Hist Gradient Boosting,709,player_4,match_13,1334.0,1364.0,0.371750114516129,0.3813389997831079
Hist Gradient Boosting,710,player_4,match_13,1364.0,1394.0,0.4122716016129032,0.33100083896207555
Hist Gradient Boosting,711,player_4,match_13,1394.0,1424.0,0.3915227935483871,0.34995068951400926
Hist Gradient Boosting,712,player_4,match_13,1424.0,1454.0,0.3739972612903226,0.35097809765329313
Hist Gradient Boosting,713,player_4,match_13,1454.0,1484.0,0.4081507080645161,0.37594153271910447
Hist Gradient Boosting,714,player_4,match_13,1484.0,1514.0,0.4723563999999999,0.39040602509242894
Hist Gradient Boosting,715,player_4,match_13,1514.0,1544.0,0.4062820209677418,0.375983559888525
Hist Gradient Boosting,716,player_4,match_13,1544.0,1574.0,0.4087842096774193,0.3652531438877832
Hist Gradient Boosting,717,player_4,match_13,1574.0,1604.0,0.4999228516129032,0.3668182329317645
Hist Gradient Boosting,718,player_4,match_13,1604.0,1634.0,0.474066529032258,0.39738892304602674
Hist Gradient Boosting,719,player_4,match_13,1634.0,1664.0,0.3784953629032257,0.3544272972201116
Hist Gradient Boosting,720,player_4,match_13,1664.0,1694.0,0.3294626306451612,0.38154941696113465
Hist Gradient Boosting,721,player_4,match_13,1694.0,1724.0,0.4156032951612903,0.34541513901846843
Hist Gradient Boosting,722,player_4,match_13,1724.0,1754.0,0.4257821451612902,0.3618914160800921
Hist Gradient Boosting,723,player_4,match_13,1754.0,1784.0,0.4024596306451612,0.3467858196175776
Hist Gradient Boosting,724,player_4,match_13,1784.0,1814.0,0.328244343548387,0.3718353456177585
Hist Gradient Boosting,725,player_4,match_13,1814.0,1844.0,0.3405583,0.3453822535341164
Hist Gradient Boosting,726,player_4,match_13,1844.0,1874.0,0.4143364048387096,0.3703967119184055
Hist Gradient Boosting,727,player_4,match_13,1874.0,1904.0,0.4840867612903226,0.35600710943068675
Hist Gradient Boosting,728,player_4,match_13,1904.0,1934.0,0.369382964516129,0.3456390974795269
Hist Gradient Boosting,729,player_4,match_13,1934.0,1964.0,0.4041648241935484,0.372206728569382
Hist Gradient Boosting,730,player_4,match_13,1964.0,1994.0,0.3434776064516129,0.35780795448232283
Hist Gradient Boosting,731,player_4,match_13,1994.0,2024.0,0.3997559177419354,0.33969757170105924
Hist Gradient Boosting,732,player_4,match_13,2024.0,2054.0,0.3138108548387097,0.3576654822597574
Hist Gradient Boosting,733,player_4,match_13,2054.0,2084.0,0.3317083516129032,0.4081429731974053
Hist Gradient Boosting,833,player_4,match_14,386.0,416.0,0.405148514516129,0.3739358374181296
Hist Gradient Boosting,834,player_4,match_14,416.0,446.0,0.3932071975806451,0.3852393855972968
Hist Gradient Boosting,835,player_4,match_14,446.0,476.0,0.3884511261520736,0.3378214013945435
Hist Gradient Boosting,836,player_4,match_14,476.0,506.0,0.3836950547235022,0.36132916216122496
Hist Gradient Boosting,837,player_4,match_14,506.0,536.0,0.3789389832949308,0.3423033653270544
Hist Gradient Boosting,838,player_4,match_14,536.0,566.0,0.3756097332949308,0.3850666025632813
Hist Gradient Boosting,839,player_4,match_14,566.0,596.0,0.3930877580645161,0.37924877528021406
Hist Gradient Boosting,840,player_4,match_14,596.0,626.0,0.377830679032258,0.3208264180930756
Hist Gradient Boosting,841,player_4,match_14,626.0,656.0,0.3831889322580645,0.35840114672881895
Hist Gradient Boosting,842,player_4,match_14,656.0,686.0,0.4224506612903225,0.3290344404334277
Hist Gradient Boosting,843,player_4,match_14,686.0,716.0,0.3805634838709677,0.3286348758317737
Hist Gradient Boosting,844,player_4,match_14,716.0,746.0,0.3789224693548386,0.3448614499454406
Hist Gradient Boosting,845,player_4,match_14,746.0,776.0,0.3775421354838709,0.3514184067567735
Hist Gradient Boosting,846,player_4,match_14,776.0,806.0,0.3891524322580645,0.3596597621297327
Hist Gradient Boosting,847,player_4,match_14,806.0,836.0,0.374085243548387,0.37642984448962163
Hist Gradient Boosting,848,player_4,match_14,836.0,866.0,0.3737445677419355,0.37309201740311615
Hist Gradient Boosting,849,player_4,match_14,866.0,896.0,0.37754,0.3669463536906587
Hist Gradient Boosting,850,player_4,match_14,896.0,926.0,0.369730114516129,0.3498864157397186
Hist Gradient Boosting,851,player_4,match_14,926.0,956.0,0.3745211730205278,0.3581720903878066
Hist Gradient Boosting,852,player_4,match_14,956.0,986.0,0.3808013306451612,0.35168296902915563
Hist Gradient Boosting,853,player_4,match_14,986.0,1016.0,0.3776010967741935,0.39142711265808344
Hist Gradient Boosting,854,player_4,match_14,1016.0,1046.0,0.3998627822580645,0.3773949859867251
Hist Gradient Boosting,855,player_4,match_14,1046.0,1076.0,0.5312633096774193,0.3439575651807728
Hist Gradient Boosting,856,player_4,match_14,1076.0,1106.0,0.3963917564516129,0.3410710801460703
Hist Gradient Boosting,857,player_4,match_14,1106.0,1136.0,0.377594408064516,0.39710666779353027
Hist Gradient Boosting,858,player_4,match_14,1136.0,1166.0,0.3680299129032257,0.3462353364307051
Hist Gradient Boosting,859,player_4,match_14,1166.0,1196.0,0.3781662887096773,0.34974782531749266
Hist Gradient Boosting,860,player_4,match_14,1196.0,1226.0,0.3847059193548386,0.35811045436830985
Hist Gradient Boosting,861,player_4,match_14,1226.0,1256.0,0.3984853483870967,0.3591307520578182
Hist Gradient Boosting,862,player_4,match_14,1256.0,1286.0,0.3775004548387096,0.39892916352770347
Hist Gradient Boosting,863,player_4,match_14,1286.0,1316.0,0.3775998919354838,0.3621083661681833
Hist Gradient Boosting,864,player_4,match_14,1316.0,1346.0,0.37754,0.36109043839402594
Hist Gradient Boosting,865,player_4,match_14,1346.0,1376.0,0.37754,0.3574936294770035
Hist Gradient Boosting,866,player_4,match_14,1376.0,1406.0,0.3777298225806451,0.3386820765308174
Hist Gradient Boosting,867,player_4,match_14,1406.0,1436.0,0.367695179032258,0.40699945309387114
Hist Gradient Boosting,868,player_4,match_14,1436.0,1466.0,0.3880869,0.3838737840060586
Hist Gradient Boosting,869,player_4,match_14,1466.0,1496.0,0.3906062419354839,0.38457912660006865
Hist Gradient Boosting,870,player_4,match_14,1496.0,1526.0,0.3775400096774193,0.42634676281771844
Hist Gradient Boosting,871,player_4,match_14,1526.0,1556.0,0.37754,0.3671677549341764
Hist Gradient Boosting,872,player_4,match_14,1556.0,1586.0,0.3696757516129031,0.37882132687566183
Hist Gradient Boosting,873,player_4,match_14,1586.0,1616.0,0.3824956403225806,0.4020728636205034
Hist Gradient Boosting,874,player_4,match_14,1616.0,1646.0,0.37754,0.35856972915271107
Hist Gradient Boosting,875,player_4,match_14,1646.0,1676.0,0.37754,0.3807845979493374
Hist Gradient Boosting,876,player_4,match_14,1676.0,1706.0,0.3819723225806452,0.3942222336673312
Hist Gradient Boosting,877,player_4,match_14,1706.0,1736.0,0.3797491370967741,0.36714970554896187
Hist Gradient Boosting,878,player_4,match_14,1736.0,1766.0,0.3757101677419354,0.3897929286797489
Hist Gradient Boosting,879,player_4,match_14,1766.0,1796.0,0.3756249609507639,0.4011465530820152
Hist Gradient Boosting,880,player_4,match_14,1796.0,1826.0,0.3942242084889643,0.3991825020389174
Hist Gradient Boosting,881,player_4,match_14,1826.0,1856.0,0.37754,0.3702376881958803
Hist Gradient Boosting,1432,player_4,match_8,3.0,33.0,0.2936402661290322,0.3724120975014899
Hist Gradient Boosting,1433,player_4,match_8,33.0,63.0,0.2337888903225806,0.36509215394063543
Hist Gradient Boosting,1434,player_4,match_8,63.0,93.0,0.2387624322580644,0.35608564726002423
Hist Gradient Boosting,1435,player_4,match_8,93.0,123.0,0.2585965112903226,0.3584120266290921
Hist Gradient Boosting,1436,player_4,match_8,123.0,153.0,0.1856127354838709,0.37761001839900127
Hist Gradient Boosting,1437,player_4,match_8,153.0,183.0,0.2244420725806451,0.3193731596836968
Hist Gradient Boosting,1438,player_4,match_8,183.0,213.0,0.2791424451612903,0.33685002057653163
Hist Gradient Boosting,1439,player_4,match_8,213.0,243.0,0.280498814516129,0.35509621463549745
Hist Gradient Boosting,1440,player_4,match_8,243.0,273.0,0.2254200951612903,0.35011222495745564
Hist Gradient Boosting,1441,player_4,match_8,273.0,303.0,0.2321811870967741,0.35783177765457497
Hist Gradient Boosting,1442,player_4,match_8,303.0,333.0,0.2412346677419354,0.3397961450921506
Hist Gradient Boosting,1443,player_4,match_8,333.0,363.0,0.3085772112903225,0.37033813267226273
Hist Gradient Boosting,1444,player_4,match_8,363.0,393.0,0.3894644483870968,0.38957225847492294
Hist Gradient Boosting,1445,player_4,match_8,393.0,423.0,0.3108899806451612,0.3818153174804655
Hist Gradient Boosting,1446,player_4,match_8,423.0,453.0,0.3475553870967742,0.4001010630877143
Hist Gradient Boosting,1447,player_4,match_8,453.0,483.0,0.3402289983870967,0.362290952006621
Hist Gradient Boosting,1448,player_4,match_8,483.0,513.0,0.4374144387096774,0.35652546979392674
Hist Gradient Boosting,1449,player_4,match_8,513.0,543.0,0.4074272322580645,0.3679705648629463
Hist Gradient Boosting,1450,player_4,match_8,543.0,573.0,0.3671605225806451,0.4081391970704879
Hist Gradient Boosting,1451,player_4,match_8,573.0,603.0,0.462001229032258,0.3651576038107072
Hist Gradient Boosting,1452,player_4,match_8,603.0,633.0,0.2885247564516129,0.34157078967706106
Hist Gradient Boosting,1453,player_4,match_8,633.0,663.0,0.3292853935483871,0.34323488688094245
Hist Gradient Boosting,1454,player_4,match_8,663.0,693.0,0.4571119806451613,0.3916995901930464
Hist Gradient Boosting,1455,player_4,match_8,693.0,723.0,0.345162040860215,0.34797753990541946
Hist Gradient Boosting,1456,player_4,match_8,723.0,753.0,0.3520294903225806,0.33184566744961946
Hist Gradient Boosting,1457,player_4,match_8,753.0,783.0,0.319706914516129,0.32792870753511205
Hist Gradient Boosting,1458,player_4,match_8,783.0,813.0,0.3719317096774193,0.3726209884626828
Hist Gradient Boosting,1459,player_4,match_8,813.0,843.0,0.3440492451612902,0.37181024982828637
Hist Gradient Boosting,1460,player_4,match_8,843.0,873.0,0.4413690096774193,0.37641266181047794
Hist Gradient Boosting,1461,player_4,match_8,873.0,903.0,0.5348753854838709,0.3810428160967141
Hist Gradient Boosting,1462,player_4,match_8,903.0,933.0,0.5216585983870968,0.38063544772052577
Hist Gradient Boosting,1463,player_4,match_8,933.0,963.0,0.4585932709677418,0.3944313451809362
Hist Gradient Boosting,1464,player_4,match_8,963.0,993.0,0.3480824774193548,0.3611945521610876
Hist Gradient Boosting,1465,player_4,match_8,993.0,1023.0,0.4307672241935483,0.3884985829432691
Hist Gradient Boosting,1466,player_4,match_8,1023.0,1053.0,0.6003164032258064,0.364355686474804
Hist Gradient Boosting,1467,player_4,match_8,1053.0,1083.0,0.4401362887096773,0.35365598047783625
Hist Gradient Boosting,1468,player_4,match_8,1083.0,1113.0,0.4283666467741935,0.36179008104602633
Hist Gradient Boosting,1469,player_4,match_8,1113.0,1143.0,0.478429317204301,0.3770351518595142
Hist Gradient Boosting,1470,player_4,match_8,1143.0,1173.0,0.4842511612903225,0.33959503784687606
Hist Gradient Boosting,1471,player_4,match_8,1173.0,1203.0,0.5376216354838709,0.394444046021827
Hist Gradient Boosting,1472,player_4,match_8,1203.0,1233.0,0.4296513903225806,0.38991793374626543
Hist Gradient Boosting,1473,player_4,match_8,1233.0,1263.0,0.5108459354838709,0.40994634194860774
Hist Gradient Boosting,1474,player_4,match_8,1263.0,1293.0,0.4504216467741935,0.3873372715401912
Hist Gradient Boosting,1475,player_4,match_8,1293.0,1323.0,0.3596913080645161,0.33984139301363736
Hist Gradient Boosting,1476,player_4,match_8,1323.0,1353.0,0.3339856580645161,0.3536154442469285
Hist Gradient Boosting,1477,player_4,match_8,1353.0,1383.0,0.3750152580645161,0.3738592843444567
Hist Gradient Boosting,1478,player_4,match_8,1383.0,1413.0,0.4615939112903225,0.35338166751805933
Hist Gradient Boosting,1479,player_4,match_8,1413.0,1443.0,0.2335161774193548,0.34912913932281764
Hist Gradient Boosting,1480,player_4,match_8,1443.0,1473.0,0.321098814516129,0.35892524954940896
Hist Gradient Boosting,1481,player_4,match_8,1473.0,1503.0,0.44420675,0.40259541876367183
Hist Gradient Boosting,1515,player_4,match_9,9.0,39.0,0.4239898887096774,0.3636441931542412
Hist Gradient Boosting,1516,player_4,match_9,39.0,69.0,0.3739965903225806,0.34784200884920985
Hist Gradient Boosting,1517,player_4,match_9,69.0,99.0,0.3716395580645161,0.36621211627715655
Hist Gradient Boosting,1518,player_4,match_9,99.0,129.0,0.4017635564516129,0.35204048507644625
Hist Gradient Boosting,1519,player_4,match_9,129.0,159.0,0.4971047661290322,0.33879264152194977
Hist Gradient Boosting,1520,player_4,match_9,159.0,189.0,0.3686038741935483,0.3450450588988242
Hist Gradient Boosting,1521,player_4,match_9,189.0,219.0,0.3476745096774193,0.36117010548785555
Hist Gradient Boosting,1522,player_4,match_9,219.0,249.0,0.3680411629032258,0.35298111140929206
Hist Gradient Boosting,1523,player_4,match_9,249.0,279.0,0.3407845483870967,0.40791167396674816
Hist Gradient Boosting,1524,player_4,match_9,279.0,309.0,0.3837451451612902,0.4429753245203221
Hist Gradient Boosting,1525,player_4,match_9,309.0,339.0,0.3621322161290322,0.341000992947704
Hist Gradient Boosting,1526,player_4,match_9,339.0,369.0,0.4526585064516129,0.3573118459385219
Hist Gradient Boosting,1527,player_4,match_9,369.0,399.0,0.3755813580645161,0.32285124210476107
Hist Gradient Boosting,1528,player_4,match_9,399.0,429.0,0.4819621903225806,0.3594928670843031
Hist Gradient Boosting,1529,player_4,match_9,429.0,459.0,0.3414929295698924,0.38166775053195734
Hist Gradient Boosting,1530,player_4,match_9,459.0,489.0,0.4011424741935483,0.37378893149019726
Hist Gradient Boosting,1531,player_4,match_9,489.0,519.0,0.3668874193548386,0.337338277790598
Hist Gradient Boosting,1532,player_4,match_9,519.0,549.0,0.4462699548387095,0.3599486257775913
Hist Gradient Boosting,1533,player_4,match_9,549.0,579.0,0.3921005677419354,0.39456463514116963
Hist Gradient Boosting,1534,player_4,match_9,579.0,609.0,0.3451927499999999,0.4165945786677011
Hist Gradient Boosting,1535,player_4,match_9,609.0,639.0,0.3739440629032258,0.35237312479040017
Hist Gradient Boosting,1536,player_4,match_9,639.0,669.0,0.3175080225806451,0.30146242036200255
Hist Gradient Boosting,1537,player_4,match_9,669.0,699.0,0.3284608822580644,0.40441985798272295
Hist Gradient Boosting,1538,player_4,match_9,699.0,729.0,0.3103561016129031,0.35046262829178204
Hist Gradient Boosting,1539,player_4,match_9,729.0,759.0,0.3383057854838709,0.3693439090727743
Hist Gradient Boosting,1540,player_4,match_9,759.0,789.0,0.3636210725806451,0.33150093381533324
Hist Gradient Boosting,1541,player_4,match_9,789.0,819.0,0.4444937193548386,0.39605627837229196
Hist Gradient Boosting,1542,player_4,match_9,819.0,849.0,0.4620974139784946,0.36707676379089227
Hist Gradient Boosting,1543,player_4,match_9,849.0,879.0,0.3245619886148008,0.3625007720453021
Hist Gradient Boosting,1544,player_4,match_9,879.0,909.0,0.2481818625237191,0.35996528498522473
Hist Gradient Boosting,1545,player_4,match_9,909.0,939.0,0.3647371741935483,0.41362305845043124
Hist Gradient Boosting,1546,player_4,match_9,939.0,969.0,0.3781964322580644,0.33355933720102393
Hist Gradient Boosting,1547,player_4,match_9,969.0,999.0,0.4294712465437788,0.34582431564961225
SVR,0,player_1,match_0,0.0,30.0,0.3089558967741935,0.3452442574081975
SVR,1,player_1,match_0,30.0,60.0,0.293013805734767,0.35345144390994376
SVR,2,player_1,match_0,60.0,90.0,0.3186742338709677,0.36943901387216693
SVR,3,player_1,match_0,90.0,120.0,0.3088151419354837,0.34655637370795334
SVR,4,player_1,match_0,120.0,150.0,0.2586407629032257,0.38659400348973527
SVR,5,player_1,match_0,150.0,180.0,0.2626157370967741,0.36080429958991905
SVR,6,player_1,match_0,180.0,210.0,0.2673253306451613,0.3834065350791761
SVR,7,player_1,match_0,210.0,240.0,0.262403414516129,0.36793612884953514
SVR,8,player_1,match_0,240.0,270.0,0.284407179032258,0.40146041064649607
SVR,9,player_1,match_0,270.0,300.0,0.2913860887096773,0.3703573917457048
SVR,10,player_1,match_0,300.0,330.0,0.2618468435483871,0.3714343590829056
SVR,11,player_1,match_0,330.0,360.0,0.2690541677419354,0.36877288189813817
SVR,12,player_1,match_0,360.0,390.0,0.2794713403225806,0.37948237819992636
SVR,13,player_1,match_0,390.0,420.0,0.3035584258064515,0.35684163357085186
SVR,14,player_1,match_0,420.0,450.0,0.2994459048387096,0.3649146398455586
SVR,15,player_1,match_0,450.0,480.0,0.2647599161290321,0.36681773455182215
SVR,16,player_1,match_0,480.0,510.0,0.3334233080645161,0.37456628055840324
SVR,17,player_1,match_0,510.0,540.0,0.2825128983870967,0.38744297815834317
SVR,18,player_1,match_0,540.0,570.0,0.2714513209677418,0.3675388122747571
SVR,19,player_1,match_0,570.0,600.0,0.2878617693548387,0.37344352236641276
SVR,20,player_1,match_0,600.0,630.0,0.3189576483870967,0.3665578920438353
SVR,21,player_1,match_0,630.0,660.0,0.2880222548387097,0.3674008694342878
SVR,22,player_1,match_0,660.0,690.0,0.2710485612903225,0.3763742131836028
SVR,23,player_1,match_0,690.0,720.0,0.2761948435483871,0.37388456738685544
SVR,24,player_1,match_0,720.0,750.0,0.3103824580645161,0.37629184781169306
SVR,25,player_1,match_0,750.0,780.0,0.2959241612903225,0.3811872165556748
SVR,26,player_1,match_0,780.0,810.0,0.2792054548387096,0.3786409689203233
SVR,27,player_1,match_0,810.0,840.0,0.4803356887096774,0.3810826474835791
SVR,28,player_1,match_0,840.0,870.0,0.4701610854838709,0.3751585810545755
SVR,29,player_1,match_0,870.0,900.0,0.4655304225806451,0.3921680539408867
SVR,30,player_1,match_0,900.0,930.0,0.2989577419354838,0.3674335063031676
SVR,31,player_1,match_1,7.0,37.0,0.326792464516129,0.3544579214410872
SVR,32,player_1,match_1,37.0,67.0,0.3146942025089605,0.38692837092489235
SVR,33,player_1,match_1,67.0,97.0,0.327580964516129,0.37333256389384545
SVR,34,player_1,match_1,97.0,127.0,0.3033205887096774,0.3724379360473459
SVR,35,player_1,match_1,127.0,157.0,0.2627608532258064,0.3861762895324099
SVR,36,player_1,match_1,157.0,187.0,0.2688933999999999,0.37754050426819813
SVR,37,player_1,match_1,187.0,217.0,0.2837630806451612,0.344890303214236
SVR,38,player_1,match_1,217.0,247.0,0.271203708064516,0.387236035226794
SVR,39,player_1,match_1,247.0,277.0,0.2798041016129032,0.365038076376371
SVR,40,player_1,match_1,277.0,307.0,0.2588016451612903,0.35940007537489094
SVR,41,player_1,match_1,307.0,337.0,0.2964694806451612,0.35633772670936
SVR,42,player_1,match_1,337.0,367.0,0.2562407983870967,0.36684894585065686
SVR,43,player_1,match_1,367.0,397.0,0.3099167709677419,0.39462977547947553
SVR,44,player_1,match_1,397.0,427.0,0.3193273854838709,0.3838595806821301
SVR,45,player_1,match_1,427.0,457.0,0.2609561080645161,0.369265069298842
SVR,46,player_1,match_1,457.0,487.0,0.2648506709677419,0.34887879771717123
SVR,47,player_1,match_1,487.0,517.0,0.2760417177419354,0.34180568675128586
SVR,48,player_1,match_1,517.0,547.0,0.2991992596774193,0.364051954015862
SVR,49,player_1,match_1,547.0,577.0,0.4693328548387097,0.35314534767512473
SVR,50,player_1,match_1,577.0,607.0,0.3155598387096773,0.3851417764814546
SVR,51,player_1,match_1,607.0,637.0,0.3107442612903225,0.3640441889129795
SVR,52,player_1,match_1,637.0,667.0,0.3418126048387097,0.3922314407112279
SVR,53,player_1,match_1,667.0,697.0,0.4955745064516129,0.39777514092583394
SVR,54,player_1,match_1,697.0,727.0,0.4025211887096774,0.40299876008895746
SVR,55,player_1,match_1,727.0,757.0,0.4099977258064515,0.36241661231811034
SVR,56,player_1,match_1,757.0,787.0,0.4764586903225807,0.39389237548406475
SVR,57,player_1,match_1,787.0,817.0,0.4500446580645161,0.38357362018429875
SVR,58,player_1,match_1,817.0,847.0,0.5814184774193548,0.39215396080130976
SVR,59,player_1,match_1,847.0,877.0,0.3919543064516128,0.3643356801587929
SVR,60,player_1,match_1,877.0,907.0,0.4392985548387096,0.41905997348741986
SVR,61,player_1,match_1,907.0,937.0,0.4926014854838709,0.3814839789380506
SVR,62,player_1,match_1,937.0,967.0,0.342435014516129,0.37053404267394985
SVR,63,player_1,match_1,967.0,997.0,0.3776644999999999,0.3806514689260865
SVR,64,player_1,match_1,997.0,1027.0,0.2881532822580644,0.3773357117283968
SVR,65,player_1,match_1,1027.0,1057.0,0.3654509419354838,0.4017409022411591
SVR,66,player_1,match_1,1057.0,1087.0,0.3716624532258064,0.3868853354088613
SVR,67,player_1,match_1,1087.0,1117.0,0.3102842241935483,0.3882769031115431
SVR,68,player_1,match_1,1117.0,1147.0,0.2924984032258064,0.38438552316587377
SVR,69,player_1,match_1,1147.0,1177.0,0.3274675064516128,0.38827280180744306
SVR,70,player_1,match_1,1177.0,1207.0,0.3139987612903225,0.3627924092870609
SVR,71,player_1,match_1,1207.0,1237.0,0.3041761096774192,0.3798548503204443
SVR,72,player_1,match_1,1237.0,1267.0,0.2918950306451612,0.3688728191501254
SVR,73,player_1,match_1,1267.0,1297.0,0.3080974322580645,0.36785840539662695
SVR,74,player_1,match_1,1297.0,1327.0,0.3178463758064516,0.3853157411326642
SVR,75,player_1,match_1,1327.0,1357.0,0.2968616967741935,0.3698542351089555
SVR,76,player_1,match_1,1357.0,1387.0,0.3722757193548387,0.4051600786288349
SVR,77,player_1,match_1,1387.0,1417.0,0.3155762887096773,0.36923248441123335
SVR,78,player_1,match_1,1417.0,1447.0,0.3206064874551971,0.3422088866092084
SVR,79,player_1,match_1,1447.0,1477.0,0.3224366129032258,0.38948727454626636
SVR,80,player_1,match_1,1477.0,1507.0,0.297328814516129,0.38415463445889486
SVR,96,player_1,match_11,172.0,202.0,0.4136623241935483,0.3755378231908823
SVR,97,player_1,match_11,202.0,232.0,0.416332764516129,0.4261714572094228
SVR,98,player_1,match_11,232.0,262.0,0.4717237370967742,0.40105355244332436
SVR,99,player_1,match_11,262.0,292.0,0.5031590225806452,0.3784824953284928
SVR,100,player_1,match_11,292.0,322.0,0.4347989661290322,0.42088016517946003
SVR,101,player_1,match_11,322.0,352.0,0.4280991516129032,0.394849970904805
SVR,102,player_1,match_11,352.0,382.0,0.4635560725806451,0.38600655776197745
SVR,103,player_1,match_11,382.0,412.0,0.4437919649417562,0.4092501658806184
SVR,104,player_1,match_11,412.0,442.0,0.4541907066532257,0.352694854645975
SVR,105,player_1,match_11,442.0,472.0,0.4438867373900292,0.3488232778735421
SVR,106,player_1,match_11,472.0,502.0,0.4038241983870967,0.3686628553714986
SVR,107,player_1,match_11,502.0,532.0,0.3913221564516129,0.36728259225700366
SVR,108,player_1,match_11,532.0,562.0,0.4260377967741935,0.3215590519568212
SVR,109,player_1,match_11,562.0,592.0,0.4308283129032257,0.37716864283508267
SVR,110,player_1,match_11,592.0,622.0,0.4629238661290322,0.37436327589297896
SVR,111,player_1,match_11,622.0,652.0,0.4602110887096773,0.35832770391631147
SVR,112,player_1,match_11,652.0,682.0,0.3935223306451613,0.38974570118709484
SVR,113,player_1,match_11,682.0,712.0,0.3982104741935484,0.36183446233759964
SVR,114,player_1,match_11,712.0,742.0,0.4295733951612902,0.3717585731437908
SVR,115,player_1,match_11,742.0,772.0,0.4238557,0.3980724560687765
SVR,116,player_1,match_11,772.0,802.0,0.4175289983870967,0.36212782512652486
SVR,117,player_1,match_11,802.0,832.0,0.379765129032258,0.3473842042023865
SVR,118,player_1,match_11,832.0,862.0,0.3948746887096773,0.3638373866887536
SVR,119,player_1,match_11,862.0,892.0,0.4160788564516128,0.3670826292845809
SVR,120,player_1,match_11,892.0,922.0,0.3652540870967741,0.37419885614913195
SVR,121,player_1,match_11,922.0,952.0,0.3925473532258065,0.36415124065299803
SVR,122,player_1,match_11,952.0,982.0,0.3322909274193548,0.38810711703841066
SVR,123,player_1,match_11,982.0,1012.0,0.3801257870967742,0.3834041278874933
SVR,124,player_1,match_11,1012.0,1042.0,0.3373334903225806,0.41600517870614584
SVR,125,player_1,match_11,1042.0,1072.0,0.3478639967741935,0.40059451015279895
SVR,126,player_1,match_11,1072.0,1102.0,0.4415434661290323,0.3559561055026397
SVR,127,player_1,match_11,1102.0,1132.0,0.2853860983870968,0.3393073065218614
SVR,128,player_1,match_11,1132.0,1162.0,0.293957064516129,0.34849030841796613
SVR,129,player_1,match_11,1162.0,1192.0,0.3479358064516128,0.37204741435453714
SVR,130,player_1,match_11,1192.0,1222.0,0.3663038322580645,0.3681955250814495
SVR,131,player_1,match_11,1222.0,1252.0,0.4008660596774193,0.37967831277526226
SVR,132,player_1,match_11,1252.0,1282.0,0.4250461225806451,0.35324509332238563
SVR,133,player_1,match_11,1282.0,1312.0,0.4056366209677419,0.34968493889458196
SVR,134,player_1,match_11,1312.0,1342.0,0.3596767419354838,0.36534128090176143
SVR,135,player_1,match_11,1342.0,1372.0,0.4587094032258064,0.37113711401051963
SVR,136,player_1,match_11,1372.0,1402.0,0.3524431048387096,0.3710829853898803
SVR,137,player_1,match_11,1402.0,1432.0,0.3985929903225805,0.37250163830790645
SVR,138,player_1,match_11,1432.0,1462.0,0.4153332693548386,0.3735293062953226
SVR,139,player_1,match_11,1462.0,1492.0,0.4259003451612903,0.36457834628628355
SVR,140,player_1,match_11,1492.0,1522.0,0.4547701946236558,0.3721426824818671
SVR,141,player_1,match_11,1522.0,1552.0,0.3945448564516129,0.3652068285332842
SVR,142,player_1,match_11,1552.0,1582.0,0.3744696951612902,0.3678907966534341
SVR,143,player_1,match_11,1582.0,1612.0,0.4127492435483871,0.37179579338408053
SVR,144,player_1,match_11,1612.0,1642.0,0.3248093854838709,0.37730072932615266
SVR,145,player_1,match_11,1642.0,1672.0,0.4427095725806451,0.36589750582913966
SVR,146,player_1,match_11,1672.0,1702.0,0.4044388838709676,0.3609213406872301
SVR,147,player_1,match_11,1702.0,1732.0,0.3678745677419354,0.4038673022616204
SVR,148,player_1,match_11,1732.0,1762.0,0.3491393933002481,0.36759838152146324
SVR,149,player_1,match_11,1762.0,1792.0,0.4061422532258064,0.35853703958164573
SVR,150,player_1,match_11,1792.0,1822.0,0.3585060322580644,0.33141324905260205
SVR,151,player_1,match_11,1822.0,1852.0,0.3783669338709676,0.35969364890427724
SVR,152,player_1,match_11,1852.0,1882.0,0.450786529032258,0.3547924841308826
SVR,153,player_1,match_11,1882.0,1912.0,0.3480020048387097,0.36588984871725405
SVR,154,player_1,match_11,1912.0,1942.0,0.3644472564516129,0.37458019326915803
SVR,155,player_1,match_11,1942.0,1972.0,0.4806962903225806,0.3808265909614352
SVR,156,player_1,match_11,1972.0,2002.0,0.4444146887096774,0.3647868357717186
SVR,157,player_1,match_11,2002.0,2032.0,0.3196661161290322,0.37123855533526356
SVR,158,player_1,match_11,2032.0,2062.0,0.3275598387096774,0.36333080844887605
SVR,159,player_1,match_11,2062.0,2092.0,0.3751879677419354,0.36484592299294527
SVR,160,player_1,match_11,2092.0,2122.0,0.3702284112903224,0.36395235541340665
SVR,161,player_1,match_11,2122.0,2152.0,0.5152851870967742,0.3788620387228518
SVR,162,player_1,match_11,2152.0,2182.0,0.3809551032258064,0.33784052313873447
SVR,163,player_1,match_11,2182.0,2212.0,0.3728131241935484,0.3340437595082303
SVR,376,player_1,match_12,239.0,269.0,0.3400579516129032,0.32474611827403077
SVR,377,player_1,match_12,269.0,299.0,0.3144669612903226,0.34836064491322966
SVR,378,player_1,match_12,299.0,329.0,0.5110473161290323,0.35164440067220426
SVR,379,player_1,match_12,329.0,359.0,0.4311793887096774,0.3549220591636613
SVR,380,player_1,match_12,359.0,389.0,0.4683972016129032,0.3543971861128953
SVR,381,player_1,match_12,389.0,419.0,0.4162375016129032,0.34541612874929034
SVR,382,player_1,match_12,419.0,449.0,0.4214025806451612,0.35029937165678215
SVR,383,player_1,match_12,449.0,479.0,0.4019269548387096,0.32152637514687055
SVR,384,player_1,match_12,479.0,509.0,0.3542751080645161,0.36822790770987307
SVR,385,player_1,match_12,509.0,539.0,0.392424593548387,0.3240231945953455
SVR,386,player_1,match_12,539.0,569.0,0.3975517532258064,0.34464852796004336
SVR,387,player_1,match_12,569.0,599.0,0.4097716967741935,0.34783583349536695
SVR,388,player_1,match_12,599.0,629.0,0.3381159469534049,0.3458274792852271
SVR,389,player_1,match_12,629.0,659.0,0.3241692,0.3568617854709137
SVR,390,player_1,match_12,659.0,689.0,0.3956984741935483,0.34091027906781046
SVR,391,player_1,match_12,689.0,719.0,0.3604701967741935,0.3625224782092008
SVR,392,player_1,match_12,719.0,749.0,0.4092552193548386,0.349284102666536
SVR,393,player_1,match_12,749.0,779.0,0.381246243548387,0.3653195868737434
SVR,394,player_1,match_12,779.0,809.0,0.3435942,0.33860497352096675
SVR,395,player_1,match_12,809.0,839.0,0.3481626516129031,0.35722868767310967
SVR,396,player_1,match_12,839.0,869.0,0.329289729032258,0.3700754592119666
SVR,470,player_1,match_13,137.0,167.0,0.4297108421146953,0.36288744324591227
SVR,471,player_1,match_13,167.0,197.0,0.4261963,0.3313090028985769
SVR,472,player_1,match_13,197.0,227.0,0.3807079999999999,0.36157823044358334
SVR,473,player_1,match_13,227.0,257.0,0.4518187258064515,0.32210922745946957
SVR,474,player_1,match_13,257.0,287.0,0.4522258548387096,0.3525829245292016
SVR,475,player_1,match_13,287.0,317.0,0.4434951919354838,0.35972407780602605
SVR,476,player_1,match_13,317.0,347.0,0.3814994806451612,0.34663089073500075
SVR,477,player_1,match_13,347.0,377.0,0.3740176983870967,0.3439077012861132
SVR,478,player_1,match_13,377.0,407.0,0.3679258548387096,0.354385759671503
SVR,479,player_1,match_13,407.0,437.0,0.4163013999999999,0.3286934693337751
SVR,480,player_1,match_13,437.0,467.0,0.3734376612903225,0.36058206489535133
SVR,481,player_1,match_13,467.0,497.0,0.3954941016129032,0.32113987945435407
SVR,482,player_1,match_13,497.0,527.0,0.3866611483870967,0.3528421456748169
SVR,483,player_1,match_13,527.0,557.0,0.4719075193548386,0.33653196162902954
SVR,484,player_1,match_13,557.0,587.0,0.2849969387096773,0.34930098484209116
SVR,485,player_1,match_13,587.0,617.0,0.3055833983870967,0.3751542786102345
SVR,486,player_1,match_13,617.0,647.0,0.3457568602150537,0.34503525661762807
SVR,487,player_1,match_13,647.0,677.0,0.3561092387096773,0.3461428274761279
SVR,488,player_1,match_13,677.0,707.0,0.5017185967741935,0.3140554743839044
SVR,489,player_1,match_13,707.0,737.0,0.3352148564516128,0.324164742449401
SVR,490,player_1,match_13,737.0,767.0,0.3232410071684587,0.33951314225920537
SVR,491,player_1,match_13,767.0,797.0,0.3319687419354838,0.33993615988806064
SVR,492,player_1,match_13,797.0,827.0,0.3787868693548386,0.3729515425916091
SVR,493,player_1,match_13,827.0,857.0,0.3573640483870968,0.3507184848002435
SVR,494,player_1,match_13,857.0,887.0,0.36030815,0.3554809754412458
SVR,495,player_1,match_13,887.0,917.0,0.3700600615835777,0.36648620608244237
SVR,496,player_1,match_13,917.0,947.0,0.4018305112903225,0.365031699878343
SVR,497,player_1,match_13,947.0,977.0,0.4777713887096774,0.3463878205355668
SVR,498,player_1,match_13,977.0,1007.0,0.4825169677419355,0.3558764862210991
SVR,499,player_1,match_13,1007.0,1037.0,0.4120946451612902,0.33822207886315975
SVR,500,player_1,match_13,1037.0,1067.0,0.3189861989247311,0.3636831630395675
SVR,501,player_1,match_13,1067.0,1097.0,0.2867375225806451,0.3628191372227675
SVR,502,player_1,match_13,1097.0,1127.0,0.3511622177419354,0.3535614014000384
SVR,503,player_1,match_13,1127.0,1157.0,0.4818510516129031,0.35970683777001244
SVR,504,player_1,match_13,1157.0,1187.0,0.3894725306451612,0.35843689895905645
SVR,505,player_1,match_13,1187.0,1217.0,0.4749633854838709,0.34737327016183606
SVR,506,player_1,match_13,1217.0,1247.0,0.5027637548387096,0.364427178001001
SVR,507,player_1,match_13,1247.0,1277.0,0.4474593967741935,0.3558270461342332
SVR,508,player_1,match_13,1277.0,1307.0,0.3817496338709677,0.3551884276541879
SVR,509,player_1,match_13,1307.0,1337.0,0.4277196951612903,0.3409886221289192
SVR,510,player_1,match_13,1337.0,1367.0,0.4311164306451612,0.3677503918418166
SVR,511,player_1,match_13,1367.0,1397.0,0.4622056483870967,0.3570430810432673
SVR,512,player_1,match_13,1397.0,1427.0,0.3698741612903226,0.3383196277001332
SVR,513,player_1,match_13,1427.0,1457.0,0.4040003428315412,0.34104156300553484
SVR,514,player_1,match_13,1457.0,1487.0,0.4624870016129032,0.3481265215039846
SVR,515,player_1,match_13,1487.0,1517.0,0.4829153225806451,0.35508883790024603
SVR,516,player_1,match_13,1517.0,1547.0,0.3507165499999999,0.3586169308581749
SVR,517,player_1,match_13,1547.0,1577.0,0.4577799,0.3481730057715698
SVR,518,player_1,match_13,1577.0,1607.0,0.4131685822580645,0.3048381948590575
SVR,519,player_1,match_13,1607.0,1637.0,0.5196829693548387,0.36742986402205374
SVR,520,player_1,match_13,1637.0,1667.0,0.4005708806451612,0.36592274193784524
SVR,521,player_1,match_13,1667.0,1697.0,0.5110959516129032,0.36984818362834726
SVR,522,player_1,match_13,1697.0,1727.0,0.5381736774193548,0.3594583616176982
SVR,523,player_1,match_13,1727.0,1757.0,0.4434894193548387,0.35982352430589
SVR,524,player_1,match_13,1757.0,1787.0,0.3746342467741935,0.3693110585006776
SVR,525,player_1,match_13,1787.0,1817.0,0.3379895209677419,0.3562105192330586
SVR,526,player_1,match_13,1817.0,1847.0,0.4141112580645161,0.33365241216872055
SVR,527,player_1,match_13,1847.0,1877.0,0.3742167112903225,0.3431206623162997
SVR,528,player_1,match_13,1877.0,1907.0,0.3697015591397848,0.35920487768654386
SVR,529,player_1,match_13,1907.0,1937.0,0.4048530274193548,0.3685485373433541
SVR,530,player_1,match_13,1937.0,1967.0,0.2652047612903225,0.3655951366412411
SVR,531,player_1,match_13,1967.0,1997.0,0.3488528193548386,0.3645057455241327
SVR,532,player_1,match_13,1997.0,2027.0,0.3670864032258064,0.3363621301945665
SVR,533,player_1,match_13,2027.0,2057.0,0.4078593241935483,0.3616577588026911
SVR,534,player_1,match_13,2057.0,2087.0,0.4180620564516129,0.3647588874635916
SVR,734,player_1,match_14,394.0,424.0,0.329956329032258,0.39161143587297637
SVR,735,player_1,match_14,424.0,454.0,0.2993918573393348,0.4034179914267004
SVR,736,player_1,match_14,454.0,484.0,0.2910753457114278,0.37469835555676206
SVR,737,player_1,match_14,484.0,514.0,0.2827588340835208,0.3697627818388996
SVR,738,player_1,match_14,514.0,544.0,0.2744423224556138,0.3450067788214455
SVR,739,player_1,match_14,544.0,574.0,0.2707195919354838,0.38292861054044997
SVR,740,player_1,match_14,574.0,604.0,0.2634844580645161,0.3638693687560443
SVR,741,player_1,match_14,604.0,634.0,0.3307987274193548,0.38609839992193173
SVR,742,player_1,match_14,634.0,664.0,0.3718515516129032,0.40690455530138764
SVR,743,player_1,match_14,664.0,694.0,0.2566187677419353,0.44008386258468146
SVR,744,player_1,match_14,694.0,724.0,0.2521627016129032,0.40507107254304964
SVR,745,player_1,match_14,724.0,754.0,0.3387252241935484,0.42754878154286585
SVR,746,player_1,match_14,754.0,784.0,0.2438232354838709,0.43749263354821794
SVR,747,player_1,match_14,784.0,814.0,0.2675964661290322,0.40076980991215055
SVR,748,player_1,match_14,814.0,844.0,0.2718040758064516,0.40448960213747587
SVR,749,player_1,match_14,844.0,874.0,0.2869475951612902,0.3931516179514277
SVR,750,player_1,match_14,874.0,904.0,0.289157864516129,0.3853574395849843
SVR,751,player_1,match_14,904.0,934.0,0.2668230016129032,0.4028316747932778
SVR,752,player_1,match_14,934.0,964.0,0.2973100241935483,0.4025783335100156
SVR,753,player_1,match_14,964.0,994.0,0.3126952774193547,0.3369629475695417
SVR,754,player_1,match_14,994.0,1024.0,0.3368025629032257,0.4164849342147605
SVR,755,player_1,match_14,1024.0,1054.0,0.3230093758064516,0.39937705212732966
SVR,756,player_1,match_14,1054.0,1084.0,0.2887739258064515,0.41948825893912556
SVR,757,player_1,match_14,1084.0,1114.0,0.2846323612903225,0.36472727082361567
SVR,758,player_1,match_14,1114.0,1144.0,0.3458288548387097,0.3944784530248629
SVR,759,player_1,match_14,1144.0,1174.0,0.2876663016129032,0.4387529878704892
SVR,760,player_1,match_14,1174.0,1204.0,0.3187364483870967,0.4087144193277199
SVR,761,player_1,match_14,1204.0,1234.0,0.2769541564516128,0.39013676061153163
SVR,762,player_1,match_14,1234.0,1264.0,0.3034009096774193,0.3800189338083973
SVR,763,player_1,match_14,1264.0,1294.0,0.3052135903225806,0.3875895452308911
SVR,764,player_1,match_14,1294.0,1324.0,0.2810469241935482,0.422038529077108
SVR,765,player_1,match_14,1324.0,1354.0,0.2712858629032257,0.4039224385443025
SVR,766,player_1,match_14,1354.0,1384.0,0.308564164516129,0.410545959771416
SVR,767,player_1,match_14,1384.0,1414.0,0.2781091774193548,0.3956397880686591
SVR,768,player_1,match_14,1414.0,1444.0,0.3313043209677418,0.37376504569333946
SVR,769,player_1,match_14,1444.0,1474.0,0.3813909451612903,0.3939164053780763
SVR,770,player_1,match_14,1474.0,1504.0,0.3995235177419354,0.3830570113878092
SVR,771,player_1,match_14,1504.0,1534.0,0.2877168677419354,0.3969731964895391
SVR,772,player_1,match_14,1534.0,1564.0,0.2648341516129032,0.3969238011085237
SVR,773,player_1,match_14,1564.0,1594.0,0.3137279225806451,0.3761083090391938
SVR,774,player_1,match_14,1594.0,1624.0,0.3933622274193548,0.3268389448165616
SVR,775,player_1,match_14,1624.0,1654.0,0.287526043548387,0.42754478025436976
SVR,776,player_1,match_14,1654.0,1684.0,0.2981030709677419,0.4213382987714354
SVR,777,player_1,match_14,1684.0,1714.0,0.3973651096774194,0.374891391893549
SVR,778,player_1,match_14,1714.0,1744.0,0.3146204016129031,0.4025837045591446
SVR,779,player_1,match_14,1744.0,1774.0,0.3720404870967742,0.36386547139637737
SVR,780,player_1,match_14,1774.0,1804.0,0.3306750983870967,0.37968885036961597
SVR,781,player_1,match_14,1804.0,1834.0,0.4044475838709677,0.3615946434172175
SVR,782,player_1,match_14,1834.0,1864.0,0.3351733838709677,0.36062725490255326
SVR,882,player_1,match_18,65.0,95.0,0.4903846806451613,0.35009543638419377
SVR,883,player_1,match_18,95.0,125.0,0.4900290274193548,0.29492027294880346
SVR,884,player_1,match_18,125.0,155.0,0.4216675161290322,0.3619598440704744
SVR,885,player_1,match_18,155.0,185.0,0.4281842338709677,0.3263417867161603
SVR,886,player_1,match_18,185.0,215.0,0.3942215951612903,0.31757067927649496
SVR,887,player_1,match_18,215.0,245.0,0.4428200919354838,0.32301424583028354
SVR,888,player_1,match_18,245.0,275.0,0.3800381499999999,0.3055562547888423
SVR,889,player_1,match_18,275.0,305.0,0.424114085483871,0.33854855071435375
SVR,890,player_1,match_18,305.0,335.0,0.3540663193548387,0.28646094395708643
SVR,891,player_1,match_18,335.0,365.0,0.3890096903225806,0.35964256809403217
SVR,892,player_1,match_18,365.0,395.0,0.4142705121863799,0.3725011630948144
SVR,893,player_1,match_18,395.0,425.0,0.361949864516129,0.3189453806500601
SVR,894,player_1,match_18,425.0,455.0,0.3998154858870967,0.359416468152185
SVR,895,player_1,match_18,455.0,485.0,0.4608750548387096,0.30679472523797435
SVR,896,player_1,match_18,485.0,515.0,0.4413816612903226,0.3198745483840483
SVR,897,player_1,match_18,515.0,545.0,0.4072058532258064,0.3547803633334579
SVR,898,player_1,match_18,545.0,575.0,0.4313362693548387,0.30443729891655136
SVR,899,player_1,match_18,575.0,605.0,0.3883011435483871,0.301054592030668
SVR,900,player_1,match_18,605.0,635.0,0.3999302999999999,0.30214848118064175
SVR,901,player_1,match_18,635.0,665.0,0.3973900967741935,0.38704082241417614
SVR,902,player_1,match_18,665.0,695.0,0.402514929032258,0.3201552907926303
SVR,903,player_1,match_18,695.0,725.0,0.388979979032258,0.3282851863720949
SVR,904,player_1,match_18,725.0,755.0,0.4493199241935484,0.3270528458856495
SVR,905,player_1,match_18,755.0,785.0,0.4547159870967742,0.3681725393725498
SVR,906,player_1,match_18,785.0,815.0,0.4786723951612902,0.3676618391735985
SVR,907,player_1,match_18,815.0,845.0,0.4543706693548386,0.31796158247972384
SVR,908,player_1,match_18,845.0,875.0,0.4450819112903226,0.3420454190088611
SVR,909,player_1,match_18,875.0,905.0,0.3898048854838709,0.312667500652186
SVR,910,player_1,match_18,905.0,935.0,0.4455010274193548,0.3397625215028091
SVR,911,player_1,match_18,935.0,965.0,0.4510370403225806,0.3755321338543885
SVR,912,player_1,match_18,965.0,995.0,0.3433650370967741,0.33109677485640476
SVR,913,player_1,match_18,995.0,1025.0,0.413941770967742,0.32514602221802025
SVR,914,player_1,match_18,1025.0,1055.0,0.4272219677419355,0.3132234913038466
SVR,915,player_1,match_18,1055.0,1085.0,0.3561701612903226,0.2794125776770583
SVR,916,player_1,match_18,1085.0,1115.0,0.3801260129032258,0.3263864805222839
SVR,917,player_1,match_18,1115.0,1145.0,0.3460726258064516,0.3385478499742416
SVR,918,player_1,match_18,1145.0,1175.0,0.4570099370967742,0.3420450519743595
SVR,919,player_1,match_18,1175.0,1205.0,0.4312639806451612,0.3498700303251162
SVR,920,player_1,match_18,1205.0,1235.0,0.4574239193548387,0.3275302574350804
SVR,921,player_1,match_18,1235.0,1265.0,0.4404858451612902,0.3276233374778429
SVR,922,player_1,match_18,1265.0,1295.0,0.4074666499999999,0.31507867843956094
SVR,923,player_1,match_18,1295.0,1325.0,0.420292243548387,0.32704094947649776
SVR,924,player_1,match_18,1325.0,1355.0,0.3914861870967742,0.3107136266159515
SVR,925,player_1,match_18,1355.0,1385.0,0.3828698806451612,0.3201279436977046
SVR,926,player_1,match_18,1385.0,1415.0,0.4066304532258065,0.29600800728481835
SVR,927,player_1,match_18,1415.0,1445.0,0.3114662709677419,0.3196248549000149
SVR,928,player_1,match_18,1445.0,1475.0,0.3201552419354839,0.29905283024181084
SVR,929,player_1,match_18,1475.0,1505.0,0.3667958193548387,0.3811167268941505
SVR,930,player_1,match_18,1505.0,1535.0,0.4142223951612902,0.331901208049489
SVR,931,player_1,match_18,1535.0,1565.0,0.334844158064516,0.3268238085018732
SVR,932,player_1,match_18,1565.0,1595.0,0.4041086580645161,0.3293055905552055
SVR,933,player_1,match_18,1595.0,1625.0,0.3583298096774193,0.33629586836713926
SVR,934,player_1,match_18,1625.0,1655.0,0.3680079677419354,0.3410884367875399
SVR,935,player_1,match_18,1655.0,1685.0,0.3733173758064515,0.3529446535994863
SVR,936,player_1,match_18,1685.0,1715.0,0.4471321741935483,0.36856821146229285
SVR,937,player_1,match_18,1715.0,1745.0,0.3571136258064515,0.34056739040714284
SVR,938,player_1,match_18,1745.0,1775.0,0.3141510209677419,0.3374850787920153
SVR,939,player_1,match_18,1775.0,1805.0,0.319278529032258,0.315314060738334
SVR,940,player_1,match_18,1805.0,1835.0,0.3425857064516129,0.3533781966198349
SVR,941,player_1,match_18,1835.0,1865.0,0.3955945096774192,0.34814433023624153
SVR,942,player_1,match_18,1865.0,1895.0,0.3310328129032257,0.336901626520534
SVR,943,player_1,match_18,1895.0,1925.0,0.3494332516129032,0.34561836688912295
SVR,944,player_1,match_18,1925.0,1955.0,0.4393587096774193,0.31077906079627676
SVR,945,player_1,match_18,1955.0,1985.0,0.4718739387096773,0.34902593052441766
SVR,946,player_1,match_18,1985.0,2015.0,0.3235580279569892,0.3687887948900014
SVR,947,player_1,match_18,2015.0,2045.0,0.4282874827956989,0.31217126304208176
SVR,948,player_1,match_18,2045.0,2075.0,0.3798978268817203,0.34277928476587355
SVR,949,player_1,match_18,2075.0,2105.0,0.3466557096774193,0.33884153614164675
SVR,950,player_1,match_18,2105.0,2135.0,0.4128237854838709,0.30546567502174515
SVR,951,player_1,match_18,2135.0,2165.0,0.3962035838709677,0.30515142249261173
SVR,952,player_1,match_18,2165.0,2195.0,0.4174065806451613,0.33984534365667185
SVR,953,player_1,match_18,2195.0,2225.0,0.4007655806451612,0.3412078029206934
SVR,954,player_1,match_18,2225.0,2255.0,0.4051961274193548,0.34156251247844044
SVR,955,player_1,match_18,2255.0,2285.0,0.3618894451612902,0.34045654192340813
SVR,956,player_1,match_18,2285.0,2315.0,0.3889859241935484,0.337101983822289
SVR,957,player_1,match_18,2315.0,2345.0,0.3682580241935484,0.33764835069633725
SVR,958,player_1,match_18,2345.0,2375.0,0.4278256209677419,0.34295416917611726
SVR,1036,player_1,match_19,4.0,34.0,0.346955036344086,0.3350116378234427
SVR,1037,player_1,match_19,34.0,64.0,0.4860952193548387,0.33685772008227677
SVR,1038,player_1,match_19,64.0,94.0,0.2503748451612902,0.3247274302917303
SVR,1039,player_1,match_19,94.0,124.0,0.3339913580645161,0.28667973226982246
SVR,1040,player_1,match_19,124.0,154.0,0.2979476258064516,0.29079870371189553
SVR,1041,player_1,match_19,154.0,184.0,0.3438236467741935,0.34169088800044123
SVR,1042,player_1,match_19,184.0,214.0,0.4131600645161289,0.3277832394849869
SVR,1043,player_1,match_19,214.0,244.0,0.3620903795698924,0.35205009638496826
SVR,1044,player_1,match_19,244.0,274.0,0.3750370725806451,0.29448464255062856
SVR,1045,player_1,match_19,274.0,304.0,0.3312729403225806,0.3020691228449947
SVR,1046,player_1,match_19,304.0,334.0,0.2992506311827957,0.33719045829628513
SVR,1047,player_1,match_19,334.0,364.0,0.3115837322580644,0.3207858313080205
SVR,1048,player_1,match_19,364.0,394.0,0.3697505870967741,0.290363553355425
SVR,1049,player_1,match_19,394.0,424.0,0.2926450806451612,0.3081927846197723
SVR,1050,player_1,match_19,424.0,454.0,0.3417411096774193,0.3537020519237017
SVR,1051,player_1,match_19,454.0,484.0,0.4074611709677419,0.33541211549851796
SVR,1052,player_1,match_19,484.0,514.0,0.460586214516129,0.3316273533567504
SVR,1053,player_1,match_19,514.0,544.0,0.3249116758064515,0.36521038815611123
SVR,1054,player_1,match_19,544.0,574.0,0.3767467306451612,0.3646958291115382
SVR,1055,player_1,match_19,574.0,604.0,0.3643226838709676,0.36150059913408467
SVR,1056,player_1,match_19,604.0,634.0,0.3196262645161289,0.3280718316204171
SVR,1057,player_1,match_19,634.0,664.0,0.3825130403225806,0.3236480082126142
SVR,1058,player_1,match_19,664.0,694.0,0.2664388306451613,0.3443285170188263
SVR,1059,player_1,match_19,694.0,724.0,0.4317197419354838,0.3444461102046646
SVR,1060,player_1,match_19,724.0,754.0,0.4267420435483871,0.3720923073796539
SVR,1061,player_1,match_19,754.0,784.0,0.3077548532258064,0.36765171610144726
SVR,1062,player_1,match_19,784.0,814.0,0.2900432338709677,0.3391366176122654
SVR,1063,player_1,match_19,814.0,844.0,0.3189259016129032,0.3465386108487093
SVR,1064,player_1,match_19,844.0,874.0,0.3310214225806451,0.3537206085290744
SVR,1065,player_1,match_19,874.0,904.0,0.4569588354838709,0.30216671854196875
SVR,1066,player_1,match_19,904.0,934.0,0.4133246967741935,0.31652036802265265
SVR,1067,player_1,match_19,934.0,964.0,0.4087482870967741,0.308097452115337
SVR,1068,player_1,match_19,964.0,994.0,0.5050125741935484,0.34770436822919915
SVR,1069,player_1,match_19,994.0,1024.0,0.4477181580645161,0.37708526589289565
SVR,1104,player_1,match_2,4.0,34.0,0.2958652661290322,0.39849626278065636
SVR,1105,player_1,match_2,34.0,64.0,0.2775176467741935,0.3999101767014822
SVR,1106,player_1,match_2,64.0,94.0,0.2637238629032258,0.43070316685789745
SVR,1107,player_1,match_2,94.0,124.0,0.2586034,0.4154597602835041
SVR,1108,player_1,match_2,124.0,154.0,0.3067604274193548,0.4007313014720907
SVR,1109,player_1,match_2,154.0,184.0,0.3346776854838709,0.39784016791432253
SVR,1110,player_1,match_2,184.0,214.0,0.2801252564516128,0.43161992251220593
SVR,1111,player_1,match_2,214.0,244.0,0.3093890403225806,0.3839275286042422
SVR,1112,player_1,match_2,244.0,274.0,0.2566419408602149,0.3537343970105093
SVR,1113,player_1,match_2,274.0,304.0,0.2652927387096773,0.38710364187168633
SVR,1114,player_1,match_2,304.0,334.0,0.2742754129032257,0.4072990462409306
SVR,1115,player_1,match_2,334.0,364.0,0.3004889838709677,0.3588999348893164
SVR,1116,player_1,match_2,364.0,394.0,0.2880322241935483,0.37678123703083694
SVR,1117,player_1,match_2,394.0,424.0,0.2722221096774193,0.3472351383549168
SVR,1118,player_1,match_2,424.0,454.0,0.2656520806451613,0.3652572870713119
SVR,1119,player_1,match_2,454.0,484.0,0.3102619983870968,0.37700510356449113
SVR,1120,player_1,match_2,484.0,514.0,0.2792051919354838,0.3608446390542845
SVR,1121,player_1,match_2,514.0,544.0,0.3022927983870968,0.3924099998697004
SVR,1122,player_1,match_2,544.0,574.0,0.2844382032258064,0.41252188551121527
SVR,1123,player_1,match_2,574.0,604.0,0.2853032274193547,0.4289169088502072
SVR,1124,player_1,match_2,604.0,634.0,0.2881203322580645,0.3712687905639005
SVR,1125,player_1,match_2,634.0,664.0,0.3373394419354838,0.3530088469209583
SVR,1126,player_1,match_2,664.0,694.0,0.2931663677419354,0.3522448029991612
SVR,1127,player_1,match_2,694.0,724.0,0.28431085,0.38120536092195123
SVR,1128,player_1,match_2,724.0,754.0,0.3184956838709677,0.3766716338041691
SVR,1129,player_1,match_2,754.0,784.0,0.3055769,0.36018567206613045
SVR,1130,player_1,match_2,784.0,814.0,0.2926449499999999,0.3381223234755011
SVR,1131,player_1,match_2,814.0,844.0,0.3067503661290321,0.3902866294465008
SVR,1132,player_1,match_2,844.0,874.0,0.289839793548387,0.37758197342879807
SVR,1133,player_1,match_2,874.0,904.0,0.3378765919354839,0.3946573235187352
SVR,1134,player_1,match_2,904.0,934.0,0.3269790983870967,0.39516836248202186
SVR,1135,player_1,match_2,934.0,964.0,0.3132642403225806,0.3842568218060821
SVR,1136,player_1,match_2,964.0,994.0,0.3223875709677419,0.40055269358065665
SVR,1137,player_1,match_2,994.0,1024.0,0.3215101564516129,0.36528535595439504
SVR,1138,player_1,match_2,1024.0,1054.0,0.3371445725806451,0.3713944338850002
SVR,1139,player_1,match_20,8.0,38.0,0.3989269854838709,0.3145246915100786
SVR,1140,player_1,match_20,38.0,68.0,0.4316900344086021,0.359935519919495
SVR,1141,player_1,match_20,68.0,98.0,0.3397370677419354,0.3550664566153182
SVR,1142,player_1,match_20,98.0,128.0,0.3017111225806451,0.2728245433789308
SVR,1143,player_1,match_20,128.0,158.0,0.3798366677419355,0.33647717508109937
SVR,1144,player_1,match_20,158.0,188.0,0.3745574080645161,0.3214953476727518
SVR,1145,player_1,match_20,188.0,218.0,0.3556796903225807,0.3003438854121641
SVR,1146,player_1,match_20,218.0,248.0,0.3473440016129032,0.296556897055224
SVR,1147,player_1,match_20,248.0,278.0,0.3123709129032258,0.2416256156726216
SVR,1148,player_1,match_20,278.0,308.0,0.3874297354838709,0.3255491049347766
SVR,1149,player_1,match_20,308.0,338.0,0.3102420612903225,0.29478401766998696
SVR,1150,player_1,match_20,338.0,368.0,0.3197564532258065,0.35598668379884657
SVR,1151,player_1,match_20,368.0,398.0,0.4100833096774193,0.3514255348895493
SVR,1152,player_1,match_20,398.0,428.0,0.393396693548387,0.29204875258098867
SVR,1153,player_1,match_20,428.0,458.0,0.385809793548387,0.2903238789308952
SVR,1154,player_1,match_20,458.0,488.0,0.3220859338709677,0.300453933238235
SVR,1155,player_1,match_20,488.0,518.0,0.4059238080645161,0.337679077261034
SVR,1156,player_1,match_20,518.0,548.0,0.4215177967741935,0.3471252517976826
SVR,1157,player_1,match_20,548.0,578.0,0.4170904209677418,0.3299172272953061
SVR,1158,player_1,match_20,578.0,608.0,0.3580198709677418,0.3347462969723008
SVR,1159,player_1,match_20,608.0,638.0,0.3240940629032258,0.31193879698929405
SVR,1160,player_1,match_20,638.0,668.0,0.4082569467741935,0.3571915540686884
SVR,1161,player_1,match_20,668.0,698.0,0.3032243564516129,0.3234107122285064
SVR,1162,player_1,match_20,698.0,728.0,0.3439332903225806,0.2864024793409279
SVR,1163,player_1,match_20,728.0,758.0,0.3478509258064515,0.3420245227441197
SVR,1164,player_1,match_20,758.0,788.0,0.4013233741935483,0.32841073501348916
SVR,1165,player_1,match_20,788.0,818.0,0.4152917016129032,0.2942094277680884
SVR,1166,player_1,match_20,818.0,848.0,0.424755858064516,0.3342459994509041
SVR,1167,player_1,match_20,848.0,878.0,0.3946000548387096,0.3505939617832966
SVR,1168,player_1,match_20,878.0,908.0,0.3284972451612902,0.33490474368718703
SVR,1169,player_1,match_20,908.0,938.0,0.4403926483870967,0.30552326273002856
SVR,1170,player_1,match_20,938.0,968.0,0.4816861806451612,0.3209389155033745
SVR,1171,player_1,match_20,968.0,998.0,0.4418031258064515,0.324262173141701
SVR,1172,player_1,match_20,998.0,1028.0,0.3454945629032258,0.30902821991715207
SVR,1173,player_1,match_20,1028.0,1058.0,0.3381067080645161,0.3084433385536699
SVR,1174,player_1,match_20,1058.0,1088.0,0.3687248887096774,0.2917287119015623
SVR,1175,player_1,match_20,1088.0,1118.0,0.4259811403225805,0.28136661745521896
SVR,1176,player_1,match_20,1118.0,1148.0,0.418253,0.3260361122292624
SVR,1177,player_1,match_20,1148.0,1178.0,0.419524279032258,0.33670002125217424
SVR,1178,player_1,match_20,1178.0,1208.0,0.3381845822580644,0.3414882580325765
SVR,1179,player_1,match_20,1208.0,1238.0,0.3538950322580645,0.3075913780882516
SVR,1180,player_1,match_20,1238.0,1268.0,0.3349326193548387,0.3265065416729494
SVR,1181,player_1,match_20,1268.0,1298.0,0.4908100338709676,0.3259990943102802
SVR,1182,player_1,match_20,1298.0,1328.0,0.4540041129032258,0.30709695964248573
SVR,1183,player_1,match_20,1328.0,1358.0,0.3569337725806452,0.31236466388354994
SVR,1184,player_1,match_20,1358.0,1388.0,0.4102828046594982,0.317633789540965
SVR,1231,player_1,match_21,3.0,33.0,0.4004845535483871,0.2982146086447438
SVR,1232,player_1,match_21,33.0,63.0,0.4099569516129032,0.30781026500992054
SVR,1233,player_1,match_21,63.0,93.0,0.4049818806451613,0.3464747660802818
SVR,1234,player_1,match_21,93.0,123.0,0.3200000661290322,0.3237620964823066
SVR,1235,player_1,match_21,123.0,153.0,0.3533985403225805,0.30798482007175476
SVR,1236,player_1,match_21,153.0,183.0,0.3228522677419354,0.32001097299376235
SVR,1237,player_1,match_21,183.0,213.0,0.3965992741935483,0.34895487619976506
SVR,1238,player_1,match_21,213.0,243.0,0.3613735806451612,0.3294877746605408
SVR,1239,player_1,match_21,243.0,273.0,0.3413423725806451,0.26735314128240223
SVR,1240,player_1,match_21,273.0,303.0,0.3935567467741935,0.29769483214708575
SVR,1241,player_1,match_21,303.0,333.0,0.4224229661290322,0.3625686702332851
SVR,1242,player_1,match_21,333.0,363.0,0.4005380483870967,0.3164600946542339
SVR,1243,player_1,match_21,363.0,393.0,0.4055830661290321,0.34883133594386667
SVR,1244,player_1,match_21,393.0,423.0,0.3407616548387097,0.3243921337047032
SVR,1245,player_1,match_21,423.0,453.0,0.3872321983870967,0.30858609046263275
SVR,1246,player_1,match_21,453.0,483.0,0.3013079306451613,0.31515223022298133
SVR,1247,player_1,match_21,483.0,513.0,0.2541387903225806,0.34334969834017154
SVR,1248,player_1,match_21,513.0,543.0,0.3072809516129032,0.3272630573271908
SVR,1249,player_1,match_21,543.0,573.0,0.3827155387096774,0.36332457316275346
SVR,1250,player_1,match_21,573.0,603.0,0.2854157129032257,0.3443000302249895
SVR,1251,player_1,match_21,603.0,633.0,0.3713720967741934,0.3352471770475978
SVR,1252,player_1,match_21,633.0,663.0,0.3908297422939067,0.36414970628349974
SVR,1253,player_1,match_21,663.0,693.0,0.4158240161290322,0.3209184010381306
SVR,1254,player_1,match_21,693.0,723.0,0.377770993548387,0.3613634325231475
SVR,1255,player_1,match_21,723.0,753.0,0.3551171693548386,0.3666363782613844
SVR,1256,player_1,match_21,753.0,783.0,0.6543495838709678,0.3411665462501131
SVR,1257,player_1,match_21,783.0,813.0,0.6062418838709678,0.3333243017420988
SVR,1258,player_1,match_21,813.0,843.0,0.4450721623655913,0.3550075799619205
SVR,1259,player_1,match_21,843.0,873.0,0.3495499709677419,0.35541368563193537
SVR,1260,player_1,match_21,873.0,903.0,0.3791292774193547,0.3558788915110964
SVR,1261,player_1,match_21,903.0,933.0,0.5089486177419356,0.3489326797286438
SVR,1262,player_1,match_21,933.0,963.0,0.3916851064516128,0.36623637756446725
SVR,1263,player_1,match_21,963.0,993.0,0.3715880693548387,0.3518619789998011
SVR,1330,player_1,match_3,0.0,30.0,0.3446366951612903,0.3880142208608586
SVR,1331,player_1,match_3,30.0,60.0,0.3109970064516129,0.3720222584907029
SVR,1332,player_1,match_3,60.0,90.0,0.326121629032258,0.4080663127684525
SVR,1333,player_1,match_3,90.0,120.0,0.329823464516129,0.36904416991359273
SVR,1334,player_1,match_3,120.0,150.0,0.3237445967741935,0.3441578560615276
SVR,1335,player_1,match_3,150.0,180.0,0.337025514516129,0.3352035655240002
SVR,1336,player_1,match_3,180.0,210.0,0.3217871096774193,0.3437330207449497
SVR,1337,player_1,match_3,210.0,240.0,0.3234279951612903,0.3372440171706362
SVR,1338,player_1,match_3,240.0,270.0,0.3458482322580645,0.37471749449124914
SVR,1339,player_1,match_3,270.0,300.0,0.3226254032258064,0.3641348904609009
SVR,1340,player_1,match_3,300.0,330.0,0.3182741322580644,0.3431097075200937
SVR,1341,player_1,match_3,330.0,360.0,0.3315618693548386,0.3535755615331416
SVR,1342,player_1,match_3,360.0,390.0,0.3394417532258064,0.35850654052411784
SVR,1343,player_1,match_3,390.0,420.0,0.322517014874552,0.35269430977502675
SVR,1344,player_1,match_3,420.0,450.0,0.3606450629032257,0.36704505897470396
SVR,1345,player_1,match_3,450.0,480.0,0.3394956532258064,0.33892272968172926
SVR,1346,player_1,match_3,480.0,510.0,0.3613336209677419,0.42564198190620467
SVR,1347,player_1,match_3,510.0,540.0,0.3539220612903225,0.3670539603828053
SVR,1348,player_1,match_3,540.0,570.0,0.4476641435483871,0.35954970614386134
SVR,1349,player_1,match_3,570.0,600.0,0.3146005225806451,0.3275390819996828
SVR,1350,player_1,match_3,600.0,630.0,0.3320542483870968,0.3619994386575809
SVR,1351,player_1,match_3,630.0,660.0,0.3357328080645161,0.32488244148616446
SVR,1352,player_1,match_3,660.0,690.0,0.3524776774193549,0.3904066089569554
SVR,1353,player_1,match_3,690.0,720.0,0.3604634919354839,0.37534632461984596
SVR,1354,player_1,match_3,720.0,750.0,0.343651643548387,0.3596565563209128
SVR,1355,player_1,match_3,750.0,780.0,0.3439974709677419,0.3464417879009141
SVR,1356,player_1,match_3,780.0,810.0,0.3666215258064516,0.4007230613510321
SVR,1357,player_1,match_3,810.0,840.0,0.3664728241935484,0.430527820436369
SVR,1358,player_1,match_3,840.0,870.0,0.3279021645161291,0.34345919637649486
SVR,1359,player_1,match_3,870.0,900.0,0.3354657758064516,0.35060174137418665
SVR,1360,player_1,match_3,900.0,930.0,0.3314160274193548,0.3390819028746615
SVR,1361,player_1,match_3,930.0,960.0,0.322504043548387,0.35267987364687736
SVR,1362,player_1,match_3,960.0,990.0,0.3488482370967741,0.3912364719488024
SVR,1363,player_1,match_3,990.0,1020.0,0.3799896870967741,0.3800153794178152
SVR,1364,player_1,match_3,1020.0,1050.0,0.471963843548387,0.4417540412494342
SVR,1365,player_1,match_3,1050.0,1080.0,0.4195100596774193,0.4069714420092685
SVR,1366,player_1,match_3,1080.0,1110.0,0.4289013516129032,0.4205831145221665
SVR,1367,player_1,match_3,1110.0,1140.0,0.3872684548387097,0.42136483264077107
SVR,1368,player_1,match_3,1140.0,1170.0,0.3958297032258063,0.37758056408893376
SVR,1369,player_1,match_3,1170.0,1200.0,0.4394950258064516,0.3671033171754617
SVR,1370,player_1,match_3,1200.0,1230.0,0.4009759838709676,0.37633914310642297
SVR,1371,player_1,match_3,1230.0,1260.0,0.4137728451612903,0.40681395272168247
SVR,1372,player_1,match_3,1260.0,1290.0,0.3938032241935484,0.3835309726616465
SVR,1373,player_1,match_3,1290.0,1320.0,0.3852829967741935,0.4027196764378175
SVR,1374,player_1,match_3,1320.0,1350.0,0.309360026344086,0.37950286139544476
SVR,1375,player_1,match_3,1350.0,1380.0,0.318415143548387,0.35914019084396853
SVR,1376,player_1,match_3,1380.0,1410.0,0.3252842548387097,0.37180396068835064
SVR,1377,player_1,match_3,1410.0,1440.0,0.3482156177419355,0.3682386443412469
SVR,1378,player_1,match_3,1440.0,1470.0,0.3271847951612903,0.3675018671339463
SVR,1379,player_1,match_3,1470.0,1500.0,0.3052435903225806,0.4140102830075201
SVR,1380,player_1,match_3,1500.0,1530.0,0.3606436612903225,0.38491209437437973
SVR,1381,player_1,match_3,1530.0,1560.0,0.3602180016129032,0.40053872973976923
SVR,164,player_2,match_11,171.0,201.0,0.2623217354838709,0.3507526764265286
SVR,165,player_2,match_11,201.0,231.0,0.2642272387096774,0.3466892929318802
SVR,166,player_2,match_11,231.0,261.0,0.2897477274193548,0.3761926245124297
SVR,167,player_2,match_11,261.0,291.0,0.2672184693548387,0.3902568517074905
SVR,168,player_2,match_11,291.0,321.0,0.3197311193548386,0.3535502253261058
SVR,169,player_2,match_11,321.0,351.0,0.2947617032258064,0.31500008373224514
SVR,170,player_2,match_11,351.0,381.0,0.2879285322580645,0.3423941520688846
SVR,171,player_2,match_11,381.0,411.0,0.2963167114695341,0.3711060343045741
SVR,172,player_2,match_11,411.0,441.0,0.3226705258064515,0.35208149855349335
SVR,173,player_2,match_11,441.0,471.0,0.3006176103942651,0.385126014884846
SVR,174,player_2,match_11,471.0,501.0,0.3150016870967741,0.31994367302638727
SVR,175,player_2,match_11,501.0,531.0,0.319758179032258,0.3279096291109422
SVR,176,player_2,match_11,531.0,561.0,0.3478589580645161,0.333072159837962
SVR,177,player_2,match_11,561.0,591.0,0.3491936887096774,0.37366449673549795
SVR,178,player_2,match_11,591.0,621.0,0.3256973661290322,0.3064473719269357
SVR,179,player_2,match_11,621.0,651.0,0.3642662774193548,0.3674292645011858
SVR,180,player_2,match_11,651.0,681.0,0.3218441629032258,0.3620064431676729
SVR,181,player_2,match_11,681.0,711.0,0.3067237870967741,0.38876097071085114
SVR,182,player_2,match_11,711.0,741.0,0.3288741129032257,0.37523934823026855
SVR,183,player_2,match_11,741.0,771.0,0.3536145096774193,0.3544589231428384
SVR,184,player_2,match_11,771.0,801.0,0.3532903854838709,0.3589700682851858
SVR,185,player_2,match_11,801.0,831.0,0.3739670596774193,0.36103334395008346
SVR,186,player_2,match_11,831.0,861.0,0.373655414516129,0.36495245086105293
SVR,187,player_2,match_11,861.0,891.0,0.3933243725806451,0.3360783099432784
SVR,188,player_2,match_11,891.0,921.0,0.3680768258064516,0.36095768141836904
SVR,189,player_2,match_11,921.0,951.0,0.3522220774193548,0.35748752869223055
SVR,190,player_2,match_11,951.0,981.0,0.3449581516129031,0.36550531631607436
SVR,191,player_2,match_11,981.0,1011.0,0.3654426387096773,0.3735120859545545
SVR,192,player_2,match_11,1011.0,1041.0,0.3250653225806451,0.34443542135729144
SVR,193,player_2,match_11,1041.0,1071.0,0.3537423403225806,0.35221290854496023
SVR,194,player_2,match_11,1071.0,1101.0,0.3534418838709677,0.33876638699389006
SVR,195,player_2,match_11,1101.0,1131.0,0.402032293548387,0.36049154566092734
SVR,196,player_2,match_11,1131.0,1161.0,0.353488993548387,0.3716898747963931
SVR,197,player_2,match_11,1161.0,1191.0,0.3527295758064516,0.36206560249335085
SVR,198,player_2,match_11,1191.0,1221.0,0.3663112983870968,0.3632551384358969
SVR,199,player_2,match_11,1221.0,1251.0,0.3421548838709678,0.3661563568622323
SVR,200,player_2,match_11,1251.0,1281.0,0.3399633569892473,0.34101600560356365
SVR,201,player_2,match_11,1281.0,1311.0,0.3775074919354838,0.3458767775609376
SVR,202,player_2,match_11,1311.0,1341.0,0.3787978612903226,0.3659476601001819
SVR,203,player_2,match_11,1341.0,1371.0,0.3619137467741935,0.3623478140772233
SVR,204,player_2,match_11,1371.0,1401.0,0.3974881903225806,0.3558672133307777
SVR,205,player_2,match_11,1401.0,1431.0,0.3531865903225805,0.3474569591059392
SVR,206,player_2,match_11,1431.0,1461.0,0.355686429032258,0.3758339242459825
SVR,207,player_2,match_11,1461.0,1491.0,0.3920973467741935,0.3513221114281927
SVR,208,player_2,match_11,1491.0,1521.0,0.2766111258064515,0.3571662456348814
SVR,209,player_2,match_11,1521.0,1551.0,0.203704429032258,0.37437796658249783
SVR,210,player_2,match_11,1551.0,1581.0,0.3272110537634408,0.3476998874835546
SVR,211,player_2,match_11,1581.0,1611.0,0.3821864854838709,0.3475169165570988
SVR,212,player_2,match_11,1611.0,1641.0,0.3492578951612903,0.3510935348842162
SVR,213,player_2,match_11,1641.0,1671.0,0.3789353112903225,0.37160109274169845
SVR,214,player_2,match_11,1671.0,1701.0,0.3978354161290323,0.38032090686164066
SVR,215,player_2,match_11,1701.0,1731.0,0.3644581532258064,0.34680812779884385
SVR,216,player_2,match_11,1731.0,1761.0,0.3794783499999999,0.3549969898924957
SVR,217,player_2,match_11,1761.0,1791.0,0.343785158064516,0.3553371624611225
SVR,218,player_2,match_11,1791.0,1821.0,0.3737829274193548,0.35391847757256856
SVR,219,player_2,match_11,1821.0,1851.0,0.3272990322580645,0.3306616019946472
SVR,220,player_2,match_11,1851.0,1881.0,0.3433125677419354,0.3608383701776241
SVR,221,player_2,match_11,1881.0,1911.0,0.3572977758064516,0.36530211895082
SVR,222,player_2,match_11,1911.0,1941.0,0.4145039112903225,0.34592033463106225
SVR,223,player_2,match_11,1941.0,1971.0,0.3868440903225806,0.35694075404539494
SVR,224,player_2,match_11,1971.0,2001.0,0.3498666951612902,0.3753682489428007
SVR,225,player_2,match_11,2001.0,2031.0,0.3401527967741935,0.34460610601512903
SVR,226,player_2,match_11,2031.0,2061.0,0.2524957580645161,0.35381426490246426
SVR,227,player_2,match_11,2061.0,2091.0,0.2840511193548386,0.3497225433446764
SVR,228,player_2,match_11,2091.0,2121.0,0.3270610548387096,0.37045449320734447
SVR,229,player_2,match_11,2121.0,2151.0,0.3724038903225806,0.3617522667443068
SVR,230,player_2,match_11,2151.0,2181.0,0.3577526896057347,0.35821918372911726
SVR,231,player_2,match_11,2181.0,2211.0,0.3386293274193548,0.3496267013986444
SVR,397,player_2,match_12,235.0,265.0,0.3823774387096774,0.35667690876277247
SVR,398,player_2,match_12,265.0,295.0,0.185351493548387,0.36718138520784044
SVR,399,player_2,match_12,295.0,325.0,0.3765021580645161,0.3544253398129688
SVR,400,player_2,match_12,325.0,355.0,0.2657585096774193,0.37964022902591654
SVR,401,player_2,match_12,355.0,385.0,0.2251858177419354,0.3718601525715729
SVR,402,player_2,match_12,385.0,415.0,0.3591942516129032,0.3464104173162677
SVR,403,player_2,match_12,415.0,445.0,0.3646629112903226,0.38207007547312716
SVR,404,player_2,match_12,445.0,475.0,0.4387410129032257,0.3492594103189928
SVR,405,player_2,match_12,475.0,505.0,0.4251420129032257,0.3492830701451119
SVR,406,player_2,match_12,505.0,535.0,0.3513109016129032,0.36842926687644717
SVR,407,player_2,match_12,535.0,565.0,0.4308218306451612,0.40328553204420425
SVR,408,player_2,match_12,565.0,595.0,0.3958078387096774,0.3259197207426079
SVR,409,player_2,match_12,595.0,625.0,0.4089173139784946,0.33819114541583106
SVR,410,player_2,match_12,625.0,655.0,0.4168825080645161,0.334167158791774
SVR,411,player_2,match_12,655.0,685.0,0.4286712467741935,0.35617199094152024
SVR,412,player_2,match_12,685.0,715.0,0.3285415370967741,0.371485823580461
SVR,413,player_2,match_12,715.0,745.0,0.3409090370967741,0.34453525225517284
SVR,414,player_2,match_12,745.0,775.0,0.3877052741935483,0.37608761342016384
SVR,415,player_2,match_12,775.0,805.0,0.2174056338709677,0.35128013866046204
SVR,416,player_2,match_12,805.0,835.0,0.2127050419354837,0.3605028357415827
SVR,417,player_2,match_12,835.0,865.0,0.3839272258064515,0.36953848006031137
SVR,418,player_2,match_12,865.0,895.0,0.4120720758064515,0.32744003163508584
SVR,535,player_2,match_13,136.0,166.0,0.3203768499999999,0.36059307907019567
SVR,536,player_2,match_13,166.0,196.0,0.3510273596774194,0.34020251290481596
SVR,537,player_2,match_13,196.0,226.0,0.3371809887096774,0.3445430480449331
SVR,538,player_2,match_13,226.0,256.0,0.383885364516129,0.34060845873602685
SVR,539,player_2,match_13,256.0,286.0,0.3411146758064516,0.34769177801090884
SVR,540,player_2,match_13,286.0,316.0,0.3868784494623656,0.34373549211864796
SVR,541,player_2,match_13,316.0,346.0,0.3792455322580644,0.3504870859157332
SVR,542,player_2,match_13,346.0,376.0,0.3741152919354837,0.3493452466069649
SVR,543,player_2,match_13,376.0,406.0,0.3264390580645161,0.36886913584420394
SVR,544,player_2,match_13,406.0,436.0,0.3255267806451613,0.34447700823442806
SVR,545,player_2,match_13,436.0,466.0,0.3150696709677419,0.34911829615850903
SVR,546,player_2,match_13,466.0,496.0,0.4319719096774194,0.37477262787190646
SVR,547,player_2,match_13,496.0,526.0,0.4407557629032258,0.3661277287663493
SVR,548,player_2,match_13,526.0,556.0,0.3546817096774193,0.36643778590673887
SVR,549,player_2,match_13,556.0,586.0,0.3732421043010752,0.35455114960652073
SVR,550,player_2,match_13,586.0,616.0,0.3148285612903225,0.35600099179723654
SVR,551,player_2,match_13,616.0,646.0,0.3574014596774193,0.37000081052425915
SVR,552,player_2,match_13,646.0,676.0,0.3697791403225806,0.33907909274352976
SVR,553,player_2,match_13,676.0,706.0,0.4517991048387096,0.3491395661173014
SVR,554,player_2,match_13,706.0,736.0,0.4374386838709677,0.3634086057901228
SVR,555,player_2,match_13,736.0,766.0,0.3904528258064516,0.31530937419227717
SVR,556,player_2,match_13,766.0,796.0,0.348101143548387,0.3492548858393215
SVR,557,player_2,match_13,796.0,826.0,0.3713494290322581,0.3705230685427885
SVR,558,player_2,match_13,826.0,856.0,0.3897900387096774,0.38818109504263426
SVR,559,player_2,match_13,856.0,886.0,0.4105739999999999,0.36831174156679913
SVR,560,player_2,match_13,886.0,916.0,0.3379924193548387,0.3406951948453445
SVR,561,player_2,match_13,916.0,946.0,0.3449711725806451,0.3529228501513276
SVR,562,player_2,match_13,946.0,976.0,0.3369980064516129,0.3521628185222192
SVR,563,player_2,match_13,976.0,1006.0,0.4247304225806451,0.3522638898390617
SVR,564,player_2,match_13,1006.0,1036.0,0.3343436720430107,0.34352342677623343
SVR,565,player_2,match_13,1036.0,1066.0,0.3092625354838709,0.36324910498841845
SVR,566,player_2,match_13,1066.0,1096.0,0.3347051774193548,0.3586817907181554
SVR,567,player_2,match_13,1096.0,1126.0,0.3847860887096774,0.35583979530419924
SVR,568,player_2,match_13,1126.0,1156.0,0.3455779096774193,0.36014078756185625
SVR,569,player_2,match_13,1156.0,1186.0,0.3266729903225805,0.35854803818335146
SVR,570,player_2,match_13,1186.0,1216.0,0.422052343548387,0.35153820595736934
SVR,571,player_2,match_13,1216.0,1246.0,0.1645994806451612,0.3437939114482805
SVR,572,player_2,match_13,1246.0,1276.0,0.3763427903225806,0.34387611021749476
SVR,573,player_2,match_13,1276.0,1306.0,0.3162066,0.363279786736442
SVR,574,player_2,match_13,1306.0,1336.0,0.3953508790322581,0.34788728302732796
SVR,575,player_2,match_13,1336.0,1366.0,0.3588329274193548,0.3638542988222634
SVR,576,player_2,match_13,1366.0,1396.0,0.3196100596774193,0.3187051076251174
SVR,577,player_2,match_13,1396.0,1426.0,0.2876119548387096,0.36616078926744405
SVR,578,player_2,match_13,1426.0,1456.0,0.2933735241935484,0.3542633494837647
SVR,579,player_2,match_13,1456.0,1486.0,0.3974378951612903,0.3527034410883544
SVR,580,player_2,match_13,1486.0,1516.0,0.3782936725806451,0.35489115315490255
SVR,581,player_2,match_13,1516.0,1546.0,0.3539775564516129,0.3449312232638957
SVR,582,player_2,match_13,1546.0,1576.0,0.3561329,0.36036798065966175
SVR,583,player_2,match_13,1576.0,1606.0,0.332876629032258,0.32890548692391486
SVR,584,player_2,match_13,1606.0,1636.0,0.3529130204301075,0.3658955879507644
SVR,585,player_2,match_13,1636.0,1666.0,0.3827875596774193,0.3494566374191853
SVR,586,player_2,match_13,1666.0,1696.0,0.3981103306451612,0.39783247765790725
SVR,587,player_2,match_13,1696.0,1726.0,0.3469473403225805,0.3672983393141025
SVR,588,player_2,match_13,1726.0,1756.0,0.3716753629032258,0.3349536931444379
SVR,589,player_2,match_13,1756.0,1786.0,0.3561163548387096,0.3493534510706123
SVR,590,player_2,match_13,1786.0,1816.0,0.3643941064516128,0.3656538741914695
SVR,591,player_2,match_13,1816.0,1846.0,0.3386539403225806,0.363895268758883
SVR,592,player_2,match_13,1846.0,1876.0,0.1999594967741935,0.3750358220511998
SVR,593,player_2,match_13,1876.0,1906.0,0.3757436596774193,0.3515544139468004
SVR,594,player_2,match_13,1906.0,1936.0,0.3974150596774193,0.34740340305060624
SVR,595,player_2,match_13,1936.0,1966.0,0.3722060032258064,0.3410644057398083
SVR,596,player_2,match_13,1966.0,1996.0,0.4333785596774193,0.35312935275931834
SVR,597,player_2,match_13,1996.0,2026.0,0.4152561161290322,0.3554585550790991
SVR,598,player_2,match_13,2026.0,2056.0,0.3866705693548387,0.35025002682257744
SVR,599,player_2,match_13,2056.0,2086.0,0.4045804333333334,0.38209867972436445
SVR,783,player_2,match_14,387.0,417.0,0.37754,0.38007261872948506
SVR,784,player_2,match_14,417.0,447.0,0.37754,0.36523373258291336
SVR,785,player_2,match_14,447.0,477.0,0.37754,0.36596753365702234
SVR,786,player_2,match_14,477.0,507.0,0.37754,0.3619437624412895
SVR,787,player_2,match_14,507.0,537.0,0.37754,0.3804748498986203
SVR,788,player_2,match_14,537.0,567.0,0.3781911483870968,0.377393621503681
SVR,789,player_2,match_14,567.0,597.0,0.377540464516129,0.40501346185865833
SVR,790,player_2,match_14,597.0,627.0,0.37754,0.377714162687319
SVR,791,player_2,match_14,627.0,657.0,0.37754,0.3705775274020404
SVR,792,player_2,match_14,657.0,687.0,0.4035301129032258,0.39779892238305997
SVR,793,player_2,match_14,687.0,717.0,0.3785550129032257,0.38219885234984613
SVR,794,player_2,match_14,717.0,747.0,0.37754,0.36299284228351064
SVR,795,player_2,match_14,747.0,777.0,0.37754,0.357657658884134
SVR,796,player_2,match_14,777.0,807.0,0.37754,0.39444273378503564
SVR,797,player_2,match_14,807.0,837.0,0.37754,0.36314481963314366
SVR,798,player_2,match_14,837.0,867.0,0.37754,0.3856661920680761
SVR,799,player_2,match_14,867.0,897.0,0.37754,0.3791538659380608
SVR,800,player_2,match_14,897.0,927.0,0.37754,0.369367932690552
SVR,801,player_2,match_14,927.0,957.0,0.37754,0.3909399796809021
SVR,802,player_2,match_14,957.0,987.0,0.37754,0.40453493812676433
SVR,803,player_2,match_14,987.0,1017.0,0.37754,0.3774764159519672
SVR,804,player_2,match_14,1017.0,1047.0,0.37754,0.3922828079647881
SVR,805,player_2,match_14,1047.0,1077.0,0.37754,0.3725151404983644
SVR,806,player_2,match_14,1077.0,1107.0,0.37754,0.3715698913250439
SVR,807,player_2,match_14,1107.0,1137.0,0.37754,0.3925429645729271
SVR,808,player_2,match_14,1137.0,1167.0,0.37754,0.3918779323342017
SVR,809,player_2,match_14,1167.0,1197.0,0.37754,0.38417117393723277
SVR,810,player_2,match_14,1197.0,1227.0,0.37754,0.4113308588805091
SVR,811,player_2,match_14,1227.0,1257.0,0.37754,0.38638308218951445
SVR,812,player_2,match_14,1257.0,1287.0,0.37754,0.37992693895987284
SVR,813,player_2,match_14,1287.0,1317.0,0.37754,0.39198676108878716
SVR,814,player_2,match_14,1317.0,1347.0,0.37754,0.38800047127124354
SVR,815,player_2,match_14,1347.0,1377.0,0.37754,0.3547119121543502
SVR,816,player_2,match_14,1377.0,1407.0,0.37754,0.4194348741326928
SVR,817,player_2,match_14,1407.0,1437.0,0.37754,0.3971630396290936
SVR,818,player_2,match_14,1437.0,1467.0,0.37754,0.37426357655618225
SVR,819,player_2,match_14,1467.0,1497.0,0.37754,0.4069863640790541
SVR,820,player_2,match_14,1497.0,1527.0,0.37754,0.4006109021311894
SVR,821,player_2,match_14,1527.0,1557.0,0.37754,0.39637718661016064
SVR,822,player_2,match_14,1557.0,1587.0,0.37754,0.39780827449529904
SVR,823,player_2,match_14,1587.0,1617.0,0.37754,0.42899806731707657
SVR,824,player_2,match_14,1617.0,1647.0,0.37754,0.417298995543282
SVR,825,player_2,match_14,1647.0,1677.0,0.37754,0.36936722875082484
SVR,826,player_2,match_14,1677.0,1707.0,0.37754,0.3780374849828065
SVR,827,player_2,match_14,1707.0,1737.0,0.37754,0.3868993833777629
SVR,828,player_2,match_14,1737.0,1767.0,0.37754,0.4072210715692341
SVR,829,player_2,match_14,1767.0,1797.0,0.37754,0.3782479602851861
SVR,830,player_2,match_14,1797.0,1827.0,0.37754,0.40413872360860736
SVR,831,player_2,match_14,1827.0,1857.0,0.37754,0.39397295069665295
SVR,832,player_2,match_14,1857.0,1887.0,0.37754,0.39658164917836786
SVR,959,player_2,match_18,60.0,90.0,0.1265018822580644,0.296830608065164
SVR,960,player_2,match_18,90.0,120.0,0.1975462064516129,0.3267494307093186
SVR,961,player_2,match_18,120.0,150.0,0.2099745709677419,0.28333520582919514
SVR,962,player_2,match_18,150.0,180.0,0.0826861806451612,0.3254641183415616
SVR,963,player_2,match_18,180.0,210.0,0.2091167494623655,0.33192227037650807
SVR,964,player_2,match_18,210.0,240.0,0.3536953494623656,0.33942841808254254
SVR,965,player_2,match_18,240.0,270.0,0.1985578064516128,0.334236164417117
SVR,966,player_2,match_18,270.0,300.0,0.2462889161290322,0.3033242302861171
SVR,967,player_2,match_18,300.0,330.0,0.2113078580645161,0.30957067322517373
SVR,968,player_2,match_18,330.0,360.0,0.2490650182795698,0.2884623825047034
SVR,969,player_2,match_18,360.0,390.0,0.2353135241935482,0.3045494472898656
SVR,970,player_2,match_18,390.0,420.0,0.271110914516129,0.2733548932553607
SVR,971,player_2,match_18,420.0,450.0,0.2695514193548386,0.3123778598600346
SVR,972,player_2,match_18,450.0,480.0,0.2482327564516128,0.3032348787086694
SVR,973,player_2,match_18,480.0,510.0,0.3595352725806451,0.3571691637887427
SVR,974,player_2,match_18,510.0,540.0,0.308278529032258,0.32753054852497
SVR,975,player_2,match_18,540.0,570.0,0.3052066870967741,0.2983632934062648
SVR,976,player_2,match_18,570.0,600.0,0.2898734112903225,0.3143299465504698
SVR,977,player_2,match_18,600.0,630.0,0.3177092387096774,0.33523736757141787
SVR,978,player_2,match_18,630.0,660.0,0.3329719306451612,0.32837025157330135
SVR,979,player_2,match_18,660.0,690.0,0.2306084451612902,0.30024246973531676
SVR,980,player_2,match_18,690.0,720.0,0.244525129032258,0.29897799277558856
SVR,981,player_2,match_18,720.0,750.0,0.2120635193548387,0.28346095709234503
SVR,982,player_2,match_18,750.0,780.0,0.1922719161290322,0.3342532634648953
SVR,983,player_2,match_18,780.0,810.0,0.1794149032258064,0.34946085205193983
SVR,984,player_2,match_18,810.0,840.0,0.2320613161290322,0.2829135466172574
SVR,985,player_2,match_18,840.0,870.0,0.2490118387096774,0.33699315140868896
SVR,986,player_2,match_18,870.0,900.0,0.2757308080645161,0.28472523286337237
SVR,987,player_2,match_18,900.0,930.0,0.2446298161290322,0.3536725914732514
SVR,988,player_2,match_18,930.0,960.0,0.1789727306451612,0.3666281822302411
SVR,989,player_2,match_18,960.0,990.0,0.2536165483870967,0.32404079641397254
SVR,990,player_2,match_18,990.0,1020.0,0.2800268999999999,0.2966706302576013
SVR,991,player_2,match_18,1020.0,1050.0,0.2928947903225806,0.34434289146912744
SVR,992,player_2,match_18,1050.0,1080.0,0.2163887064516128,0.3077907148861173
SVR,993,player_2,match_18,1080.0,1110.0,0.3134931435483871,0.27369487036178064
SVR,994,player_2,match_18,1110.0,1140.0,0.3098939064516128,0.30946047517461206
SVR,995,player_2,match_18,1140.0,1170.0,0.2688312241935483,0.30479262010292196
SVR,996,player_2,match_18,1170.0,1200.0,0.3347416741935483,0.32913172553933884
SVR,997,player_2,match_18,1200.0,1230.0,0.0762539999999999,0.37670963878038155
SVR,998,player_2,match_18,1230.0,1260.0,0.0521518854838709,0.33399054545511864
SVR,999,player_2,match_18,1260.0,1290.0,0.1586144403225806,0.34669745452142964
SVR,1000,player_2,match_18,1290.0,1320.0,0.2384119580645161,0.3478756611288131
SVR,1001,player_2,match_18,1320.0,1350.0,0.3153568064516128,0.33923161197420953
SVR,1002,player_2,match_18,1350.0,1380.0,0.3155417935483871,0.3612171376428116
SVR,1003,player_2,match_18,1380.0,1410.0,0.2526156806451612,0.3252650809145987
SVR,1004,player_2,match_18,1410.0,1440.0,0.2589049516129031,0.35031033851848115
SVR,1005,player_2,match_18,1440.0,1470.0,0.2961282112903225,0.33813187151537794
SVR,1006,player_2,match_18,1470.0,1500.0,0.3129078112903225,0.3492702721504508
SVR,1007,player_2,match_18,1500.0,1530.0,0.2726860612903224,0.3304830238207767
SVR,1008,player_2,match_18,1530.0,1560.0,0.3404677306451612,0.3366375414759272
SVR,1009,player_2,match_18,1560.0,1590.0,0.2039664564516129,0.3461429439492065
SVR,1010,player_2,match_18,1590.0,1620.0,0.2124868096774192,0.35168571049966396
SVR,1011,player_2,match_18,1620.0,1650.0,0.2476126612903225,0.3393811750701266
SVR,1012,player_2,match_18,1650.0,1680.0,0.135748929032258,0.3410125037457215
SVR,1013,player_2,match_18,1680.0,1710.0,0.115191614516129,0.3710336388299979
SVR,1014,player_2,match_18,1710.0,1740.0,0.3731333483870968,0.3226333237879521
SVR,1015,player_2,match_18,1740.0,1770.0,0.3617037661290322,0.32165284925751975
SVR,1016,player_2,match_18,1770.0,1800.0,0.3649500854838708,0.3105704946078019
SVR,1017,player_2,match_18,1800.0,1830.0,0.3476288967741935,0.33082365806347486
SVR,1018,player_2,match_18,1830.0,1860.0,0.3985812806451612,0.3214990515301881
SVR,1019,player_2,match_18,1860.0,1890.0,0.3817743887096774,0.32563945076843803
SVR,1020,player_2,match_18,1890.0,1920.0,0.356927079032258,0.3056269878152421
SVR,1021,player_2,match_18,1920.0,1950.0,0.3157491903225806,0.2994970936845637
SVR,1022,player_2,match_18,1950.0,1980.0,0.3775586666666666,0.3512585939793009
SVR,1023,player_2,match_18,1980.0,2010.0,0.3594133537634408,0.34095234226317506
SVR,1024,player_2,match_18,2010.0,2040.0,0.4103754096774193,0.3399883342595843
SVR,1025,player_2,match_18,2040.0,2070.0,0.3176464129032258,0.3415415048195423
SVR,1026,player_2,match_18,2070.0,2100.0,0.3474472919354838,0.3104203282848877
SVR,1027,player_2,match_18,2100.0,2130.0,0.299746214516129,0.3175806383956937
SVR,1028,player_2,match_18,2130.0,2160.0,0.3953248548387096,0.343576938039098
SVR,1029,player_2,match_18,2160.0,2190.0,0.397874343548387,0.3320211047089014
SVR,1030,player_2,match_18,2190.0,2220.0,0.4384404854838709,0.3118487240645242
SVR,1031,player_2,match_18,2220.0,2250.0,0.3637582193548387,0.31793408926871425
SVR,1032,player_2,match_18,2250.0,2280.0,0.3811608516129032,0.3394500506403158
SVR,1033,player_2,match_18,2280.0,2310.0,0.3237115951612903,0.31175996513299853
SVR,1034,player_2,match_18,2310.0,2340.0,0.3820686064516129,0.3368999249654334
SVR,1035,player_2,match_18,2340.0,2370.0,0.2982503870967741,0.3310282553277849
SVR,1070,player_2,match_19,9.0,39.0,0.4060834774193548,0.28274217258092477
SVR,1071,player_2,match_19,39.0,69.0,0.3999022564516129,0.33118258384987753
SVR,1072,player_2,match_19,69.0,99.0,0.4453726790322579,0.2841988898894731
SVR,1073,player_2,match_19,99.0,129.0,0.4059080532258063,0.3360430377647796
SVR,1074,player_2,match_19,129.0,159.0,0.3937670322580644,0.3283776646613875
SVR,1075,player_2,match_19,159.0,189.0,0.3851306467741934,0.338360755196701
SVR,1076,player_2,match_19,189.0,219.0,0.3742201854838709,0.2851046069580522
SVR,1077,player_2,match_19,219.0,249.0,0.4060936152329748,0.2945406004074945
SVR,1078,player_2,match_19,249.0,279.0,0.4037085854838709,0.3145955051052636
SVR,1079,player_2,match_19,279.0,309.0,0.4052885016129032,0.32699798169930333
SVR,1080,player_2,match_19,309.0,339.0,0.3836005999999999,0.3451416584701426
SVR,1081,player_2,match_19,339.0,369.0,0.4294711467741935,0.3537614686433218
SVR,1082,player_2,match_19,369.0,399.0,0.4184653096774193,0.30186598693284195
SVR,1083,player_2,match_19,399.0,429.0,0.4270351193548386,0.312407683415359
SVR,1084,player_2,match_19,429.0,459.0,0.3484098999999999,0.28758423413619266
SVR,1085,player_2,match_19,459.0,489.0,0.3986019645161289,0.3066859643247137
SVR,1086,player_2,match_19,489.0,519.0,0.4025070096774193,0.3327827326497797
SVR,1087,player_2,match_19,519.0,549.0,0.3843973096774193,0.37598475639853435
SVR,1088,player_2,match_19,549.0,579.0,0.3863609736559139,0.3085359395149836
SVR,1089,player_2,match_19,579.0,609.0,0.4270561370967741,0.308229374200871
SVR,1090,player_2,match_19,609.0,639.0,0.3807439193548386,0.26083994416587786
SVR,1091,player_2,match_19,639.0,669.0,0.3241944080645161,0.28638456678271745
SVR,1092,player_2,match_19,669.0,699.0,0.3452205983870967,0.3006284123488146
SVR,1093,player_2,match_19,699.0,729.0,0.3648051741935483,0.30691328690636216
SVR,1094,player_2,match_19,729.0,759.0,0.3879176193548387,0.31260923292577936
SVR,1095,player_2,match_19,759.0,789.0,0.221746990860215,0.32797541398525065
SVR,1096,player_2,match_19,789.0,819.0,0.4105747258064516,0.33829253970935974
SVR,1097,player_2,match_19,819.0,849.0,0.3722610903225806,0.293364340841633
SVR,1098,player_2,match_19,849.0,879.0,0.3992315555555555,0.3737860117229735
SVR,1099,player_2,match_19,879.0,909.0,0.1642846532258064,0.38031009407166516
SVR,1100,player_2,match_19,909.0,939.0,0.2671454725806451,0.329723549568663
SVR,1101,player_2,match_19,939.0,969.0,0.2620449625,0.3359567994079038
SVR,1102,player_2,match_19,969.0,999.0,0.2364008132616487,0.3094179692425989
SVR,1103,player_2,match_19,999.0,1029.0,0.0370114161290322,0.3526589372709226
SVR,1185,player_2,match_20,3.0,33.0,0.3649248661290322,0.3016944722221502
SVR,1186,player_2,match_20,33.0,63.0,0.3532953306451613,0.339179861756122
SVR,1187,player_2,match_20,63.0,93.0,0.3162854048387096,0.36605312501284515
SVR,1188,player_2,match_20,93.0,123.0,0.3734763354838709,0.30985584053501164
SVR,1189,player_2,match_20,123.0,153.0,0.3243749870967741,0.3313447287600926
SVR,1190,player_2,match_20,153.0,183.0,0.3642842129032257,0.3207782168653357
SVR,1191,player_2,match_20,183.0,213.0,0.4011551274193548,0.2996159104359144
SVR,1192,player_2,match_20,213.0,243.0,0.3987028887096774,0.3023070997659637
SVR,1193,player_2,match_20,243.0,273.0,0.4171702661290322,0.2903594791130041
SVR,1194,player_2,match_20,273.0,303.0,0.3883569403225806,0.3082567286652368
SVR,1195,player_2,match_20,303.0,333.0,0.3630810870967741,0.3015241181860154
SVR,1196,player_2,match_20,333.0,363.0,0.3619397854838709,0.30622369608234945
SVR,1197,player_2,match_20,363.0,393.0,0.4000240064516129,0.3015947815989493
SVR,1198,player_2,match_20,393.0,423.0,0.3958978370967742,0.3179190566174701
SVR,1199,player_2,match_20,423.0,453.0,0.3788264956989247,0.3459619754195269
SVR,1200,player_2,match_20,453.0,483.0,0.3866072693548387,0.30281954891234886
SVR,1201,player_2,match_20,483.0,513.0,0.3692804177419354,0.3190845134337122
SVR,1202,player_2,match_20,513.0,543.0,0.3807831548387096,0.29539767988222443
SVR,1203,player_2,match_20,543.0,573.0,0.3897940709677419,0.30114545697808526
SVR,1204,player_2,match_20,573.0,603.0,0.3962242854838709,0.3140185402420512
SVR,1205,player_2,match_20,603.0,633.0,0.4124903048387096,0.2810855644224396
SVR,1206,player_2,match_20,633.0,663.0,0.3734338709677419,0.3628765841747769
SVR,1207,player_2,match_20,663.0,693.0,0.3012079919354838,0.3256675918897358
SVR,1208,player_2,match_20,693.0,723.0,0.2420556758064516,0.3419005761968895
SVR,1209,player_2,match_20,723.0,753.0,0.4108755774193547,0.29485770214980833
SVR,1210,player_2,match_20,753.0,783.0,0.4135165758064515,0.334420468605108
SVR,1211,player_2,match_20,783.0,813.0,0.3825323967741935,0.333705956490617
SVR,1212,player_2,match_20,813.0,843.0,0.3204939112903225,0.3718669983120797
SVR,1213,player_2,match_20,843.0,873.0,0.3248239623655913,0.36297711695345775
SVR,1214,player_2,match_20,873.0,903.0,0.3390274483870967,0.3399776921112457
SVR,1215,player_2,match_20,903.0,933.0,0.2100038483870968,0.37906065237749587
SVR,1216,player_2,match_20,933.0,963.0,0.1477797774193548,0.32190654800641694
SVR,1217,player_2,match_20,963.0,993.0,0.3258415209677419,0.33963226675122576
SVR,1218,player_2,match_20,993.0,1023.0,0.4287407661290321,0.30751400880868224
SVR,1219,player_2,match_20,1023.0,1053.0,0.375188664516129,0.3372582768184385
SVR,1220,player_2,match_20,1053.0,1083.0,0.287636293548387,0.29536741222664803
SVR,1221,player_2,match_20,1083.0,1113.0,0.4094436306451612,0.32537761709865937
SVR,1222,player_2,match_20,1113.0,1143.0,0.4046336467741935,0.34403991679648555
SVR,1223,player_2,match_20,1143.0,1173.0,0.4205949,0.3482437699754884
SVR,1224,player_2,match_20,1173.0,1203.0,0.3462300032258064,0.3125397019588816
SVR,1225,player_2,match_20,1203.0,1233.0,0.3347539983870967,0.334127161419492
SVR,1226,player_2,match_20,1233.0,1263.0,0.3898393548387096,0.34902039877142127
SVR,1227,player_2,match_20,1263.0,1293.0,0.2886360112903225,0.31615614744374143
SVR,1228,player_2,match_20,1293.0,1323.0,0.387555341532258,0.3047700123373361
SVR,1229,player_2,match_20,1323.0,1353.0,0.1977938951612902,0.3069793184056223
SVR,1230,player_2,match_20,1353.0,1383.0,0.1413758629032257,0.33232773194518506
SVR,1264,player_2,match_21,0.0,30.0,0.3316527016129031,0.3714315305121866
SVR,1265,player_2,match_21,30.0,60.0,0.4313356112903225,0.33350621158554633
SVR,1266,player_2,match_21,60.0,90.0,0.4205158467741935,0.34889027688943924
SVR,1267,player_2,match_21,90.0,120.0,0.4387095387096774,0.34261177562982
SVR,1268,player_2,match_21,120.0,150.0,0.4259962016129032,0.34151943074874513
SVR,1269,player_2,match_21,150.0,180.0,0.4316159854838709,0.33969335606091317
SVR,1270,player_2,match_21,180.0,210.0,0.4246090596774193,0.32811210831169907
SVR,1271,player_2,match_21,210.0,240.0,0.4406089822580645,0.32486093773332314
SVR,1272,player_2,match_21,240.0,270.0,0.4264212419354838,0.35171405182581766
SVR,1273,player_2,match_21,270.0,300.0,0.4309485145161289,0.3014888793653497
SVR,1274,player_2,match_21,300.0,330.0,0.4343007419354838,0.3234496014657816
SVR,1275,player_2,match_21,330.0,360.0,0.4346652887096773,0.34477145397189835
SVR,1276,player_2,match_21,360.0,390.0,0.4322045698924731,0.3127502275036573
SVR,1277,player_2,match_21,390.0,420.0,0.4265902258064515,0.33975525210864976
SVR,1278,player_2,match_21,420.0,450.0,0.397753393548387,0.32835804069032914
SVR,1279,player_2,match_21,450.0,480.0,0.3992529096774194,0.34966550694796683
SVR,1280,player_2,match_21,480.0,510.0,0.3918707790322581,0.3801711006502317
SVR,1281,player_2,match_21,510.0,540.0,0.3622043258064515,0.3534198402894889
SVR,1282,player_2,match_21,540.0,570.0,0.3974682854838709,0.33698644534718586
SVR,1283,player_2,match_21,570.0,600.0,0.4223756548387096,0.3407775872821173
SVR,1284,player_2,match_21,600.0,630.0,0.4193857483870967,0.3071188628997604
SVR,1285,player_2,match_21,630.0,660.0,0.4010296387096774,0.35343471532808085
SVR,1286,player_2,match_21,660.0,690.0,0.4042364161290322,0.33883417371723357
SVR,1287,player_2,match_21,690.0,720.0,0.4003329209677418,0.36590566179149187
SVR,1288,player_2,match_21,720.0,750.0,0.4350319516129032,0.3404981306198576
SVR,1289,player_2,match_21,750.0,780.0,0.4288246661290321,0.3271849125855755
SVR,1290,player_2,match_21,780.0,810.0,0.3615841693548387,0.32511741368941155
SVR,1291,player_2,match_21,810.0,840.0,0.3699863930107527,0.33536507973268187
SVR,1292,player_2,match_21,840.0,870.0,0.2764377032258064,0.32904967617029796
SVR,1293,player_2,match_21,870.0,900.0,0.2745093016129032,0.34052211227293955
SVR,1294,player_2,match_21,900.0,930.0,0.2856326790322581,0.4049147725315274
SVR,1295,player_2,match_21,930.0,960.0,0.330835379032258,0.36608937967509303
SVR,1296,player_2,match_21,960.0,990.0,0.4559655774193548,0.3691135131550211
SVR,81,player_3,match_10,7.0,37.0,0.4361331387096773,0.40890076308221646
SVR,82,player_3,match_10,37.0,67.0,0.4383647580645161,0.3690148459771422
SVR,83,player_3,match_10,67.0,97.0,0.3855034564516129,0.3724825629814458
SVR,84,player_3,match_10,97.0,127.0,0.3971516564516129,0.2851942079171851
SVR,85,player_3,match_10,127.0,157.0,0.4671472774193548,0.35782210849728724
SVR,86,player_3,match_10,157.0,187.0,0.4710231774193548,0.3440142640655276
SVR,87,player_3,match_10,187.0,217.0,0.4670338774193548,0.3862068112830236
SVR,88,player_3,match_10,217.0,247.0,0.4893131822580644,0.3701536167243964
SVR,232,player_3,match_11,4.0,34.0,0.3910243156682027,0.40093895854978884
SVR,233,player_3,match_11,34.0,64.0,0.3795904612903226,0.4020026705142944
SVR,234,player_3,match_11,64.0,94.0,0.3515901994906621,0.4311140092726884
SVR,235,player_3,match_11,94.0,124.0,0.3702416080645161,0.4063745427052684
SVR,236,player_3,match_11,124.0,154.0,0.3630615741935483,0.41078786606514117
SVR,237,player_3,match_11,154.0,184.0,0.3132434822580644,0.3966517429085433
SVR,238,player_3,match_11,184.0,214.0,0.3136218306451612,0.3832175494162245
SVR,239,player_3,match_11,214.0,244.0,0.3203669677419355,0.3940693074803166
SVR,240,player_3,match_11,244.0,274.0,0.3222881693548386,0.4298316797645041
SVR,241,player_3,match_11,274.0,304.0,0.3652293741935484,0.4019004135024204
SVR,242,player_3,match_11,304.0,334.0,0.3208708548387096,0.3903911353363213
SVR,243,player_3,match_11,334.0,364.0,0.3602804354838709,0.4391870997890015
SVR,244,player_3,match_11,364.0,394.0,0.353715379032258,0.3860795902717811
SVR,245,player_3,match_11,394.0,424.0,0.3321580241935483,0.4711340039281711
SVR,246,player_3,match_11,424.0,454.0,0.3277589032258065,0.4273504832792222
SVR,247,player_3,match_11,454.0,484.0,0.3303852903225805,0.41624053935680794
SVR,248,player_3,match_11,484.0,514.0,0.3474349161290322,0.3559033637477892
SVR,249,player_3,match_11,514.0,544.0,0.3166702193548387,0.3961963496965327
SVR,250,player_3,match_11,544.0,574.0,0.3397516274193548,0.43699905355448004
SVR,251,player_3,match_11,574.0,604.0,0.3643458403225806,0.42160975783813315
SVR,252,player_3,match_11,604.0,634.0,0.3368568516129032,0.4157999646507089
SVR,253,player_3,match_11,634.0,664.0,0.3319147032258064,0.3877205621418165
SVR,254,player_3,match_11,664.0,694.0,0.3474350241935484,0.40133072722261964
SVR,255,player_3,match_11,694.0,724.0,0.3478693193548386,0.4383250530199144
SVR,256,player_3,match_11,724.0,754.0,0.2987791370967741,0.4177083095637518
SVR,257,player_3,match_11,754.0,784.0,0.3593931483870968,0.4049800972291825
SVR,258,player_3,match_11,784.0,814.0,0.3544077387096774,0.42938233247901947
SVR,259,player_3,match_11,814.0,844.0,0.3207452770609318,0.38794437778807517
SVR,260,player_3,match_11,844.0,874.0,0.3315306548387097,0.4019161662283374
SVR,261,player_3,match_11,874.0,904.0,0.3873169193548387,0.4074341084573091
SVR,262,player_3,match_11,904.0,934.0,0.4688639112903224,0.3794628212741842
SVR,263,player_3,match_11,934.0,964.0,0.4263520999999999,0.4467703996845388
SVR,264,player_3,match_11,964.0,994.0,0.4231265580645161,0.4401239507863064
SVR,265,player_3,match_11,994.0,1024.0,0.3620068967741935,0.4070500616590612
SVR,266,player_3,match_11,1024.0,1054.0,0.3321651999999999,0.4112740890599162
SVR,267,player_3,match_11,1054.0,1084.0,0.3242882580645161,0.3785654239039199
SVR,268,player_3,match_11,1084.0,1114.0,0.3549055661290322,0.36360727856714836
SVR,269,player_3,match_11,1114.0,1144.0,0.5306583548387096,0.36099814422030946
SVR,270,player_3,match_11,1144.0,1174.0,0.4216986758064516,0.38990170830437965
SVR,271,player_3,match_11,1174.0,1204.0,0.4595364225806451,0.3843989774605481
SVR,272,player_3,match_11,1204.0,1234.0,0.3909993725806451,0.4242672344661899
SVR,273,player_3,match_11,1234.0,1264.0,0.3907572096774193,0.4273388789448708
SVR,274,player_3,match_11,1264.0,1294.0,0.3941528467741935,0.4119959935687204
SVR,275,player_3,match_11,1294.0,1324.0,0.363603493548387,0.37384533162541067
SVR,276,player_3,match_11,1324.0,1354.0,0.5211213467741935,0.37234100498279293
SVR,277,player_3,match_11,1354.0,1384.0,0.3878741774193548,0.33801393830358184
SVR,278,player_3,match_11,1384.0,1414.0,0.3929994725806451,0.45260498696472956
SVR,279,player_3,match_11,1414.0,1444.0,0.3966700661290322,0.3857717834974563
SVR,280,player_3,match_11,1444.0,1474.0,0.3972694419354838,0.35884007495337117
SVR,281,player_3,match_11,1474.0,1504.0,0.3844904129032257,0.3569591572967597
SVR,282,player_3,match_11,1504.0,1534.0,0.4235581967741935,0.416704754319642
SVR,283,player_3,match_11,1534.0,1564.0,0.4034634661290321,0.3852533265564509
SVR,284,player_3,match_11,1564.0,1594.0,0.3873319854838709,0.3589070154628484
SVR,285,player_3,match_11,1594.0,1624.0,0.4561544548387096,0.3555026536607875
SVR,286,player_3,match_11,1624.0,1654.0,0.4235317322580644,0.38172402863490656
SVR,287,player_3,match_11,1654.0,1684.0,0.3856292096774192,0.3814046379868628
SVR,288,player_3,match_11,1684.0,1714.0,0.3760227193548386,0.3919777073048741
SVR,289,player_3,match_11,1714.0,1744.0,0.2833069032258064,0.3627222011957259
SVR,290,player_3,match_11,1744.0,1774.0,0.3936828354838709,0.3694427722925502
SVR,291,player_3,match_11,1774.0,1804.0,0.3682581903225805,0.3586950836819244
SVR,292,player_3,match_11,1804.0,1834.0,0.3789931274193548,0.36734294435602943
SVR,293,player_3,match_11,1834.0,1864.0,0.4009829209677419,0.39732159434850417
SVR,294,player_3,match_11,1864.0,1894.0,0.4245554919354838,0.38476713563753595
SVR,295,player_3,match_11,1894.0,1924.0,0.3521169548387096,0.35510799505739177
SVR,296,player_3,match_11,1924.0,1954.0,0.396529314516129,0.3714604327926248
SVR,297,player_3,match_11,1954.0,1984.0,0.3933025403225806,0.38566684372737875
SVR,298,player_3,match_11,1984.0,2014.0,0.407235072580645,0.36750331466303676
SVR,299,player_3,match_11,2014.0,2044.0,0.3857940306451612,0.3606568934280232
SVR,300,player_3,match_11,2044.0,2074.0,0.3650781548387096,0.3743973428856184
SVR,301,player_3,match_11,2074.0,2104.0,0.3677881225806451,0.355323302598294
SVR,302,player_3,match_11,2104.0,2134.0,0.3522334354838708,0.38043607288315584
SVR,303,player_3,match_11,2134.0,2164.0,0.3669460112903225,0.3869757468924703
SVR,304,player_3,match_11,2164.0,2194.0,0.4251186709677419,0.4024919858118287
SVR,305,player_3,match_11,2194.0,2224.0,0.3751776032258064,0.3936624146814138
SVR,306,player_3,match_11,2224.0,2254.0,0.3664109546594982,0.36946610932917856
SVR,307,player_3,match_11,2254.0,2284.0,0.3646316612903225,0.35633038769789227
SVR,419,player_3,match_12,7.0,37.0,0.3669705370967742,0.40435970497178797
SVR,420,player_3,match_12,37.0,67.0,0.3955128451612903,0.43499529347281196
SVR,421,player_3,match_12,67.0,97.0,0.4126900161290322,0.4142354826883966
SVR,422,player_3,match_12,97.0,127.0,0.3963605744416872,0.41475019954270875
SVR,423,player_3,match_12,127.0,157.0,0.3903422854838709,0.42621217857787336
SVR,424,player_3,match_12,157.0,187.0,0.3844437467741934,0.41540311747093106
SVR,425,player_3,match_12,187.0,217.0,0.3757519193548386,0.41183786611359274
SVR,426,player_3,match_12,217.0,247.0,0.3749229387096773,0.4128293965437352
SVR,427,player_3,match_12,247.0,277.0,0.4028460758064516,0.3716978820163224
SVR,428,player_3,match_12,277.0,307.0,0.3926043693548386,0.40616922914560094
SVR,429,player_3,match_12,307.0,337.0,0.3512831225806451,0.39937211808846224
SVR,430,player_3,match_12,337.0,367.0,0.3351671177419354,0.39222514464156905
SVR,431,player_3,match_12,367.0,397.0,0.351164235483871,0.4102852697720536
SVR,432,player_3,match_12,397.0,427.0,0.3486505922939068,0.37516749442117237
SVR,433,player_3,match_12,427.0,457.0,0.3383293951612902,0.395807489642423
SVR,434,player_3,match_12,457.0,487.0,0.3052464677419354,0.4146546548965947
SVR,435,player_3,match_12,487.0,517.0,0.331264729032258,0.3926558027166006
SVR,436,player_3,match_12,517.0,547.0,0.3247921725806451,0.4163878209407913
SVR,437,player_3,match_12,547.0,577.0,0.3181197177419355,0.391970002599559
SVR,438,player_3,match_12,577.0,607.0,0.3630194354838709,0.40807710093113664
SVR,439,player_3,match_12,607.0,637.0,0.3265592177419354,0.40339694743994714
SVR,440,player_3,match_12,637.0,667.0,0.3485093774193548,0.3656046682081561
SVR,441,player_3,match_12,667.0,697.0,0.3530882854838709,0.3955093377320067
SVR,442,player_3,match_12,697.0,727.0,0.3143430758064516,0.3868802293705864
SVR,443,player_3,match_12,727.0,757.0,0.3656071177419355,0.4213346667607066
SVR,444,player_3,match_12,757.0,787.0,0.3452076838709677,0.4403630674979371
SVR,445,player_3,match_12,787.0,817.0,0.3300876080645161,0.4078251952497464
SVR,446,player_3,match_12,817.0,847.0,0.3220524403225806,0.4070396763132351
SVR,447,player_3,match_12,847.0,877.0,0.3376904403225806,0.4305319084566178
SVR,600,player_3,match_13,5.0,35.0,0.3521303193548386,0.39597447126544755
SVR,601,player_3,match_13,35.0,65.0,0.3389918370967741,0.4094760057357974
SVR,602,player_3,match_13,65.0,95.0,0.3189536467741936,0.4584623721398985
SVR,603,player_3,match_13,95.0,125.0,0.3746919064516129,0.41094978783221553
SVR,604,player_3,match_13,125.0,155.0,0.3443250306451613,0.39141768893079876
SVR,605,player_3,match_13,155.0,185.0,0.3289299306451612,0.3759029537003756
SVR,606,player_3,match_13,185.0,215.0,0.3118002080645161,0.35976181000750906
SVR,607,player_3,match_13,215.0,245.0,0.3580603419354838,0.37593184136306673
SVR,608,player_3,match_13,245.0,275.0,0.4557171241935484,0.4282553268096825
SVR,609,player_3,match_13,275.0,305.0,0.3425668338709677,0.36168097607335276
SVR,610,player_3,match_13,305.0,335.0,0.3511853032258064,0.4402690418635882
SVR,611,player_3,match_13,335.0,365.0,0.3792794516129031,0.41338107733191065
SVR,612,player_3,match_13,365.0,395.0,0.3578501048387096,0.3729322157883351
SVR,613,player_3,match_13,395.0,425.0,0.3078801193548387,0.4176814991584344
SVR,614,player_3,match_13,425.0,455.0,0.3287395096774193,0.34009061106515515
SVR,615,player_3,match_13,455.0,485.0,0.3821638967741935,0.40200097589569506
SVR,616,player_3,match_13,485.0,515.0,0.3466873387096774,0.35069822421720476
SVR,617,player_3,match_13,515.0,545.0,0.3102375758064516,0.43562895276842134
SVR,618,player_3,match_13,545.0,575.0,0.3276522177419354,0.39684561216833797
SVR,619,player_3,match_13,575.0,605.0,0.3520716709677418,0.4238866324361487
SVR,620,player_3,match_13,605.0,635.0,0.3152256758064516,0.3948237831539133
SVR,621,player_3,match_13,635.0,665.0,0.3598628661290322,0.3436903553688975
SVR,622,player_3,match_13,665.0,695.0,0.359101843548387,0.38911627409742255
SVR,623,player_3,match_13,695.0,725.0,0.3469617854838709,0.46619576220353764
SVR,624,player_3,match_13,725.0,755.0,0.3524468580645161,0.43243047181502076
SVR,625,player_3,match_13,755.0,785.0,0.3321925129032258,0.4167665461146053
SVR,626,player_3,match_13,785.0,815.0,0.3709659241935484,0.4412488744393379
SVR,627,player_3,match_13,815.0,845.0,0.3483519161290322,0.40349052809571195
SVR,628,player_3,match_13,845.0,875.0,0.3546726129032257,0.4108956445862774
SVR,629,player_3,match_13,875.0,905.0,0.3474160048387097,0.4058191218804961
SVR,630,player_3,match_13,905.0,935.0,0.3423207548387097,0.3777137180611928
SVR,631,player_3,match_13,935.0,965.0,0.3483044983870967,0.42812709589278364
SVR,632,player_3,match_13,965.0,995.0,0.3266472272401433,0.3967879902201926
SVR,633,player_3,match_13,995.0,1025.0,0.3334074863799283,0.3955381663806974
SVR,634,player_3,match_13,1025.0,1055.0,0.323217264516129,0.3653914962540133
SVR,635,player_3,match_13,1055.0,1085.0,0.308552164516129,0.36318567535430374
SVR,636,player_3,match_13,1085.0,1115.0,0.3111829096774192,0.3482797950105104
SVR,637,player_3,match_13,1115.0,1145.0,0.3479715870967742,0.35949169864312425
SVR,638,player_3,match_13,1145.0,1175.0,0.3405524612903226,0.3213699826113555
SVR,639,player_3,match_13,1175.0,1205.0,0.3372105629032257,0.36050277864779867
SVR,640,player_3,match_13,1205.0,1235.0,0.3157914903225806,0.4136285666205874
SVR,641,player_3,match_13,1235.0,1265.0,0.3268866564516128,0.3996978713125698
SVR,642,player_3,match_13,1265.0,1295.0,0.3247668370967741,0.4217052111811529
SVR,643,player_3,match_13,1295.0,1325.0,0.3608837370967741,0.401869113394053
SVR,644,player_3,match_13,1325.0,1355.0,0.3911609709677419,0.4094660082283035
SVR,645,player_3,match_13,1355.0,1385.0,0.3425233548387096,0.39277112792880065
SVR,646,player_3,match_13,1385.0,1415.0,0.4937061774193548,0.358854820808074
SVR,647,player_3,match_13,1415.0,1445.0,0.4025709661290322,0.41213714879102686
SVR,648,player_3,match_13,1445.0,1475.0,0.3101776241935483,0.3766135955915616
SVR,649,player_3,match_13,1475.0,1505.0,0.3444233564516128,0.38050674638778514
SVR,650,player_3,match_13,1505.0,1535.0,0.3442153467741935,0.37498957253718684
SVR,651,player_3,match_13,1535.0,1565.0,0.3300268532258064,0.35862598202064677
SVR,652,player_3,match_13,1565.0,1595.0,0.5734079725806451,0.36965260971370617
SVR,653,player_3,match_13,1595.0,1625.0,0.3820903112903225,0.389840171277893
SVR,654,player_3,match_13,1625.0,1655.0,0.3444525193548386,0.3304679066763086
SVR,655,player_3,match_13,1655.0,1685.0,0.3390658419354838,0.403492613128364
SVR,656,player_3,match_13,1685.0,1715.0,0.4530429177419354,0.3544767528845064
SVR,657,player_3,match_13,1715.0,1745.0,0.3660804564516129,0.38146190965424
SVR,658,player_3,match_13,1745.0,1775.0,0.3375916467741935,0.37159921918986033
SVR,659,player_3,match_13,1775.0,1805.0,0.3604707532258064,0.35317940172015394
SVR,660,player_3,match_13,1805.0,1835.0,0.4038150612903225,0.36880287308108983
SVR,661,player_3,match_13,1835.0,1865.0,0.3563674919354838,0.446181096803902
SVR,662,player_3,match_13,1865.0,1895.0,0.3435740499999999,0.42877681776649695
SVR,663,player_3,match_13,1895.0,1925.0,0.3767098,0.3357863270627982
SVR,664,player_3,match_13,1925.0,1955.0,0.3773525709677419,0.36302857994600607
SVR,665,player_3,match_13,1955.0,1985.0,0.3324288580645161,0.3672892489070731
SVR,666,player_3,match_13,1985.0,2015.0,0.4663374177419354,0.35206085028309514
SVR,667,player_3,match_13,2015.0,2045.0,0.3857469792114695,0.36913163105996194
SVR,668,player_3,match_13,2045.0,2075.0,0.3610912661290322,0.3589937768225151
SVR,1297,player_3,match_21,2.0,32.0,0.3669890354838709,0.34310529668543877
SVR,1298,player_3,match_21,32.0,62.0,0.3456523177419355,0.39203038701991394
SVR,1299,player_3,match_21,62.0,92.0,0.3505914516129031,0.3929440139111718
SVR,1300,player_3,match_21,92.0,122.0,0.3115286403225806,0.3133334516103589
SVR,1301,player_3,match_21,122.0,152.0,0.3180478177419354,0.33948579218526087
SVR,1302,player_3,match_21,152.0,182.0,0.3745705290322579,0.38015824211725574
SVR,1303,player_3,match_21,182.0,212.0,0.3594768806451612,0.31367055943499156
SVR,1304,player_3,match_21,212.0,242.0,0.3535580693548387,0.4033877764801211
SVR,1305,player_3,match_21,242.0,272.0,0.3792379709677419,0.36706065138392513
SVR,1306,player_3,match_21,272.0,302.0,0.3605857806451612,0.35861095312240837
SVR,1307,player_3,match_21,302.0,332.0,0.4395546516129032,0.35415341115945714
SVR,1308,player_3,match_21,332.0,362.0,0.4458765177419355,0.3273281413933369
SVR,1309,player_3,match_21,362.0,392.0,0.4798766903225806,0.39632589559219733
SVR,1310,player_3,match_21,392.0,422.0,0.4342216451612903,0.4054727434004215
SVR,1311,player_3,match_21,422.0,452.0,0.4009650725806452,0.38145549808807755
SVR,1312,player_3,match_21,452.0,482.0,0.4576769252688172,0.38440498234307396
SVR,1313,player_3,match_21,482.0,512.0,0.3430645951612903,0.3588930087582112
SVR,1314,player_3,match_21,512.0,542.0,0.4172735112903225,0.44245235817637923
SVR,1315,player_3,match_21,542.0,572.0,0.4032284838709677,0.4178008168796011
SVR,1316,player_3,match_21,572.0,602.0,0.3825146,0.4029612452821699
SVR,1317,player_3,match_21,602.0,632.0,0.3900239548387096,0.42831178537741144
SVR,1318,player_3,match_21,632.0,662.0,0.3547383258064516,0.3626597409058446
SVR,1319,player_3,match_21,662.0,692.0,0.3558563451612903,0.3647985408167932
SVR,1320,player_3,match_21,692.0,722.0,0.3852632161290322,0.35667928126880183
SVR,1321,player_3,match_21,722.0,752.0,0.3133045354838709,0.33637367528342726
SVR,1322,player_3,match_21,752.0,782.0,0.2778166548387096,0.3495260465588029
SVR,1323,player_3,match_21,782.0,812.0,0.3757601564516128,0.40488768043196216
SVR,1324,player_3,match_21,812.0,842.0,0.3641775838709677,0.35765854164660227
SVR,1325,player_3,match_21,842.0,872.0,0.3266585451612903,0.37067082107232696
SVR,1326,player_3,match_21,872.0,902.0,0.2961558564516128,0.35261944200822704
SVR,1327,player_3,match_21,902.0,932.0,0.3281638145161289,0.3120174590882799
SVR,1328,player_3,match_21,932.0,962.0,0.3837857096774193,0.44226647259351676
SVR,1329,player_3,match_21,962.0,992.0,0.4081830989247311,0.3983222355583053
SVR,1382,player_3,match_8,4.0,34.0,0.2867737333333333,0.37727284467062516
SVR,1383,player_3,match_8,34.0,64.0,0.3224119032258065,0.3425946864505049
SVR,1384,player_3,match_8,64.0,94.0,0.3168409580645161,0.3663635633979687
SVR,1385,player_3,match_8,94.0,124.0,0.2380993564516128,0.3131060511487147
SVR,1386,player_3,match_8,124.0,154.0,0.2257556677419354,0.30705585028007465
SVR,1387,player_3,match_8,154.0,184.0,0.2730701,0.2838596761187129
SVR,1388,player_3,match_8,184.0,214.0,0.2103354838709676,0.2659438023792528
SVR,1389,player_3,match_8,214.0,244.0,0.2507606387096773,0.337915388175536
SVR,1390,player_3,match_8,244.0,274.0,0.1996526387096774,0.320790442042431
SVR,1391,player_3,match_8,274.0,304.0,0.3189643467741935,0.3201512056999148
SVR,1392,player_3,match_8,304.0,334.0,0.2768238306451613,0.3148948406019636
SVR,1393,player_3,match_8,334.0,364.0,0.3001439612903225,0.3648618376838853
SVR,1394,player_3,match_8,364.0,394.0,0.2786879338709677,0.34218514984254866
SVR,1395,player_3,match_8,394.0,424.0,0.2435328903225805,0.3014284933219345
SVR,1396,player_3,match_8,424.0,454.0,0.1702869247311827,0.30695915688711484
SVR,1397,player_3,match_8,454.0,484.0,0.306578814516129,0.3064954283649407
SVR,1398,player_3,match_8,484.0,514.0,0.2767868774193548,0.29122142976498344
SVR,1399,player_3,match_8,514.0,544.0,0.250909214516129,0.3082825017438439
SVR,1400,player_3,match_8,544.0,574.0,0.3060971032258064,0.352305694835596
SVR,1401,player_3,match_8,574.0,604.0,0.2995785645161289,0.33995571121363416
SVR,1402,player_3,match_8,604.0,634.0,0.3648162435483871,0.3230163296982227
SVR,1403,player_3,match_8,634.0,664.0,0.2738658161290322,0.33069729358334976
SVR,1404,player_3,match_8,664.0,694.0,0.3464340290322579,0.31310448973878746
SVR,1405,player_3,match_8,694.0,724.0,0.3296180419354838,0.38846739281172044
SVR,1406,player_3,match_8,724.0,754.0,0.2870044354838709,0.2984603663398531
SVR,1407,player_3,match_8,754.0,784.0,0.3207690709677419,0.2871284869570374
SVR,1408,player_3,match_8,784.0,814.0,0.2845508758064516,0.30075092422320937
SVR,1409,player_3,match_8,814.0,844.0,0.3200196096774194,0.3568494719454918
SVR,1410,player_3,match_8,844.0,874.0,0.3216044274193548,0.35988399429664375
SVR,1411,player_3,match_8,874.0,904.0,0.3126179387096773,0.29878575609152147
SVR,1412,player_3,match_8,904.0,934.0,0.3606785193548386,0.2622678814330741
SVR,1413,player_3,match_8,934.0,964.0,0.385552229032258,0.35492682863337355
SVR,1414,player_3,match_8,964.0,994.0,0.3347774983870967,0.2790230491928339
SVR,1415,player_3,match_8,994.0,1024.0,0.3717777967741935,0.2897908439695765
SVR,1416,player_3,match_8,1024.0,1054.0,0.3365552725806451,0.3501930028524114
SVR,1417,player_3,match_8,1054.0,1084.0,0.3237554758064516,0.33604722303420986
SVR,1418,player_3,match_8,1084.0,1114.0,0.4643626887096774,0.3838387192815649
SVR,1419,player_3,match_8,1114.0,1144.0,0.3093228064516129,0.3357983228865106
SVR,1420,player_3,match_8,1144.0,1174.0,0.356843264516129,0.3931323777397348
SVR,1421,player_3,match_8,1174.0,1204.0,0.3551337338709677,0.3419528019393404
SVR,1422,player_3,match_8,1204.0,1234.0,0.2752174629032258,0.35845146917572657
SVR,1423,player_3,match_8,1234.0,1264.0,0.242902343548387,0.386238873079766
SVR,1424,player_3,match_8,1264.0,1294.0,0.3738273983870966,0.3147340902900743
SVR,1425,player_3,match_8,1294.0,1324.0,0.3141751016129032,0.34558152506832
SVR,1426,player_3,match_8,1324.0,1354.0,0.3341685548387096,0.38070931407626163
SVR,1427,player_3,match_8,1354.0,1384.0,0.3898067403225805,0.3268161496495251
SVR,1428,player_3,match_8,1384.0,1414.0,0.3246493258064516,0.3088276442089708
SVR,1429,player_3,match_8,1414.0,1444.0,0.2727682241935484,0.3232754054991762
SVR,1430,player_3,match_8,1444.0,1474.0,0.2527807983870968,0.3497216601817359
SVR,1431,player_3,match_8,1474.0,1504.0,0.3396483903225806,0.3398550564062376
SVR,1482,player_3,match_9,1.0,31.0,0.33529765,0.345267108909937
SVR,1483,player_3,match_9,31.0,61.0,0.3742693419354838,0.3405257927051781
SVR,1484,player_3,match_9,61.0,91.0,0.3546849516129031,0.3727591917815111
SVR,1485,player_3,match_9,91.0,121.0,0.3546658854838709,0.3694881156415696
SVR,1486,player_3,match_9,121.0,151.0,0.3238790596774193,0.36978354646682987
SVR,1487,player_3,match_9,151.0,181.0,0.4036772,0.37120628281585477
SVR,1488,player_3,match_9,181.0,211.0,0.3837763016129032,0.38361158099685466
SVR,1489,player_3,match_9,211.0,241.0,0.3465665532258064,0.3540629693752094
SVR,1490,player_3,match_9,241.0,271.0,0.317046764516129,0.38434853070526603
SVR,1491,player_3,match_9,271.0,301.0,0.3381844661290322,0.34590206034461324
SVR,1492,player_3,match_9,301.0,331.0,0.368675708064516,0.3315893040775711
SVR,1493,player_3,match_9,331.0,361.0,0.3779544048387097,0.3643122560759004
SVR,1494,player_3,match_9,361.0,391.0,0.3473830177419355,0.32724323619576734
SVR,1495,player_3,match_9,391.0,421.0,0.3446340870967742,0.32054332615815584
SVR,1496,player_3,match_9,421.0,451.0,0.3274053822580645,0.35331989128359026
SVR,1497,player_3,match_9,451.0,481.0,0.3398382387096774,0.3127934928274334
SVR,1498,player_3,match_9,481.0,511.0,0.4211915596774193,0.4038785075353796
SVR,1499,player_3,match_9,511.0,541.0,0.3921036999999999,0.36598348482081045
SVR,1500,player_3,match_9,541.0,571.0,0.3714641798387096,0.3333230620345427
SVR,1501,player_3,match_9,571.0,601.0,0.3447682870967742,0.3304986517302098
SVR,1502,player_3,match_9,601.0,631.0,0.3480073403225806,0.30423718554476054
SVR,1503,player_3,match_9,631.0,661.0,0.3573306774193548,0.3352906065787794
SVR,1504,player_3,match_9,661.0,691.0,0.4332546073476702,0.36195688981295987
SVR,1505,player_3,match_9,691.0,721.0,0.3730761193548387,0.35394512889844115
SVR,1506,player_3,match_9,721.0,751.0,0.3033966499999999,0.3331869465077867
SVR,1507,player_3,match_9,751.0,781.0,0.3180434161290322,0.34601627302888766
SVR,1508,player_3,match_9,781.0,811.0,0.4788181209677419,0.4032630912479666
SVR,1509,player_3,match_9,811.0,841.0,0.4453166193548386,0.2976889636450355
SVR,1510,player_3,match_9,841.0,871.0,0.3353647677419354,0.34185198466532996
SVR,1511,player_3,match_9,871.0,901.0,0.400662479032258,0.32496345527545273
SVR,1512,player_3,match_9,901.0,931.0,0.4410353741935483,0.35560198410254845
SVR,1513,player_3,match_9,931.0,961.0,0.461188043548387,0.3839806162593178
SVR,1514,player_3,match_9,961.0,991.0,0.4928181209677419,0.34818950208837907
SVR,89,player_4,match_10,9.0,39.0,0.3217799612903225,0.3520484094330661
SVR,90,player_4,match_10,39.0,69.0,0.2928451225806451,0.35204997492368106
SVR,91,player_4,match_10,69.0,99.0,0.3910603177419354,0.3520456606470601
SVR,92,player_4,match_10,99.0,129.0,0.3278932709677419,0.3520492783291464
SVR,93,player_4,match_10,129.0,159.0,0.4370787677419354,0.3520505118245267
SVR,94,player_4,match_10,159.0,189.0,0.3937881016129031,0.35204123952938454
SVR,95,player_4,match_10,189.0,219.0,0.1685731397849462,0.3520433667352224
SVR,308,player_4,match_11,168.0,198.0,0.3842112951612904,0.35204196784407654
SVR,309,player_4,match_11,198.0,228.0,0.4058162451612903,0.35205561970744764
SVR,310,player_4,match_11,228.0,258.0,0.4038188241935483,0.35205244027629784
SVR,311,player_4,match_11,258.0,288.0,0.3873129274193548,0.35200280458711936
SVR,312,player_4,match_11,288.0,318.0,0.3955306419354838,0.35203955667007775
SVR,313,player_4,match_11,318.0,348.0,0.4709272048387096,0.3520383660338294
SVR,314,player_4,match_11,348.0,378.0,0.5832202322580645,0.35203024852715675
SVR,315,player_4,match_11,378.0,408.0,0.4728050080645161,0.3520479791733856
SVR,316,player_4,match_11,408.0,438.0,0.413562829032258,0.35202992178089965
SVR,317,player_4,match_11,438.0,468.0,0.4762296290322581,0.3520232035820132
SVR,318,player_4,match_11,468.0,498.0,0.4215463322580645,0.35202981808333283
SVR,319,player_4,match_11,498.0,528.0,0.3882374032258064,0.3520189708159194
SVR,320,player_4,match_11,528.0,558.0,0.3935791387096774,0.3520504158339539
SVR,321,player_4,match_11,558.0,588.0,0.4332609403225805,0.35202441317242794
SVR,322,player_4,match_11,588.0,618.0,0.475627679032258,0.3520355014960178
SVR,323,player_4,match_11,618.0,648.0,0.4024941677419354,0.3520307530184386
SVR,324,player_4,match_11,648.0,678.0,0.4430050919354839,0.3520526426243629
SVR,325,player_4,match_11,678.0,708.0,0.4159376048387097,0.3520504929462312
SVR,326,player_4,match_11,708.0,738.0,0.3945401516129031,0.3520187254579294
SVR,327,player_4,match_11,738.0,768.0,0.4259119580645161,0.35198931402734773
SVR,328,player_4,match_11,768.0,798.0,0.4030253258064515,0.35198031464381524
SVR,329,player_4,match_11,798.0,828.0,0.3907230725806451,0.35202019822485614
SVR,330,player_4,match_11,828.0,858.0,0.4226385591397849,0.3520506231992055
SVR,331,player_4,match_11,858.0,888.0,0.448481229032258,0.3520336828203114
SVR,332,player_4,match_11,888.0,918.0,0.4334815274193548,0.3520492115026138
SVR,333,player_4,match_11,918.0,948.0,0.4083821870967742,0.3520523326089038
SVR,334,player_4,match_11,948.0,978.0,0.4190907564516129,0.3520288274075938
SVR,335,player_4,match_11,978.0,1008.0,0.429247764516129,0.3520442634666745
SVR,336,player_4,match_11,1008.0,1038.0,0.4780028752688172,0.352035568356377
SVR,337,player_4,match_11,1038.0,1068.0,0.4410169193548386,0.3520303498489079
SVR,338,player_4,match_11,1068.0,1098.0,0.4612133919354839,0.3520144803700795
SVR,339,player_4,match_11,1098.0,1128.0,0.3906026505376343,0.35195800805117977
SVR,340,player_4,match_11,1128.0,1158.0,0.4279749279569892,0.35202254296290464
SVR,341,player_4,match_11,1158.0,1188.0,0.5070420774193549,0.35202736815444424
SVR,342,player_4,match_11,1188.0,1218.0,0.5153815080645161,0.35201832935225424
SVR,343,player_4,match_11,1218.0,1248.0,0.428450079032258,0.352030022596219
SVR,344,player_4,match_11,1248.0,1278.0,0.3750276177419355,0.3520249278719485
SVR,345,player_4,match_11,1278.0,1308.0,0.3954101774193548,0.3520427394439854
SVR,346,player_4,match_11,1308.0,1338.0,0.4079895161290322,0.35204400502590705
SVR,347,player_4,match_11,1338.0,1368.0,0.4018140806451612,0.35204263747475834
SVR,348,player_4,match_11,1368.0,1398.0,0.3403397758064516,0.35202896718988225
SVR,349,player_4,match_11,1398.0,1428.0,0.4415285564516128,0.35200056091699927
SVR,350,player_4,match_11,1428.0,1458.0,0.4619110403225805,0.3520331686169873
SVR,351,player_4,match_11,1458.0,1488.0,0.4448537112903226,0.3520426179815549
SVR,352,player_4,match_11,1488.0,1518.0,0.5368804637096773,0.3520514147822874
SVR,353,player_4,match_11,1518.0,1548.0,0.3442471387096774,0.3520350200248927
SVR,354,player_4,match_11,1548.0,1578.0,0.4269378112903225,0.3520056687878457
SVR,355,player_4,match_11,1578.0,1608.0,0.3956674516129032,0.35204163442566855
SVR,356,player_4,match_11,1608.0,1638.0,0.3750901629032258,0.3520420363469375
SVR,357,player_4,match_11,1638.0,1668.0,0.4173886274193548,0.35202689604017057
SVR,358,player_4,match_11,1668.0,1698.0,0.4143237946236558,0.3520416994839076
SVR,359,player_4,match_11,1698.0,1728.0,0.4375127612903225,0.3520497294985082
SVR,360,player_4,match_11,1728.0,1758.0,0.3816933838709676,0.35203314239122613
SVR,361,player_4,match_11,1758.0,1788.0,0.3879063499999999,0.35205102813307565
SVR,362,player_4,match_11,1788.0,1818.0,0.3840723258064515,0.35202997905254657
SVR,363,player_4,match_11,1818.0,1848.0,0.4074549297235023,0.35204059129605586
SVR,364,player_4,match_11,1848.0,1878.0,0.491157072580645,0.3520400154593951
SVR,365,player_4,match_11,1878.0,1908.0,0.377877913489736,0.3520379021992351
SVR,366,player_4,match_11,1908.0,1938.0,0.3828979322580644,0.3520519511100388
SVR,367,player_4,match_11,1938.0,1968.0,0.3768100806451613,0.35205119517940187
SVR,368,player_4,match_11,1968.0,1998.0,0.3784119387096774,0.35203986006059435
SVR,369,player_4,match_11,1998.0,2028.0,0.3779958564516128,0.3520330215352522
SVR,370,player_4,match_11,2028.0,2058.0,0.3968446774193548,0.3520309468416491
SVR,371,player_4,match_11,2058.0,2088.0,0.4261899580645161,0.3520426757235059
SVR,372,player_4,match_11,2088.0,2118.0,0.418223622580645,0.3520262528155986
SVR,373,player_4,match_11,2118.0,2148.0,0.389275564516129,0.3520499751177156
SVR,374,player_4,match_11,2148.0,2178.0,0.4169403177419354,0.3520497292576865
SVR,375,player_4,match_11,2178.0,2208.0,0.3932120403225806,0.35203889349820267
SVR,448,player_4,match_12,236.0,266.0,0.3623836822580645,0.35204955114221476
SVR,449,player_4,match_12,266.0,296.0,0.3702193693548387,0.351992634591996
SVR,450,player_4,match_12,296.0,326.0,0.3490734274193549,0.35203076230714403
SVR,451,player_4,match_12,326.0,356.0,0.3996911016129032,0.3520281524887355
SVR,452,player_4,match_12,356.0,386.0,0.3284608209677419,0.3520306975311123
SVR,453,player_4,match_12,386.0,416.0,0.4272166354838709,0.35203372985535764
SVR,454,player_4,match_12,416.0,446.0,0.441558479032258,0.35203057878524097
SVR,455,player_4,match_12,446.0,476.0,0.4257332451612903,0.3520232208634808
SVR,456,player_4,match_12,476.0,506.0,0.3800015161290322,0.35201451154868557
SVR,457,player_4,match_12,506.0,536.0,0.3585309838709677,0.35202016492493
SVR,458,player_4,match_12,536.0,566.0,0.4354185322580645,0.35201441296765185
SVR,459,player_4,match_12,566.0,596.0,0.457104458064516,0.35199373149216867
SVR,460,player_4,match_12,596.0,626.0,0.4273867548387096,0.35200163025081066
SVR,461,player_4,match_12,626.0,656.0,0.3503060967741934,0.35200359058244424
SVR,462,player_4,match_12,656.0,686.0,0.3833928499999999,0.35199548099893074
SVR,463,player_4,match_12,686.0,716.0,0.3904234741935484,0.35200206838135645
SVR,464,player_4,match_12,716.0,746.0,0.4298751596774193,0.3519964416047665
SVR,465,player_4,match_12,746.0,776.0,0.428139087096774,0.35200652778351504
SVR,466,player_4,match_12,776.0,806.0,0.3894983064516129,0.35201434636649737
SVR,467,player_4,match_12,806.0,836.0,0.3534890854838709,0.3519868471867736
SVR,468,player_4,match_12,836.0,866.0,0.3911594774193548,0.35204526456741914
SVR,469,player_4,match_12,866.0,896.0,0.4145624822580644,0.35204316778359407
SVR,669,player_4,match_13,134.0,164.0,0.366750979032258,0.3684854286635052
SVR,670,player_4,match_13,164.0,194.0,0.3624990887096774,0.3262631749361104
SVR,671,player_4,match_13,194.0,224.0,0.352512693548387,0.35810283711621627
SVR,672,player_4,match_13,224.0,254.0,0.3564580935483871,0.3521108639056035
SVR,673,player_4,match_13,254.0,284.0,0.3309110451612903,0.39406407315726333
SVR,674,player_4,match_13,284.0,314.0,0.3915517903225806,0.34144718551053044
SVR,675,player_4,match_13,314.0,344.0,0.4298870338709677,0.36477919440387147
SVR,676,player_4,match_13,344.0,374.0,0.4176532709677419,0.4095307763125622
SVR,677,player_4,match_13,374.0,404.0,0.3779788451612903,0.3643937089722154
SVR,678,player_4,match_13,404.0,434.0,0.4283153661290322,0.36271991555872407
SVR,679,player_4,match_13,434.0,464.0,0.382800129032258,0.392850582494248
SVR,680,player_4,match_13,464.0,494.0,0.4168474403225806,0.37067190155396634
SVR,681,player_4,match_13,494.0,524.0,0.3807065758064516,0.3866392804042267
SVR,682,player_4,match_13,524.0,554.0,0.4227452580645161,0.34653988162792976
SVR,683,player_4,match_13,554.0,584.0,0.4064318279569892,0.3801525612756427
SVR,684,player_4,match_13,584.0,614.0,0.3609130483870967,0.35205493004513316
SVR,685,player_4,match_13,614.0,644.0,0.4888476727598565,0.35561186991769994
SVR,686,player_4,match_13,644.0,674.0,0.4908945209677419,0.3820176274950505
SVR,687,player_4,match_13,674.0,704.0,0.4348001161290322,0.3741729111530569
SVR,688,player_4,match_13,704.0,734.0,0.427643643548387,0.39201287813054775
SVR,689,player_4,match_13,734.0,764.0,0.4198529306451612,0.34821782083980435
SVR,690,player_4,match_13,764.0,794.0,0.3750722806451613,0.37342318923691287
SVR,691,player_4,match_13,794.0,824.0,0.2947397709677419,0.3817669834901569
SVR,692,player_4,match_13,824.0,854.0,0.4280808758064516,0.3781554660759036
SVR,693,player_4,match_13,854.0,884.0,0.415344908064516,0.3629217185769543
SVR,694,player_4,match_13,884.0,914.0,0.3840966193548386,0.38716936505088173
SVR,695,player_4,match_13,914.0,944.0,0.4180323548387097,0.3916659069120815
SVR,696,player_4,match_13,944.0,974.0,0.4621011903225805,0.36294095484701633
SVR,697,player_4,match_13,974.0,1004.0,0.4107305645161289,0.35640285794211657
SVR,698,player_4,match_13,1004.0,1034.0,0.4295765107526881,0.34032172461228677
SVR,699,player_4,match_13,1034.0,1064.0,0.4894602967741935,0.36019791383144917
SVR,700,player_4,match_13,1064.0,1094.0,0.4890407419354838,0.3575743536763658
SVR,701,player_4,match_13,1094.0,1124.0,0.4325143999999999,0.3917274846201619
SVR,702,player_4,match_13,1124.0,1154.0,0.4059713709677419,0.38216301912743855
SVR,703,player_4,match_13,1154.0,1184.0,0.4018455499999999,0.397442659059567
SVR,704,player_4,match_13,1184.0,1214.0,0.4696028661290322,0.3623492818062285
SVR,705,player_4,match_13,1214.0,1244.0,0.4621412096774193,0.3588308128233723
SVR,706,player_4,match_13,1244.0,1274.0,0.3845204693548387,0.36043607633459207
SVR,707,player_4,match_13,1274.0,1304.0,0.3340003566308243,0.4024474219968431
SVR,708,player_4,match_13,1304.0,1334.0,0.4043534483870967,0.3520055131743171
SVR,709,player_4,match_13,1334.0,1364.0,0.371750114516129,0.3861454086139189
SVR,710,player_4,match_13,1364.0,1394.0,0.4122716016129032,0.37181536243435487
SVR,711,player_4,match_13,1394.0,1424.0,0.3915227935483871,0.35854629462682236
SVR,712,player_4,match_13,1424.0,1454.0,0.3739972612903226,0.356207544487767
SVR,713,player_4,match_13,1454.0,1484.0,0.4081507080645161,0.3426438951156181
SVR,714,player_4,match_13,1484.0,1514.0,0.4723563999999999,0.37119243068003
SVR,715,player_4,match_13,1514.0,1544.0,0.4062820209677418,0.3932545875609593
SVR,716,player_4,match_13,1544.0,1574.0,0.4087842096774193,0.36004008513677666
SVR,717,player_4,match_13,1574.0,1604.0,0.4999228516129032,0.3847937709758971
SVR,718,player_4,match_13,1604.0,1634.0,0.474066529032258,0.3736540614824083
SVR,719,player_4,match_13,1634.0,1664.0,0.3784953629032257,0.38071124153694325
SVR,720,player_4,match_13,1664.0,1694.0,0.3294626306451612,0.3863820764889697
SVR,721,player_4,match_13,1694.0,1724.0,0.4156032951612903,0.36846621275294444
SVR,722,player_4,match_13,1724.0,1754.0,0.4257821451612902,0.368325483618615
SVR,723,player_4,match_13,1754.0,1784.0,0.4024596306451612,0.3790682972255749
SVR,724,player_4,match_13,1784.0,1814.0,0.328244343548387,0.38189167956650055
SVR,725,player_4,match_13,1814.0,1844.0,0.3405583,0.3564418203303781
SVR,726,player_4,match_13,1844.0,1874.0,0.4143364048387096,0.36350492847862137
SVR,727,player_4,match_13,1874.0,1904.0,0.4840867612903226,0.3607731968886966
SVR,728,player_4,match_13,1904.0,1934.0,0.369382964516129,0.35945508249417635
SVR,729,player_4,match_13,1934.0,1964.0,0.4041648241935484,0.36751367555662057
SVR,730,player_4,match_13,1964.0,1994.0,0.3434776064516129,0.40439107517398437
SVR,731,player_4,match_13,1994.0,2024.0,0.3997559177419354,0.36568523168895944
SVR,732,player_4,match_13,2024.0,2054.0,0.3138108548387097,0.3791778513364819
SVR,733,player_4,match_13,2054.0,2084.0,0.3317083516129032,0.3520510483550278
SVR,833,player_4,match_14,386.0,416.0,0.405148514516129,0.3518399520205863
SVR,834,player_4,match_14,416.0,446.0,0.3932071975806451,0.35202683529293016
SVR,835,player_4,match_14,446.0,476.0,0.3884511261520736,0.35200486040109497
SVR,836,player_4,match_14,476.0,506.0,0.3836950547235022,0.3519682356344516
SVR,837,player_4,match_14,506.0,536.0,0.3789389832949308,0.3519221286081803
SVR,838,player_4,match_14,536.0,566.0,0.3756097332949308,0.3519522989252833
SVR,839,player_4,match_14,566.0,596.0,0.3930877580645161,0.3519917157140175
SVR,840,player_4,match_14,596.0,626.0,0.377830679032258,0.3519048623235616
SVR,841,player_4,match_14,626.0,656.0,0.3831889322580645,0.35181670513901026
SVR,842,player_4,match_14,656.0,686.0,0.4224506612903225,0.3519018490493077
SVR,843,player_4,match_14,686.0,716.0,0.3805634838709677,0.3519588173231908
SVR,844,player_4,match_14,716.0,746.0,0.3789224693548386,0.35194985945590557
SVR,845,player_4,match_14,746.0,776.0,0.3775421354838709,0.3518527973893875
SVR,846,player_4,match_14,776.0,806.0,0.3891524322580645,0.3519201639839009
SVR,847,player_4,match_14,806.0,836.0,0.374085243548387,0.35184354388630495
SVR,848,player_4,match_14,836.0,866.0,0.3737445677419355,0.35185804137020593
SVR,849,player_4,match_14,866.0,896.0,0.37754,0.35196740132097376
SVR,850,player_4,match_14,896.0,926.0,0.369730114516129,0.35194288018379266
SVR,851,player_4,match_14,926.0,956.0,0.3745211730205278,0.3519539275699995
SVR,852,player_4,match_14,956.0,986.0,0.3808013306451612,0.3519565667671793
SVR,853,player_4,match_14,986.0,1016.0,0.3776010967741935,0.3520478491936992
SVR,854,player_4,match_14,1016.0,1046.0,0.3998627822580645,0.3520106892725684
SVR,855,player_4,match_14,1046.0,1076.0,0.5312633096774193,0.3519056125794935
SVR,856,player_4,match_14,1076.0,1106.0,0.3963917564516129,0.3520537208005573
SVR,857,player_4,match_14,1106.0,1136.0,0.377594408064516,0.35200666066988895
SVR,858,player_4,match_14,1136.0,1166.0,0.3680299129032257,0.35194057592357997
SVR,859,player_4,match_14,1166.0,1196.0,0.3781662887096773,0.35185744790669826
SVR,860,player_4,match_14,1196.0,1226.0,0.3847059193548386,0.35192160041000264
SVR,861,player_4,match_14,1226.0,1256.0,0.3984853483870967,0.35197768444728106
SVR,862,player_4,match_14,1256.0,1286.0,0.3775004548387096,0.35193839646318337
SVR,863,player_4,match_14,1286.0,1316.0,0.3775998919354838,0.351863847121066
SVR,864,player_4,match_14,1316.0,1346.0,0.37754,0.3519694882478577
SVR,865,player_4,match_14,1346.0,1376.0,0.37754,0.3520069269243449
SVR,866,player_4,match_14,1376.0,1406.0,0.3777298225806451,0.3520029728239639
SVR,867,player_4,match_14,1406.0,1436.0,0.367695179032258,0.35204909779666244
SVR,868,player_4,match_14,1436.0,1466.0,0.3880869,0.3519732421336117
SVR,869,player_4,match_14,1466.0,1496.0,0.3906062419354839,0.35198859931745385
SVR,870,player_4,match_14,1496.0,1526.0,0.3775400096774193,0.35201017051049943
SVR,871,player_4,match_14,1526.0,1556.0,0.37754,0.3519965679508
SVR,872,player_4,match_14,1556.0,1586.0,0.3696757516129031,0.3520149935036794
SVR,873,player_4,match_14,1586.0,1616.0,0.3824956403225806,0.3520243291345772
SVR,874,player_4,match_14,1616.0,1646.0,0.37754,0.3520466731861863
SVR,875,player_4,match_14,1646.0,1676.0,0.37754,0.35203303782979883
SVR,876,player_4,match_14,1676.0,1706.0,0.3819723225806452,0.3520254301064146
SVR,877,player_4,match_14,1706.0,1736.0,0.3797491370967741,0.352007469163155
SVR,878,player_4,match_14,1736.0,1766.0,0.3757101677419354,0.35203544034211437
SVR,879,player_4,match_14,1766.0,1796.0,0.3756249609507639,0.3520529693510083
SVR,880,player_4,match_14,1796.0,1826.0,0.3942242084889643,0.3520427949540581
SVR,881,player_4,match_14,1826.0,1856.0,0.37754,0.3520510005112665
SVR,1432,player_4,match_8,3.0,33.0,0.2936402661290322,0.3520440164724904
SVR,1433,player_4,match_8,33.0,63.0,0.2337888903225806,0.35204946218511124
SVR,1434,player_4,match_8,63.0,93.0,0.2387624322580644,0.35204101487021955
SVR,1435,player_4,match_8,93.0,123.0,0.2585965112903226,0.35204813298153526
SVR,1436,player_4,match_8,123.0,153.0,0.1856127354838709,0.3520443199594006
SVR,1437,player_4,match_8,153.0,183.0,0.2244420725806451,0.35204230696628985
SVR,1438,player_4,match_8,183.0,213.0,0.2791424451612903,0.3520398659775166
SVR,1439,player_4,match_8,213.0,243.0,0.280498814516129,0.352047849055872
SVR,1440,player_4,match_8,243.0,273.0,0.2254200951612903,0.3520403707106696
SVR,1441,player_4,match_8,273.0,303.0,0.2321811870967741,0.3520467586562109
SVR,1442,player_4,match_8,303.0,333.0,0.2412346677419354,0.35203918688712105
SVR,1443,player_4,match_8,333.0,363.0,0.3085772112903225,0.35203610344858394
SVR,1444,player_4,match_8,363.0,393.0,0.3894644483870968,0.3520470356300358
SVR,1445,player_4,match_8,393.0,423.0,0.3108899806451612,0.3520469622365624
SVR,1446,player_4,match_8,423.0,453.0,0.3475553870967742,0.3520449519041794
SVR,1447,player_4,match_8,453.0,483.0,0.3402289983870967,0.3520390619667858
SVR,1448,player_4,match_8,483.0,513.0,0.4374144387096774,0.3520350218140995
SVR,1449,player_4,match_8,513.0,543.0,0.4074272322580645,0.35203742373030905
SVR,1450,player_4,match_8,543.0,573.0,0.3671605225806451,0.3520486832394053
SVR,1451,player_4,match_8,573.0,603.0,0.462001229032258,0.3520506448360226
SVR,1452,player_4,match_8,603.0,633.0,0.2885247564516129,0.35204227943349076
SVR,1453,player_4,match_8,633.0,663.0,0.3292853935483871,0.35205054354695764
SVR,1454,player_4,match_8,663.0,693.0,0.4571119806451613,0.35204397057280834
SVR,1455,player_4,match_8,693.0,723.0,0.345162040860215,0.35204156072834775
SVR,1456,player_4,match_8,723.0,753.0,0.3520294903225806,0.3520406371208277
SVR,1457,player_4,match_8,753.0,783.0,0.319706914516129,0.352042663649074
SVR,1458,player_4,match_8,783.0,813.0,0.3719317096774193,0.3520432984891063
SVR,1459,player_4,match_8,813.0,843.0,0.3440492451612902,0.35203882892839566
SVR,1460,player_4,match_8,843.0,873.0,0.4413690096774193,0.3520435215230382
SVR,1461,player_4,match_8,873.0,903.0,0.5348753854838709,0.352050787026434
SVR,1462,player_4,match_8,903.0,933.0,0.5216585983870968,0.3520493830344925
SVR,1463,player_4,match_8,933.0,963.0,0.4585932709677418,0.3520442147152693
SVR,1464,player_4,match_8,963.0,993.0,0.3480824774193548,0.35205060286977236
SVR,1465,player_4,match_8,993.0,1023.0,0.4307672241935483,0.35204640078303073
SVR,1466,player_4,match_8,1023.0,1053.0,0.6003164032258064,0.3520459743953862
SVR,1467,player_4,match_8,1053.0,1083.0,0.4401362887096773,0.3520504928534689
SVR,1468,player_4,match_8,1083.0,1113.0,0.4283666467741935,0.3520390575252245
SVR,1469,player_4,match_8,1113.0,1143.0,0.478429317204301,0.3520472654495773
SVR,1470,player_4,match_8,1143.0,1173.0,0.4842511612903225,0.3520397367397248
SVR,1471,player_4,match_8,1173.0,1203.0,0.5376216354838709,0.3520504975911706
SVR,1472,player_4,match_8,1203.0,1233.0,0.4296513903225806,0.352051024952849
SVR,1473,player_4,match_8,1233.0,1263.0,0.5108459354838709,0.3520473967487132
SVR,1474,player_4,match_8,1263.0,1293.0,0.4504216467741935,0.3520462503946868
SVR,1475,player_4,match_8,1293.0,1323.0,0.3596913080645161,0.3520459425694215
SVR,1476,player_4,match_8,1323.0,1353.0,0.3339856580645161,0.35204515526985064
SVR,1477,player_4,match_8,1353.0,1383.0,0.3750152580645161,0.3520483443222403
SVR,1478,player_4,match_8,1383.0,1413.0,0.4615939112903225,0.35204612463220447
SVR,1479,player_4,match_8,1413.0,1443.0,0.2335161774193548,0.3520504996864242
SVR,1480,player_4,match_8,1443.0,1473.0,0.321098814516129,0.352049883578598
SVR,1481,player_4,match_8,1473.0,1503.0,0.44420675,0.3520488914316531
SVR,1515,player_4,match_9,9.0,39.0,0.4239898887096774,0.35204065778098675
SVR,1516,player_4,match_9,39.0,69.0,0.3739965903225806,0.3520457008419416
SVR,1517,player_4,match_9,69.0,99.0,0.3716395580645161,0.35204188315592067
SVR,1518,player_4,match_9,99.0,129.0,0.4017635564516129,0.3520436227450285
SVR,1519,player_4,match_9,129.0,159.0,0.4971047661290322,0.3520472688229047
SVR,1520,player_4,match_9,159.0,189.0,0.3686038741935483,0.3520449267595058
SVR,1521,player_4,match_9,189.0,219.0,0.3476745096774193,0.3520488041547459
SVR,1522,player_4,match_9,219.0,249.0,0.3680411629032258,0.3520477537172363
SVR,1523,player_4,match_9,249.0,279.0,0.3407845483870967,0.3520506603109621
SVR,1524,player_4,match_9,279.0,309.0,0.3837451451612902,0.3520518614960681
SVR,1525,player_4,match_9,309.0,339.0,0.3621322161290322,0.35204927985858914
SVR,1526,player_4,match_9,339.0,369.0,0.4526585064516129,0.352049468992477
SVR,1527,player_4,match_9,369.0,399.0,0.3755813580645161,0.3520489555786346
SVR,1528,player_4,match_9,399.0,429.0,0.4819621903225806,0.35205048517465504
SVR,1529,player_4,match_9,429.0,459.0,0.3414929295698924,0.35204727629727595
SVR,1530,player_4,match_9,459.0,489.0,0.4011424741935483,0.3520504886117626
SVR,1531,player_4,match_9,489.0,519.0,0.3668874193548386,0.35205039941199306
SVR,1532,player_4,match_9,519.0,549.0,0.4462699548387095,0.3520423954743933
SVR,1533,player_4,match_9,549.0,579.0,0.3921005677419354,0.35204395578297476
SVR,1534,player_4,match_9,579.0,609.0,0.3451927499999999,0.3520440762961956
SVR,1535,player_4,match_9,609.0,639.0,0.3739440629032258,0.35204873231640316
SVR,1536,player_4,match_9,639.0,669.0,0.3175080225806451,0.35204509235622294
SVR,1537,player_4,match_9,669.0,699.0,0.3284608822580644,0.3520454959364538
SVR,1538,player_4,match_9,699.0,729.0,0.3103561016129031,0.3520474626293929
SVR,1539,player_4,match_9,729.0,759.0,0.3383057854838709,0.3520456092751847
SVR,1540,player_4,match_9,759.0,789.0,0.3636210725806451,0.35204930474418994
SVR,1541,player_4,match_9,789.0,819.0,0.4444937193548386,0.3520453591481183
SVR,1542,player_4,match_9,819.0,849.0,0.4620974139784946,0.35204779570253575
SVR,1543,player_4,match_9,849.0,879.0,0.3245619886148008,0.35205048859045596
SVR,1544,player_4,match_9,879.0,909.0,0.2481818625237191,0.35204929636248206
SVR,1545,player_4,match_9,909.0,939.0,0.3647371741935483,0.3520500407125704
SVR,1546,player_4,match_9,939.0,969.0,0.3781964322580644,0.3520484765263704
SVR,1547,player_4,match_9,969.0,999.0,0.4294712465437788,0.3520488851019397
