selected_model,player_folder,match_id,window_start,window_end,actual_stress,predicted_stress,stress_baseline,stress_deviation,stress_ratio,stress_state
Extra Trees,player_1,match_0,0.0,30.0,0.3089558967741935,0.372517161085039,,,,Insufficient Baseline
Extra Trees,player_1,match_0,30.0,60.0,0.293013805734767,0.3696645127852098,0.372517161085039,-0.00285264829982923,0.9923422365522161,Normal
Extra Trees,player_1,match_0,60.0,90.0,0.3186742338709677,0.3637837084404524,0.3710908369351244,-0.007307128494672022,0.9803090570626256,Normal
Extra Trees,player_1,match_0,90.0,120.0,0.3088151419354837,0.3545372294015146,0.3696645127852098,-0.015127283383695178,0.9590783457418733,Normal
Extra Trees,player_1,match_0,120.0,150.0,0.2586407629032257,0.364510489975732,0.36672411061283106,-0.0022136206370990674,0.9939637984712816,Normal
Extra Trees,player_1,match_0,150.0,180.0,0.2626157370967741,0.3611230223007243,0.364510489975732,-0.0033874676750076937,0.9907068033207131,Normal
Extra Trees,player_1,match_0,180.0,210.0,0.2673253306451613,0.3662579621442444,0.3641470992080922,0.0021108629361522024,1.0057967314328267,Elevated
Extra Trees,player_1,match_0,210.0,240.0,0.262403414516129,0.3621818617066234,0.364510489975732,-0.002328628269108568,0.9936116289293524,Normal
Extra Trees,player_1,match_0,240.0,270.0,0.284407179032258,0.3665083563397392,0.3641470992080922,0.002361257131647032,1.0064843496948954,Elevated
Extra Trees,player_1,match_0,270.0,300.0,0.2913860887096773,0.3702479683223522,0.364510489975732,0.005737478346620195,1.0157402283456978,High
Extra Trees,player_1,match_0,300.0,330.0,0.2618468435483871,0.3607837062714807,0.3653842260599882,-0.004600519788507507,0.9874090903208498,Normal
Extra Trees,player_1,match_0,330.0,360.0,0.2690541677419354,0.3550045934083518,0.3641470992080922,-0.009142505799740408,0.9748933718828942,Normal
Extra Trees,player_1,match_0,360.0,390.0,0.2794713403225806,0.3689163513477776,0.3629827850735379,0.005933566274239743,1.0163466878271863,High
Extra Trees,player_1,match_0,390.0,420.0,0.3035584258064515,0.3653411327177579,0.3633461758411777,0.001994956876580245,1.0054905129301601,Elevated
Extra Trees,player_1,match_0,420.0,450.0,0.2994459048387096,0.3675744141670494,0.36492581134674495,0.0026486028203044354,1.0072579213033188,Elevated
Extra Trees,player_1,match_0,450.0,480.0,0.2647599161290321,0.369302756221059,0.3657995474310012,0.0035032087900578324,1.0095768538114953,High
Extra Trees,player_1,match_0,480.0,510.0,0.3334233080645161,0.3751428538663647,0.36638315924199183,0.008759694624372871,1.0239085623981619,High
Extra Trees,player_1,match_0,510.0,540.0,0.2825128983870967,0.3680145495977058,0.3670413852533943,0.0009731643443114946,1.0026513749768018,Elevated
Extra Trees,player_1,match_0,540.0,570.0,0.2714513209677418,0.3680564208417576,0.3677944818823776,0.00026193895937998146,1.0007121883885788,Elevated
Extra Trees,player_1,match_0,570.0,600.0,0.2878617693548387,0.3663025491930892,0.36803548521973173,-0.0017329360266425398,0.995291388748539,Normal
Extra Trees,player_1,match_0,600.0,630.0,0.3189576483870967,0.3635508540834457,0.3677944818823776,-0.004243627798931948,0.9884619590342602,Normal
Extra Trees,player_1,match_0,630.0,660.0,0.2880222548387097,0.3627650888201577,0.3677944818823776,-0.0050293930622199445,0.9863255342046475,Normal
Extra Trees,player_1,match_0,660.0,690.0,0.2710485612903225,0.3664054996442722,0.3677944818823776,-0.0013889822381054073,0.9962234826607606,Normal
Extra Trees,player_1,match_0,690.0,720.0,0.2761948435483871,0.3653484153686147,0.36698995690566083,-0.001641541537046154,0.9955270123714363,Normal
Extra Trees,player_1,match_0,720.0,750.0,0.3103824580645161,0.3706927281102759,0.36698995690566083,0.0037027712046150962,1.010089570940403,High
Extra Trees,player_1,match_0,750.0,780.0,0.2959241612903225,0.3725788394198586,0.367210024620989,0.005368814798869581,1.0146205561909998,High
Extra Trees,player_1,match_0,780.0,810.0,0.2792054548387096,0.3725295195155264,0.367210024620989,0.005319494894537369,1.0144862463927227,High
Extra Trees,player_1,match_0,810.0,840.0,0.4803356887096774,0.3712191362688985,0.367210024620989,0.0040091116479095135,1.010917761986611,High
Extra Trees,player_1,match_0,840.0,870.0,0.4701610854838709,0.3703501104636836,0.36723096024301494,0.003119150220668665,1.0084937016710263,High
Extra Trees,player_1,match_0,870.0,900.0,0.4655304225806451,0.3741305652224448,0.3683778050539779,0.0057527601684669305,1.0156164679020876,High
Extra Trees,player_1,match_0,900.0,930.0,0.2989577419354838,0.3661273055936552,0.3705214192869798,-0.004394113693324597,0.9881407296188692,Normal
Extra Trees,player_1,match_1,7.0,37.0,0.326792464516129,0.3651885147111792,,,,Insufficient Baseline
Extra Trees,player_1,match_1,37.0,67.0,0.3146942025089605,0.3596519573881016,0.3651885147111792,-0.005536557323077618,0.9848391800397766,Normal
Extra Trees,player_1,match_1,67.0,97.0,0.327580964516129,0.3657984274661196,0.36242023604964035,0.0033781914164792703,1.0093211997577767,High
Extra Trees,player_1,match_1,97.0,127.0,0.3033205887096774,0.363135959979778,0.3651885147111792,-0.0020525547314012016,0.994379465265975,Normal
Extra Trees,player_1,match_1,127.0,157.0,0.2627608532258064,0.3653974684818955,0.3641622373454786,0.0012352311364169366,1.003391980303672,Elevated
Extra Trees,player_1,match_1,157.0,187.0,0.2688933999999999,0.3621823737378914,0.3651885147111792,-0.003006140973287774,0.9917682488572641,Normal
Extra Trees,player_1,match_1,187.0,217.0,0.2837630806451612,0.3644321614153684,0.3641622373454786,0.0002699240698897931,1.0007412192759397,Elevated
Extra Trees,player_1,match_1,217.0,247.0,0.271203708064516,0.3668997754046503,0.3644321614153684,0.0024676139892819138,1.0067711202537621,Elevated
Extra Trees,player_1,match_1,247.0,277.0,0.2798041016129032,0.3639085754307027,0.3648103380632738,-0.0009017626325710792,0.9975281330091729,Normal
Extra Trees,player_1,match_1,277.0,307.0,0.2588016451612903,0.3698063099412528,0.3644321614153684,0.005374148525884415,1.0147466362601272,High
Extra Trees,player_1,match_1,307.0,337.0,0.2964694806451612,0.3622269951107851,0.3648103380632738,-0.0025833429524886875,0.9929186684615263,Normal
Extra Trees,player_1,match_1,337.0,367.0,0.2562407983870967,0.362949542464921,0.3641703684230355,-0.0012208259581145131,0.9966476515829636,Normal
Extra Trees,player_1,match_1,367.0,397.0,0.3099167709677419,0.3661440600909425,0.3641703684230355,0.001973691667907007,1.0054196931959447,Elevated
Extra Trees,player_1,match_1,397.0,427.0,0.3193273854838709,0.3656765912825134,0.3641703684230355,0.0015062228594778793,1.004136039035796,Elevated
Extra Trees,player_1,match_1,427.0,457.0,0.2609561080645161,0.3678846247180472,0.364914814948632,0.0029698097694152437,1.00813836448332,Elevated
Extra Trees,player_1,match_1,457.0,487.0,0.2648506709677419,0.3678451754139082,0.3650543763489409,0.0027907990649673198,1.007644885928719,Elevated
Extra Trees,player_1,match_1,487.0,517.0,0.2760417177419354,0.3747938609639766,0.365910325686728,0.008883535277248611,1.024277902681692,High
Extra Trees,player_1,match_1,517.0,547.0,0.2991992596774193,0.3628286658613694,0.3665219177477964,-0.003693251886426996,0.9899235169642207,Normal
Extra Trees,player_1,match_1,547.0,577.0,0.4693328548387097,0.362465041031276,0.365910325686728,-0.0034452846554519634,0.9905843470009053,Normal
Extra Trees,player_1,match_1,577.0,607.0,0.3155598387096773,0.3616768418289813,0.365910325686728,-0.004233483857746689,0.9884302694934847,Normal
Extra Trees,player_1,match_1,607.0,637.0,0.3107442612903225,0.3681327365992536,0.36431306687371723,0.0038196697255363787,1.010484580633668,High
Extra Trees,player_1,match_1,637.0,667.0,0.3418126048387097,0.3693824428211695,0.365910325686728,0.0034721171344415103,1.0094889837501173,High
Extra Trees,player_1,match_1,667.0,697.0,0.4955745064516129,0.3704855696761076,0.36699461775242537,0.003490951923682206,1.0095122700846724,High
Extra Trees,player_1,match_1,697.0,727.0,0.4025211887096774,0.369780295289049,0.3678649000659777,0.00191539522307127,1.005206789837051,Elevated
Extra Trees,player_1,match_1,727.0,757.0,0.4099977258064515,0.3652697149920064,0.36800868065865044,-0.0027389656666440554,0.9925573340777126,Normal
Extra Trees,player_1,match_1,757.0,787.0,0.4764586903225807,0.3641607262092697,0.3679889560065809,-0.003828229797311178,0.989596889431533,Normal
Extra Trees,player_1,match_1,787.0,817.0,0.4500446580645161,0.3698534829768164,0.36670122579563,0.003152257181186391,1.0085962548239291,High
Extra Trees,player_1,match_1,817.0,847.0,0.5814184774193548,0.3701892995442582,0.36670122579563,0.0034880737486281954,1.0095120318757052,High
Extra Trees,player_1,match_1,847.0,877.0,0.3919543064516128,0.3647434275416846,0.36875758971021155,-0.004014162168526958,0.9891143605432461,Normal
Extra Trees,player_1,match_1,877.0,907.0,0.4392985548387096,0.3714991084565779,0.36875758971021155,0.002741518746366356,1.0074344740904744,Elevated
Extra Trees,player_1,match_1,907.0,937.0,0.4926014854838709,0.3724622984465759,0.36958136905510924,0.002880929391466669,1.0077951153188056,Elevated
Extra Trees,player_1,match_1,937.0,967.0,0.342435014516129,0.3672289850306993,0.3698168891329327,-0.002587904102233418,0.9930022014183804,Normal
Extra Trees,player_1,match_1,967.0,997.0,0.3776644999999999,0.3621891235826645,0.3698168891329327,-0.0076277655502682284,0.9793742098470619,Normal
Extra Trees,player_1,match_1,997.0,1027.0,0.2881532822580644,0.3625424421452002,0.36850464015987416,-0.005962198014673958,0.9838205619009647,Normal
Extra Trees,player_1,match_1,1027.0,1057.0,0.3654509419354838,0.3626611373778289,0.36624935001135284,-0.003588212633523935,0.9902028150127428,Normal
Extra Trees,player_1,match_1,1057.0,1087.0,0.3716624532258064,0.3750261601318483,0.36598620628619194,0.009039953845656368,1.0247002583441283,High
Extra Trees,player_1,match_1,1087.0,1117.0,0.3102842241935483,0.3638810622775137,0.3685412340037578,-0.004660171726244111,0.9873550873110807,Normal
Extra Trees,player_1,match_1,1117.0,1147.0,0.2924984032258064,0.3690283734644422,0.36598620628619194,0.003042167178250288,1.0083122454507791,Elevated
Extra Trees,player_1,match_1,1147.0,1177.0,0.3274675064516128,0.3673624144312825,0.36598620628619194,0.0013762081450905406,1.003760273260174,Elevated
Extra Trees,player_1,match_1,1177.0,1207.0,0.3139987612903225,0.3675476178099325,0.36729569973099085,0.00025191807894164864,1.0006858726609817,Elevated
Extra Trees,player_1,match_1,1207.0,1237.0,0.3041761096774192,0.3650444227662227,0.36729569973099085,-0.0022512769647681785,0.993870668874106,Normal
Extra Trees,player_1,match_1,1237.0,1267.0,0.2918950306451612,0.3643612029424514,0.366136703898461,-0.0017755009560095902,0.9951507157378519,Normal
Extra Trees,player_1,match_1,1267.0,1297.0,0.3080974322580645,0.3626742109376669,0.36470281285433703,-0.0020286019166701474,0.9944376576073177,Normal
Extra Trees,player_1,match_1,1297.0,1327.0,0.3178463758064516,0.366622100464446,0.36470281285433703,0.001919287610108955,1.005262607093945,Elevated
Extra Trees,player_1,match_1,1327.0,1357.0,0.2968616967741935,0.362824441161396,0.36583326161533436,-0.0030088204539383545,0.9917754322265478,Normal
Extra Trees,player_1,match_1,1357.0,1387.0,0.3722757193548387,0.3635643317868053,0.36583326161533436,-0.0022689298285290538,0.9937979126924911,Normal
Extra Trees,player_1,match_1,1387.0,1417.0,0.3155762887096773,0.3655329930834951,0.36470281285433703,0.0008301802291580396,1.0022763197866795,Elevated
Extra Trees,player_1,match_1,1417.0,1447.0,0.3206064874551971,0.3584099013814967,0.3652887079248589,-0.006878806543362204,0.9811688497505453,Normal
Extra Trees,player_1,match_1,1447.0,1477.0,0.3224366129032258,0.3740948991511855,0.36470281285433703,0.009392086296848456,1.0257527114291813,High
Extra Trees,player_1,match_1,1477.0,1507.0,0.297328814516129,0.36451504865833,0.36470281285433703,-0.0001877641960070231,0.9994851583552715,Normal
Extra Trees,player_1,match_11,172.0,202.0,0.4136623241935483,0.3663696130003733,,,,Insufficient Baseline
Extra Trees,player_1,match_11,202.0,232.0,0.416332764516129,0.3782367428158164,0.3663696130003733,0.011867129815443078,1.0323911410617752,High
Extra Trees,player_1,match_11,232.0,262.0,0.4717237370967742,0.3734463331613789,0.37230317790809486,0.0011431552532840117,1.0030704955560874,Elevated
Extra Trees,player_1,match_11,262.0,292.0,0.5031590225806452,0.3747446987587853,0.3734463331613789,0.0012983655974064257,1.0034767126682307,Elevated
Extra Trees,player_1,match_11,292.0,322.0,0.4347989661290322,0.3718422337947055,0.37409551596008206,-0.002253282165376569,0.9939767196631756,Normal
Extra Trees,player_1,match_11,322.0,352.0,0.4280991516129032,0.3671995302638465,0.3734463331613789,-0.0062468028975323775,0.9832725552701225,Normal
Extra Trees,player_1,match_11,352.0,382.0,0.4635560725806451,0.3710311410991735,0.3726442834780422,-0.0016131423788686705,0.9956710931835246,Normal
Extra Trees,player_1,match_11,382.0,412.0,0.4437919649417562,0.378844839368502,0.3718422337947055,0.007002605573796505,1.018832195316637,High
Extra Trees,player_1,match_11,412.0,442.0,0.4541907066532257,0.3743236270642829,0.3726442834780422,0.0016793435862407224,1.0045065593669296,Elevated
Extra Trees,player_1,match_11,442.0,472.0,0.4438867373900292,0.3695072777685644,0.3734463331613789,-0.003939055392814472,0.989452151372143,Normal
Extra Trees,player_1,match_11,472.0,502.0,0.4038241983870967,0.3771082882363073,0.3726442834780422,0.004464004758265139,1.0119792653642792,High
Extra Trees,player_1,match_11,502.0,532.0,0.3913221564516129,0.3723601292863867,0.3738849801128309,-0.0015248508264442129,0.9959216044838601,Normal
Extra Trees,player_1,match_11,532.0,562.0,0.4260377967741935,0.3716927208970519,0.3729032312238828,-0.0012105103268308937,0.9967538218350698,Normal
Extra Trees,player_1,match_11,562.0,592.0,0.4308283129032257,0.3718974271515763,0.37210118154054606,-0.00020375438896974574,0.9994524220855032,Normal
Extra Trees,player_1,match_11,592.0,622.0,0.4629238661290322,0.3699987027639285,0.3718698304731409,-0.001871127709212439,0.9949683261295176,Normal
Extra Trees,player_1,match_11,622.0,652.0,0.4602110887096773,0.363288983688143,0.3717950740243141,-0.008506090336171113,0.9771215625745089,Normal
Extra Trees,player_1,match_11,652.0,682.0,0.3935223306451613,0.3721392451570497,0.3717950740243141,0.0003441711327356045,1.0009257011638435,Elevated
Extra Trees,player_1,match_11,682.0,712.0,0.3982104741935484,0.3705013264658118,0.372018336154313,-0.001517009688501214,0.9959222179632782,Normal
Extra Trees,player_1,match_11,712.0,742.0,0.4295733951612902,0.3797297680107185,0.3717950740243141,0.007934693986404395,1.021341579113782,High
Extra Trees,player_1,match_11,742.0,772.0,0.4238557,0.3665326231552134,0.3717950740243141,-0.00526245086910071,0.9858458294991919,Normal
Extra Trees,player_1,match_11,772.0,802.0,0.4175289983870967,0.3751978320246476,0.3717950740243141,0.0034027580003335167,1.0091522406779143,High
Extra Trees,player_1,match_11,802.0,832.0,0.379765129032258,0.3811337165565058,0.3717950740243141,0.009338642532191688,1.025117714527818,High
Extra Trees,player_1,match_11,832.0,862.0,0.3948746887096773,0.3783481476859821,0.3717950740243141,0.006553073661667963,1.0176254988823208,High
Extra Trees,player_1,match_11,862.0,892.0,0.4160788564516128,0.37650942159348,0.372018336154313,0.004491085439166986,1.0120722152719486,High
Extra Trees,player_1,match_11,892.0,922.0,0.3652540870967741,0.3774716346055844,0.3736685385908487,0.0038030960147357185,1.0101777260378346,High
Extra Trees,player_1,match_11,922.0,952.0,0.3925473532258065,0.3708360080703232,0.3758536268090638,-0.005017618738740626,0.9866500723131518,Normal
Extra Trees,player_1,match_11,952.0,982.0,0.3322909274193548,0.3727508020079442,0.3758536268090638,-0.003102824801119619,0.9917445926291517,Normal
Extra Trees,player_1,match_11,982.0,1012.0,0.3801257870967742,0.3743837060338959,0.3758536268090638,-0.0014699207751678878,0.9960891137657836,Normal
Extra Trees,player_1,match_11,1012.0,1042.0,0.3373334903225806,0.3665039890058011,0.3758536268090638,-0.0093496378032627,0.975124258125059,Normal
Extra Trees,player_1,match_11,1042.0,1072.0,0.3478639967741935,0.36720531619696,0.3747907690292718,-0.007585452832311768,0.9797608333525436,Normal
Extra Trees,player_1,match_11,1072.0,1102.0,0.4415434661290323,0.3689930412551591,0.3747907690292718,-0.005797727774112693,0.9845307615522946,Normal
Extra Trees,player_1,match_11,1102.0,1132.0,0.2853860983870968,0.3760689699094747,0.37356725402092006,0.0025017158885546342,1.006696828647659,Elevated
Extra Trees,player_1,match_11,1132.0,1162.0,0.293957064516129,0.3730384206222806,0.37356725402092006,-0.0005288333986394611,0.9985843689644975,Normal
Extra Trees,player_1,match_11,1162.0,1192.0,0.3479358064516128,0.3707654422612587,0.37289461131511237,-0.0021291690538536856,0.9942901586956577,Normal
Extra Trees,player_1,match_11,1192.0,1222.0,0.3663038322580645,0.3711269576442496,0.3717934050391337,-0.0006664473948841398,0.9982074792455934,Normal
Extra Trees,player_1,match_11,1222.0,1252.0,0.4008660596774193,0.3693851573065956,0.3709814828572864,-0.0015963255506907803,0.9956970209445606,Normal
Extra Trees,player_1,match_11,1252.0,1282.0,0.4250461225806451,0.3715799920394662,0.37094619995275413,0.0006337920867120483,1.0017085822331993,Elevated
Extra Trees,player_1,match_11,1282.0,1312.0,0.4056366209677419,0.379161598515971,0.37094619995275413,0.008215398563216847,1.0221471430742874,High
Extra Trees,player_1,match_11,1312.0,1342.0,0.3596767419354838,0.3750797632221216,0.37094619995275413,0.0041335632693674795,1.0111432959008448,High
Extra Trees,player_1,match_11,1342.0,1372.0,0.4587094032258064,0.3705088657380384,0.3713534748418579,-0.0008446091038195047,0.9977255925660069,Normal
Extra Trees,player_1,match_11,1372.0,1402.0,0.3524431048387096,0.3725254163872758,0.3713534748418579,0.0011719415454179427,1.0031558653003503,Elevated
Extra Trees,player_1,match_11,1402.0,1432.0,0.3985929903225805,0.3793924835608791,0.372052704213371,0.007339779347508124,1.019727794649488,High
Extra Trees,player_1,match_11,1432.0,1462.0,0.4153332693548386,0.3754404837173803,0.372052704213371,0.003387779504009314,1.009105644081185,High
Extra Trees,player_1,match_11,1462.0,1492.0,0.4259003451612903,0.3774145132878004,0.372052704213371,0.005361809074429402,1.0144114234722896,High
Extra Trees,player_1,match_11,1492.0,1522.0,0.4547701946236558,0.3709914272088562,0.3738025898046987,-0.00281116259584252,0.9924795529177278,Normal
Extra Trees,player_1,match_11,1522.0,1552.0,0.3945448564516129,0.3791039863495951,0.3738025898046987,0.005301396544896364,1.0141823430053445,High
Extra Trees,player_1,match_11,1552.0,1582.0,0.3744696951612902,0.3758669919196699,0.37526012346975096,0.0006068684499189181,1.0016171940794232,Elevated
Extra Trees,player_1,match_11,1582.0,1612.0,0.4127492435483871,0.3796988227540712,0.37565373781852507,0.004045084935546117,1.0107681210868191,High
Extra Trees,player_1,match_11,1612.0,1642.0,0.3248093854838709,0.3698971442672911,0.37565373781852507,-0.005756593551233979,0.9846757985567685,Normal
Extra Trees,player_1,match_11,1642.0,1672.0,0.4427095725806451,0.3736149427214799,0.37565373781852507,-0.0020387950970451874,0.9945726745356381,Normal
Extra Trees,player_1,match_11,1672.0,1702.0,0.4044388838709676,0.3720606392737867,0.37565373781852507,-0.0035930985447383823,0.9904350784166184,Normal
Extra Trees,player_1,match_11,1702.0,1732.0,0.3678745677419354,0.3719610691210275,0.37565373781852507,-0.0036926686974975698,0.990170020085674,Normal
Extra Trees,player_1,match_11,1732.0,1762.0,0.3491393933002481,0.3704997881456117,0.3745277132194301,-0.004027925073818439,0.9892453216900974,Normal
Extra Trees,player_1,match_11,1762.0,1792.0,0.4061422532258064,0.368503368505689,0.37283779099763326,-0.0043344224919442675,0.9883745087096824,Normal
Extra Trees,player_1,match_11,1792.0,1822.0,0.3585060322580644,0.3679733938858811,0.3720108541974071,-0.00403746031152602,0.9891469287361612,Normal
Extra Trees,player_1,match_11,1822.0,1852.0,0.3783669338709676,0.3780534449047107,0.3720108541974071,0.006042590707303619,1.0162430494678447,High
Extra Trees,player_1,match_11,1852.0,1882.0,0.450786529032258,0.3693538896250665,0.3720108541974071,-0.0026569645723406032,0.9928578305112283,Normal
Extra Trees,player_1,match_11,1882.0,1912.0,0.3480020048387097,0.3732008620839375,0.37123042863331956,0.0019704334506179255,1.0053078446663761,Elevated
Extra Trees,player_1,match_11,1912.0,1942.0,0.3644472564516129,0.3719410754262753,0.37123042863331956,0.0007106467929557381,1.0019143010328435,Elevated
Extra Trees,player_1,match_11,1942.0,1972.0,0.4806962903225806,0.3714578156395735,0.37195107227365143,-0.0004932566340779543,0.9986738668850642,Normal
Extra Trees,player_1,match_11,1972.0,2002.0,0.4444146887096774,0.3721568080602617,0.3716994455329244,0.00045736252733730165,1.001230463302633,Elevated
Extra Trees,player_1,match_11,2002.0,2032.0,0.3196661161290322,0.3755331993707104,0.3716994455329244,0.0038337538377860025,1.0103141231009622,High
Extra Trees,player_1,match_11,2032.0,2062.0,0.3275598387096774,0.3722182998904913,0.3716994455329244,0.0005188543575669335,1.0013958975828523,Elevated
Extra Trees,player_1,match_11,2062.0,2092.0,0.3751879677419354,0.3764418308697356,0.3720489417432685,0.00439288912646707,1.011807288325788,High
Extra Trees,player_1,match_11,2092.0,2122.0,0.3702284112903224,0.3696714190533845,0.3721875539753765,-0.002516134921991986,0.9932396048843738,Normal
Extra Trees,player_1,match_11,2122.0,2152.0,0.5152851870967742,0.3702137898991054,0.3721875539753765,-0.0019737640762710895,0.9946968563156153,Normal
Extra Trees,player_1,match_11,2152.0,2182.0,0.3809551032258064,0.3679676591935746,0.3720489417432685,-0.004081282549693921,0.9890302535720954,Normal
Extra Trees,player_1,match_11,2182.0,2212.0,0.3728131241935484,0.364028666865283,0.3720489417432685,-0.008020274877985512,0.9784429574227363,Normal
Extra Trees,player_1,match_12,239.0,269.0,0.3400579516129032,0.366404685545895,,,,Insufficient Baseline
Extra Trees,player_1,match_12,269.0,299.0,0.3144669612903226,0.3677353243462261,0.366404685545895,0.0013306388003310743,1.0036316096731912,Elevated
Extra Trees,player_1,match_12,299.0,329.0,0.5110473161290323,0.377335790667485,0.36707000494606057,0.010265785721424447,1.0279668335279342,High
Extra Trees,player_1,match_12,329.0,359.0,0.4311793887096774,0.3704546977435848,0.3677353243462261,0.0027193733973587264,1.0073949202519321,Elevated
Extra Trees,player_1,match_12,359.0,389.0,0.4683972016129032,0.3727950967241507,0.36909501104490544,0.0037000856792452352,1.0100247512659961,High
Extra Trees,player_1,match_12,389.0,419.0,0.4162375016129032,0.3686764260285671,0.3704546977435848,-0.0017782717150177096,0.995199759307011,Normal
Extra Trees,player_1,match_12,419.0,449.0,0.4214025806451612,0.3673182511528905,0.3695655618860759,-0.0022473107331854036,0.9939190472139334,Normal
Extra Trees,player_1,match_12,449.0,479.0,0.4019269548387096,0.3683785450121957,0.3686764260285671,-0.00029788101637140407,0.9991920258651191,Normal
Extra Trees,player_1,match_12,479.0,509.0,0.3542751080645161,0.3750117704996802,0.3685274855203814,0.0064842849792988155,1.0175951190455785,High
Extra Trees,player_1,match_12,509.0,539.0,0.392424593548387,0.368966198274825,0.3686764260285671,0.0002897722462579244,1.000785979861472,Elevated
Extra Trees,player_1,match_12,539.0,569.0,0.3975517532258064,0.3723815727421824,0.36882131215169606,0.003560260590486364,1.0096530771763592,High
Extra Trees,player_1,match_12,569.0,599.0,0.4097716967741935,0.3718714156982435,0.36971044800920494,0.002160967689038562,1.0058450273739215,Elevated
Extra Trees,player_1,match_12,599.0,629.0,0.3381159469534049,0.3694339068380189,0.37116305672091415,-0.0017291498828952423,0.995341266185887,Normal
Extra Trees,player_1,match_12,629.0,659.0,0.3241692,0.3734734684167036,0.3699443022908019,0.003529166125901706,1.009539722882737,High
Extra Trees,player_1,match_12,659.0,689.0,0.3956984741935483,0.3697046509290636,0.37065266126813123,-0.0009480103390676065,0.9974423215097818,Normal
Extra Trees,player_1,match_12,689.0,719.0,0.3604701967741935,0.3736863379701991,0.3695692788835413,0.004117059086657826,1.0111401550991883,High
Extra Trees,player_1,match_12,719.0,749.0,0.4092552193548386,0.3599106116760673,0.37078803331365356,-0.01087742163758626,0.9706640434418095,Normal
Extra Trees,player_1,match_12,749.0,779.0,0.381246243548387,0.3653370084835409,0.37078803331365356,-0.005451024830112672,0.9852988113413531,Normal
Extra Trees,player_1,match_12,779.0,809.0,0.3435942,0.3667808480071123,0.37078803331365356,-0.004007185306541261,0.9891927868579525,Normal
Extra Trees,player_1,match_12,809.0,839.0,0.3481626516129031,0.3696123824811785,0.3695692788835413,4.310359763720628e-05,1.0001166319824186,Elevated
Extra Trees,player_1,match_12,839.0,869.0,0.329289729032258,0.3718381518474163,0.36965851670512107,0.0021796351422952442,1.0058963476933334,Elevated
Extra Trees,player_1,match_13,137.0,167.0,0.4297108421146953,0.3641511560770779,,,,Insufficient Baseline
Extra Trees,player_1,match_13,167.0,197.0,0.4261963,0.3529834909314809,0.3641511560770779,-0.011167665145596972,0.9693323364234132,Normal
Extra Trees,player_1,match_13,197.0,227.0,0.3807079999999999,0.3702191238470115,0.3585673235042794,0.01165180034273211,1.0324954327373141,High
Extra Trees,player_1,match_13,227.0,257.0,0.4518187258064515,0.3691172887103207,0.3641511560770779,0.0049661326332428035,1.0136375583335828,High
Extra Trees,player_1,match_13,257.0,287.0,0.4522258548387096,0.3711279205174632,0.36663422239369925,0.004493698123763934,1.0122566248573994,High
Extra Trees,player_1,match_13,287.0,317.0,0.4434951919354838,0.3687512569220612,0.3691172887103207,-0.0003660317882595021,0.9990083591328426,Normal
Extra Trees,player_1,match_13,317.0,347.0,0.3814994806451612,0.3671588602983264,0.36893427281619096,-0.0017754125178645608,0.9951877267885353,Normal
Extra Trees,player_1,match_13,347.0,377.0,0.3740176983870967,0.3717027485321131,0.3687512569220612,0.002951491610051926,1.008004017761696,Elevated
Extra Trees,player_1,match_13,377.0,407.0,0.3679258548387096,0.365578050698751,0.36893427281619096,-0.0033562221174399665,0.9909029267142332,Normal
Extra Trees,player_1,match_13,407.0,437.0,0.4163013999999999,0.3709694370553146,0.3687512569220612,0.0022181801332534223,1.0060153832471472,Elevated
Extra Trees,player_1,match_13,437.0,467.0,0.3734376612903225,0.3668570211001803,0.36893427281619096,-0.002077251716010642,0.9943695886528667,Normal
Extra Trees,player_1,match_13,467.0,497.0,0.3954941016129032,0.3696383903680793,0.36893427281619096,0.0007041175518883169,1.0019085175972229,Elevated
Extra Trees,player_1,match_13,497.0,527.0,0.3866611483870967,0.3707642291314688,0.3693778395392,0.0013863895922687774,1.0037533101444265,Elevated
Extra Trees,player_1,match_13,527.0,557.0,0.4719075193548386,0.3662162169144708,0.3693778395392,-0.003161622624729188,0.9914406813666101,Normal
Extra Trees,player_1,match_13,557.0,587.0,0.2849969387096773,0.3697787249141608,0.3691948236450702,0.0005839012690905809,1.0015815532388177,Elevated
Extra Trees,player_1,match_13,587.0,617.0,0.3055833983870967,0.3663772935328339,0.3691948236450702,-0.002817530112236344,0.9923684463275546,Normal
Extra Trees,player_1,match_13,617.0,647.0,0.3457568602150537,0.3672909137057299,0.36839862533320283,-0.0011077116274729182,0.9969931711160132,Normal
Extra Trees,player_1,match_13,647.0,677.0,0.3561092387096773,0.3672274723774608,0.3684646520369046,-0.00123717965944381,0.9966423382742291,Normal
Extra Trees,player_1,match_13,677.0,707.0,0.5017185967741935,0.3669272014405011,0.3672591930415954,-0.0003319916010942614,0.9990960291603738,Normal
Extra Trees,player_1,match_13,707.0,737.0,0.3352148564516128,0.3613235836843091,0.3672591930415954,-0.0059356093572862645,0.98383809181704,Normal
Extra Trees,player_1,match_13,737.0,767.0,0.3232410071684587,0.3662138827004504,0.3670773369089809,-0.0008634542085305119,0.9976477594182159,Normal
Extra Trees,player_1,match_13,767.0,797.0,0.3319687419354838,0.3625660699142893,0.3670773369089809,-0.004511266994691621,0.9877103091335485,Normal
Extra Trees,player_1,match_13,797.0,827.0,0.3787868693548386,0.3676882579198295,0.36665224748666747,0.0010360104331620379,1.0028255941161242,Elevated
Extra Trees,player_1,match_13,827.0,857.0,0.3573640483870968,0.3638178643064103,0.36665224748666747,-0.002834383180257194,0.992269560054012,Normal
Extra Trees,player_1,match_13,857.0,887.0,0.36030815,0.3603774331091966,0.36665224748666747,-0.00627481437747085,0.9828861968786949,Normal
Extra Trees,player_1,match_13,887.0,917.0,0.3700600615835777,0.3678715697992172,0.36629558811664215,0.0015759816825750561,1.0043024861169587,Elevated
Extra Trees,player_1,match_13,917.0,947.0,0.4018305112903225,0.3623699700862453,0.3665705420704758,-0.004200571984230517,0.9885408904913507,Normal
Extra Trees,player_1,match_13,947.0,977.0,0.4777713887096774,0.360136147187749,0.36501587350343034,-0.004879726315681343,0.9866314681911074,Normal
Extra Trees,player_1,match_13,977.0,1007.0,0.4825169677419355,0.3717518642844199,0.3631919671103498,0.00855989717407013,1.0235685200919362,High
Extra Trees,player_1,match_13,1007.0,1037.0,0.4120946451612902,0.3669989944019361,0.3631919671103498,0.003807027291586329,1.010482135169112,High
Extra Trees,player_1,match_13,1037.0,1067.0,0.3189861989247311,0.3657223569539045,0.36501587350343034,0.000706483450474138,1.0019354869247008,Elevated
Extra Trees,player_1,match_13,1067.0,1097.0,0.2867375225806451,0.358320442637955,0.3647701106301574,-0.006449667992202424,0.9823185403511808,Normal
Extra Trees,player_1,match_13,1097.0,1127.0,0.3511622177419354,0.3553321361135567,0.3647701106301574,-0.009437974516600722,0.9741262393996696,Normal
Extra Trees,player_1,match_13,1127.0,1157.0,0.4818510516129031,0.3652278843114718,0.3630939171963278,0.00213396711514402,1.0058771767140076,Elevated
Extra Trees,player_1,match_13,1157.0,1187.0,0.3894725306451612,0.3643232310882132,0.36379892719885853,0.0005243038893546492,1.0014411914113976,Elevated
Extra Trees,player_1,match_13,1187.0,1217.0,0.4749633854838709,0.3640169385231796,0.3647755576998425,-0.0007586191766628669,0.9979203124753027,Normal
Extra Trees,player_1,match_13,1217.0,1247.0,0.5027637548387096,0.3733105425468846,0.3641700848056964,0.009140457741188213,1.02509941953652,High
Extra Trees,player_1,match_13,1247.0,1277.0,0.4474593967741935,0.3659146343504745,0.3647755576998425,0.0011390766506320094,1.0031226781142208,Elevated
Extra Trees,player_1,match_13,1277.0,1307.0,0.3817496338709677,0.3609917785898959,0.36547512063268817,-0.004483342042792271,0.9877328392832021,Normal
Extra Trees,player_1,match_13,1307.0,1337.0,0.4277196951612903,0.3626432954625037,0.3647755576998425,-0.002132262237338811,0.9941545912484264,Normal
Extra Trees,player_1,match_13,1337.0,1367.0,0.4311164306451612,0.366008813180871,0.3641700848056964,0.0018387283751745698,1.0050490923112358,Elevated
Extra Trees,player_1,match_13,1367.0,1397.0,0.4622056483870967,0.3707075335536583,0.3641700848056964,0.006537448747961916,1.0179516358446905,High
Extra Trees,player_1,match_13,1397.0,1427.0,0.3698741612903226,0.3626277060198546,0.3647755576998425,-0.0021478516799878777,0.9941118541671718,Normal
Extra Trees,player_1,match_13,1427.0,1457.0,0.4040003428315412,0.365776312024721,0.3647755576998425,0.0010007543248785056,1.0027434796651096,Elevated
Extra Trees,player_1,match_13,1457.0,1487.0,0.4624870016129032,0.3575181626854255,0.3650497715564671,-0.007531608871041595,0.979368268499583,Normal
Extra Trees,player_1,match_13,1487.0,1517.0,0.4829153225806451,0.3633859644370346,0.3648966252739503,-0.0015106608369157004,0.9958600306709289,Normal
Extra Trees,player_1,match_13,1517.0,1547.0,0.3507165499999999,0.3681518308286593,0.3645811382308778,0.003570692597781533,1.0097939586647522,High
Extra Trees,player_1,match_13,1547.0,1577.0,0.4577799,0.3685683016351959,0.3645811382308778,0.003987163404318095,1.0109362854690336,High
Extra Trees,player_1,match_13,1577.0,1607.0,0.4131685822580645,0.3630651625172643,0.3645811382308778,-0.0015159757136135044,0.995841870150031,Normal
Extra Trees,player_1,match_13,1607.0,1637.0,0.5196829693548387,0.3654330537987155,0.3645811382308778,0.0008519155678377022,1.0023366967692613,Elevated
Extra Trees,player_1,match_13,1637.0,1667.0,0.4005708806451612,0.3736465787724949,0.3656046829117182,0.008041895860776693,1.0219961511344169,High
Extra Trees,player_1,match_13,1667.0,1697.0,0.5110959516129032,0.3640795910583419,0.3656046829117182,-0.0015250918533762925,0.9958285768080696,Normal
Extra Trees,player_1,match_13,1697.0,1727.0,0.5381736774193548,0.3625416816591791,0.36475632242852873,-0.0022146407693496295,0.9939284376084158,Normal
Extra Trees,player_1,match_13,1727.0,1757.0,0.4434894193548387,0.360311884361382,0.36475632242852873,-0.004444438067146728,0.9878153227405192,Normal
Extra Trees,player_1,match_13,1757.0,1787.0,0.3746342467741935,0.3638702835856785,0.36373277774768825,0.0001375058379902705,1.0003780408211813,Elevated
Extra Trees,player_1,match_13,1787.0,1817.0,0.3379895209677419,0.366291843127828,0.36397493732201025,0.002316905805817726,1.0063655641315983,Elevated
Extra Trees,player_1,match_13,1817.0,1847.0,0.4141112580645161,0.3633080428844095,0.36475632242852873,-0.0014482795441192464,0.9960294600667189,Normal
Extra Trees,player_1,match_13,1847.0,1877.0,0.3742167112903225,0.3628289479402727,0.36397493732201025,-0.0011459893817375444,0.9968514607347162,Normal
Extra Trees,player_1,match_13,1877.0,1907.0,0.3697015591397848,0.3623150849341005,0.363589163235044,-0.0012740783009435042,0.9964958298272496,Normal
Extra Trees,player_1,match_13,1907.0,1937.0,0.4048530274193548,0.3673421276408694,0.363589163235044,0.0037529644058253986,1.010321991921963,High
Extra Trees,player_1,match_13,1937.0,1967.0,0.2652047612903225,0.3661356107848734,0.363589163235044,0.0025464475498294115,1.0070036398422118,Elevated
Extra Trees,player_1,match_13,1967.0,1997.0,0.3488528193548386,0.3699775360042635,0.363589163235044,0.006388372769219497,1.0175703057604324,High
Extra Trees,player_1,match_13,1997.0,2027.0,0.3670864032258064,0.3551552704401419,0.363589163235044,-0.008433892794902087,0.976803783919572,Normal
Extra Trees,player_1,match_13,2027.0,2057.0,0.4078593241935483,0.3617174224809856,0.363589163235044,-0.001871740754058382,0.9948520447160621,Normal
Extra Trees,player_1,match_13,2057.0,2087.0,0.4180620564516129,0.3847285313248841,0.363589163235044,0.021139368089840127,1.058140808988233,High
Extra Trees,player_1,match_14,394.0,424.0,0.329956329032258,0.3633786141878833,,,,Insufficient Baseline
Extra Trees,player_1,match_14,424.0,454.0,0.2993918573393348,0.3652316929385251,0.3633786141878833,0.001853078750641779,1.0050995812034322,Elevated
Extra Trees,player_1,match_14,454.0,484.0,0.2910753457114278,0.3539470884538778,0.3643051535632042,-0.010358065109326409,0.9715676130078973,Normal
Extra Trees,player_1,match_14,484.0,514.0,0.2827588340835208,0.3552339836816251,0.3633786141878833,-0.008144630506258188,0.977586379087111,Normal
Extra Trees,player_1,match_14,514.0,544.0,0.2744423224556138,0.3653691981008078,0.3593062989347542,0.006062899166053626,1.0168739016934256,High
Extra Trees,player_1,match_14,544.0,574.0,0.2707195919354838,0.3622860233458239,0.3633786141878833,-0.0010925908420594266,0.9969932439626331,Normal
Extra Trees,player_1,match_14,574.0,604.0,0.2634844580645161,0.3668592329685288,0.3628323187668536,0.004026914201675169,1.0110985543276887,High
Extra Trees,player_1,match_14,604.0,634.0,0.3307987274193548,0.3620607607989338,0.3633786141878833,-0.0013178533889495192,0.9963733325586736,Normal
Extra Trees,player_1,match_14,634.0,664.0,0.3718515516129032,0.3611109587468751,0.3628323187668536,-0.001721360019978524,0.9952557698668386,Normal
Extra Trees,player_1,match_14,664.0,694.0,0.2566187677419353,0.3561782605495182,0.3622860233458239,-0.006107762796305705,0.9831410476730551,Normal
Extra Trees,player_1,match_14,694.0,724.0,0.2521627016129032,0.3573687697173738,0.36217339207237886,-0.0048046223550050615,0.986733916791864,Normal
Extra Trees,player_1,match_14,724.0,754.0,0.3387252241935484,0.3632621258055332,0.36158585977290447,0.0016762660326287149,1.004635872745913,Elevated
Extra Trees,player_1,match_14,754.0,784.0,0.2438232354838709,0.3584988030335134,0.36158585977290447,-0.003087056739391081,0.9914624517083441,Normal
Extra Trees,player_1,match_14,784.0,814.0,0.2675964661290322,0.3588098733241897,0.36158585977290447,-0.0027759864487147956,0.992322746109435,Normal
Extra Trees,player_1,match_14,814.0,844.0,0.2718040758064516,0.3609133405229839,0.36158585977290447,-0.0006725192499205668,0.9981400842103092,Normal
Extra Trees,player_1,match_14,844.0,874.0,0.2869475951612902,0.3703614631700709,0.3610121496349295,0.009349313535141401,1.0258975038502052,High
Extra Trees,player_1,match_14,874.0,904.0,0.289157864516129,0.3610394253347942,0.3610121496349295,2.727569986471501e-05,1.000075553412516,Elevated
Extra Trees,player_1,match_14,904.0,934.0,0.2668230016129032,0.3589213612930197,0.36097638292888906,-0.0020550216358693474,0.9943070468511116,Normal
Extra Trees,player_1,match_14,934.0,964.0,0.2973100241935483,0.3641834793121937,0.3599173509080018,0.004266128404191882,1.0118530779175532,High
Extra Trees,player_1,match_14,964.0,994.0,0.3126952774193547,0.3644687819998515,0.3599173509080018,0.004551431091849689,1.0126457673695566,High
Extra Trees,player_1,match_14,994.0,1024.0,0.3368025629032257,0.3660878876427411,0.36097638292888906,0.005111504713852022,1.0141602192153911,High
Extra Trees,player_1,match_14,1024.0,1054.0,0.3230093758064516,0.3571012302348837,0.36215077557016373,-0.005049545335280015,0.9860567871839289,Normal
Extra Trees,player_1,match_14,1054.0,1084.0,0.2887739258064515,0.3577172993550902,0.36097638292888906,-0.0032590835737988377,0.9909714770053506,Normal
Extra Trees,player_1,match_14,1084.0,1114.0,0.2846323612903225,0.3660901867297354,0.36097638292888906,0.0051138038008463615,1.0141665882940984,High
Extra Trees,player_1,match_14,1114.0,1144.0,0.3458288548387097,0.3735781266581169,0.36261145232349395,0.01096667433462295,1.0302435961808492,High
Extra Trees,player_1,match_14,1144.0,1174.0,0.2876663016129032,0.3603219701876588,0.3643261306560226,-0.004004160468363771,0.9890094063218752,Normal
Extra Trees,player_1,match_14,1174.0,1204.0,0.3187364483870967,0.3575932420169383,0.36261145232349395,-0.005018210306555637,0.9861609161144784,Normal
Extra Trees,player_1,match_14,1204.0,1234.0,0.2769541564516128,0.3641528511980914,0.36225272474992626,0.0019001264481651181,1.0052453061587785,Elevated
Extra Trees,player_1,match_14,1234.0,1264.0,0.3034009096774193,0.3680104124125974,0.3641681652551425,0.0038422471574549033,1.0105507496921455,High
Extra Trees,player_1,match_14,1264.0,1294.0,0.3052135903225806,0.3616833683876892,0.36431081659897147,-0.002627448211282246,0.992787894041108,Normal
Extra Trees,player_1,match_14,1294.0,1324.0,0.2810469241935482,0.3573310054732586,0.3629181097928903,-0.005587104319631719,0.9846050550554775,Normal
Extra Trees,player_1,match_14,1324.0,1354.0,0.2712858629032257,0.3550676472415955,0.361002669287674,-0.005935022046078486,0.9835596172798683,Normal
Extra Trees,player_1,match_14,1354.0,1384.0,0.308564164516129,0.3589835090669312,0.361002669287674,-0.0020191602207427772,0.9944067997482485,Normal
Extra Trees,player_1,match_14,1384.0,1414.0,0.2781091774193548,0.3645941709298163,0.361002669287674,0.0035915016421422807,1.0099486844494225,High
Extra Trees,player_1,match_14,1414.0,1444.0,0.3313043209677418,0.3700003368646263,0.361002669287674,0.008997667576952306,1.0249241026242448,High
Extra Trees,player_1,match_14,1444.0,1474.0,0.3813909451612903,0.3672447108561897,0.361002669287674,0.0062420415685157105,1.0172908460229184,High
Extra Trees,player_1,match_14,1474.0,1504.0,0.3995235177419354,0.363166277237035,0.3629181097928903,0.00024816744414468683,1.0006838111338294,Elevated
Extra Trees,player_1,match_14,1504.0,1534.0,0.2877168677419354,0.3617440259583451,0.3636595642175632,-0.0019155382592180858,0.9947326058553155,Normal
Extra Trees,player_1,match_14,1534.0,1564.0,0.2648341516129032,0.3549863069408889,0.36245515159769004,-0.0074688446568011435,0.9793937412011424,Normal
Extra Trees,player_1,match_14,1564.0,1594.0,0.3137279225806451,0.3755307898066726,0.36171369717301716,0.013817092633655437,1.038198975437323,High
Extra Trees,player_1,match_14,1594.0,1624.0,0.3933622274193548,0.3655182675990513,0.36245515159769004,0.003063116001361277,1.0084510207341768,Elevated
Extra Trees,player_1,match_14,1624.0,1654.0,0.287526043548387,0.361686888764914,0.36388022408342563,-0.0021933353185116244,0.9939723701005285,Normal
Extra Trees,player_1,match_14,1654.0,1684.0,0.2981030709677419,0.3617869906604214,0.36388022408342563,-0.002093233423004215,0.9942474658295134,Normal
Extra Trees,player_1,match_14,1684.0,1714.0,0.3973651096774194,0.3691915220342496,0.36388022408342563,0.005311297950823968,1.0145962808619307,High
Extra Trees,player_1,match_14,1714.0,1744.0,0.3146204016129031,0.3701316399868937,0.3643422724180432,0.005789367568850512,1.0158899145312676,High
Extra Trees,player_1,match_14,1744.0,1774.0,0.3720404870967742,0.3653821796282887,0.3643422724180432,0.0010399072102454943,1.0028542041068798,Elevated
Extra Trees,player_1,match_14,1774.0,1804.0,0.3306750983870967,0.3645153844018367,0.36427422843266183,0.0002411559691748444,1.0006620176514063,Elevated
Extra Trees,player_1,match_14,1804.0,1834.0,0.4044475838709677,0.3723361643748097,0.36494878201506264,0.007387382359747063,1.0202422441827526,High
Extra Trees,player_1,match_14,1834.0,1864.0,0.3351733838709677,0.3729655104744866,0.36545022361366997,0.00751528686081665,1.0205644609722864,High
Extra Trees,player_1,match_18,65.0,95.0,0.4903846806451613,0.3550217755848143,,,,Insufficient Baseline
Extra Trees,player_1,match_18,95.0,125.0,0.4900290274193548,0.354166737111162,0.3550217755848143,-0.0008550384736523142,0.9975915886504599,Normal
Extra Trees,player_1,match_18,125.0,155.0,0.4216675161290322,0.363294902631854,0.35459425634798813,0.008700646283865854,1.0245369069806007,High
Extra Trees,player_1,match_18,155.0,185.0,0.4281842338709677,0.3598784601732569,0.3550217755848143,0.004856684588442628,1.0136799625331219,High
Extra Trees,player_1,match_18,185.0,215.0,0.3942215951612903,0.354855109396274,0.3574501178790356,-0.0025950084827615627,0.9927402220534733,Normal
Extra Trees,player_1,match_18,215.0,245.0,0.4428200919354838,0.365714688244427,0.3550217755848143,0.010692912659612697,1.030119033239577,High
Extra Trees,player_1,match_18,245.0,275.0,0.3800381499999999,0.3651725554626397,0.3574501178790356,0.007722437583604136,1.0216042384582944,High
Extra Trees,player_1,match_18,275.0,305.0,0.424114085483871,0.370411312157313,0.3598784601732569,0.010532851984056069,1.0292678032994396,High
Extra Trees,player_1,match_18,305.0,335.0,0.3540663193548387,0.3626410468941383,0.36158668140255545,0.0010543654915828315,1.0029159411720947,Elevated
Extra Trees,player_1,match_18,335.0,365.0,0.3890096903225806,0.3714543155654825,0.3626410468941383,0.008813268671344188,1.0243030091238319,High
Extra Trees,player_1,match_18,365.0,395.0,0.4142705121863799,0.366704518826167,0.36296797476299614,0.0037365440631708657,1.010294418028507,High
Extra Trees,player_1,match_18,395.0,425.0,0.361949864516129,0.3714274132360303,0.3642337290472468,0.007193684188783467,1.0197501868034038,High
Extra Trees,player_1,match_18,425.0,455.0,0.3998154858870967,0.3640617786028567,0.36544362185353335,-0.0013818432506766398,0.9962187238522103,Normal
Extra Trees,player_1,match_18,455.0,485.0,0.4608750548387096,0.3555884881695584,0.36544362185353335,-0.009855133683974948,0.9730324102142223,Normal
Extra Trees,player_1,match_18,485.0,515.0,0.4413816612903226,0.3670334774187491,0.36544362185353335,0.0015898555652157365,1.0043504810869375,Elevated
Extra Trees,player_1,match_18,515.0,545.0,0.4072058532258064,0.3695730370388451,0.36620960353529697,0.003363433503548119,1.0091844492090825,High
Extra Trees,player_1,match_18,545.0,575.0,0.4313362693548387,0.3635027645327697,0.36686899812245805,-0.00336623358968835,0.9908244261387147,Normal
Extra Trees,player_1,match_18,575.0,605.0,0.3883011435483871,0.3692415785278079,0.36686899812245805,0.002372580405349878,1.0064671051996548,Elevated
Extra Trees,player_1,match_18,605.0,635.0,0.3999302999999999,0.3684612687596311,0.36686899812245805,0.0015922706371730433,1.0043401613254919,Elevated
Extra Trees,player_1,match_18,635.0,665.0,0.3973900967741935,0.3709855361111877,0.3677473730891901,0.0032381630219975865,1.0088054008239298,High
Extra Trees,player_1,match_18,665.0,695.0,0.402514929032258,0.3657020407185926,0.3677473730891901,-0.002045332370597508,0.994438213512129,Normal
Extra Trees,player_1,match_18,695.0,725.0,0.388979979032258,0.3681218455603846,0.3677473730891901,0.0003744724711944869,1.001018287277075,Elevated
Extra Trees,player_1,match_18,725.0,755.0,0.4493199241935484,0.3687638375989695,0.36757766148956683,0.0011861761094026924,1.0032270081500487,Elevated
Extra Trees,player_1,match_18,755.0,785.0,0.4547159870967742,0.3643521816852726,0.36829155716000783,-0.003939375474735218,0.9893036497900936,Normal
Extra Trees,player_1,match_18,785.0,815.0,0.4786723951612902,0.366172979979868,0.36829155716000783,-0.002118577180139858,0.994247554311381,Normal
Extra Trees,player_1,match_18,815.0,845.0,0.4543706693548386,0.3690846477638348,0.36829155716000783,0.0007930906038269847,1.0021534314007703,Elevated
Extra Trees,player_1,match_18,845.0,875.0,0.4450819112903226,0.3641176845968977,0.36829155716000783,-0.004173872563110137,0.988666933895265,Normal
Extra Trees,player_1,match_18,875.0,905.0,0.3898048854838709,0.3595165415644885,0.36829155716000783,-0.008775015595519353,0.9761737258839551,Normal
Extra Trees,player_1,match_18,905.0,935.0,0.4455010274193548,0.3660599244650764,0.3671474127701263,-0.0010874883050498996,0.9970380063505152,Normal
Extra Trees,player_1,match_18,935.0,965.0,0.4510370403225806,0.3657383041073371,0.3661164522224722,-0.0003781481151350907,0.9989671370602452,Normal
Extra Trees,player_1,match_18,965.0,995.0,0.3433650370967741,0.3720210914066079,0.36589911428620675,0.006121977120401134,1.016731325333607,High
Extra Trees,player_1,match_18,995.0,1025.0,0.413941770967742,0.3675031242444134,0.3661164522224722,0.0013866720219412043,1.0037875162766479,Elevated
Extra Trees,player_1,match_18,1025.0,1055.0,0.4272219677419355,0.3667123236639486,0.3661164522224722,0.0005958714414764366,1.00162754620247,Elevated
Extra Trees,player_1,match_18,1055.0,1085.0,0.3561701612903226,0.3617321203743746,0.3661164522224722,-0.004384331848097611,0.988024761461871,Normal
Extra Trees,player_1,match_18,1085.0,1115.0,0.3801260129032258,0.370035319432162,0.3661164522224722,0.003918867209689814,1.0107038817455505,High
Extra Trees,player_1,match_18,1115.0,1145.0,0.3460726258064516,0.3596825996412916,0.36638612406451254,-0.006703524423220919,0.9817036618394408,Normal
Extra Trees,player_1,match_18,1145.0,1175.0,0.4570099370967742,0.3631241904168015,0.36589911428620675,-0.0027749238694052547,0.9924161503511192,Normal
Extra Trees,player_1,match_18,1175.0,1205.0,0.4312639806451612,0.3712722048895172,0.36589911428620675,0.005373090603310426,1.0146846231475368,High
Extra Trees,player_1,match_18,1205.0,1235.0,0.4574239193548387,0.3590762058532569,0.36638612406451254,-0.0073099182112556504,0.980048594280365,Normal
Extra Trees,player_1,match_18,1235.0,1265.0,0.4404858451612902,0.3604670134434724,0.36622531388564283,-0.005758300442170461,0.9842766181805539,Normal
Extra Trees,player_1,match_18,1265.0,1295.0,0.4074666499999999,0.3694981787520697,0.36491825704037506,0.0045799217116946345,1.0125505414523228,High
Extra Trees,player_1,match_18,1295.0,1325.0,0.420292243548387,0.3627696786539829,0.36491825704037506,-0.0021485783863921526,0.9941121652727986,Normal
Extra Trees,player_1,match_18,1325.0,1355.0,0.3914861870967742,0.3647994849607717,0.3629469345353922,0.0018525504253795178,1.0051041908585092,Elevated
Extra Trees,player_1,match_18,1355.0,1385.0,0.3828698806451612,0.3693096272269137,0.3629469345353922,0.00636269269152151,1.0175306417718237,High
Extra Trees,player_1,match_18,1385.0,1415.0,0.4066304532258065,0.357699533165009,0.3639618376887866,-0.006262304523777573,0.982794062796407,Normal
Extra Trees,player_1,match_18,1415.0,1445.0,0.3114662709677419,0.3684036894225239,0.3629469345353922,0.0054567548871317095,1.0150345804521448,High
Extra Trees,player_1,match_18,1445.0,1475.0,0.3201552419354839,0.3509024943706226,0.3639618376887866,-0.013059343318163996,0.9641189213652376,Normal
Extra Trees,player_1,match_18,1475.0,1505.0,0.3667958193548387,0.3589159576538244,0.36378458180737727,-0.004868624153552881,0.9866167385946807,Normal
Extra Trees,player_1,match_18,1505.0,1535.0,0.4142223951612902,0.3560559303886507,0.36161834604872767,-0.00556241566007698,0.9846179937471219,Normal
Extra Trees,player_1,match_18,1535.0,1565.0,0.334844158064516,0.3603202912278248,0.36161834604872767,-0.0012980548209028941,0.9964104287432143,Normal
Extra Trees,player_1,match_18,1565.0,1595.0,0.4041086580645161,0.3626774065523352,0.3615449849409038,0.0011324216114314,1.003132173473839,Elevated
Extra Trees,player_1,match_18,1595.0,1625.0,0.3583298096774193,0.3585633204537118,0.36149884889008,-0.0029355284363681844,0.9918795635300605,Normal
Extra Trees,player_1,match_18,1625.0,1655.0,0.3680079677419354,0.3643113271932711,0.3596181244408246,0.004693202752446501,1.0130505178506897,High
Extra Trees,player_1,match_18,1655.0,1685.0,0.3733173758064515,0.3570273535668554,0.3596181244408246,-0.002590770873969195,0.9927957722431325,Normal
Extra Trees,player_1,match_18,1685.0,1715.0,0.4471321741935483,0.3683541572696648,0.3587396390537681,0.009614518215896706,1.026800824802234,High
Extra Trees,player_1,match_18,1715.0,1745.0,0.3571136258064515,0.3715126466856636,0.3596181244408246,0.011894522244839001,1.0330754248366485,High
Extra Trees,player_1,match_18,1745.0,1775.0,0.3141510209677419,0.3666520671787844,0.3596181244408246,0.00703394273795982,1.0195594778458317,High
Extra Trees,player_1,match_18,1775.0,1805.0,0.319278529032258,0.3644866331395331,0.36149884889008,0.002987784249453118,1.008264989663526,Elevated
Extra Trees,player_1,match_18,1805.0,1835.0,0.3425857064516129,0.3639966186551317,0.3634943668728031,0.0005022517823285999,1.0013817319554346,Elevated
Extra Trees,player_1,match_18,1835.0,1865.0,0.3955945096774192,0.3616710716887091,0.3641539729242014,-0.002482901235492274,0.9931817269064669,Normal
Extra Trees,player_1,match_18,1865.0,1895.0,0.3310328129032257,0.3585829573873098,0.3641539729242014,-0.005571015536891599,0.9847014835725788,Normal
Extra Trees,player_1,match_18,1895.0,1925.0,0.3494332516129032,0.3656967937902957,0.3641539729242014,0.0015428208660943077,1.0042367267167382,Elevated
Extra Trees,player_1,match_18,1925.0,1955.0,0.4393587096774193,0.3604063553915571,0.3643989801664021,-0.003992624774845022,0.989043260293918,Normal
Extra Trees,player_1,match_18,1955.0,1985.0,0.4718739387096773,0.3599664161279677,0.36424162589733244,-0.004275209769364741,0.9882627095164302,Normal
Extra Trees,player_1,match_18,1985.0,2015.0,0.3235580279569892,0.3622433564937148,0.36424162589733244,-0.0019982694036176363,0.9945138906112261,Normal
Extra Trees,player_1,match_18,2015.0,2045.0,0.4282874827956989,0.35509486477332,0.36311998757442326,-0.00802512280110329,0.9778995288727848,Normal
Extra Trees,player_1,match_18,2045.0,2075.0,0.3798978268817203,0.3611682817124456,0.36195721409121195,-0.0007889323787663716,0.9978203711708103,Normal
Extra Trees,player_1,match_18,2075.0,2105.0,0.3466557096774193,0.3588123469273745,0.36141967670057734,-0.0026073297732028267,0.9927858665665209,Normal
Extra Trees,player_1,match_18,2105.0,2135.0,0.4128237854838709,0.3543207060824978,0.3607873185520013,-0.006466612469503474,0.9820763864554418,Normal
Extra Trees,player_1,match_18,2135.0,2165.0,0.3962035838709677,0.3570987439667678,0.36018638575976236,-0.0030876417929945887,0.9914276554720922,Normal
Extra Trees,player_1,match_18,2165.0,2195.0,0.4174065806451613,0.3538820996459841,0.3593893815276711,-0.005507281881686976,0.9846760027848431,Normal
Extra Trees,player_1,match_18,2195.0,2225.0,0.4007655806451612,0.3571999568070075,0.3593893815276711,-0.0021894247206635797,0.9939079315272007,Normal
Extra Trees,player_1,match_18,2225.0,2255.0,0.4051961274193548,0.3580085320415381,0.358006151867191,2.3801743471163483e-06,1.0000066484174495,Elevated
Extra Trees,player_1,match_18,2255.0,2285.0,0.3618894451612902,0.3580781447495138,0.3576042444242728,0.0004739003252410279,1.001325208893994,Elevated
Extra Trees,player_1,match_18,2285.0,2315.0,0.3889859241935484,0.3605648517308894,0.3576042444242728,0.002960607306616625,1.008279004941295,Elevated
Extra Trees,player_1,match_18,2315.0,2345.0,0.3682580241935484,0.3667320403346047,0.3576042444242728,0.009127795910331915,1.0255248533893306,High
Extra Trees,player_1,match_18,2345.0,2375.0,0.4278256209677419,0.3607542871388127,0.35804333839552593,0.0027109487432867563,1.007571565932312,Elevated
Extra Trees,player_1,match_19,4.0,34.0,0.346955036344086,0.3692848372509261,,,,Insufficient Baseline
Extra Trees,player_1,match_19,34.0,64.0,0.4860952193548387,0.3690515540542929,0.3692848372509261,-0.00023328319663318275,0.9993682838473147,Normal
Extra Trees,player_1,match_19,64.0,94.0,0.2503748451612902,0.367879099622732,0.3691681956526095,-0.001289096029877479,0.9965081064808451,Normal
Extra Trees,player_1,match_19,94.0,124.0,0.3339913580645161,0.3658473036362763,0.3690515540542929,-0.0032042504180165854,0.9913176075732086,Normal
Extra Trees,player_1,match_19,124.0,154.0,0.2979476258064516,0.3638922141425406,0.36846532683851246,-0.0045731126959718815,0.9875887570339118,Normal
Extra Trees,player_1,match_19,154.0,184.0,0.3438236467741935,0.3627362793091693,0.367879099622732,-0.005142820313562724,0.9860203520155486,Normal
Extra Trees,player_1,match_19,184.0,214.0,0.4131600645161289,0.3651325143375667,0.36686320162950414,-0.0017306872919374272,0.9952824723650391,Normal
Extra Trees,player_1,match_19,214.0,244.0,0.3620903795698924,0.3656807548911533,0.3658473036362763,-0.00016654874512300744,0.9995447588557641,Normal
Extra Trees,player_1,match_19,244.0,274.0,0.3750370725806451,0.3680140010499741,0.3657640292637148,0.002249971786259297,1.0061514299008256,Elevated
Extra Trees,player_1,match_19,274.0,304.0,0.3312729403225806,0.3667873185346483,0.3658473036362763,0.0009400148983719769,1.002569418686509,Elevated
Extra Trees,player_1,match_19,304.0,334.0,0.2992506311827957,0.3670506163593802,0.3663173110854623,0.0007333052739179058,1.002001830794578,Elevated
Extra Trees,player_1,match_19,334.0,364.0,0.3115837322580644,0.3683026001426671,0.3663173110854623,0.0019852890572047976,1.0054195884200012,Elevated
Extra Trees,player_1,match_19,364.0,394.0,0.3697505870967741,0.3599742751367927,0.3663173110854623,-0.006343035948669584,0.9826843128710624,Normal
Extra Trees,player_1,match_19,394.0,424.0,0.2926450806451612,0.3698121454394089,0.3657640292637148,0.004048116175694061,1.0110675622855614,High
Extra Trees,player_1,match_19,424.0,454.0,0.3417411096774193,0.3714403344813182,0.3662340367129008,0.005206297768417412,1.0142157670956693,High
Extra Trees,player_1,match_19,454.0,484.0,0.4074611709677419,0.3694548944192168,0.36691896744701424,0.0025359269722025624,1.0069114087773856,Elevated
Extra Trees,player_1,match_19,484.0,514.0,0.460586214516129,0.3674541247024515,0.3675323087046771,-7.818400222564525e-05,0.9997872731175629,Normal
Extra Trees,player_1,match_19,514.0,544.0,0.3249116758064515,0.3670023658831226,0.3677340628762128,-0.0007316969930901696,0.9980102550539723,Normal
Extra Trees,player_1,match_19,544.0,574.0,0.3767467306451612,0.3682005326717473,0.3677340628762128,0.0004664697955344965,1.0012684976525863,Elevated
Extra Trees,player_1,match_19,574.0,604.0,0.3643226838709676,0.3674536631454579,0.3678273286870994,-0.0003736655416414769,0.9989841278434226,Normal
Extra Trees,player_1,match_19,604.0,634.0,0.3196262645161289,0.3639083868622365,0.3678273286870994,-0.003918941824862909,0.9893457024010398,Normal
Extra Trees,player_1,match_19,634.0,664.0,0.3825130403225806,0.365763951924925,0.3678273286870994,-0.002063376762174385,0.9943903658014229,Normal
Extra Trees,player_1,match_19,664.0,694.0,0.2664388306451613,0.3668184323579921,0.36745389392395467,-0.0006354615659625584,0.9982706359179471,Normal
Extra Trees,player_1,match_19,694.0,724.0,0.4317197419354838,0.368996321493259,0.36745389392395467,0.0015424275693043388,1.0041976084477786,Elevated
Extra Trees,player_1,match_19,724.0,754.0,0.4267420435483871,0.3712071541689884,0.36745389392395467,0.0037532602450337516,1.0102142345124,High
Extra Trees,player_1,match_19,754.0,784.0,0.3077548532258064,0.3656575348185124,0.36745389392395467,-0.0017963591054422912,0.9951113346867565,Normal
Extra Trees,player_1,match_19,784.0,814.0,0.2900432338709677,0.3650941884112916,0.36722801451429027,-0.0021338261029986705,0.994189370040788,Normal
Extra Trees,player_1,match_19,814.0,844.0,0.3189259016129032,0.3676964959877944,0.36691039912055734,0.0007860968672370738,1.0021424763896616,Elevated
Extra Trees,player_1,match_19,844.0,874.0,0.3310214225806451,0.3681872275431902,0.36713604775172504,0.0010511797914651844,1.00286318872228,Elevated
Extra Trees,player_1,match_19,874.0,904.0,0.4569588354838709,0.3680437015463852,0.36713604775172504,0.0009076537946601793,1.0024722546320866,Elevated
Extra Trees,player_1,match_19,904.0,934.0,0.4133246967741935,0.3637776643041139,0.3672574641728933,-0.0034797998687793874,0.9905249036214517,Normal
Extra Trees,player_1,match_19,934.0,964.0,0.4087482870967741,0.3644680720607537,0.3672574641728933,-0.002789392112139577,0.9924048048460455,Normal
Extra Trees,player_1,match_19,964.0,994.0,0.5050125741935484,0.3664634554393313,0.3672574641728933,-0.0007940087335620016,0.9978380051843189,Normal
Extra Trees,player_1,match_19,994.0,1024.0,0.4477181580645161,0.3701855548439631,0.3670799757135629,0.0031055791304002156,1.0084602248443635,Elevated
Extra Trees,player_1,match_2,4.0,34.0,0.2958652661290322,0.3702647381615409,,,,Insufficient Baseline
Extra Trees,player_1,match_2,34.0,64.0,0.2775176467741935,0.371125567157923,0.3702647381615409,0.0008608289963821236,1.0023249013682922,Elevated
Extra Trees,player_1,match_2,64.0,94.0,0.2637238629032258,0.369473573810786,0.37069515265973196,-0.00122157884894597,0.9967046268606936,Normal
Extra Trees,player_1,match_2,94.0,124.0,0.2586034,0.3752906255331207,0.3702647381615409,0.005025887371579829,1.0135737672362068,High
Extra Trees,player_1,match_2,124.0,154.0,0.3067604274193548,0.3698496920500814,0.37069515265973196,-0.0008454606096505723,0.9977192563658186,Normal
Extra Trees,player_1,match_2,154.0,184.0,0.3346776854838709,0.3774693298882092,0.3702647381615409,0.007204591726668319,1.019457947204049,High
Extra Trees,player_1,match_2,184.0,214.0,0.2801252564516128,0.3709003714949297,0.37069515265973196,0.0002052188351977513,1.0005536053917223,Elevated
Extra Trees,player_1,match_2,214.0,244.0,0.3093890403225806,0.3754916163631577,0.3709003714949297,0.004591244868227984,1.0123786472623977,High
Extra Trees,player_1,match_2,244.0,274.0,0.2566419408602149,0.3739342731321445,0.37101296932642636,0.002921303805718145,1.0078738589947995,Elevated
Extra Trees,player_1,match_2,274.0,304.0,0.2652927387096773,0.369583648750911,0.371125567157923,-0.0015419184070120107,0.9958452918810741,Normal
Extra Trees,player_1,match_2,304.0,334.0,0.2742754129032257,0.3715340348857417,0.37101296932642636,0.000521065559315359,1.0014044402821318,Elevated
Extra Trees,player_1,match_2,334.0,364.0,0.3004889838709677,0.3725510773267504,0.37132980102183233,0.0012212763049180841,1.0032889261824862,Elevated
Extra Trees,player_1,match_2,364.0,394.0,0.2880322241935483,0.3757425714863024,0.37204255610624604,0.003700015380056376,1.0099451401978856,High
Extra Trees,player_1,match_2,394.0,424.0,0.2722221096774193,0.3641538439249835,0.37324267522944743,-0.009088831304463918,0.9756490028936894,Normal
Extra Trees,player_1,match_2,424.0,454.0,0.2656520806451613,0.3643330733986515,0.37204255610624604,-0.007709482707594528,0.9792779546827087,Normal
Extra Trees,player_1,match_2,454.0,484.0,0.3102619983870968,0.3649450747741607,0.37204255610624604,-0.00709748133208532,0.9809229314883579,Normal
Extra Trees,player_1,match_2,484.0,514.0,0.2792051919354838,0.3687265637035257,0.3712172031903357,-0.002490639486809998,0.9932906140518144,Normal
Extra Trees,player_1,match_2,514.0,544.0,0.3022927983870968,0.3683723978096495,0.3705588418183263,-0.0021864440086768466,0.9940996037283903,Normal
Extra Trees,player_1,match_2,544.0,574.0,0.2844382032258064,0.3662693543981203,0.36915510622721837,-0.00288575182909806,0.9921828202280863,Normal
Extra Trees,player_1,match_2,574.0,604.0,0.2853032274193547,0.3693052156260421,0.36854948075658756,0.0007557348694545718,1.0020505655520207,Elevated
Extra Trees,player_1,match_2,604.0,634.0,0.2881203322580645,0.3726073951059316,0.36854948075658756,0.0040579143493440495,1.011010500790867,High
Extra Trees,player_1,match_2,634.0,664.0,0.3373394419354838,0.3720715718681692,0.36854948075658756,0.003522091111581638,1.0095566302368713,High
Extra Trees,player_1,match_2,664.0,694.0,0.2931663677419354,0.3681649485537875,0.36854948075658756,-0.0003845322028000475,0.9989566334430572,Normal
Extra Trees,player_1,match_2,694.0,724.0,0.28431085,0.36577815897832,0.3682686731817185,-0.0024905142033985195,0.9932372357879878,Normal
Extra Trees,player_1,match_2,724.0,754.0,0.3184956838709677,0.3697242278652453,0.3682686731817185,0.0014555546835267608,1.003952426012648,Elevated
Extra Trees,player_1,match_2,754.0,784.0,0.3055769,0.366476446418219,0.36854948075658756,-0.002073034338368529,0.9943751532789767,Normal
Extra Trees,player_1,match_2,784.0,814.0,0.2926449499999999,0.3673817440733122,0.36854948075658756,-0.0011677366832753555,0.9968315335002559,Normal
Extra Trees,player_1,match_2,814.0,844.0,0.3067503661290321,0.3711045060036584,0.3682686731817185,0.0028358328219398876,1.0077004454314271,Elevated
Extra Trees,player_1,match_2,844.0,874.0,0.289839793548387,0.368849256258793,0.3687350820899148,0.00011417416887821163,1.0003096373912432,Elevated
Extra Trees,player_1,match_2,874.0,904.0,0.3378765919354839,0.372455738216096,0.3690772359424176,0.0033785022736784187,1.0091539166999872,High
Extra Trees,player_1,match_2,904.0,934.0,0.3269790983870967,0.3700355834785921,0.36928674206201917,0.0007488414165729429,1.0020278047687052,Elevated
Extra Trees,player_1,match_2,934.0,964.0,0.3132642403225806,0.3685437701668687,0.36928674206201917,-0.0007429718951504904,0.9979880894423615,Normal
Extra Trees,player_1,match_2,964.0,994.0,0.3223875709677419,0.3763922544831678,0.3686965132128308,0.007695741270337009,1.020872834416784,High
Extra Trees,player_1,match_2,994.0,1024.0,0.3215101564516129,0.367427022059739,0.36928674206201917,-0.0018597200022801852,0.9949640217466355,Normal
Extra Trees,player_1,match_2,1024.0,1054.0,0.3371445725806451,0.3667553458143186,0.36928674206201917,-0.002531396247700546,0.9931451743066492,Normal
Extra Trees,player_1,match_20,8.0,38.0,0.3989269854838709,0.3756608923976655,,,,Insufficient Baseline
Extra Trees,player_1,match_20,38.0,68.0,0.4316900344086021,0.3760647550693271,0.3756608923976655,0.0004038626716615923,1.00107507243856,Elevated
Extra Trees,player_1,match_20,68.0,98.0,0.3397370677419354,0.3700070617183304,0.3758628237334963,-0.005855762015165855,0.9844204809696266,Normal
Extra Trees,player_1,match_20,98.0,128.0,0.3017111225806451,0.3634478367489938,0.3756608923976655,-0.0122130556486717,0.9674891480698947,Normal
Extra Trees,player_1,match_20,128.0,158.0,0.3798366677419355,0.3603488843458095,0.3728339770579979,-0.01248509271218845,0.9665129964529862,Normal
Extra Trees,player_1,match_20,158.0,188.0,0.3745574080645161,0.3579037405245546,0.3700070617183304,-0.012103321193775829,0.9672889454121026,Normal
Extra Trees,player_1,match_20,188.0,218.0,0.3556796903225807,0.3626373730239534,0.3667274492336621,-0.004090076209708693,0.9888470955248766,Normal
Extra Trees,player_1,match_20,218.0,248.0,0.3473440016129032,0.3662568743587117,0.3634478367489938,0.0028090376097179015,1.007728860446232,Elevated
Extra Trees,player_1,match_20,248.0,278.0,0.3123709129032258,0.3613883276465524,0.36485235555385276,-0.003464027907300382,0.9905056720764707,Normal
Extra Trees,player_1,match_20,278.0,308.0,0.3874297354838709,0.3673981151578228,0.3634478367489938,0.003950278408829,1.0108689005942748,High
Extra Trees,player_1,match_20,308.0,338.0,0.3102420612903225,0.3636423119040055,0.36485235555385276,-0.001210043649847281,0.9966834703643056,Normal
Extra Trees,player_1,match_20,338.0,368.0,0.3197564532258065,0.3720111905615727,0.36354507432649963,0.008466116235073096,1.023287665912562,High
Extra Trees,player_1,match_20,368.0,398.0,0.4100833096774193,0.3643618557307075,0.36354507432649963,0.000816781404207878,1.0022467128889616,Elevated
Extra Trees,player_1,match_20,398.0,428.0,0.393396693548387,0.3661733211225468,0.36354507432649963,0.0026282467960471734,1.007229493621709,Elevated
Extra Trees,player_1,match_20,428.0,458.0,0.385809793548387,0.3634046984624828,0.3640020838173565,-0.0005973853548736918,0.9983588408379183,Normal
Extra Trees,player_1,match_20,458.0,488.0,0.3220859338709677,0.3710807101117223,0.3640020838173565,0.007078626294365786,1.0194466642062345,High
Extra Trees,player_1,match_20,488.0,518.0,0.4059238080645161,0.367079705721726,0.36526758842662715,0.0018121172950988362,1.0049610678650807,Elevated
Extra Trees,player_1,match_20,518.0,548.0,0.4215177967741935,0.363613168600804,0.3662150977406292,-0.00260192913982521,0.9928950795423841,Normal
Extra Trees,player_1,match_20,548.0,578.0,0.4170904209677418,0.3696433264341738,0.36526758842662715,0.004375738007546648,1.0119795408795917,High
Extra Trees,player_1,match_20,578.0,608.0,0.3580198709677418,0.3744382650343716,0.36662651342213637,0.00781175161223524,1.021307110441412,High
Extra Trees,player_1,match_20,608.0,638.0,0.3240940629032258,0.3669756294577164,0.36662651342213637,0.0003491160355800216,1.000952238921079,Elevated
Extra Trees,player_1,match_20,638.0,668.0,0.4082569467741935,0.3647047519136878,0.36702766758972116,-0.002322915676033377,0.9936710066265902,Normal
Extra Trees,player_1,match_20,668.0,698.0,0.3032243564516129,0.3602158168026826,0.3665744752901316,-0.006358658487448987,0.982653842763012,Normal
Extra Trees,player_1,match_20,698.0,728.0,0.3439332903225806,0.364058683045314,0.3665744752901316,-0.002515792244817572,0.9931370228578342,Normal
Extra Trees,player_1,match_20,728.0,758.0,0.3478509258064515,0.3646755750669687,0.36584019068570206,-0.0011646156187333778,0.9968166001210788,Normal
Extra Trees,player_1,match_20,758.0,788.0,0.4013233741935483,0.3650514504770186,0.36584019068570206,-0.0007887402086834694,0.9978440307304534,Normal
Extra Trees,player_1,match_20,788.0,818.0,0.4152917016129032,0.367748877517041,0.3648781011953532,0.002870776321687807,1.0078677682006212,Elevated
Extra Trees,player_1,match_20,818.0,848.0,0.424755858064516,0.3718803759091739,0.3648781011953532,0.0070022747138207,1.0191907233974333,High
Extra Trees,player_1,match_20,848.0,878.0,0.3946000548387096,0.365003883024611,0.3660135399673675,-0.0010096569427565094,0.9972414765233917,Normal
Extra Trees,player_1,match_20,878.0,908.0,0.3284972451612902,0.3707420442503719,0.36502766675081477,0.005714377499557111,1.015654642154722,High
Extra Trees,player_1,match_20,908.0,938.0,0.4403926483870967,0.3644335768667731,0.36502766675081477,-0.000594089884041693,0.9983724798469941,Normal
Extra Trees,player_1,match_20,938.0,968.0,0.4816861806451612,0.368776265765506,0.3648543174691494,0.003921948296356559,1.0107493542177644,High
Extra Trees,player_1,match_20,968.0,998.0,0.4418031258064515,0.3676527075820212,0.36502766675081477,0.0026250408312064044,1.007191347588999,Elevated
Extra Trees,player_1,match_20,998.0,1028.0,0.3454945629032258,0.3668787155201859,0.3663520790295199,0.0005266364906660326,1.0014375146773047,Elevated
Extra Trees,player_1,match_20,1028.0,1058.0,0.3381067080645161,0.3736842897994726,0.36726571155110355,0.006418578248369056,1.017476660756761,High
Extra Trees,player_1,match_20,1058.0,1088.0,0.3687248887096774,0.3662009029552378,0.3677007925495311,-0.0014998895942933133,0.9959208964878931,Normal
Extra Trees,player_1,match_20,1088.0,1118.0,0.4259811403225805,0.3640859615673557,0.3677007925495311,-0.00361483098217541,0.9901690965713965,Normal
Extra Trees,player_1,match_20,1118.0,1148.0,0.418253,0.3738597523098421,0.36726571155110355,0.00659404075873854,1.0179544143418382,High
Extra Trees,player_1,match_20,1148.0,1178.0,0.419524279032258,0.3805554946953816,0.36726571155110355,0.013289783144278033,1.0361857443433806,High
Extra Trees,player_1,match_20,1178.0,1208.0,0.3381845822580644,0.3624253677473866,0.36821448667376355,-0.005789118926376957,0.9842778621268475,Normal
Extra Trees,player_1,match_20,1208.0,1238.0,0.3538950322580645,0.3627777000635585,0.36726571155110355,-0.004488011487545074,0.987779933311524,Normal
Extra Trees,player_1,match_20,1238.0,1268.0,0.3349326193548387,0.3640272198999425,0.36726571155110355,-0.003238491651161024,0.991182156271862,Normal
Extra Trees,player_1,match_20,1268.0,1298.0,0.4908100338709676,0.3691247224885066,0.36653980923771184,0.0025849132507947403,1.0070522032959273,Elevated
Extra Trees,player_1,match_20,1298.0,1328.0,0.4540041129032258,0.3594238231065185,0.36653980923771184,-0.0071159861311933525,0.9805860483585879,Normal
Extra Trees,player_1,match_20,1328.0,1358.0,0.3569337725806452,0.3661154605419339,0.36514343226129675,0.0009720282806371383,1.0026620450890147,Elevated
Extra Trees,player_1,match_20,1358.0,1388.0,0.4102828046594982,0.3697062994871747,0.3651007110546448,0.004605588432529895,1.0126145698791602,High
Extra Trees,player_1,match_21,3.0,33.0,0.4004845535483871,0.3728148318747162,,,,Insufficient Baseline
Extra Trees,player_1,match_21,33.0,63.0,0.4099569516129032,0.3746910267695902,0.3728148318747162,0.001876194894874006,1.005032511409054,Elevated
Extra Trees,player_1,match_21,63.0,93.0,0.4049818806451613,0.365373614332883,0.3737529293221532,-0.008379314989270192,0.9775806038377622,Normal
Extra Trees,player_1,match_21,93.0,123.0,0.3200000661290322,0.3641086025531692,0.3728148318747162,-0.008706229321547021,0.9766473096637079,Normal
Extra Trees,player_1,match_21,123.0,153.0,0.3533985403225805,0.3685854665986184,0.3690942231037996,-0.0005087565051811738,0.9986216080519957,Normal
Extra Trees,player_1,match_21,153.0,183.0,0.3228522677419354,0.3651861218690636,0.3685854665986184,-0.003399344729554832,0.9907773229342853,Normal
Extra Trees,player_1,match_21,183.0,213.0,0.3965992741935483,0.366770275509616,0.3669795404657507,-0.00020926495613471374,0.9994297639703044,Normal
Extra Trees,player_1,match_21,213.0,243.0,0.3613735806451612,0.3640999129869298,0.366770275509616,-0.0026703625226862093,0.9927192504382318,Normal
Extra Trees,player_1,match_21,243.0,273.0,0.3413423725806451,0.3654284420209913,0.3660719449212495,-0.0006435029002582193,0.9982421408982962,Normal
Extra Trees,player_1,match_21,273.0,303.0,0.3935567467741935,0.3695001401560841,0.3654284420209913,0.004071698135092838,1.0111422584202105,High
Extra Trees,player_1,match_21,303.0,333.0,0.4224229661290322,0.3681530451755603,0.36609935876530364,0.002053686410256661,1.0056096421943563,Elevated
Extra Trees,player_1,match_21,333.0,363.0,0.4005380483870967,0.3672590328515933,0.36609935876530364,0.0011596740862896415,1.0031676485044954,Elevated
Extra Trees,player_1,match_21,363.0,393.0,0.4055830661290321,0.3652156833968528,0.36609935876530364,-0.0008836753684508536,0.9975862416928806,Normal
Extra Trees,player_1,match_21,393.0,423.0,0.3407616548387097,0.3748697609127841,0.36609935876530364,0.008770402147480483,1.0239563439200203,High
Extra Trees,player_1,match_21,423.0,453.0,0.3872321983870967,0.3683301392362079,0.36701465418060464,0.0013154850556032494,1.0035842848251937,Elevated
Extra Trees,player_1,match_21,453.0,483.0,0.3013079306451613,0.365749662652281,0.36701465418060464,-0.0012649915283236557,0.9965532942243196,Normal
Extra Trees,player_1,match_21,483.0,513.0,0.2541387903225806,0.3668219115653842,0.36701465418060464,-0.00019274261522045366,0.9994748367319263,Normal
Extra Trees,player_1,match_21,513.0,543.0,0.3072809516129032,0.3649706993864918,0.36704047220848873,-0.0020697728219969402,0.9943609139080956,Normal
Extra Trees,player_1,match_21,543.0,573.0,0.3827155387096774,0.3720594191127478,0.36704047220848873,0.005018946904259081,1.013674096684924,High
Extra Trees,player_1,match_21,573.0,603.0,0.2854157129032257,0.3644121035554804,0.3677060390135768,-0.0032939354580963642,0.9910419326619361,Normal
Extra Trees,player_1,match_21,603.0,633.0,0.3713720967741934,0.3720754495959953,0.36704047220848873,0.005034977387506578,1.0137177716593786,High
Extra Trees,player_1,match_21,633.0,663.0,0.3908297422939067,0.3579680890066594,0.36704047220848873,-0.009072383201829348,0.9752823356311617,Normal
Extra Trees,player_1,match_21,663.0,693.0,0.4158240161290322,0.3682394897455594,0.3662857871088326,0.0019537026367268395,1.0053338204906825,Elevated
Extra Trees,player_1,match_21,693.0,723.0,0.377770993548387,0.3644484466415973,0.3675307006554718,-0.0030822540138744636,0.9916136148398558,Normal
Extra Trees,player_1,match_21,723.0,753.0,0.3551171693548386,0.3649354326732322,0.3662857871088326,-0.0013503544356003871,0.9963133856591625,Normal
Extra Trees,player_1,match_21,753.0,783.0,0.6543495838709678,0.3680088116488234,0.3653601810193864,0.0026486306294369877,1.007249368614957,Elevated
Extra Trees,player_1,match_21,783.0,813.0,0.6062418838709678,0.3597468226639788,0.365896305475938,-0.006149482811959206,0.9831933727672918,Normal
Extra Trees,player_1,match_21,813.0,843.0,0.4450721623655913,0.3667915046463714,0.364953066029862,0.0018384386165093969,1.005037465876116,Elevated
Extra Trees,player_1,match_21,843.0,873.0,0.3495499709677419,0.3666849615336855,0.3658634686598018,0.0008214928738837224,1.0022453536476132,Elevated
Extra Trees,player_1,match_21,873.0,903.0,0.3791292774193547,0.3643470888142966,0.36581019710345886,-0.0014631082891622404,0.9960003622076493,Normal
Extra Trees,player_1,match_21,903.0,933.0,0.5089486177419356,0.3609461985590417,0.36581019710345886,-0.0048639985444171585,0.986703491092017,Normal
Extra Trees,player_1,match_21,933.0,963.0,0.3916851064516128,0.374779647964829,0.36469193965741475,0.010087708307414234,1.027660902834569,High
Extra Trees,player_1,match_21,963.0,993.0,0.3715880693548387,0.3675366154953834,0.36581019710345886,0.0017264183919245557,1.0047194375815507,Elevated
Extra Trees,player_1,match_3,0.0,30.0,0.3446366951612903,0.3706984015019709,,,,Insufficient Baseline
Extra Trees,player_1,match_3,30.0,60.0,0.3109970064516129,0.3689127262410746,0.3706984015019709,-0.0017856752608963466,0.9951829431859937,Normal
Extra Trees,player_1,match_3,60.0,90.0,0.326121629032258,0.3643841440405393,0.36980556387152275,-0.005421419830983432,0.9853398099957551,Normal
Extra Trees,player_1,match_3,90.0,120.0,0.329823464516129,0.3594131143801241,0.3689127262410746,-0.009499611860950496,0.9742497041027998,Normal
Extra Trees,player_1,match_3,120.0,150.0,0.3237445967741935,0.3587784752522134,0.3666484351408069,-0.007869959888593514,0.978535405761186,Normal
Extra Trees,player_1,match_3,150.0,180.0,0.337025514516129,0.3596056905801834,0.3643841440405393,-0.004778453460355936,0.9868862201099938,Normal
Extra Trees,player_1,match_3,180.0,210.0,0.3217871096774193,0.3589801520841264,0.3619949173103614,-0.00301476522623495,0.9916718023318262,Normal
Extra Trees,player_1,match_3,210.0,240.0,0.3234279951612903,0.3580444764392295,0.3596056905801834,-0.0015612141409538927,0.9956585388333676,Normal
Extra Trees,player_1,match_3,240.0,270.0,0.3458482322580645,0.3596874764760974,0.35950940248015373,0.0001780739959436617,1.0004953250032271,Elevated
Extra Trees,player_1,match_3,270.0,300.0,0.3226254032258064,0.3622005173244136,0.3596056905801834,0.0025948267442302275,1.0072157555127779,Elevated
Extra Trees,player_1,match_3,300.0,330.0,0.3182741322580644,0.3610711740593522,0.3596465835281404,0.0014245905312118001,1.003961084565955,Elevated
Extra Trees,player_1,match_3,330.0,360.0,0.3315618693548386,0.3620284359576911,0.3596465835281404,0.0023818524295506904,1.006622758392933,Elevated
Extra Trees,player_1,match_3,360.0,390.0,0.3394417532258064,0.3669412332250083,0.3596465835281404,0.007294649696867939,1.0202828277285643,High
Extra Trees,player_1,match_3,390.0,420.0,0.322517014874552,0.3639027835146634,0.3596465835281404,0.0042561999865229905,1.0118343957136187,High
Extra Trees,player_1,match_3,420.0,450.0,0.3606450629032257,0.3638072132200192,0.36037932526772476,0.0034278879522944283,1.0095118884795842,High
Extra Trees,player_1,match_3,450.0,480.0,0.3394956532258064,0.3594060320260671,0.36154980500852163,-0.0021437729824545504,0.9940706011930942,Normal
Extra Trees,player_1,match_3,480.0,510.0,0.3613336209677419,0.3687132149612491,0.36154980500852163,0.007163409952727462,1.019813065457354,High
Extra Trees,player_1,match_3,510.0,540.0,0.3539220612903225,0.3600426787635382,0.36211447664105234,-0.0020717978775141588,0.9942786107400842,Normal
Extra Trees,player_1,match_3,540.0,570.0,0.4476641435483871,0.3622668892629833,0.36211447664105234,0.00015241262193094185,1.0004208962407266,Elevated
Extra Trees,player_1,match_3,570.0,600.0,0.3146005225806451,0.3574107148631818,0.3622337032936984,-0.004822988430516595,0.9866854232870592,Normal
Extra Trees,player_1,match_3,600.0,630.0,0.3320542483870968,0.361456153545322,0.36214766261033715,-0.000691509065015139,0.9980905328505207,Normal
Extra Trees,player_1,match_3,630.0,660.0,0.3357328080645161,0.3594082748497217,0.36214766261033715,-0.0027393877606154415,0.9924357160256948,Normal
Extra Trees,player_1,match_3,660.0,690.0,0.3524776774193549,0.3674606797860425,0.3618615214041526,0.0055991583818899016,1.0154732074307409,High
Extra Trees,player_1,match_3,690.0,720.0,0.3604634919354839,0.36336668322043,0.3618615214041526,0.0015051618162773561,1.004159496733548,Elevated
Extra Trees,player_1,match_3,720.0,750.0,0.343651643548387,0.3590744096923895,0.3618615214041526,-0.0027871117117631017,0.9922978500147015,Normal
Extra Trees,player_1,match_3,750.0,780.0,0.3439974709677419,0.357194811692384,0.3607494161544301,-0.0035546044620461403,0.9901466106308972,Normal
Extra Trees,player_1,match_3,780.0,810.0,0.3666215258064516,0.363787336730093,0.3607494161544301,0.003037920575662878,1.0084211378858128,Elevated
Extra Trees,player_1,match_3,810.0,840.0,0.3664728241935484,0.3707595862278547,0.3607494161544301,0.010010170073424585,1.0277482641001403,High
Extra Trees,player_1,match_3,840.0,870.0,0.3279021645161291,0.3634691283853603,0.3618615214041526,0.0016076069812076543,1.0044426027254005,Elevated
Extra Trees,player_1,match_3,870.0,900.0,0.3354657758064516,0.3657864648212838,0.362411418382876,0.0033750464384078027,1.0093127486254923,High
Extra Trees,player_1,match_3,900.0,930.0,0.3314160274193548,0.3554152950705809,0.3634179058028951,-0.00800261073231423,0.9779795915266362,Normal
Extra Trees,player_1,match_3,930.0,960.0,0.322504043548387,0.3622366374919561,0.3634179058028951,-0.0011812683109390099,0.9967495594133446,Normal
Extra Trees,player_1,match_3,960.0,990.0,0.3488482370967741,0.367981557369668,0.3634179058028951,0.004563651566772853,1.012557585891896,High
Extra Trees,player_1,match_3,990.0,1020.0,0.3799896870967741,0.3792972906198137,0.3634179058028951,0.015879384816918585,1.043694558147421,High
Extra Trees,player_1,match_3,1020.0,1050.0,0.471963843548387,0.3684716043447704,0.36362823255772664,0.004843371787043749,1.0133195702461713,High
Extra Trees,player_1,match_3,1050.0,1080.0,0.4195100596774193,0.3675489591130872,0.3647869007756884,0.0027620583373987873,1.0075717037303848,Elevated
Extra Trees,player_1,match_3,1080.0,1110.0,0.4289013516129032,0.3701067588385485,0.3666677119671855,0.003439046871362983,1.0093791920016966,High
Extra Trees,player_1,match_3,1110.0,1140.0,0.3872684548387097,0.3657017455738216,0.3677652582413776,-0.002063512667556,0.9943890494783995,Normal
Extra Trees,player_1,match_3,1140.0,1170.0,0.3958297032258063,0.36927502318754,0.3666677119671855,0.0026073112203545135,1.0071108285110957,Elevated
Extra Trees,player_1,match_3,1170.0,1200.0,0.4394950258064516,0.3796854207757806,0.3677652582413776,0.011920162534402978,1.032412421421763,High
Extra Trees,player_1,match_3,1200.0,1230.0,0.4009759838709676,0.3702920524282185,0.36822658085721915,0.0020654715709993443,1.0056092408271857,Elevated
Extra Trees,player_1,match_3,1230.0,1260.0,0.4137728451612903,0.3722462541438005,0.3688733137661552,0.0033729403776453504,1.0091438991430635,High
Extra Trees,player_1,match_3,1260.0,1290.0,0.3938032241935484,0.3714006304170346,0.36969089101304425,0.001709739403990329,1.0046247809874493,Elevated
Extra Trees,player_1,match_3,1290.0,1320.0,0.3852829967741935,0.3677556903619737,0.3701994056333835,-0.0024437152714097965,0.9933989216778217,Normal
Extra Trees,player_1,match_3,1320.0,1350.0,0.309360026344086,0.3627504879379546,0.36969089101304425,-0.006940403075089641,0.9812264698865822,Normal
Extra Trees,player_1,match_3,1350.0,1380.0,0.318415143548387,0.361028974047408,0.36969089101304425,-0.00866191696563623,0.976569839354439,Normal
Extra Trees,player_1,match_3,1380.0,1410.0,0.3252842548387097,0.3637210358210749,0.36969089101304425,-0.005969855191969353,0.9838517655233255,Normal
Extra Trees,player_1,match_3,1410.0,1440.0,0.3482156177419355,0.3635222315738771,0.3685153567747569,-0.0049931252008798,0.9864506997901537,Normal
Extra Trees,player_1,match_3,1440.0,1470.0,0.3271847951612903,0.3615220122887688,0.3685153567747569,-0.0069933444859880955,0.9810229224985526,Normal
Extra Trees,player_1,match_3,1470.0,1500.0,0.3052435903225806,0.3675408499086835,0.3657383630915243,0.0018024868171592212,1.0049283504249407,Elevated
Extra Trees,player_1,match_3,1500.0,1530.0,0.3606436612903225,0.364651516244477,0.3656309428648792,-0.0009794266204021795,0.9973212698774127,Normal
Extra Trees,player_1,match_3,1530.0,1560.0,0.3602180016129032,0.3653183717119707,0.364186276032776,0.0011320956791947001,1.003108562166392,Elevated
Extra Trees,player_2,match_11,171.0,201.0,0.2623217354838709,0.3467223897021055,,,,Insufficient Baseline
Extra Trees,player_2,match_11,201.0,231.0,0.2642272387096774,0.3503859865901952,0.3467223897021055,0.003663596888089704,1.0105663695131928,Elevated
Extra Trees,player_2,match_11,231.0,261.0,0.2897477274193548,0.3588305336129446,0.34855418814615036,0.010276345466794234,1.0294827771872457,High
Extra Trees,player_2,match_11,261.0,291.0,0.2672184693548387,0.35648552800194,0.3503859865901952,0.006099541411744791,1.017408063236498,High
Extra Trees,player_2,match_11,291.0,321.0,0.3197311193548386,0.3588242512089789,0.3534357572960676,0.005388493912911296,1.015246034963003,High
Extra Trees,player_2,match_11,321.0,351.0,0.2947617032258064,0.3528975495314185,0.35648552800194,-0.0035879784705215023,0.9899351356824169,Normal
Extra Trees,player_2,match_11,351.0,381.0,0.2879285322580645,0.3598040143150155,0.35469153876667925,0.0051124755483362705,1.014413863849454,High
Extra Trees,player_2,match_11,381.0,411.0,0.2963167114695341,0.3495726413063749,0.35648552800194,-0.0069128866955651125,0.9806082262741183,Normal
Extra Trees,player_2,match_11,411.0,441.0,0.3226705258064515,0.3504196113239055,0.35469153876667925,-0.004271927442773771,0.9879559364240039,Normal
Extra Trees,player_2,match_11,441.0,471.0,0.3006176103942651,0.3558618378488947,0.3528975495314185,0.0029642883174761936,1.0083998552027698,Elevated
Extra Trees,player_2,match_11,471.0,501.0,0.3150016870967741,0.3516163238565509,0.3543796936901566,-0.0027633698336057,0.9922022342622662,Normal
Extra Trees,player_2,match_11,501.0,531.0,0.319758179032258,0.3453813309642777,0.3543796936901566,-0.008998362725878895,0.9746081310918836,Normal
Extra Trees,player_2,match_11,531.0,561.0,0.3478589580645161,0.3534494485138008,0.3543796936901566,-0.000930245176355815,0.9973750042880021,Normal
Extra Trees,player_2,match_11,561.0,591.0,0.3491936887096774,0.3467356999487971,0.35317349902260964,-0.0064377990738125335,0.9817715681056794,Normal
Extra Trees,player_2,match_11,591.0,621.0,0.3256973661290322,0.3476112699483201,0.3522569366939847,-0.004645666745664634,0.9868117096876351,Normal
Extra Trees,player_2,match_11,621.0,651.0,0.3642662774193548,0.3558802438695188,0.3510179675902282,0.004862276279290589,1.0138519298959838,High
Extra Trees,player_2,match_11,651.0,681.0,0.3218441629032258,0.3578072590664394,0.3510179675902282,0.006789291476211212,1.0193417206612538,High
Extra Trees,player_2,match_11,681.0,711.0,0.3067237870967741,0.353337460413939,0.3510179675902282,0.0023194928237108003,1.0066079034062967,Elevated
Extra Trees,player_2,match_11,711.0,741.0,0.3288741129032257,0.3493500409079524,0.3524768921352449,-0.003126851227292504,0.9911289185275365,Normal
Extra Trees,player_2,match_11,741.0,771.0,0.3536145096774193,0.3593040573783892,0.3524768921352449,0.006827165243144306,1.0193691143887094,High
Extra Trees,player_2,match_11,771.0,801.0,0.3532903854838709,0.3623590929673098,0.3524768921352449,0.009882200832064869,1.0280364501973454,High
Extra Trees,player_2,match_11,801.0,831.0,0.3739670596774193,0.359169829842677,0.3533934544638699,0.005776375378807097,1.0163454509579708,High
Extra Trees,player_2,match_11,831.0,861.0,0.373655414516129,0.3552136551118577,0.3546648461916598,0.0005488089201979296,1.0015474015146721,Elevated
Extra Trees,player_2,match_11,861.0,891.0,0.3933243725806451,0.3589605757394903,0.3555469494906882,0.003413626248802093,1.0096010562140725,Elevated
Extra Trees,player_2,match_11,891.0,921.0,0.3680768258064516,0.3583597325658738,0.3568437514679791,0.001515981097894692,1.0042483050120907,Elevated
Extra Trees,player_2,match_11,921.0,951.0,0.3522220774193548,0.3515318215708733,0.3580834958161566,-0.006551674245283301,0.9817035012173614,Normal
Extra Trees,player_2,match_11,951.0,981.0,0.3449581516129031,0.3529032358074925,0.3580834958161566,-0.005180260008664117,0.9855333740058109,Normal
Extra Trees,player_2,match_11,981.0,1011.0,0.3654426387096773,0.3584444069795659,0.35678669383886574,0.0016577131407001788,1.0046462302807986,Elevated
Extra Trees,player_2,match_11,1011.0,1041.0,0.3250653225806451,0.3545876675466845,0.3584020697727198,-0.003814402226035296,0.9893571981086655,Normal
Extra Trees,player_2,match_11,1041.0,1071.0,0.3537423403225806,0.3542273054806108,0.3584020697727198,-0.004174764292109001,0.9883517294005684,Normal
Extra Trees,player_2,match_11,1071.0,1101.0,0.3534418838709677,0.3528713018906441,0.35678669383886574,-0.003915391948221658,0.9890259586026211,Normal
Extra Trees,player_2,match_11,1101.0,1131.0,0.402032293548387,0.3542918634932837,0.3549006613292711,-0.0006087978359874402,0.9982845965017163,Normal
Extra Trees,player_2,match_11,1131.0,1161.0,0.353488993548387,0.3586743622783136,0.35443976551998413,0.00423459675832949,1.0119472959026397,Elevated
Extra Trees,player_2,match_11,1161.0,1191.0,0.3527295758064516,0.3628829599914778,0.35443976551998413,0.008443194471493665,1.023821239298889,High
Extra Trees,player_2,match_11,1191.0,1221.0,0.3663112983870968,0.3496373964038947,0.35443976551998413,-0.004802369116089444,0.9864508173651337,Normal
Extra Trees,player_2,match_11,1221.0,1251.0,0.3421548838709678,0.3510975718413891,0.3542595844869473,-0.0031620126455581543,0.9910743060060393,Normal
Extra Trees,player_2,match_11,1251.0,1281.0,0.3399633569892473,0.3540125361322649,0.3542595844869473,-0.0002470483546823665,0.9993026346625451,Normal
Extra Trees,player_2,match_11,1281.0,1311.0,0.3775074919354838,0.3523558834787031,0.3542595844869473,-0.001903701008244163,0.994626254047576,Normal
Extra Trees,player_2,match_11,1311.0,1341.0,0.3787978612903226,0.3601400729440033,0.35411992080643784,0.00602015213756546,1.0170003204673033,High
Extra Trees,player_2,match_11,1341.0,1371.0,0.3619137467741935,0.3620542166916908,0.35411992080643784,0.007934295885252962,1.0224056750808714,High
Extra Trees,player_2,match_11,1371.0,1401.0,0.3974881903225806,0.351581383370699,0.3541521998127743,-0.0025708164420752966,0.9927409276479593,Normal
Extra Trees,player_2,match_11,1401.0,1431.0,0.3531865903225805,0.3520746755377773,0.3541521998127743,-0.002077524274996967,0.9941338094861608,Normal
Extra Trees,player_2,match_11,1431.0,1461.0,0.355686429032258,0.3573448881460988,0.35318420980548404,0.004160678340614787,1.0117804766609082,Elevated
Extra Trees,player_2,match_11,1461.0,1491.0,0.3920973467741935,0.3498869788843488,0.35318420980548404,-0.0032972309211352635,0.9906642742523761,Normal
Extra Trees,player_2,match_11,1491.0,1521.0,0.2766111258064515,0.3508862532570093,0.3522152795082402,-0.0013290262512309359,0.9962266649729492,Normal
Extra Trees,player_2,match_11,1521.0,1551.0,0.203704429032258,0.3524690592098325,0.3522152795082402,0.0002537797015922938,1.0007205243961779,Elevated
Extra Trees,player_2,match_11,1551.0,1581.0,0.3272110537634408,0.3546349175772367,0.3524124713442678,0.002222446232968911,1.0063063779340482,Elevated
Extra Trees,player_2,match_11,1581.0,1611.0,0.3821864854838709,0.3480464352473976,0.3524124713442678,-0.004366036096870196,0.987611005705286,Normal
Extra Trees,player_2,match_11,1611.0,1641.0,0.3492578951612903,0.3578592175250677,0.3522718673738049,0.0055873501512628265,1.0158609036620398,High
Extra Trees,player_2,match_11,1641.0,1671.0,0.3789353112903225,0.3610585408238881,0.3522718673738049,0.008786673450083216,1.0249428758407195,High
Extra Trees,player_2,match_11,1671.0,1701.0,0.3978354161290323,0.3552328280404956,0.3522718673738049,0.002960960666690715,1.0084053282164276,Elevated
Extra Trees,player_2,match_11,1701.0,1731.0,0.3644581532258064,0.3587694333836786,0.35355198839353463,0.005217444990143982,1.0147572214594265,High
Extra Trees,player_2,match_11,1731.0,1761.0,0.3794783499999999,0.347847547331465,0.3549338728088661,-0.007086325477401123,0.9800348007888863,Normal
Extra Trees,player_2,match_11,1761.0,1791.0,0.343785158064516,0.351954655636049,0.35355198839353463,-0.0015973327574856366,0.9954820427831743,Normal
Extra Trees,player_2,match_11,1791.0,1821.0,0.3737829274193548,0.3448839526877144,0.35355198839353463,-0.008668035705820254,0.9754829954564647,Normal
Extra Trees,player_2,match_11,1821.0,1851.0,0.3272990322580645,0.357540347112547,0.35355198839353463,0.003988358719012375,1.0112808267240545,Elevated
Extra Trees,player_2,match_11,1851.0,1881.0,0.3433125677419354,0.3597424568100699,0.3549338728088661,0.004808584001203764,1.0135478306512413,High
Extra Trees,player_2,match_11,1881.0,1911.0,0.3572977758064516,0.3430111096401464,0.3563865875765213,-0.013375477936374891,0.9624691882280699,Normal
Extra Trees,player_2,match_11,1911.0,1941.0,0.4145039112903225,0.3503602993699283,0.3563865875765213,-0.006026288206593011,0.983090586411872,Normal
Extra Trees,player_2,match_11,1941.0,1971.0,0.3868440903225806,0.3642757409546938,0.3535937418382723,0.010681999116421481,1.0302098081852005,High
Extra Trees,player_2,match_11,1971.0,2001.0,0.3498666951612902,0.3591874650829477,0.3535937418382723,0.005593723244675386,1.0158196330500495,High
Extra Trees,player_2,match_11,2001.0,2031.0,0.3401527967741935,0.3487415748221771,0.354747501374298,-0.006005926552120899,0.9830698552382925,Normal
Extra Trees,player_2,match_11,2031.0,2061.0,0.2524957580645161,0.3600145504218735,0.35115747750298865,0.008857072918884878,1.0252225098034813,High
Extra Trees,player_2,match_11,2061.0,2091.0,0.2840511193548386,0.3544329769399345,0.354747501374298,-0.00031452443436352784,0.9991133850607966,Normal
Extra Trees,player_2,match_11,2091.0,2121.0,0.3270610548387096,0.3436018157990039,0.35598666202624074,-0.012384846227236845,0.9652098026461342,Normal
Extra Trees,player_2,match_11,2121.0,2151.0,0.3724038903225806,0.3551793775941232,0.35598666202624074,-0.0008072844321175277,0.9977322621372313,Normal
Extra Trees,player_2,match_11,2151.0,2181.0,0.3577526896057347,0.3417965126022425,0.35480617726702884,-0.013009664664786369,0.963333037871561,Normal
Extra Trees,player_2,match_11,2181.0,2211.0,0.3386293274193548,0.3576879267385419,0.3523966381549314,0.005291288583610498,1.0150151505738376,High
Extra Trees,player_2,match_12,235.0,265.0,0.3823774387096774,0.3573709535272483,,,,Insufficient Baseline
Extra Trees,player_2,match_12,265.0,295.0,0.185351493548387,0.3577616154462876,0.3573709535272483,0.0003906619190393035,1.0010931552080087,Elevated
Extra Trees,player_2,match_12,295.0,325.0,0.3765021580645161,0.359019235377337,0.35756628448676797,0.0014529508905690158,1.0040634448873011,Elevated
Extra Trees,player_2,match_12,325.0,355.0,0.2657585096774193,0.3638671060116094,0.3577616154462876,0.006105490565321781,1.0170658066760614,High
Extra Trees,player_2,match_12,355.0,385.0,0.2251858177419354,0.3662091813206558,0.3583904254118123,0.007818755908843456,1.0218163080106262,High
Extra Trees,player_2,match_12,385.0,415.0,0.3591942516129032,0.3601440200065688,0.359019235377337,0.001124784629231823,1.0031329369526667,Elevated
Extra Trees,player_2,match_12,415.0,445.0,0.3646629112903226,0.3511866937675182,0.3595816276919529,-0.008394933924434689,0.9766536071981228,Normal
Extra Trees,player_2,match_12,445.0,475.0,0.4387410129032257,0.3572387280245318,0.359019235377337,-0.0017805073528051607,0.995040635215732,Normal
Extra Trees,player_2,match_12,475.0,505.0,0.4251420129032257,0.3525943285891965,0.3583904254118123,-0.005796096822615837,0.9838274228002721,Normal
Extra Trees,player_2,match_12,505.0,535.0,0.3513109016129032,0.3563366679324393,0.3577616154462876,-0.001424947513848307,0.9960170475190001,Normal
Extra Trees,player_2,match_12,535.0,565.0,0.4308218306451612,0.3756088500479052,0.35756628448676797,0.018042565561137203,1.0504593591284328,High
Extra Trees,player_2,match_12,565.0,595.0,0.3958078387096774,0.3500637708213369,0.3583904254118123,-0.008326654590475435,0.9767665261121091,Normal
Extra Trees,player_2,match_12,595.0,625.0,0.4089173139784946,0.3473545548228566,0.35812898170093443,-0.010774426878077836,0.9699146747998314,Normal
Extra Trees,player_2,match_12,625.0,655.0,0.4168825080645161,0.3507755252305226,0.35678769797848553,-0.006012172747962952,0.9831491590600596,Normal
Extra Trees,player_2,match_12,655.0,685.0,0.4286712467741935,0.352477950404055,0.35446549826081786,-0.0019875478567628613,0.9943928312726774,Normal
Extra Trees,player_2,match_12,685.0,715.0,0.3285415370967741,0.3604327087356105,0.35253613949662577,0.00789656923898474,1.0223993184082063,High
Extra Trees,player_2,match_12,715.0,745.0,0.3409090370967741,0.3497376944239574,0.35253613949662577,-0.002798445072668354,0.9920619625645638,Normal
Extra Trees,player_2,match_12,745.0,775.0,0.3877052741935483,0.3578951264269972,0.35253613949662577,0.005358986930371457,1.0152012413196088,High
Extra Trees,player_2,match_12,775.0,805.0,0.2174056338709677,0.3511408441076871,0.35253613949662577,-0.0013952953889386777,0.9960421209838771,Normal
Extra Trees,player_2,match_12,805.0,835.0,0.2127050419354837,0.35486224723888,0.351809397255871,0.003052849983008976,1.0086775680434388,Elevated
Extra Trees,player_2,match_12,835.0,865.0,0.3839272258064515,0.3602065048815921,0.351809397255871,0.0083971076257211,1.023868343743001,High
Extra Trees,player_2,match_12,865.0,895.0,0.4120720758064515,0.3598732957926495,0.351809397255871,0.008063898536778469,1.0229212141565212,High
Extra Trees,player_2,match_13,136.0,166.0,0.3203768499999999,0.3622101760510558,,,,Insufficient Baseline
Extra Trees,player_2,match_13,166.0,196.0,0.3510273596774194,0.3397642181475746,0.3622101760510558,-0.022445957903481195,0.9380305706808267,Normal
Extra Trees,player_2,match_13,196.0,226.0,0.3371809887096774,0.3554319173439892,0.35098719709931525,0.004444720244673961,1.0126634825469611,Elevated
Extra Trees,player_2,match_13,226.0,256.0,0.383885364516129,0.3528644978043541,0.3554319173439892,-0.0025674195396351296,0.9927766207412646,Normal
Extra Trees,player_2,match_13,256.0,286.0,0.3411146758064516,0.3574239594064494,0.35414820757417165,0.00327575183227774,1.009249663734615,Elevated
Extra Trees,player_2,match_13,286.0,316.0,0.3868784494623656,0.3575027389036449,0.3554319173439892,0.002070821559655711,1.005826211599482,Elevated
Extra Trees,player_2,match_13,316.0,346.0,0.3792455322580644,0.3490383484172038,0.3564279383752193,-0.0073895899580154745,0.97926764666176,Normal
Extra Trees,player_2,match_13,346.0,376.0,0.3741152919354837,0.3530101766956298,0.3554319173439892,-0.0024217406483594273,0.9931864851461394,Normal
Extra Trees,player_2,match_13,376.0,406.0,0.3264390580645161,0.3542308603256464,0.3542210470198095,9.813305836881003e-06,1.0000277039038743,Normal
Extra Trees,player_2,match_13,406.0,436.0,0.3255267806451613,0.3533189527305798,0.3542308603256464,-0.0009119075950665967,0.997425668688978,Normal
Extra Trees,player_2,match_13,436.0,466.0,0.3150696709677419,0.3557887589315322,0.35377490652811305,0.0020138524034191696,1.0056924681944879,Elevated
Extra Trees,player_2,match_13,466.0,496.0,0.4319719096774194,0.3576268435531141,0.35377490652811305,0.0038519370250010287,1.0108881013150517,Elevated
Extra Trees,player_2,match_13,496.0,526.0,0.4407557629032258,0.3565674990210876,0.3548313888348178,0.0017361101862697903,1.0048927751064267,Elevated
Extra Trees,player_2,match_13,526.0,556.0,0.3546817096774193,0.3565853458634671,0.3550098096285893,0.0015755362348777724,1.0044380076047084,Elevated
Extra Trees,player_2,match_13,556.0,586.0,0.3732421043010752,0.3404971338330994,0.3561781289763099,-0.01568099514321053,0.9559742896390657,Normal
Extra Trees,player_2,match_13,586.0,616.0,0.3148285612903225,0.3578783779745171,0.3550098096285893,0.002868568345927802,1.008080250934274,Elevated
Extra Trees,player_2,match_13,616.0,646.0,0.3574014596774193,0.3531879003420555,0.3550098096285893,-0.0018219092865338071,0.994868002975918,Normal
Extra Trees,player_2,match_13,646.0,676.0,0.3697791403225806,0.3538548064361359,0.3550098096285893,-0.0011550031924533743,0.9967465597819346,Normal
Extra Trees,player_2,match_13,676.0,706.0,0.4517991048387096,0.3586824097786923,0.3550098096285893,0.0036726001501030114,1.0103450666727922,Elevated
Extra Trees,player_2,match_13,706.0,736.0,0.4374386838709677,0.3633901968946194,0.3561781289763099,0.007212067918309473,1.0202484861690908,High
Extra Trees,player_2,match_13,736.0,766.0,0.3904528258064516,0.3521947642734441,0.35657642244227733,-0.004381658168833236,0.9877118679389338,Normal
Extra Trees,player_2,match_13,766.0,796.0,0.348101143548387,0.3508018164451409,0.35657642244227733,-0.005774605997136417,0.9838054183235538,Normal
Extra Trees,player_2,match_13,796.0,826.0,0.3713494290322581,0.3583751574097943,0.35521115272861176,0.003164004681182553,1.0089073911584074,Elevated
Extra Trees,player_2,match_13,826.0,856.0,0.3897900387096774,0.3596701813858648,0.3552200761498015,0.0044501052360633175,1.0125277413492435,Elevated
Extra Trees,player_2,match_13,856.0,886.0,0.4105739999999999,0.3672566063504772,0.3558665922053265,0.011390014145150673,1.0320064158722124,High
Extra Trees,player_2,match_13,886.0,916.0,0.3379924193548387,0.3490483315148447,0.3581267676921557,-0.009078436177310967,0.9746502160790317,Normal
Extra Trees,player_2,match_13,916.0,946.0,0.3449711725806451,0.3431717698995602,0.3561149819229651,-0.012943212023404871,0.9636544018633714,Normal
Extra Trees,player_2,match_13,946.0,976.0,0.3369980064516129,0.3524856669639733,0.3561149819229651,-0.0036293149589917695,0.9898085867115334,Normal
Extra Trees,player_2,match_13,976.0,1006.0,0.4247304225806451,0.3624472591252272,0.3554304121868838,0.0070168469383433685,1.01974183046175,High
Extra Trees,player_2,match_13,1006.0,1036.0,0.3343436720430107,0.352785160891003,0.3554304121868838,-0.002645251295880835,0.9925576112645927,Normal
Extra Trees,player_2,match_13,1036.0,1066.0,0.3092625354838709,0.34114206697989,0.35263541392748815,-0.011493346947598126,0.9674072810226556,Normal
Extra Trees,player_2,match_13,1066.0,1096.0,0.3347051774193548,0.3537922184300753,0.35263541392748815,0.0011568045025871498,1.003280454704487,Elevated
Extra Trees,player_2,match_13,1096.0,1126.0,0.3847860887096774,0.3496448848687461,0.35328868966053917,-0.0036438047917930483,0.9896860417600851,Normal
Extra Trees,player_2,match_13,1126.0,1156.0,0.3455779096774193,0.3502216751581627,0.35263541392748815,-0.0024137387693254353,0.993155143601596,Normal
Extra Trees,player_2,match_13,1156.0,1186.0,0.3266729903225805,0.3490428626925434,0.351353671061068,-0.0023108083685245973,0.9934231272963618,Normal
Extra Trees,player_2,match_13,1186.0,1216.0,0.422052343548387,0.3576024868338413,0.3499332800134544,0.007669206820386909,1.0219161973393671,High
Extra Trees,player_2,match_13,1216.0,1246.0,0.1645994806451612,0.3533127022660567,0.351353671061068,0.0019590312049886927,1.0055756673868599,Elevated
Extra Trees,player_2,match_13,1246.0,1276.0,0.3763427903225806,0.3586157366955091,0.35263541392748815,0.0059803227680209625,1.0169589398336796,High
Extra Trees,player_2,match_13,1276.0,1306.0,0.3162066,0.3558911659349209,0.35304893157852985,0.002842234356391027,1.008050539463986,Elevated
Extra Trees,player_2,match_13,1306.0,1336.0,0.3953508790322581,0.3548834539786475,0.35304893157852985,0.0018345224001176663,1.0051962270269883,Elevated
Extra Trees,player_2,match_13,1336.0,1366.0,0.3588329274193548,0.3558478376501847,0.353552460348066,0.0022953773021187063,1.0064923245049942,Elevated
Extra Trees,player_2,match_13,1366.0,1396.0,0.3196100596774193,0.3491907280937233,0.35433783620436143,-0.005147108110638121,0.9854740093076891,Normal
Extra Trees,player_2,match_13,1396.0,1426.0,0.2876119548387096,0.3481265176486798,0.3540980781223521,-0.0059715604736723105,0.983135857428718,Normal
Extra Trees,player_2,match_13,1426.0,1456.0,0.2933735241935484,0.3572710749061966,0.3540980781223521,0.003172996783844473,1.008960785104143,Elevated
Extra Trees,player_2,match_13,1456.0,1486.0,0.3974378951612903,0.3522873986917895,0.3553656458144161,-0.0030782471226266095,0.9913378033051788,Normal
Extra Trees,player_2,match_13,1486.0,1516.0,0.3782936725806451,0.3614766287633903,0.3553656458144161,0.0061109829489742196,1.0171963244645363,High
Extra Trees,player_2,match_13,1516.0,1546.0,0.3539775564516129,0.3446399199958436,0.3553656458144161,-0.010725725818572507,0.9698177751707213,Normal
Extra Trees,player_2,match_13,1546.0,1576.0,0.3561329,0.3637213721633026,0.3553656458144161,0.008355726348886483,1.0235130391676919,High
Extra Trees,player_2,match_13,1576.0,1606.0,0.332876629032258,0.3539781028983677,0.3553656458144161,-0.0013875429160484232,0.996095450045914,Normal
Extra Trees,player_2,match_13,1606.0,1636.0,0.3529130204301075,0.345930465668591,0.35443077843850757,-0.008500312769916585,0.9760170016628752,Normal
Extra Trees,player_2,match_13,1636.0,1666.0,0.3827875596774193,0.3502014693901765,0.35313275079507855,-0.002931281404902064,0.9916992083053687,Normal
Extra Trees,player_2,match_13,1666.0,1696.0,0.3981103306451612,0.3703385758242164,0.351244434040983,0.01909414178323343,1.054361407420923,High
Extra Trees,player_2,match_13,1696.0,1726.0,0.3469473403225805,0.3624107697921175,0.35313275079507855,0.00927801899703895,1.026273459417597,High
Extra Trees,player_2,match_13,1726.0,1756.0,0.3716753629032258,0.3499163616858152,0.3556245889022821,-0.00570822721646691,0.9839487274091854,Normal
Extra Trees,player_2,match_13,1756.0,1786.0,0.3561163548387096,0.3562794052252598,0.35313275079507855,0.0031466544301812505,1.008910684220301,Elevated
Extra Trees,player_2,match_13,1786.0,1816.0,0.3643941064516128,0.3584313585349122,0.35512875406181377,0.003302604473098436,1.0092997382930124,Elevated
Extra Trees,player_2,match_13,1816.0,1846.0,0.3386539403225806,0.3603123588181561,0.35512875406181377,0.00518360475634233,1.0145964096037126,High
Extra Trees,player_2,match_13,1846.0,1876.0,0.1999594967741935,0.3552066168334902,0.357355381880086,-0.0021487650465957797,0.9939870359995955,Normal
Extra Trees,player_2,match_13,1876.0,1906.0,0.3757436596774193,0.3524999486771151,0.355743011029375,-0.0032430623522599067,0.9908836934199331,Normal
Extra Trees,player_2,match_13,1906.0,1936.0,0.3974150596774193,0.3631607469012429,0.355743011029375,0.007417735871867892,1.0208513889012296,High
Extra Trees,player_2,match_13,1936.0,1966.0,0.3722060032258064,0.3524904786155852,0.357355381880086,-0.004864903264500786,0.9863863719110484,Normal
Extra Trees,player_2,match_13,1966.0,1996.0,0.4333785596774193,0.3517975317688033,0.357355381880086,-0.005557850111282681,0.984447274637247,Normal
Extra Trees,player_2,match_13,1996.0,2026.0,0.4152561161290322,0.340179058574219,0.355743011029375,-0.015563952455156016,0.9562494498201938,Normal
Extra Trees,player_2,match_13,2026.0,2056.0,0.3866705693548387,0.3572876549780059,0.35385328275530264,0.0034343722227032636,1.0097056390037173,Elevated
Extra Trees,player_2,match_13,2056.0,2086.0,0.4045804333333334,0.3693112778659196,0.355743011029375,0.013568266836544607,1.038140642024937,High
Extra Trees,player_2,match_14,387.0,417.0,0.37754,0.3737175648927322,,,,Insufficient Baseline
Extra Trees,player_2,match_14,417.0,447.0,0.37754,0.3823625231941027,0.3737175648927322,0.008644958301370465,1.023132330705012,High
Extra Trees,player_2,match_14,447.0,477.0,0.37754,0.3641461603293668,0.37804004404341746,-0.013893883714050648,0.9632475873046535,Normal
Extra Trees,player_2,match_14,477.0,507.0,0.37754,0.3690535546440732,0.3737175648927322,-0.004664010248659034,0.9875199597589218,Normal
Extra Trees,player_2,match_14,507.0,537.0,0.37754,0.3691346688381463,0.3713855597684027,-0.002250890930256433,0.9939392071903386,Normal
Extra Trees,player_2,match_14,537.0,567.0,0.3781911483870968,0.3793683336497926,0.3691346688381463,0.010233664811646337,1.0277233911511396,High
Extra Trees,player_2,match_14,567.0,597.0,0.377540464516129,0.3795203811238188,0.37142611686543925,0.008094264258379558,1.021792393940117,High
Extra Trees,player_2,match_14,597.0,627.0,0.37754,0.3613869367597185,0.3737175648927322,-0.012330628133013721,0.9670054894622013,Normal
Extra Trees,player_2,match_14,627.0,657.0,0.37754,0.3679937577016168,0.37142611686543925,-0.0034323591638224515,0.990758971951706,Normal
Extra Trees,player_2,match_14,657.0,687.0,0.4035301129032258,0.3791678182487418,0.3691346688381463,0.010033149410595521,1.0271801872259112,High
Extra Trees,player_2,match_14,687.0,717.0,0.3785550129032257,0.3770666475217217,0.37142611686543925,0.00564053065628245,1.0151861444313188,High
Extra Trees,player_2,match_14,717.0,747.0,0.37754,0.3664500292095652,0.373100658179934,-0.006650628970368777,0.9821747058747846,Normal
Extra Trees,player_2,match_14,747.0,777.0,0.37754,0.3642176629872097,0.36909411174110973,-0.004876448753900031,0.98678806136761,Normal
Extra Trees,player_2,match_14,777.0,807.0,0.37754,0.3787353414747925,0.36909411174110973,0.009641229733682755,1.0261213317335318,High
Extra Trees,player_2,match_14,807.0,837.0,0.37754,0.3728814985946297,0.373100658179934,-0.00021915958530427382,0.9994125993066499,Normal
Extra Trees,player_2,match_14,837.0,867.0,0.37754,0.376434763525258,0.3749740730581757,0.001460690467082304,1.0038954439040795,Elevated
Extra Trees,player_2,match_14,867.0,897.0,0.37754,0.3574932245308225,0.37465813105994383,-0.017164906529121338,0.9541851487900178,Normal
Extra Trees,player_2,match_14,897.0,927.0,0.37754,0.3550837008070684,0.37043762814812325,-0.01535392734105484,0.9585519229841429,Normal
Extra Trees,player_2,match_14,927.0,957.0,0.37754,0.36639948092068,0.37043762814812325,-0.004038147227443278,0.989098982067155,Normal
Extra Trees,player_2,match_14,957.0,987.0,0.37754,0.3807235703883347,0.3696657639020975,0.01105780648623722,1.029912985096358,High
Extra Trees,player_2,match_14,987.0,1017.0,0.37754,0.3669287524927144,0.3696657639020975,-0.0027370114093830944,0.9925959835163205,Normal
Extra Trees,player_2,match_14,1017.0,1047.0,0.37754,0.3770411411054351,0.36668939085113983,0.010351750254295244,1.0282302965740768,High
Extra Trees,player_2,match_14,1047.0,1077.0,0.37754,0.3717535970376548,0.36990512554367205,0.0018484714939827618,1.0049971502591806,Elevated
Extra Trees,player_2,match_14,1077.0,1107.0,0.37754,0.3685161891256898,0.37231754781614224,-0.00380135869045245,0.9897900093273884,Normal
Extra Trees,player_2,match_14,1107.0,1137.0,0.37754,0.3816754097043516,0.3701348930816723,0.011540516622679298,1.0311792182752486,High
Extra Trees,player_2,match_14,1137.0,1167.0,0.37754,0.3822451587892381,0.3701348930816723,0.012110265707565793,1.0327185194747193,High
Extra Trees,player_2,match_14,1167.0,1197.0,0.37754,0.3814508448421836,0.3701348930816723,0.011315951760511311,1.0305725074074936,High
Extra Trees,player_2,match_14,1197.0,1227.0,0.37754,0.382496491093846,0.37439736907154497,0.008099122022301009,1.0216324223708777,High
Extra Trees,player_2,match_14,1227.0,1257.0,0.37754,0.3856442173356282,0.3788823557468849,0.006761861588743312,1.017846863244433,High
Extra Trees,player_2,match_14,1257.0,1287.0,0.37754,0.3830609585603136,0.38108720761525916,0.00197375094505442,1.0051792631859926,Elevated
Extra Trees,player_2,match_14,1287.0,1317.0,0.37754,0.3794386382855638,0.3815631272732676,-0.0021244889877037876,0.9944321428464908,Normal
Extra Trees,player_2,match_14,1317.0,1347.0,0.37754,0.3832026708362874,0.3815631272732676,0.0016395435630198185,1.0042969130029318,Elevated
Extra Trees,player_2,match_14,1347.0,1377.0,0.37754,0.3677096356684665,0.38196028424679485,-0.014250648578328362,0.9626907582644885,Normal
Extra Trees,player_2,match_14,1377.0,1407.0,0.37754,0.3857631684215131,0.38196028424679485,0.0038028841747182462,1.009956229303309,Elevated
Extra Trees,player_2,match_14,1407.0,1437.0,0.37754,0.3814883559464727,0.38237082494154206,-0.0008824689950693854,0.9976921121134064,Normal
Extra Trees,player_2,match_14,1437.0,1467.0,0.37754,0.373827693608905,0.38237082494154206,-0.008543131332637066,0.9776574707708331,Normal
Extra Trees,player_2,match_14,1467.0,1497.0,0.37754,0.3823699887619354,0.38199242352015933,0.00037756524177606776,1.0009884102891276,Elevated
Extra Trees,player_2,match_14,1497.0,1527.0,0.37754,0.3858820430287356,0.3824332399278907,0.0034488031008448883,1.0090180526710888,Elevated
Extra Trees,player_2,match_14,1527.0,1557.0,0.37754,0.3849844560354558,0.38271547366112446,0.0022689823743313187,1.0059286402836702,Elevated
Extra Trees,player_2,match_14,1557.0,1587.0,0.37754,0.365752647930044,0.38271547366112446,-0.01696282573108049,0.9556777112542353,Normal
Extra Trees,player_2,match_14,1587.0,1617.0,0.37754,0.378612493588534,0.38192917235420404,-0.0033166787656700447,0.9913159847276758,Normal
Extra Trees,player_2,match_14,1617.0,1647.0,0.37754,0.3799438417272548,0.38192917235420404,-0.001985330626949222,0.9948018356002719,Normal
Extra Trees,player_2,match_14,1647.0,1677.0,0.37754,0.3705984245807103,0.38071609883686375,-0.010117674256153453,0.9734246219504133,Normal
Extra Trees,player_2,match_14,1677.0,1707.0,0.37754,0.3782362338132823,0.38071609883686375,-0.00247986502358144,0.9934863142610524,Normal
Extra Trees,player_2,match_14,1707.0,1737.0,0.37754,0.379956013015652,0.3792781676578944,0.0006778453577576116,1.0017871984616025,Elevated
Extra Trees,player_2,match_14,1737.0,1767.0,0.37754,0.3802125419620615,0.3792781676578944,0.000934374304167096,1.0024635594237787,Elevated
Extra Trees,player_2,match_14,1767.0,1797.0,0.37754,0.3754190695113598,0.3799499273714534,-0.004530857860093607,0.9880751184993277,Normal
Extra Trees,player_2,match_14,1797.0,1827.0,0.37754,0.3827220358075492,0.3792781676578944,0.003443868149654805,1.0090800590261266,Elevated
Extra Trees,player_2,match_14,1827.0,1857.0,0.37754,0.384872179755914,0.3792781676578944,0.005594012098019574,1.014749101253477,High
Extra Trees,player_2,match_14,1857.0,1887.0,0.37754,0.3857089318223381,0.3792781676578944,0.006430764164443714,1.0169552711250287,High
Extra Trees,player_2,match_18,60.0,90.0,0.1265018822580644,0.3330004954773456,,,,Insufficient Baseline
Extra Trees,player_2,match_18,90.0,120.0,0.1975462064516129,0.337188046481502,0.3330004954773456,0.004187551004156409,1.0125752095298046,Elevated
Extra Trees,player_2,match_18,120.0,150.0,0.2099745709677419,0.3333108208662482,0.3350942709794238,-0.0017834501131755998,0.9946777660269664,Normal
Extra Trees,player_2,match_18,150.0,180.0,0.0826861806451612,0.345039455015367,0.3333108208662482,0.011728634149118788,1.0351882789722728,High
Extra Trees,player_2,match_18,180.0,210.0,0.2091167494623655,0.3361827768228371,0.3352494336738751,0.0009333431489619848,1.0027840260272294,Elevated
Extra Trees,player_2,match_18,210.0,240.0,0.3536953494623656,0.3324157368223929,0.3361827768228371,-0.0037670400004441995,0.988794666889109,Normal
Extra Trees,player_2,match_18,240.0,270.0,0.1985578064516128,0.3366481568805837,0.3347467988445426,0.0019013580360410787,1.005679988703713,Elevated
Extra Trees,player_2,match_18,270.0,300.0,0.2462889161290322,0.3442180106533457,0.3361827768228371,0.008035233830508581,1.0239013845576719,High
Extra Trees,player_2,match_18,300.0,330.0,0.2113078580645161,0.3390205655652685,0.3364154668517104,0.002605098713558074,1.0077436948364398,Elevated
Extra Trees,player_2,match_18,330.0,360.0,0.2490650182795698,0.3357924988039948,0.3366481568805837,-0.0008556580765888833,0.9974583016152012,Normal
Extra Trees,player_2,match_18,360.0,390.0,0.2353135241935482,0.3374829172986286,0.3364154668517104,0.0010674504469181945,1.003173012397164,Elevated
Extra Trees,player_2,match_18,390.0,420.0,0.271110914516129,0.3364523964607259,0.33691810168104286,-0.0004657052203169698,0.9986177494827575,Normal
Extra Trees,player_2,match_18,420.0,450.0,0.2695514193548386,0.3432192635677852,0.3365502766706548,0.006668986897130413,1.0198157225217694,High
Extra Trees,player_2,match_18,450.0,480.0,0.2482327564516128,0.3350879882267464,0.3370655370896062,-0.0019775488628597793,0.9941330434433169,Normal
Extra Trees,player_2,match_18,480.0,510.0,0.3595352725806451,0.3411374312125867,0.3365502766706548,0.004587154541931926,1.0136299235505335,High
Extra Trees,player_2,match_18,510.0,540.0,0.308278529032258,0.3387761870298871,0.3370655370896062,0.0017106499402809172,1.0050751256122223,Elevated
Extra Trees,player_2,match_18,540.0,570.0,0.3052066870967741,0.3424564685354411,0.3381295521642579,0.004326916371183209,1.0127966229023402,Elevated
Extra Trees,player_2,match_18,570.0,600.0,0.2898734112903225,0.337071617880529,0.3388983762975778,-0.0018267584170488238,0.994609716231143,Normal
Extra Trees,player_2,match_18,600.0,630.0,0.3177092387096774,0.3432716791783475,0.3381295521642579,0.005142127014089615,1.015207564618876,High
Extra Trees,player_2,match_18,630.0,660.0,0.3329719306451612,0.3358609105938556,0.3381295521642579,-0.0022686415704022966,0.9932906143344128,Normal
Extra Trees,player_2,match_18,660.0,690.0,0.2306084451612902,0.3303407516072615,0.3381295521642579,-0.007788800556996378,0.9769650404493107,Normal
Extra Trees,player_2,match_18,690.0,720.0,0.244525129032258,0.3377815462067519,0.33792390245520804,-0.0001423562484561547,0.9995787328229171,Normal
Extra Trees,player_2,match_18,720.0,750.0,0.2120635193548387,0.3410497563665243,0.3382788666183195,0.0027708897482047745,1.008191140569627,Elevated
Extra Trees,player_2,match_18,750.0,780.0,0.1922719161290322,0.3448290575252066,0.3382788666183195,0.006550190906887077,1.0193632873740164,High
Extra Trees,player_2,match_18,780.0,810.0,0.1794149032258064,0.3434916557696285,0.33991297169820567,0.0035786840714228108,1.0105282362527788,Elevated
Extra Trees,player_2,match_18,810.0,840.0,0.2320613161290322,0.334752364592534,0.33991297169820567,-0.005160607105671677,0.9848178577007836,Normal
Extra Trees,player_2,match_18,840.0,870.0,0.2490118387096774,0.3495303071920765,0.3394156512866381,0.010114655905438419,1.0298002047551325,High
Extra Trees,player_2,match_18,870.0,900.0,0.2757308080645161,0.3361156401208166,0.3394156512866381,-0.0033000111658215148,0.9902773747960295,Normal
Extra Trees,player_2,match_18,900.0,930.0,0.2446298161290322,0.3541501884317054,0.3394156512866381,0.014734537145067339,1.0434114840880568,High
Extra Trees,player_2,match_18,930.0,960.0,0.1789727306451612,0.3488532266313142,0.3394156512866381,0.009437575344676097,1.0278053628608481,High
Extra Trees,player_2,match_18,960.0,990.0,0.2536165483870967,0.3400939881379254,0.3422707060680764,-0.0021767179301510065,0.9936403615864279,Normal
Extra Trees,player_2,match_18,990.0,1020.0,0.2800268999999999,0.3381718954997658,0.3422707060680764,-0.004098810568310629,0.9880246527218272,Normal
Extra Trees,player_2,match_18,1020.0,1050.0,0.2928947903225806,0.3348067320439253,0.3422707060680764,-0.00746397402415111,0.97819277580049,Normal
Extra Trees,player_2,match_18,1050.0,1080.0,0.2163887064516128,0.3293371985791472,0.3417928219537769,-0.012455623374629743,0.9635579726237955,Normal
Extra Trees,player_2,match_18,1080.0,1110.0,0.3134931435483871,0.3265048775252031,0.33913294181884557,-0.012628064293642494,0.9627636754308934,Normal
Extra Trees,player_2,match_18,1110.0,1140.0,0.3098939064516128,0.3323219670465333,0.3371437678102912,-0.004821800763757933,0.9856980872134313,Normal
Extra Trees,player_2,match_18,1140.0,1170.0,0.2688312241935483,0.3337291685252073,0.3371437678102912,-0.003414599285083919,0.9898719786301811,Normal
Extra Trees,player_2,match_18,1170.0,1200.0,0.3347416741935483,0.3389228609631489,0.33546118608237097,0.0034616748807779207,1.0103191517361652,Elevated
Extra Trees,player_2,match_18,1200.0,1230.0,0.0762539999999999,0.3517003788644018,0.33648931377184554,0.015211065092556264,1.0452051951428984,High
Extra Trees,player_2,match_18,1230.0,1260.0,0.0521518854838709,0.3490652407829648,0.33648931377184554,0.012575927011119259,1.0373739268868618,High
Extra Trees,player_2,match_18,1260.0,1290.0,0.1586144403225806,0.3542035522640763,0.33648931377184554,0.01771423849223075,1.0526442824993896,High
Extra Trees,player_2,match_18,1290.0,1320.0,0.2384119580645161,0.3450594065517481,0.33648931377184554,0.00857009277990256,1.0254691380354308,High
Extra Trees,player_2,match_18,1320.0,1350.0,0.3153568064516128,0.3456086985128516,0.33686479650353707,0.00874390200931452,1.0259567105262146,High
Extra Trees,player_2,match_18,1350.0,1380.0,0.3155417935483871,0.3501245471759199,0.3419911337574485,0.008133413418471402,1.0237825271348697,High
Extra Trees,player_2,match_18,1380.0,1410.0,0.2526156806451612,0.3401373149227732,0.3453340525322999,-0.005196737609526658,0.9849515633589578,Normal
Extra Trees,player_2,match_18,1410.0,1440.0,0.2589049516129031,0.3487247107011255,0.3453340525322999,0.003390658168825611,1.0098184877626815,Elevated
Extra Trees,player_2,match_18,1440.0,1470.0,0.2961282112903225,0.3466379108865249,0.3471667046069885,-0.0005287937204636051,0.9984768305443857,Normal
Extra Trees,player_2,match_18,1470.0,1500.0,0.3129078112903225,0.3497093328095578,0.3476813107938252,0.0020280220157326,1.0058329911697073,Elevated
Extra Trees,player_2,match_18,1500.0,1530.0,0.2726860612903224,0.3485933087465222,0.34889497574204514,-0.0003016669955229201,0.9991353644606623,Normal
Extra Trees,player_2,match_18,1530.0,1560.0,0.3404677306451612,0.3470656126910504,0.34865900972382385,-0.001593397032773447,0.9954299272689509,Normal
Extra Trees,player_2,match_18,1560.0,1590.0,0.2039664564516129,0.348004454071632,0.3478294607187863,0.00017499335284570927,1.0005031010095697,Normal
Extra Trees,player_2,match_18,1590.0,1620.0,0.2124868096774192,0.3441383869077294,0.3475350333813412,-0.003396646473611764,0.9902264630976506,Normal
Extra Trees,player_2,match_18,1620.0,1650.0,0.2476126612903225,0.3488734944763949,0.3475350333813412,0.0013384610950537001,1.0038512983339583,Elevated
Extra Trees,player_2,match_18,1650.0,1680.0,0.135748929032258,0.3506027004355254,0.3482988814090771,0.0023038190264482727,1.0066144887319992,Elevated
Extra Trees,player_2,match_18,1680.0,1710.0,0.115191614516129,0.3491033037615289,0.3482988814090771,0.0008044223524518168,1.0023095748949795,Elevated
Extra Trees,player_2,match_18,1710.0,1740.0,0.3731333483870968,0.3541581584001197,0.34865900972382385,0.005499148676295862,1.0157722832995246,High
Extra Trees,player_2,match_18,1740.0,1770.0,0.3617037661290322,0.345688064329766,0.34873340161145855,-0.0030453372816925395,0.9912674344710878,Normal
Extra Trees,player_2,match_18,1770.0,1800.0,0.3649500854838708,0.3326693180378737,0.34873340161145855,-0.016064083573584853,0.9539359192456057,Normal
Extra Trees,player_2,match_18,1800.0,1830.0,0.3476288967741935,0.3400024534100158,0.3482988814090771,-0.008296427999061329,0.9761801474483716,Normal
Extra Trees,player_2,match_18,1830.0,1860.0,0.3985812806451612,0.3384134764466119,0.3475350333813412,-0.009121556934729269,0.9737535613432088,Normal
Extra Trees,player_2,match_18,1860.0,1890.0,0.3817743887096774,0.3459787294012092,0.346846259200699,-0.0008675297994897857,0.9974988059508296,Normal
Extra Trees,player_2,match_18,1890.0,1920.0,0.356927079032258,0.3337343257683591,0.34583339686548764,-0.012099071097128544,0.9650147406040299,Normal
Extra Trees,player_2,match_18,1920.0,1950.0,0.3157491903225806,0.3406279060109264,0.34583339686548764,-0.005205490854561234,0.984947981017039,Normal
Extra Trees,player_2,match_18,1950.0,1980.0,0.3775586666666666,0.3380502998090423,0.34315798517034624,-0.00510768536130396,0.985115644740808,Normal
Extra Trees,player_2,match_18,1980.0,2010.0,0.3594133537634408,0.3413220872770194,0.3403151797104711,0.0010069075665483096,1.002958750083981,Elevated
Extra Trees,player_2,match_18,2010.0,2040.0,0.4103754096774193,0.343904158985471,0.3403151797104711,0.003588979274999904,1.0105460452221182,Elevated
Extra Trees,player_2,match_18,2040.0,2070.0,0.3176464129032258,0.3426354811176647,0.3403151797104711,0.0023203014071935812,1.0068180955347559,Elevated
Extra Trees,player_2,match_18,2070.0,2100.0,0.3474472919354838,0.3342647633366088,0.3403151797104711,-0.006050416373862277,0.9822211387132076,Normal
Extra Trees,player_2,match_18,2100.0,2130.0,0.299746214516129,0.3408274764105256,0.3403151797104711,0.000512296700054482,1.001505359533155,Elevated
Extra Trees,player_2,match_18,2130.0,2160.0,0.3953248548387096,0.3473991879895003,0.340727691210726,0.006671496778774322,1.0195801425914874,High
Extra Trees,player_2,match_18,2160.0,2190.0,0.397874343548387,0.3406170895122216,0.3410747818437725,-0.0004576923315509074,0.9986580880325518,Normal
Extra Trees,player_2,match_18,2190.0,2220.0,0.4384404854838709,0.336181382784005,0.340727691210726,-0.004546308426720991,0.9866570620938782,Normal
Extra Trees,player_2,match_18,2220.0,2250.0,0.3637582193548387,0.3365268249516931,0.340727691210726,-0.004200866259032876,0.9876708985873567,Normal
Extra Trees,player_2,match_18,2250.0,2280.0,0.3811608516129032,0.3428101631062468,0.3407222829613736,0.002087880144873211,1.0061278062788452,Elevated
Extra Trees,player_2,match_18,2280.0,2310.0,0.3237115951612903,0.3354315333732892,0.3410747818437725,-0.005643248470483309,0.9834545127025305,Normal
Extra Trees,player_2,match_18,2310.0,2340.0,0.3820686064516129,0.3450125775700123,0.3407222829613736,0.004290294608638723,1.0125917640940587,Elevated
Extra Trees,player_2,match_18,2340.0,2370.0,0.2982503870967741,0.3446383113797833,0.3407222829613736,0.003916028418409712,1.0114933146854197,Elevated
Extra Trees,player_2,match_19,9.0,39.0,0.4060834774193548,0.3341033021324893,,,,Insufficient Baseline
Extra Trees,player_2,match_19,39.0,69.0,0.3999022564516129,0.3461551147786155,0.3341033021324893,0.012051812646126203,1.036072114729794,High
Extra Trees,player_2,match_19,69.0,99.0,0.4453726790322579,0.3348860878636933,0.3401292084555524,-0.005243120591859107,0.9845849151983539,Normal
Extra Trees,player_2,match_19,99.0,129.0,0.4059080532258063,0.3406729261929779,0.3348860878636933,0.005786838329284616,1.017280020099372,High
Extra Trees,player_2,match_19,129.0,159.0,0.3937670322580644,0.3458801077521276,0.3377795070283356,0.008100600723791984,1.023981918841253,High
Extra Trees,player_2,match_19,159.0,189.0,0.3851306467741934,0.3353806199012402,0.3406729261929779,-0.005292306291737714,0.9844651397723932,Normal
Extra Trees,player_2,match_19,189.0,219.0,0.3742201854838709,0.3422404519065128,0.33802677304710904,0.004213678859403769,1.0124655181050304,Elevated
Extra Trees,player_2,match_19,219.0,249.0,0.4060936152329748,0.3425393631350213,0.3406729261929779,0.0018664369420434146,1.0054786770492767,Elevated
Extra Trees,player_2,match_19,249.0,279.0,0.4037085854838709,0.3461277431611728,0.34145668904974535,0.004671054111427431,1.013679785053931,High
Extra Trees,player_2,match_19,279.0,309.0,0.4052885016129032,0.3354012122432074,0.3422404519065128,-0.0068392396633054076,0.9800162732803613,Normal
Extra Trees,player_2,match_19,309.0,339.0,0.3836005999999999,0.3395979923997623,0.34145668904974535,-0.0018586966499830604,0.9945565668806907,Normal
Extra Trees,player_2,match_19,339.0,369.0,0.4294711467741935,0.345475829930234,0.34145668904974535,0.004019140880488659,1.0117705729873785,Elevated
Extra Trees,player_2,match_19,369.0,399.0,0.4184653096774193,0.3439197938349043,0.34145668904974535,0.0024631047851589316,1.0072135203794472,Elevated
Extra Trees,player_2,match_19,399.0,429.0,0.4270351193548386,0.3405295955330888,0.34238990752076703,-0.0018603119876782204,0.9945666856796432,Normal
Extra Trees,player_2,match_19,429.0,459.0,0.3484098999999999,0.3353407443780796,0.34238990752076703,-0.007049163142687442,0.9794118839724857,Normal
Extra Trees,player_2,match_19,459.0,489.0,0.3986019645161289,0.3389329562063064,0.34138502371980084,-0.002452067513494416,0.9928172961813726,Normal
Extra Trees,player_2,match_19,489.0,519.0,0.4025070096774193,0.3377475233359344,0.34138502371980084,-0.0036375003838664544,0.9893448741710122,Normal
Extra Trees,player_2,match_19,519.0,549.0,0.3843973096774193,0.3393227420348098,0.34006379396642555,-0.0007410519316157771,0.9978208443687218,Normal
Extra Trees,player_2,match_19,549.0,579.0,0.3863609736559139,0.3320560055102009,0.339460367217286,-0.007404361707085083,0.978187846293274,Normal
Extra Trees,player_2,match_19,579.0,609.0,0.4270561370967741,0.3318740683533744,0.3391278491205581,-0.007253780767183693,0.9786104833737644,Normal
Extra Trees,player_2,match_19,609.0,639.0,0.3807439193548386,0.3278554195698935,0.3391278491205581,-0.011272429550664598,0.9667605312276866,Normal
Extra Trees,player_2,match_19,639.0,669.0,0.3241944080645161,0.3297228981769333,0.3383402397711204,-0.008617341594187089,0.9745305447557272,Normal
Extra Trees,player_2,match_19,669.0,699.0,0.3452205983870967,0.3270489208123245,0.336544133857007,-0.009495213044682482,0.9717861282089175,Normal
Extra Trees,player_2,match_19,699.0,729.0,0.3648051741935483,0.3426006030936803,0.33369837494414023,0.008902228149540059,1.026677469289535,High
Extra Trees,player_2,match_19,729.0,759.0,0.3879176193548387,0.3409365021220022,0.33369837494414023,0.007238127177861986,1.0216906275886828,High
Extra Trees,player_2,match_19,759.0,789.0,0.221746990860215,0.3391152329292388,0.3349017644230676,0.0042134685061711585,1.0125812072487277,Elevated
Extra Trees,player_2,match_19,789.0,819.0,0.4105747258064516,0.3400052258773308,0.3349017644230676,0.0051034614542631584,1.0152386818954353,High
Extra Trees,player_2,match_19,819.0,849.0,0.3722610903225806,0.3354686226460875,0.33558561921971986,-0.00011699657363234417,0.9996513659497556,Normal
Extra Trees,player_2,match_19,849.0,879.0,0.3992315555555555,0.3459333048886031,0.3337623140781442,0.01217099081045886,1.0364660427408507,High
Extra Trees,player_2,match_19,879.0,909.0,0.1642846532258064,0.3431293207884605,0.33729192778766315,0.005837393000797331,1.017306648988268,High
Extra Trees,player_2,match_19,909.0,939.0,0.2671454725806451,0.3385144411806681,0.3395602294032848,-0.0010457882226166948,0.9969201687003968,Normal
Extra Trees,player_2,match_19,939.0,969.0,0.2620449625,0.3343007802507478,0.3395602294032848,-0.00525944915253701,0.9845109977638443,Normal
Extra Trees,player_2,match_19,969.0,999.0,0.2364008132616487,0.349206861760976,0.3395602294032848,0.009646632357691198,1.0284091937817434,High
Extra Trees,player_2,match_19,999.0,1029.0,0.0370114161290322,0.3441164138051836,0.34047086399966653,0.0036455498055170676,1.0107073767273098,Elevated
Extra Trees,player_2,match_20,3.0,33.0,0.3649248661290322,0.3522409240816237,,,,Insufficient Baseline
Extra Trees,player_2,match_20,33.0,63.0,0.3532953306451613,0.353804966911532,0.3522409240816237,0.0015640428299082965,1.0044402643843446,Elevated
Extra Trees,player_2,match_20,63.0,93.0,0.3162854048387096,0.349035828559718,0.35302294549657787,-0.00398711693685988,0.9887057853102115,Normal
Extra Trees,player_2,match_20,93.0,123.0,0.3734763354838709,0.3322712991782238,0.3522409240816237,-0.01996962490339993,0.9433069142790108,Normal
Extra Trees,player_2,match_20,123.0,153.0,0.3243749870967741,0.3283935589423665,0.35063837632067085,-0.02224481737830436,0.9365590908453195,Normal
Extra Trees,player_2,match_20,153.0,183.0,0.3642842129032257,0.3316087893063375,0.349035828559718,-0.01742703925338046,0.9500709158561388,Normal
Extra Trees,player_2,match_20,183.0,213.0,0.4011551274193548,0.3326554201840038,0.3406535638689709,-0.007998143684967096,0.9765211800688999,Normal
Extra Trees,player_2,match_20,213.0,243.0,0.3987028887096774,0.3273129370505521,0.3326554201840038,-0.005342483133451703,0.9839398885173836,Normal
Extra Trees,player_2,match_20,243.0,273.0,0.4171702661290322,0.3385804975946381,0.3324633596811138,0.0061171379135243065,1.018399434811077,High
Extra Trees,player_2,match_20,273.0,303.0,0.3883569403225806,0.3278638742107333,0.3326554201840038,-0.004791545973270472,0.9855960682359539,Normal
Extra Trees,player_2,match_20,303.0,333.0,0.3630810870967741,0.3387432342960023,0.3324633596811138,0.006279874614888492,1.0188889224391882,High
Extra Trees,player_2,match_20,333.0,363.0,0.3619397854838709,0.3300570130733926,0.3324633596811138,-0.0024063466077212103,0.9927620697509967,Normal
Extra Trees,player_2,match_20,363.0,393.0,0.4000240064516129,0.3345496004625534,0.33194004424228063,0.0026095562202727574,1.007861528807799,Elevated
Extra Trees,player_2,match_20,393.0,423.0,0.3958978370967742,0.3392954064210599,0.33194004424228063,0.007355362178779246,1.022158706990503,High
Extra Trees,player_2,match_20,423.0,453.0,0.3788264956989247,0.3345841648728258,0.33213210474517063,0.0024520601276551424,1.0073827856224151,Elevated
Extra Trees,player_2,match_20,453.0,483.0,0.3866072693548387,0.3247094102069648,0.3336025103232786,-0.008893100116313779,0.9733422266286429,Normal
Extra Trees,player_2,match_20,483.0,513.0,0.3692804177419354,0.3392458228555731,0.3336025103232786,0.005643312532294498,1.0169162771791669,High
Extra Trees,player_2,match_20,513.0,543.0,0.3807831548387096,0.3388983442442479,0.3345668826676896,0.0043314615765583375,1.012946474385095,Elevated
Extra Trees,player_2,match_20,543.0,573.0,0.3897940709677419,0.3351268842209777,0.33658233123373194,-0.0014554470127542407,0.9956758068451801,Normal
Extra Trees,player_2,match_20,573.0,603.0,0.3962242854838709,0.3343165449090113,0.3348555245469017,-0.0005389796378904022,0.998390411391242,Normal
Extra Trees,player_2,match_20,603.0,633.0,0.4124903048387096,0.3379046808508786,0.3348555245469017,0.0030491563039768965,1.0091058862119797,Elevated
Extra Trees,player_2,match_20,633.0,663.0,0.3734338709677419,0.3363380051994621,0.3348555245469017,0.0014824806525604028,1.004427224710019,Elevated
Extra Trees,player_2,match_20,663.0,693.0,0.3012079919354838,0.3379326500926533,0.3357324447102199,0.0022002053824333734,1.0065534487866743,Elevated
Extra Trees,player_2,match_20,693.0,723.0,0.2420556758064516,0.334779663174903,0.3371213430251704,-0.0023416798502673974,0.9930538961750264,Normal
Extra Trees,player_2,match_20,723.0,753.0,0.4108755774193547,0.3358917452889606,0.3357324447102199,0.00015930057874069536,1.0004744866969237,Normal
Extra Trees,player_2,match_20,753.0,783.0,0.4135165758064515,0.3370374759137476,0.33611487524421135,0.0009226006695362554,1.0027448968715411,Elevated
Extra Trees,player_2,match_20,783.0,813.0,0.3825323967741935,0.3484873893207561,0.3366877405566049,0.011799648764151238,1.0350462679295787,High
Extra Trees,player_2,match_20,813.0,843.0,0.3204939112903225,0.3415708425041528,0.3366877405566049,0.00488310194754793,1.0145033553626732,High
Extra Trees,player_2,match_20,843.0,873.0,0.3248239623655913,0.3451217606419312,0.3366877405566049,0.008434020085326288,1.02504997678675,High
Extra Trees,player_2,match_20,873.0,903.0,0.3390274483870967,0.3386106892728854,0.3374710783823131,0.0011396108905722957,1.0033769142411701,Elevated
Extra Trees,player_2,match_20,903.0,933.0,0.2100038483870968,0.3468488539947831,0.33791866547176597,0.008930188523017135,1.0264270353652993,High
Extra Trees,player_2,match_20,933.0,963.0,0.1477797774193548,0.3278615833084361,0.33827166968276934,-0.010410086374333216,0.9692256629587226,Normal
Extra Trees,player_2,match_20,963.0,993.0,0.3258415209677419,0.3338277840585291,0.33827166968276934,-0.004443885624240251,0.9868629683697493,Normal
Extra Trees,player_2,match_20,993.0,1023.0,0.4287407661290321,0.3418994525680865,0.33782408259331653,0.004075369974769982,1.012063586300554,Elevated
Extra Trees,player_2,match_20,1023.0,1053.0,0.375188664516129,0.3456420772536654,0.3400907658885191,0.005551311365146305,1.0163230287968654,High
Extra Trees,player_2,match_20,1053.0,1083.0,0.287636293548387,0.336204072782654,0.34173514753611967,-0.005531074753465648,0.9838147325689376,Normal
Extra Trees,player_2,match_20,1083.0,1113.0,0.4094436306451612,0.3384085228750632,0.34173514753611967,-0.0033266246610564876,0.9902654886831479,Normal
Extra Trees,player_2,match_20,1113.0,1143.0,0.4046336467741935,0.3379005731440138,0.3400907658885191,-0.002190192744505326,0.9935599758529661,Normal
Extra Trees,player_2,match_20,1143.0,1173.0,0.4205949,0.3398810955794717,0.3385096060739743,0.0013714895054974252,1.0040515526912335,Elevated
Extra Trees,player_2,match_20,1173.0,1203.0,0.3462300032258064,0.3375916532536959,0.3385096060739743,-0.0009179528202784004,0.9972882517842705,Normal
Extra Trees,player_2,match_20,1203.0,1233.0,0.3347539983870967,0.3328425025650137,0.3381545480095385,-0.005312045444524793,0.9842910720089592,Normal
Extra Trees,player_2,match_20,1233.0,1263.0,0.3898393548387096,0.3408921361445289,0.33774611319885484,0.003146022945674065,1.009314756921634,Elevated
Extra Trees,player_2,match_20,1263.0,1293.0,0.2886360112903225,0.3389050808830386,0.3381545480095385,0.0007505328735001315,1.0022194966115876,Elevated
Extra Trees,player_2,match_20,1293.0,1323.0,0.387555341532258,0.3328397351009322,0.3386568018790509,-0.005817066778118718,0.9828231213847102,Normal
Extra Trees,player_2,match_20,1323.0,1353.0,0.1977938951612902,0.340417786389578,0.3381545480095385,0.0022632383800395006,1.0066929112542222,Elevated
Extra Trees,player_2,match_20,1353.0,1383.0,0.1413758629032257,0.3356529968136024,0.3381545480095385,-0.0025015511959360914,0.9926023434827038,Normal
Extra Trees,player_2,match_21,0.0,30.0,0.3316527016129031,0.3511258247315904,,,,Insufficient Baseline
Extra Trees,player_2,match_21,30.0,60.0,0.4313356112903225,0.3509460009828246,0.3511258247315904,-0.000179823748765795,0.9994878652149746,Normal
Extra Trees,player_2,match_21,60.0,90.0,0.4205158467741935,0.3721402722512487,0.3510359128572075,0.021104359394041206,1.0601202287887448,High
Extra Trees,player_2,match_21,90.0,120.0,0.4387095387096774,0.3437331360862961,0.3511258247315904,-0.007392688645294299,0.9789457564081324,Normal
Extra Trees,player_2,match_21,120.0,150.0,0.4259962016129032,0.344426930890646,0.3510359128572075,-0.006608981966561456,0.981172917856841,Normal
Extra Trees,player_2,match_21,150.0,180.0,0.4316159854838709,0.3402656546093442,0.3509460009828246,-0.010680346373480365,0.9695669808358834,Normal
Extra Trees,player_2,match_21,180.0,210.0,0.4246090596774193,0.3452114763041523,0.3476864659367353,-0.0024749896325830245,0.9928815473851853,Normal
Extra Trees,player_2,match_21,210.0,240.0,0.4406089822580645,0.3452824259339977,0.3452114763041523,7.09496298454404e-05,1.0002055251192834,Normal
Extra Trees,player_2,match_21,240.0,270.0,0.4264212419354838,0.3455514028535512,0.345246951119075,0.00030445173447618545,1.0008818375759418,Elevated
Extra Trees,player_2,match_21,270.0,300.0,0.4309485145161289,0.3410869789772452,0.3452824259339977,-0.004195446956752502,0.9878492311173854,Normal
Extra Trees,player_2,match_21,300.0,330.0,0.4343007419354838,0.3429051943647784,0.345246951119075,-0.002341756754296598,0.9932171544261112,Normal
Extra Trees,player_2,match_21,330.0,360.0,0.4346652887096773,0.3406912719511548,0.34481920359739915,-0.004127931646244365,0.9880287072089406,Normal
Extra Trees,player_2,match_21,360.0,390.0,0.4322045698924731,0.3392231683565208,0.34408003348847105,-0.004856865131950272,0.9858844900626499,Normal
Extra Trees,player_2,match_21,390.0,420.0,0.4265902258064515,0.3434760750405412,0.34331916522553724,0.00015690981500393608,1.000457037738924,Normal
Extra Trees,player_2,match_21,420.0,450.0,0.397753393548387,0.3411976303298119,0.34319063470265976,-0.001993004372847884,0.9941927192314713,Normal
Extra Trees,player_2,match_21,450.0,480.0,0.3992529096774194,0.3494521638616476,0.34205141234729514,0.007400751514352488,1.0216363717476433,High
Extra Trees,player_2,match_21,480.0,510.0,0.3918707790322581,0.3515269306309855,0.34319063470265976,0.008336295928325743,1.0242905693960684,High
Extra Trees,player_2,match_21,510.0,540.0,0.3622043258064515,0.3508377892147262,0.34319063470265976,0.007647154512066434,1.0222825267906623,High
Extra Trees,player_2,match_21,540.0,570.0,0.3974682854838709,0.3412778511982496,0.34319063470265976,-0.0019127835044101538,0.9944264693992382,Normal
Extra Trees,player_2,match_21,570.0,600.0,0.4223756548387096,0.3442520115048312,0.342091522781514,0.0021604887233172,1.0063155283876972,Elevated
Extra Trees,player_2,match_21,600.0,630.0,0.4193857483870967,0.3458171398147654,0.34319063470265976,0.0026265051121056593,1.0076531957650339,Elevated
Extra Trees,player_2,match_21,630.0,660.0,0.4010296387096774,0.3484232914488195,0.34386404327268616,0.004559248176133346,1.0132588686294188,Elevated
Extra Trees,player_2,match_21,660.0,690.0,0.4042364161290322,0.351413010690947,0.34503457565979834,0.006378435031148655,1.0184863647909819,High
Extra Trees,player_2,match_21,690.0,720.0,0.4003329209677418,0.3423261628513054,0.34712021563179246,-0.004794052780487057,0.9861890706314485,Normal
Extra Trees,player_2,match_21,720.0,750.0,0.4350319516129032,0.337774619233811,0.34712021563179246,-0.009345596397981437,0.9730767728956047,Normal
Extra Trees,player_2,match_21,750.0,780.0,0.4288246661290321,0.334784214803481,0.34712021563179246,-0.012336000828311489,0.964461877260998,Normal
Extra Trees,player_2,match_21,780.0,810.0,0.3615841693548387,0.345761198141727,0.34503457565979834,0.0007266224819286737,1.002105941065585,Elevated
Extra Trees,player_2,match_21,810.0,840.0,0.3699863930107527,0.337094261382211,0.3450066048232791,-0.007912343441068115,0.9770661102412198,Normal
Extra Trees,player_2,match_21,840.0,870.0,0.2764377032258064,0.3449232111937688,0.3432890871780683,0.001634124015700511,1.004760197969395,Elevated
Extra Trees,player_2,match_21,870.0,900.0,0.2745093016129032,0.3514739233992947,0.3445876113493,0.006886312049994681,1.0199842124997762,High
Extra Trees,player_2,match_21,900.0,930.0,0.2856326790322581,0.3522726599639881,0.3453422046677479,0.006930455296240201,1.0200683704527453,High
Extra Trees,player_2,match_21,930.0,960.0,0.330835379032258,0.3447502554946036,0.3453422046677479,-0.0005919491731443127,0.998285905501432,Normal
Extra Trees,player_2,match_21,960.0,990.0,0.4559655774193548,0.3421772263657886,0.3448367333441862,-0.0026595069783975633,0.9922876343462427,Normal
Extra Trees,player_3,match_10,7.0,37.0,0.4361331387096773,0.3621642395649299,,,,Insufficient Baseline
Extra Trees,player_3,match_10,37.0,67.0,0.4383647580645161,0.3523466029475374,0.3621642395649299,-0.009817636617392489,0.9728917558807394,Normal
Extra Trees,player_3,match_10,67.0,97.0,0.3855034564516129,0.3619778471788759,0.35725542125623366,0.004722425922642215,1.013218626343126,High
Extra Trees,player_3,match_10,97.0,127.0,0.3971516564516129,0.3523899598911232,0.3619778471788759,-0.009587887287752672,0.9735125025951804,Normal
Extra Trees,player_3,match_10,127.0,157.0,0.4671472774193548,0.3634056475973277,0.3571839035349995,0.006221744062328172,1.0174188814242535,High
Extra Trees,player_3,match_10,157.0,187.0,0.4710231774193548,0.3555865699941031,0.3619778471788759,-0.006391277184772781,0.9823434576602296,Normal
Extra Trees,player_3,match_10,187.0,217.0,0.4670338774193548,0.3581709602175524,0.35878220858648946,-0.0006112483689370563,0.9982963247499221,Normal
Extra Trees,player_3,match_10,217.0,247.0,0.4893131822580644,0.3526508967175905,0.3581709602175524,-0.005520063499961925,0.9845881880077351,Normal
Extra Trees,player_3,match_11,4.0,34.0,0.3910243156682027,0.3612325127425756,,,,Insufficient Baseline
Extra Trees,player_3,match_11,34.0,64.0,0.3795904612903226,0.3639749813639762,0.3612325127425756,0.0027424686214005956,1.0075919761501506,Elevated
Extra Trees,player_3,match_11,64.0,94.0,0.3515901994906621,0.3620770672927602,0.3626037470532759,-0.0005266797605157358,0.9985475060178064,Normal
Extra Trees,player_3,match_11,94.0,124.0,0.3702416080645161,0.3632135555513386,0.3620770672927602,0.0011364882585784275,1.0031388020983376,Elevated
Extra Trees,player_3,match_11,124.0,154.0,0.3630615741935483,0.3625854858961455,0.36264531142204937,-5.982552590388934e-05,0.9998350301961184,Elevated
Extra Trees,player_3,match_11,154.0,184.0,0.3132434822580644,0.3552817315507737,0.3625854858961455,-0.007303754345371782,0.9798564624634098,Normal
Extra Trees,player_3,match_11,184.0,214.0,0.3136218306451612,0.3640451266014434,0.36233127659445286,0.001713850006990536,1.0047300636674232,Elevated
Extra Trees,player_3,match_11,214.0,244.0,0.3203669677419355,0.3548999877399832,0.3625854858961455,-0.007685498156162263,0.9788036243724229,Normal
Extra Trees,player_3,match_11,244.0,274.0,0.3222881693548386,0.3607060648314562,0.36233127659445286,-0.0016252117629966811,0.9955145694893578,Normal
Extra Trees,player_3,match_11,274.0,304.0,0.3652293741935484,0.3629878765822505,0.3620770672927602,0.000910809289490333,1.0025155122258929,Elevated
Extra Trees,player_3,match_11,304.0,334.0,0.3208708548387096,0.362172731115418,0.36233127659445286,-0.00015854547903487726,0.9995624294967714,Elevated
Extra Trees,player_3,match_11,334.0,364.0,0.3602804354838709,0.3684391173267237,0.3623791085057817,0.006060008820941987,1.0167228426769124,High
Extra Trees,player_3,match_11,364.0,394.0,0.353715379032258,0.3609032805614022,0.3623791085057817,-0.0014758279443795042,0.9959273923089417,Normal
Extra Trees,player_3,match_11,394.0,424.0,0.3321580241935483,0.3623675769355053,0.3623791085057817,-1.1531570276390735e-05,0.9999681781592654,Elevated
Extra Trees,player_3,match_11,424.0,454.0,0.3277589032258065,0.3618848168621014,0.36227015402546164,-0.00038533716336025536,0.9989363264981161,Normal
Extra Trees,player_3,match_11,454.0,484.0,0.3303852903225805,0.3646361401847621,0.36202877398875966,0.0026073661960024364,1.0072020965827522,Elevated
Extra Trees,player_3,match_11,484.0,514.0,0.3474349161290322,0.3541325214359512,0.36227015402546164,-0.008137632589510446,0.9775371156053377,Normal
Extra Trees,player_3,match_11,514.0,544.0,0.3166702193548387,0.3583368146265953,0.36202877398875966,-0.0036919593621643765,0.9898020278292051,Normal
Extra Trees,player_3,match_11,544.0,574.0,0.3397516274193548,0.3590851389525487,0.36202877398875966,-0.0029436350362109787,0.9918690577995263,Normal
Extra Trees,player_3,match_11,574.0,604.0,0.3643458403225806,0.3586766416089193,0.36202877398875966,-0.0033521323798403335,0.9907407017875756,Normal
Extra Trees,player_3,match_11,604.0,634.0,0.3368568516129032,0.3604322560279789,0.3613940487117518,-0.0009617926837728885,0.9973386593188202,Normal
Extra Trees,player_3,match_11,634.0,664.0,0.3319147032258064,0.3557197358405625,0.36066776829469055,-0.00494803245412806,0.9862809131031494,Normal
Extra Trees,player_3,match_11,664.0,694.0,0.3474350241935484,0.3601329654578445,0.3597586974902638,0.00037426796758072145,1.001040330560989,Elevated
Extra Trees,player_3,match_11,694.0,724.0,0.3478693193548386,0.3649218562805302,0.35960905220519657,0.0053128040753336325,1.014773832979883,High
Extra Trees,player_3,match_11,724.0,754.0,0.2987791370967741,0.3579337153363017,0.35960905220519657,-0.0016753368688948722,0.9953412272059856,Normal
Extra Trees,player_3,match_11,754.0,784.0,0.3593931483870968,0.3594705569028953,0.358880890280734,0.0005896666221613112,1.001643070551068,Elevated
Extra Trees,player_3,match_11,784.0,814.0,0.3544077387096774,0.357063950067889,0.358880890280734,-0.0018169402128450085,0.994937205457154,Normal
Extra Trees,player_3,match_11,814.0,844.0,0.3207452770609318,0.3586396233733884,0.358880890280734,-0.0002412669073456053,0.9993277242843528,Elevated
Extra Trees,player_3,match_11,844.0,874.0,0.3315306548387097,0.3577798160292449,0.358880890280734,-0.001101074251489087,0.9969319228710457,Normal
Extra Trees,player_3,match_11,874.0,904.0,0.3873169193548387,0.3585022502419329,0.35865813249115386,-0.00015588224922097327,0.9995653737219389,Elevated
Extra Trees,player_3,match_11,904.0,934.0,0.4688639112903224,0.3535844950838764,0.3585709368076606,-0.004986441723784207,0.9860935697461198,Normal
Extra Trees,player_3,match_11,934.0,964.0,0.4263520999999999,0.359712108622133,0.3582179827891173,0.0014941258330156693,1.0041709961665863,Elevated
Extra Trees,player_3,match_11,964.0,994.0,0.4231265580645161,0.3545026942931553,0.3585709368076606,-0.004068242514505327,0.9886542881842999,Normal
Extra Trees,player_3,match_11,994.0,1024.0,0.3620068967741935,0.3524113213220581,0.3582179827891173,-0.005806661467059215,0.9837901452577896,Normal
Extra Trees,player_3,match_11,1024.0,1054.0,0.3321651999999999,0.3520308263480469,0.3578567656827733,-0.0058259393347264155,0.9837199128438698,Normal
Extra Trees,player_3,match_11,1054.0,1084.0,0.3242882580645161,0.3614017118502551,0.3574218830485669,0.003979828801688179,1.0111348213146407,Elevated
Extra Trees,player_3,match_11,1084.0,1114.0,0.3549055661290322,0.3702291062613285,0.3574218830485669,0.012807223212761565,1.0358322302583283,High
Extra Trees,player_3,match_11,1114.0,1144.0,0.5306583548387096,0.3614134863529133,0.35814103313558887,0.0032724532173244447,1.0091373311476586,Elevated
Extra Trees,player_3,match_11,1144.0,1174.0,0.4216986758064516,0.3615631685867044,0.35814103313558887,0.0034221354511155266,1.0095552732987731,Elevated
Extra Trees,player_3,match_11,1174.0,1204.0,0.4595364225806451,0.3559368278090222,0.35910717943203296,-0.0031703516230107698,0.9911715727097825,Normal
Extra Trees,player_3,match_11,1204.0,1234.0,0.3909993725806451,0.3563386608649216,0.35782446821557756,-0.0014858073506559544,0.9958476641967345,Normal
Extra Trees,player_3,match_11,1234.0,1264.0,0.3907572096774193,0.3578096465247718,0.3580253847435273,-0.00021573821875547905,0.9993974220042804,Elevated
Extra Trees,player_3,match_11,1264.0,1294.0,0.3941528467741935,0.3595615162534709,0.35707415369484674,0.00248736255862414,1.0069659552025427,Elevated
Extra Trees,player_3,match_11,1294.0,1324.0,0.363603493548387,0.3568479370518875,0.3586855813891213,-0.0018376443372338236,0.994876726490881,Normal
Extra Trees,player_3,match_11,1324.0,1354.0,0.5211213467741935,0.3636909219722246,0.3586855813891213,0.005005340583103257,1.0139546746309638,High
Extra Trees,player_3,match_11,1354.0,1384.0,0.3878741774193548,0.3499287929379264,0.36048161405186296,-0.010552821113936572,0.9707257715717553,Normal
Extra Trees,player_3,match_11,1384.0,1414.0,0.3929994725806451,0.3597753561932343,0.3586855813891213,0.0010897748041129862,1.003038245362115,Elevated
Extra Trees,player_3,match_11,1414.0,1444.0,0.3966700661290322,0.3623439953225941,0.3586855813891213,0.0036584139334727706,1.0101995009648963,Elevated
Extra Trees,player_3,match_11,1444.0,1474.0,0.3972694419354838,0.3562224034280911,0.3586855813891213,-0.0024631779610302384,0.9931327656063262,Normal
Extra Trees,player_3,match_11,1474.0,1504.0,0.3844904129032257,0.3527946333302468,0.35732879178832966,-0.00453415845808286,0.9873109624461252,Normal
Extra Trees,player_3,match_11,1504.0,1534.0,0.4235581967741935,0.355970373550578,0.35732879178832966,-0.0013584182377516796,0.9961984081076893,Normal
Extra Trees,player_3,match_11,1534.0,1564.0,0.4034634661290321,0.3548949023950056,0.35732879178832966,-0.0024338893933240624,0.9931886558003257,Normal
Extra Trees,player_3,match_11,1564.0,1594.0,0.3873319854838709,0.3542831419678731,0.35653517023998926,-0.00225202827211618,0.993683573290679,Normal
Extra Trees,player_3,match_11,1594.0,1624.0,0.4561544548387096,0.3569538292583439,0.35609638848933456,0.0008574407690093433,1.002407889539815,Elevated
Extra Trees,player_3,match_11,1624.0,1654.0,0.4235317322580644,0.3553351938015537,0.35609638848933456,-0.0007611946877808529,0.9978623914412329,Normal
Extra Trees,player_3,match_11,1654.0,1684.0,0.3856292096774192,0.3512563706830064,0.35565278367606584,-0.004396412993059429,0.9876384687682812,Normal
Extra Trees,player_3,match_11,1684.0,1714.0,0.3760227193548386,0.3564554421078797,0.35565278367606584,0.0008026584318138741,1.0022568596919657,Elevated
Extra Trees,player_3,match_11,1714.0,1744.0,0.2833069032258064,0.3555704729097633,0.35565278367606584,-8.23107663025513e-05,0.9997685642568244,Elevated
Extra Trees,player_3,match_11,1744.0,1774.0,0.3936828354838709,0.3603729559570028,0.35545283335565847,0.0049201226013443344,1.0138418438106003,High
Extra Trees,player_3,match_11,1774.0,1804.0,0.3682581903225805,0.3573576027484058,0.35545283335565847,0.0019047693927473075,1.0053587120821779,Elevated
Extra Trees,player_3,match_11,1804.0,1834.0,0.3789931274193548,0.3611319856687746,0.3557704232301706,0.005361562438603973,1.0150702871529464,High
Extra Trees,player_3,match_11,1834.0,1864.0,0.4009829209677419,0.3540563475960488,0.3560129575088215,-0.001956609912772689,0.9945041047762307,Normal
Extra Trees,player_3,match_11,1864.0,1894.0,0.4245554919354838,0.3571864215126227,0.3560129575088215,0.0011734640038011945,1.0032961272309087,Elevated
Extra Trees,player_3,match_11,1894.0,1924.0,0.3521169548387096,0.342312861184518,0.35670463568311184,-0.014391774498593857,0.9596535254692368,Normal
Extra Trees,player_3,match_11,1924.0,1954.0,0.396529314516129,0.3435137999952923,0.3560129575088215,-0.012499157513529202,0.9648912848538118,Normal
Extra Trees,player_3,match_11,1954.0,1984.0,0.3933025403225806,0.3494836532444272,0.3560129575088215,-0.006529304264394298,0.9816599252170969,Normal
Extra Trees,player_3,match_11,1984.0,2014.0,0.407235072580645,0.3551003846770486,0.3560129575088215,-0.0009125728317729287,0.9974366864673729,Normal
Extra Trees,player_3,match_11,2014.0,2044.0,0.3857940306451612,0.3551011726137054,0.35533542879340596,-0.000234256179700576,0.9993407463463578,Elevated
Extra Trees,player_3,match_11,2044.0,2074.0,0.3650781548387096,0.3608592729333438,0.355100778645377,0.00575849428796682,1.0162165070714124,High
Extra Trees,player_3,match_11,2074.0,2104.0,0.3677881225806451,0.3554450936776759,0.355100778645377,0.00034431503229892524,1.0009696262385355,Elevated
Extra Trees,player_3,match_11,2104.0,2134.0,0.3522334354838708,0.3496864975680747,0.355100778645377,-0.0054142810773022965,0.9847528324270184,Normal
Extra Trees,player_3,match_11,2134.0,2164.0,0.3669460112903225,0.3603515510539516,0.3545783661365487,0.005773184917402918,1.0162818306720374,High
Extra Trees,player_3,match_11,2164.0,2194.0,0.4251186709677419,0.3478367134887182,0.355100778645377,-0.007264065156658783,0.9795436518490063,Normal
Extra Trees,player_3,match_11,2194.0,2224.0,0.3751776032258064,0.3714649773472337,0.35239344112256166,0.01907153622467206,1.0541200090555574,High
Extra Trees,player_3,match_11,2224.0,2254.0,0.3664109546594982,0.3687288218923427,0.355100778645377,0.013628043246965704,1.0383779593470714,High
Extra Trees,player_3,match_11,2254.0,2284.0,0.3646316612903225,0.3802603554659671,0.35527313314569064,0.024987222320276448,1.0703324287401987,High
Extra Trees,player_3,match_12,7.0,37.0,0.3669705370967742,0.372966085313615,,,,Insufficient Baseline
Extra Trees,player_3,match_12,37.0,67.0,0.3955128451612903,0.3697219039955247,0.372966085313615,-0.0032441813180903445,0.9913016720666105,Normal
Extra Trees,player_3,match_12,67.0,97.0,0.4126900161290322,0.3735663112175837,0.37134399465456985,0.0022223165630138597,1.005984522693254,Elevated
Extra Trees,player_3,match_12,97.0,127.0,0.3963605744416872,0.3826623436940699,0.372966085313615,0.009696258380454847,1.0259976945954794,High
Extra Trees,player_3,match_12,127.0,157.0,0.3903422854838709,0.3832334280410995,0.37326619826559937,0.00996722977550013,1.0267027387473426,High
Extra Trees,player_3,match_12,157.0,187.0,0.3844437467741934,0.381335429450448,0.3735663112175837,0.007769118232864303,1.0207971596998189,High
Extra Trees,player_3,match_12,187.0,217.0,0.3757519193548386,0.3821153963199147,0.37745087033401586,0.0046645259858988375,1.0123579685530228,High
Extra Trees,player_3,match_12,217.0,247.0,0.3749229387096773,0.378656921456428,0.381335429450448,-0.0026785079940200296,0.9929759791848345,Normal
Extra Trees,player_3,match_12,247.0,277.0,0.4028460758064516,0.3810308808876447,0.379996175453438,0.0010347054342066953,1.0027229364426418,Elevated
Extra Trees,player_3,match_12,277.0,307.0,0.3926043693548386,0.3761210349623063,0.3810308808876447,-0.004909845925338385,0.9871143097013542,Normal
Extra Trees,player_3,match_12,307.0,337.0,0.3512831225806451,0.3738834265580172,0.37984390117203637,-0.005960474614019162,0.9843080944682074,Normal
Extra Trees,player_3,match_12,337.0,367.0,0.3351671177419354,0.3722973190431484,0.37984390117203637,-0.00754658212888798,0.9801324120102957,Normal
Extra Trees,player_3,match_12,367.0,397.0,0.351164235483871,0.3740364533589621,0.37984390117203637,-0.005807447813074296,0.984710962068484,Normal
Extra Trees,player_3,match_12,397.0,427.0,0.3486505922939068,0.374583322226702,0.37984390117203637,-0.005260578945334382,0.9861506820851869,Normal
Extra Trees,player_3,match_12,427.0,457.0,0.3383293951612902,0.3764205169614257,0.3773889782093671,-0.0009684612479414212,0.9974337850232495,Normal
Extra Trees,player_3,match_12,457.0,487.0,0.3052464677419354,0.3797483426814303,0.376270775961866,0.00347756671956434,1.009242191904685,Elevated
Extra Trees,player_3,match_12,487.0,517.0,0.331264729032258,0.3673724973496476,0.376270775961866,-0.008898278612218369,0.9763513959077168,Normal
Extra Trees,player_3,match_12,517.0,547.0,0.3247921725806451,0.3821222190410408,0.37535217859450415,0.006770040446536674,1.0180365023373166,High
Extra Trees,player_3,match_12,547.0,577.0,0.3181197177419355,0.3700487536672527,0.37535217859450415,-0.005303424927251443,0.9858708028627675,Normal
Extra Trees,player_3,match_12,577.0,607.0,0.3630194354838709,0.3798660737837718,0.37430988779283203,0.005556185990939766,1.0148438130333735,High
Extra Trees,player_3,match_12,607.0,637.0,0.3265592177419354,0.3723939633073004,0.37430988779283203,-0.0019159244855316282,0.9948814483720183,Normal
Extra Trees,player_3,match_12,637.0,667.0,0.3485093774193548,0.371746265334529,0.37430988779283203,-0.00256362245830305,0.9931510693628218,Normal
Extra Trees,player_3,match_12,667.0,697.0,0.3530882854838709,0.3747780047947036,0.37430988779283203,0.0004681170018715486,1.001250613508053,Elevated
Extra Trees,player_3,match_12,697.0,727.0,0.3143430758064516,0.3712877656344547,0.3746806635107028,-0.00339289787624808,0.9909445610444448,Normal
Extra Trees,player_3,match_12,727.0,757.0,0.3656071177419355,0.3819833678672238,0.37358598405100196,0.008397383816221848,1.0224777806842866,High
Extra Trees,player_3,match_12,757.0,787.0,0.3452076838709677,0.3810860323770447,0.37358598405100196,0.00750004832604273,1.0200758289824354,High
Extra Trees,player_3,match_12,787.0,817.0,0.3300876080645161,0.3811372386894753,0.37358598405100196,0.007551254638473337,1.0202128959887382,High
Extra Trees,player_3,match_12,817.0,847.0,0.3220524403225806,0.3764878727586045,0.3773220392892377,-0.0008341665306331736,0.9977892451440036,Normal
Extra Trees,player_3,match_12,847.0,877.0,0.3376904403225806,0.3802354807449761,0.37563293877665405,0.004602541968322049,1.0122527645826573,High
Extra Trees,player_3,match_13,5.0,35.0,0.3521303193548386,0.3676071956296693,,,,Insufficient Baseline
Extra Trees,player_3,match_13,35.0,65.0,0.3389918370967741,0.3824338564110072,0.3676071956296693,0.014826660781337875,1.0403328905353484,High
Extra Trees,player_3,match_13,65.0,95.0,0.3189536467741936,0.3831279704595678,0.37502052602033825,0.00810744443922956,1.021618668517333,High
Extra Trees,player_3,match_13,95.0,125.0,0.3746919064516129,0.376261305996081,0.3824338564110072,-0.006172550414926203,0.9838598222635068,Normal
Extra Trees,player_3,match_13,125.0,155.0,0.3443250306451613,0.3759437402390922,0.37934758120354406,-0.003403840964451843,0.9910271183128344,Normal
Extra Trees,player_3,match_13,155.0,185.0,0.3289299306451612,0.3724014556799451,0.376261305996081,-0.0038598503161358932,0.9897415698754416,Normal
Extra Trees,player_3,match_13,185.0,215.0,0.3118002080645161,0.3705317571519499,0.37610252311758663,-0.005570765965636715,0.9851881717797063,Normal
Extra Trees,player_3,match_13,215.0,245.0,0.3580603419354838,0.3636058066688573,0.3759437402390922,-0.012337933570234938,0.9671814363436714,Normal
Extra Trees,player_3,match_13,245.0,275.0,0.4557171241935484,0.3761528914197432,0.3741725979595186,0.001980293460224547,1.00529245987286,Elevated
Extra Trees,player_3,match_13,275.0,305.0,0.3425668338709677,0.3772753744715284,0.3759437402390922,0.0013316342324362074,1.0035421104008524,Elevated
Extra Trees,player_3,match_13,305.0,335.0,0.3511853032258064,0.374361776918255,0.37604831582941767,-0.0016865389111626605,0.9955151004799934,Normal
Extra Trees,player_3,match_13,335.0,365.0,0.3792794516129031,0.3722492841186486,0.37604831582941767,-0.003799031710769063,0.9898974904264899,Normal
Extra Trees,player_3,match_13,365.0,395.0,0.3578501048387096,0.3633120085390514,0.3751527585786736,-0.011840750039622205,0.9684375237317119,Normal
Extra Trees,player_3,match_13,395.0,425.0,0.3078801193548387,0.377199531644543,0.37338161629910005,0.003817915345442957,1.010225236537582,Elevated
Extra Trees,player_3,match_13,425.0,455.0,0.3287395096774193,0.3703958007438044,0.37338161629910005,-0.0029858155552956456,0.9920033139689881,Normal
Extra Trees,player_3,match_13,455.0,485.0,0.3821638967741935,0.3735844265265937,0.3723253698992969,0.0012590566272968062,1.0033816031060074,Elevated
Extra Trees,player_3,match_13,485.0,515.0,0.3466873387096774,0.3697095774796402,0.37291685532262114,-0.003207277842980971,0.9913994827608255,Normal
Extra Trees,player_3,match_13,515.0,545.0,0.3102375758064516,0.3765975705576009,0.37291685532262114,0.003680715234979759,1.0098700693799305,Elevated
Extra Trees,player_3,match_13,545.0,575.0,0.3276522177419354,0.3726225406829226,0.3739731017224244,-0.001350561039501763,0.9963886144931776,Normal
Extra Trees,player_3,match_13,575.0,605.0,0.3520716709677418,0.3700764393491064,0.37310348360475815,-0.0030270442556517563,0.991886850729975,Normal
Extra Trees,player_3,match_13,605.0,635.0,0.3152256758064516,0.3699148071942494,0.3724359124007856,-0.0025211052065362005,0.9932307677036709,Normal
Extra Trees,player_3,match_13,635.0,665.0,0.3598628661290322,0.3579224904123259,0.37132254243122653,-0.013400052018900654,0.9639126352761561,Normal
Extra Trees,player_3,match_13,665.0,695.0,0.359101843548387,0.3756616323035126,0.3702361200464554,0.00542551225705723,1.014654194886162,High
Extra Trees,player_3,match_13,695.0,725.0,0.3469617854838709,0.3808480312153424,0.37150917071336353,0.009338860501978852,1.0251376311493108,High
Extra Trees,player_3,match_13,725.0,755.0,0.3524468580645161,0.3798697606974375,0.37150917071336353,0.008360589984073963,1.022504397315469,High
Extra Trees,player_3,match_13,755.0,785.0,0.3321925129032258,0.3815720112609884,0.37310348360475815,0.00846852765623024,1.02269753038597,High
Extra Trees,player_3,match_13,785.0,815.0,0.3709659241935484,0.3693497382870833,0.3741420864932176,-0.004792348206134334,0.9871911009770316,Normal
Extra Trees,player_3,match_13,815.0,845.0,0.3483519161290322,0.3715245244079431,0.3741420864932176,-0.0026175620852745274,0.9930038288132496,Normal
Extra Trees,player_3,match_13,845.0,875.0,0.3546726129032257,0.3651021026609838,0.37207353254543285,-0.006971429884449043,0.9812633007331749,Normal
Extra Trees,player_3,match_13,875.0,905.0,0.3474160048387097,0.3689043838708667,0.37080048187852477,-0.0018960980076580536,0.9948864737228706,Normal
Extra Trees,player_3,match_13,905.0,935.0,0.3423207548387097,0.3698635440738599,0.3707196658010963,-0.0008561217272363697,0.9976906492797291,Normal
Extra Trees,player_3,match_13,935.0,965.0,0.3483044983870967,0.3755991447913844,0.3706940342409015,0.004905110550482872,1.0132322349360907,High
Extra Trees,player_3,match_13,965.0,995.0,0.3266472272401433,0.3680838957616315,0.37356183459966374,-0.00547793883803227,0.9853359247903287,Normal
Extra Trees,player_3,match_13,995.0,1025.0,0.3334074863799283,0.3687756543832242,0.3706940342409015,-0.0019183798576773436,0.9948248968678286,Normal
Extra Trees,player_3,match_13,1025.0,1055.0,0.323217264516129,0.3681694073735492,0.3696066411804716,-0.0014372338069224,0.9961114502641726,Normal
Extra Trees,player_3,match_13,1055.0,1085.0,0.308552164516129,0.376656288329433,0.36912706107897497,0.007529227250458015,1.0203973862779112,High
Extra Trees,player_3,match_13,1085.0,1115.0,0.3111829096774192,0.3663291816387506,0.36912706107897497,-0.00279787944022436,0.9924202808863538,Normal
Extra Trees,player_3,match_13,1115.0,1145.0,0.3479715870967742,0.3641174418908435,0.36884001912704545,-0.0047225772362019525,0.9871961365597498,Normal
Extra Trees,player_3,match_13,1145.0,1175.0,0.3405524612903226,0.3597165059154564,0.3684725308783867,-0.00875602496293032,0.9762369668586769,Normal
Extra Trees,player_3,match_13,1175.0,1205.0,0.3372105629032257,0.365612679046618,0.3684725308783867,-0.002859851831768734,0.9922386294985104,Normal
Extra Trees,player_3,match_13,1205.0,1235.0,0.3157914903225806,0.3725386424174695,0.36812665156759034,0.004411990849879144,1.0119849807969392,High
Extra Trees,player_3,match_13,1235.0,1265.0,0.3268866564516128,0.3766830054537821,0.36812665156759034,0.008556353886191748,1.0232429623059247,High
Extra Trees,player_3,match_13,1265.0,1295.0,0.3247668370967741,0.3763210388989369,0.36812665156759034,0.008194387331346586,1.0222596959401133,High
Extra Trees,player_3,match_13,1295.0,1325.0,0.3608837370967741,0.3703133037045137,0.3684725308783867,0.0018407728261269907,1.0049956853547233,Elevated
Extra Trees,player_3,match_13,1325.0,1355.0,0.3911609709677419,0.3776905466556118,0.3692413555390315,0.008449191116580324,1.0228825698688218,High
Extra Trees,player_3,match_13,1355.0,1385.0,0.3425233548387096,0.3763238332396442,0.37142597306099157,0.004897860178652624,1.0131866388833513,High
Extra Trees,player_3,match_13,1385.0,1415.0,0.4937061774193548,0.3702083372618192,0.37142597306099157,-0.0012176357991723896,0.9967217268379548,Normal
Extra Trees,player_3,match_13,1415.0,1445.0,0.4025709661290322,0.3762798330671912,0.37142597306099157,0.0048538600061996395,1.013068176051874,High
Extra Trees,player_3,match_13,1445.0,1475.0,0.3101776241935483,0.3750237363635997,0.37440923774233037,0.0006144986212693326,1.0016412485572597,Elevated
Extra Trees,player_3,match_13,1475.0,1505.0,0.3444233564516128,0.3732713102331315,0.37565178471539545,-0.0023804744822639723,0.9936630821970739,Normal
Extra Trees,player_3,match_13,1505.0,1535.0,0.3442153467741935,0.3707483649146857,0.37565178471539545,-0.004903419800709741,0.9869469013585954,Normal
Extra Trees,player_3,match_13,1535.0,1565.0,0.3300268532258064,0.3717079734633822,0.37565178471539545,-0.003943811252013263,0.9895014175029111,Normal
Extra Trees,player_3,match_13,1565.0,1595.0,0.5734079725806451,0.3702129610030173,0.3741475232983656,-0.003934562295348276,0.9894839279954002,Normal
Extra Trees,player_3,match_13,1595.0,1625.0,0.3820903112903225,0.3779614124447435,0.37248964184825684,0.00547177059648668,1.0146897255164904,High
Extra Trees,player_3,match_13,1625.0,1655.0,0.3444525193548386,0.3718574976728691,0.3741475232983656,-0.0022900256254965168,0.9938793511037882,Normal
Extra Trees,player_3,match_13,1655.0,1685.0,0.3390658419354838,0.3702251289295478,0.3725644039530003,-0.0023392750234524917,0.9937211526419802,Normal
Extra Trees,player_3,match_13,1685.0,1715.0,0.4530429177419354,0.371661204947788,0.37178273556812563,-0.00012153062033765094,0.9996731138680984,Elevated
Extra Trees,player_3,match_13,1715.0,1745.0,0.3660804564516129,0.3705086065191239,0.37178273556812563,-0.0012741290490017598,0.9965729203453874,Normal
Extra Trees,player_3,match_13,1745.0,1775.0,0.3375916467741935,0.3733565132795634,0.3716845892055851,0.0016719240739782593,1.0044982335090935,Elevated
Extra Trees,player_3,match_13,1775.0,1805.0,0.3604707532258064,0.3755022408882018,0.3716845892055851,0.003817651682616663,1.010271213263849,Elevated
Extra Trees,player_3,match_13,1805.0,1835.0,0.4038150612903225,0.3669774169451854,0.3716845892055851,-0.004707172260399739,0.9873355732330454,Normal
Extra Trees,player_3,match_13,1835.0,1865.0,0.3563674919354838,0.3765065939437416,0.3716845892055851,0.004822004738156471,1.0129733781765413,High
Extra Trees,player_3,match_13,1865.0,1895.0,0.3435740499999999,0.3772047077392069,0.37175935131032856,0.005445356428878334,1.0146475304782119,High
Extra Trees,player_3,match_13,1895.0,1925.0,0.3767098,0.3675509849201901,0.3726070054762162,-0.0050560205560261084,0.9864306884150925,Normal
Extra Trees,player_3,match_13,1925.0,1955.0,0.3773525709677419,0.3734310893453703,0.37175935131032856,0.0016717380350417255,1.0044968284702172,Elevated
Extra Trees,player_3,match_13,1955.0,1985.0,0.3324288580645161,0.3718597209862209,0.3725088591136757,-0.000649138127454818,0.9982573887531176,Normal
Extra Trees,player_3,match_13,1985.0,2015.0,0.4663374177419354,0.3697382418872722,0.3726081171328921,-0.0028698752456198795,0.9922978724465191,Normal
Extra Trees,player_3,match_13,2015.0,2045.0,0.3857469792114695,0.3635745374071671,0.3726081171328921,-0.009033579725724994,0.975755816069613,Normal
Extra Trees,player_3,match_13,2045.0,2075.0,0.3610912661290322,0.3791788103727306,0.3726081171328921,0.006570693239838499,1.0176343266228283,High
Extra Trees,player_3,match_21,2.0,32.0,0.3669890354838709,0.3505775847309634,,,,Insufficient Baseline
Extra Trees,player_3,match_21,32.0,62.0,0.3456523177419355,0.3599142168295383,0.3505775847309634,0.009336632098574882,1.026632142228203,High
Extra Trees,player_3,match_21,62.0,92.0,0.3505914516129031,0.3565205644581316,0.35524590078025087,0.0012746636778807052,1.0035881164992504,Elevated
Extra Trees,player_3,match_21,92.0,122.0,0.3115286403225806,0.3608463616598705,0.3565205644581316,0.0043257972017389235,1.0121333735918252,High
Extra Trees,player_3,match_21,122.0,152.0,0.3180478177419354,0.3510959162775245,0.35821739064383495,-0.007121474366310443,0.9801196855532033,Normal
Extra Trees,player_3,match_21,152.0,182.0,0.3745705290322579,0.3598716967837083,0.3565205644581316,0.003351132325576711,1.0093995484683191,Elevated
Extra Trees,player_3,match_21,182.0,212.0,0.3594768806451612,0.3647875024252835,0.35819613062091993,0.006591371804363588,1.0184015717672261,High
Extra Trees,player_3,match_21,212.0,242.0,0.3535580693548387,0.3766779629973538,0.3598716967837083,0.016806266213645504,1.0467007168495013,High
Extra Trees,player_3,match_21,242.0,272.0,0.3792379709677419,0.371523919082876,0.35989295680662325,0.011630962276252765,1.032317838002321,High
Extra Trees,player_3,match_21,272.0,302.0,0.3605857806451612,0.3645689362270126,0.3599142168295383,0.004654719397474305,1.0129328578306172,High
Extra Trees,player_3,match_21,302.0,332.0,0.4395546516129032,0.3637253158247564,0.3603802892447044,0.003345026580052035,1.0092819354439795,Elevated
Extra Trees,player_3,match_21,332.0,362.0,0.4458765177419355,0.3559841631305599,0.36228583874231346,-0.006301675611753543,0.982605790958791,Normal
Extra Trees,player_3,match_21,362.0,392.0,0.4798766903225806,0.3631473621665717,0.36228583874231346,0.0008615234242582148,1.0023780212531879,Elevated
Extra Trees,player_3,match_21,392.0,422.0,0.4342216451612903,0.3627168206634754,0.3634363389956641,-0.0007195183321886955,0.9980202355818985,Normal
Extra Trees,player_3,match_21,422.0,452.0,0.4009650725806452,0.3666068576891039,0.3634363389956641,0.0031705186934398166,1.0087237250468717,Elevated
Extra Trees,player_3,match_21,452.0,482.0,0.4576769252688172,0.3694091921277401,0.3641471260258845,0.005262066101855589,1.0144503848191337,High
Extra Trees,player_3,match_21,482.0,512.0,0.3430645951612903,0.3700255137098884,0.3646782193261481,0.00534729438374032,1.0146630484091457,High
Extra Trees,player_3,match_21,512.0,542.0,0.4172735112903225,0.3719649836988902,0.36558789695805827,0.006377086740831928,1.0174433748871166,High
Extra Trees,player_3,match_21,542.0,572.0,0.4032284838709677,0.3697276581862693,0.36558789695805827,0.004139761228211025,1.0113235729701575,Elevated
Extra Trees,player_3,match_21,572.0,602.0,0.3825146,0.3733024520339017,0.36558789695805827,0.0077145550758434545,1.021101779189174,High
Extra Trees,player_3,match_21,602.0,632.0,0.3900239548387096,0.3733859406963952,0.368008024908422,0.005377915787973198,1.014613582922034,High
Extra Trees,player_3,match_21,632.0,662.0,0.3547383258064516,0.3658238827397467,0.3695684251570047,-0.0037445424172580233,0.9898677966991709,Normal
Extra Trees,player_3,match_21,662.0,692.0,0.3558563451612903,0.3621858202859252,0.3695684251570047,-0.007382604871079501,0.9800237131515142,Normal
Extra Trees,player_3,match_21,692.0,722.0,0.3852632161290322,0.3575907315701757,0.3695684251570047,-0.011977693586829041,0.9675900516075189,Normal
Extra Trees,player_3,match_21,722.0,752.0,0.3133045354838709,0.349706756989058,0.3695684251570047,-0.01986166816794671,0.9462571290837175,Normal
Extra Trees,player_3,match_21,752.0,782.0,0.2778166548387096,0.3657311368008307,0.3695684251570047,-0.003837288356174029,0.9896168392780205,Normal
Extra Trees,player_3,match_21,782.0,812.0,0.3757601564516128,0.3682798916954505,0.367775770463008,0.0005041212324424782,1.0013707298656673,Elevated
Extra Trees,player_3,match_21,812.0,842.0,0.3641775838709677,0.3610657249887965,0.3670518872175986,-0.0059861622288021055,0.9836912370232459,Normal
Extra Trees,player_3,match_21,842.0,872.0,0.3266585451612903,0.3648610556615506,0.36577750977028867,-0.0009164541087380851,0.9974945039422636,Normal
Extra Trees,player_3,match_21,872.0,902.0,0.2961558564516128,0.3651635851161774,0.36529609623119064,-0.000132511115013223,0.9996372501201618,Elevated
Extra Trees,player_3,match_21,902.0,932.0,0.3281638145161289,0.3675557782735171,0.365012320388864,0.0025434578846530997,1.0069681425600743,Elevated
Extra Trees,player_3,match_21,932.0,962.0,0.3837857096774193,0.3692584266780981,0.365012320388864,0.004246106289234108,1.0116327752573133,High
Extra Trees,player_3,match_21,962.0,992.0,0.4081830989247311,0.3646363001105698,0.365012320388864,-0.00037602027829419793,0.9989698422291784,Normal
Extra Trees,player_3,match_8,4.0,34.0,0.2867737333333333,0.3713781146958418,,,,Insufficient Baseline
Extra Trees,player_3,match_8,34.0,64.0,0.3224119032258065,0.3582580189111519,0.3713781146958418,-0.013120095784689922,0.964671866042954,Normal
Extra Trees,player_3,match_8,64.0,94.0,0.3168409580645161,0.3589533138683619,0.3648180668034968,-0.0058647529351349426,0.9839241707886854,Normal
Extra Trees,player_3,match_8,94.0,124.0,0.2380993564516128,0.369434424854574,0.3589533138683619,0.010481110986212128,1.0291990924202914,High
Extra Trees,player_3,match_8,124.0,154.0,0.2257556677419354,0.3682709249676318,0.3641938693614679,0.004077055606163893,1.0111947398052363,Elevated
Extra Trees,player_3,match_8,154.0,184.0,0.2730701,0.3528131727947141,0.3682709249676318,-0.015457752172917727,0.9580261402002443,Normal
Extra Trees,player_3,match_8,184.0,214.0,0.2103354838709676,0.3517894298083724,0.36361211941799687,-0.01182268960962446,0.9674854357754961,Normal
Extra Trees,player_3,match_8,214.0,244.0,0.2507606387096773,0.3429897178851515,0.3589533138683619,-0.0159635959832104,0.9555273753815665,Normal
Extra Trees,player_3,match_8,244.0,274.0,0.1996526387096774,0.3617884827037119,0.3586056663897569,0.003182816313955006,1.008875532687472,Elevated
Extra Trees,player_3,match_8,274.0,304.0,0.3189643467741935,0.3708390453387044,0.3589533138683619,0.011885731470342498,1.033112193177025,High
Extra Trees,player_3,match_8,304.0,334.0,0.2768238306451613,0.3597820737528127,0.36037089828603686,-0.0005888245332241748,0.9983660597012004,Normal
Extra Trees,player_3,match_8,334.0,364.0,0.3001439612903225,0.3641997512019562,0.3593676938105873,0.0048320573913688825,1.0134459982758375,High
Extra Trees,player_3,match_8,364.0,394.0,0.2786879338709677,0.3577772665395539,0.3607852782282623,-0.0030080116887084007,0.9916625985863944,Normal
Extra Trees,player_3,match_8,394.0,424.0,0.2435328903225805,0.3632587117289022,0.3607852782282623,0.0024734335006398878,1.0068556940925815,Elevated
Extra Trees,player_3,match_8,424.0,454.0,0.1702869247311827,0.3646584214799922,0.3607852782282623,0.003873143251729938,1.0107353140093467,Elevated
Extra Trees,player_3,match_8,454.0,484.0,0.306578814516129,0.3666189442217728,0.3607852782282623,0.0058336659935105395,1.0161693570817478,High
Extra Trees,player_3,match_8,484.0,514.0,0.2767868774193548,0.364504703144988,0.362523597216307,0.001981105928681004,1.0054647640702377,Elevated
Extra Trees,player_3,match_8,514.0,544.0,0.250909214516129,0.3673610257274984,0.3637292314654292,0.003631794262069221,1.0099848842157588,Elevated
Extra Trees,player_3,match_8,544.0,574.0,0.3060971032258064,0.3684373435980137,0.3643522271734721,0.004085116424541624,1.0112119979510834,Elevated
Extra Trees,player_3,match_8,574.0,604.0,0.2995785645161289,0.363347212914525,0.3645815623124901,-0.0012343493979651288,0.9966143394906318,Normal
Extra Trees,player_3,match_8,604.0,634.0,0.3648162435483871,0.3595392500043898,0.3643522271734721,-0.0048129771690823,0.9867903176922511,Normal
Extra Trees,player_3,match_8,634.0,664.0,0.2738658161290322,0.3596795980252343,0.3643522271734721,-0.004672629148237795,0.9871755164377982,Normal
Extra Trees,player_3,match_8,664.0,694.0,0.3464340290322579,0.3691010286856931,0.36392595802975647,0.005175070655936642,1.0142201196198088,High
Extra Trees,player_3,match_8,694.0,724.0,0.3296180419354838,0.3664786655744899,0.3645815623124901,0.0018971032619997663,1.0052035085097741,Elevated
Extra Trees,player_3,match_8,724.0,754.0,0.2870044354838709,0.3555864017234522,0.36556854352724105,-0.009982141803788869,0.972694199267052,Normal
Extra Trees,player_3,match_8,754.0,784.0,0.3207690709677419,0.3589506961328408,0.36549168435973894,-0.006540988226898137,0.9821035922107051,Normal
Extra Trees,player_3,match_8,784.0,814.0,0.2845508758064516,0.3599196195633773,0.36392595802975647,-0.004006338466379156,0.9889913363474567,Normal
Extra Trees,player_3,match_8,814.0,844.0,0.3200196096774194,0.3738369232995939,0.3616334162389512,0.012203507060642715,1.0337455182863389,High
Extra Trees,player_3,match_8,844.0,874.0,0.3216044274193548,0.3658281425883891,0.3616334162389512,0.004194726349437905,1.0115993881125913,Elevated
Extra Trees,player_3,match_8,874.0,904.0,0.3126179387096773,0.3646822247624376,0.3616334162389512,0.003048808523486435,1.0084306604052096,Elevated
Extra Trees,player_3,match_8,904.0,934.0,0.3606785193548386,0.3640669558424177,0.36230092216290744,0.0017660336795102816,1.0048744940227234,Elevated
Extra Trees,player_3,match_8,934.0,964.0,0.385552229032258,0.3718831833797886,0.3643745903024277,0.007508593077360903,1.0206067966241248,High
Extra Trees,player_3,match_8,964.0,994.0,0.3347774983870967,0.3665178786096145,0.3652551836754133,0.0012626949342011695,1.003457021257016,Elevated
Extra Trees,player_3,match_8,994.0,1024.0,0.3717777967741935,0.3612949049722397,0.3652551836754133,-0.003960278703173614,0.9891575017133968,Normal
Extra Trees,player_3,match_8,1024.0,1054.0,0.3365552725806451,0.3728547971832004,0.3643745903024277,0.008480206880772723,1.0232733212097316,High
Extra Trees,player_3,match_8,1054.0,1084.0,0.3237554758064516,0.3651669540637701,0.3652551836754133,-8.822961164323129e-05,0.9997584439165095,Elevated
Extra Trees,player_3,match_8,1084.0,1114.0,0.4643626887096774,0.3749089206562505,0.3654975483260796,0.009411372330170864,1.0257494814213486,High
Extra Trees,player_3,match_8,1114.0,1144.0,0.3093228064516129,0.3648596723402539,0.36617301059900176,-0.0013133382587478537,0.9964133395396907,Normal
Extra Trees,player_3,match_8,1144.0,1174.0,0.356843264516129,0.3701239602054866,0.3654975483260796,0.004626411879406989,1.012657846545333,High
Extra Trees,player_3,match_8,1174.0,1204.0,0.3551337338709677,0.3632728257978747,0.3658424163366923,-0.002569590538817612,0.992976236696259,Normal
Extra Trees,player_3,match_8,1204.0,1234.0,0.2752174629032258,0.3722970236960035,0.3658424163366923,0.006454607359311193,1.0176431355990467,High
Extra Trees,player_3,match_8,1234.0,1264.0,0.242902343548387,0.3739403306430378,0.3683209194075505,0.005619411235487259,1.015256834296912,High
Extra Trees,player_3,match_8,1264.0,1294.0,0.3738273983870966,0.3543668498254401,0.3683209194075505,-0.013954069582110429,0.9621143713353134,Normal
Extra Trees,player_3,match_8,1294.0,1324.0,0.3141751016129032,0.3715192927023736,0.3676454571346284,0.003873835567745232,1.0105368786491673,Elevated
Extra Trees,player_3,match_8,1324.0,1354.0,0.3341685548387096,0.3770397205465715,0.37082162645393013,0.006218094092641346,1.0167684235466614,High
Extra Trees,player_3,match_8,1354.0,1384.0,0.3898067403225805,0.3645093839131042,0.37082162645393013,-0.0063122425408259075,0.9829776849824315,Normal
Extra Trees,player_3,match_8,1384.0,1414.0,0.3246493258064516,0.3588814035655867,0.37082162645393013,-0.011940222888343455,0.9678006296382315,Normal
Extra Trees,player_3,match_8,1414.0,1444.0,0.2727682241935484,0.3605884656637623,0.36749181627287025,-0.006903350609107961,0.9812149541747017,Normal
Extra Trees,player_3,match_8,1444.0,1474.0,0.2527807983870968,0.3695459213134836,0.3673166720592954,0.0022292492541882147,1.0060690119010671,Elevated
Extra Trees,player_3,match_8,1474.0,1504.0,0.3396483903225806,0.3656085651468478,0.36702765261329395,-0.001419087466446145,0.9961335679850223,Normal
Extra Trees,player_3,match_9,1.0,31.0,0.33529765,0.3688337787095006,,,,Insufficient Baseline
Extra Trees,player_3,match_9,31.0,61.0,0.3742693419354838,0.3647622699533583,0.3688337787095006,-0.004071508756142317,0.9889611283153403,Normal
Extra Trees,player_3,match_9,61.0,91.0,0.3546849516129031,0.3614276644494502,0.3667980243314295,-0.005370359881979314,0.9853588091381681,Normal
Extra Trees,player_3,match_9,91.0,121.0,0.3546658854838709,0.3628771993443899,0.3647622699533583,-0.00188507060896842,0.9948320570293373,Normal
Extra Trees,player_3,match_9,121.0,151.0,0.3238790596774193,0.3614374322331056,0.36381973464887407,-0.002382302415768478,0.9934519703334189,Normal
Extra Trees,player_3,match_9,151.0,181.0,0.4036772,0.3617234272756063,0.3628771993443899,-0.0011537720687835873,0.9968204889398725,Normal
Extra Trees,player_3,match_9,181.0,211.0,0.3837763016129032,0.3647157135803304,0.3623003133099981,0.0024154002703322686,1.0066668456570325,Elevated
Extra Trees,player_3,match_9,211.0,241.0,0.3465665532258064,0.3555282452445135,0.3628771993443899,-0.007348954099876404,0.9797480962894507,Normal
Extra Trees,player_3,match_9,241.0,271.0,0.317046764516129,0.3635410335071344,0.3623003133099981,0.0012407201971362802,1.0034245628600234,Elevated
Extra Trees,player_3,match_9,271.0,301.0,0.3381844661290322,0.3661796873998729,0.3628771993443899,0.0033024880554829994,1.0091008419968233,Elevated
Extra Trees,player_3,match_9,301.0,331.0,0.368675708064516,0.3637636208549811,0.36320911642576215,0.0005545044292189494,1.0015266809233085,Elevated
Extra Trees,player_3,match_9,331.0,361.0,0.3779544048387097,0.3619483412310471,0.36320911642576215,-0.0012607751947150692,0.99652878978611,Normal
Extra Trees,player_3,match_9,361.0,391.0,0.3473830177419355,0.3558510739233422,0.36241277028771846,-0.006561696364376257,0.9818944118355241,Normal
Extra Trees,player_3,match_9,391.0,421.0,0.3446340870967742,0.3573501203232175,0.36241277028771846,-0.005062649964500954,0.9860307075810775,Normal
Extra Trees,player_3,match_9,421.0,451.0,0.3274053822580645,0.3561958552136312,0.3618358842533267,-0.0056400290396955155,0.9844127426683119,Normal
Extra Trees,player_3,match_9,451.0,481.0,0.3398382387096774,0.3608738253451154,0.3618358842533267,-0.0009620589082112718,0.9973411733051393,Normal
Extra Trees,player_3,match_9,481.0,511.0,0.4211915596774193,0.3731157221831209,0.36141108328808125,0.011704638895039643,1.0323859434208604,High
Extra Trees,player_3,match_9,511.0,541.0,0.3921036999999999,0.3579171633625692,0.36141108328808125,-0.003493919925512068,0.9903325601037889,Normal
Extra Trees,player_3,match_9,541.0,571.0,0.3714641798387096,0.3578779544108336,0.36141108328808125,-0.00353312887724766,0.9902240715887747,Normal
Extra Trees,player_3,match_9,571.0,601.0,0.3447682870967742,0.349966138399782,0.3593954943538423,-0.009429355954060303,0.9737632883489167,Normal
Extra Trees,player_3,match_9,601.0,631.0,0.3480073403225806,0.3569447306966617,0.3578975588867014,-0.0009528281900396673,0.9973377069321077,Normal
Extra Trees,player_3,match_9,631.0,661.0,0.3573306774193548,0.3530751094817244,0.3576140373670256,-0.004538927885301192,0.9873077468694473,Normal
Extra Trees,player_3,match_9,661.0,691.0,0.4332546073476702,0.3614341094160719,0.3571474255099396,0.004286683906132294,1.0120025614072723,High
Extra Trees,player_3,match_9,691.0,721.0,0.3730761193548387,0.3633295317777232,0.3576140373670256,0.00571549441069763,1.0159822988291471,High
Extra Trees,player_3,match_9,721.0,751.0,0.3033966499999999,0.3661117086925962,0.3578975588867014,0.0082141498058948,1.0229511199557948,High
Extra Trees,player_3,match_9,751.0,781.0,0.3180434161290322,0.3705670176623007,0.3593954943538423,0.011171523308458386,1.0310842052389768,High
Extra Trees,player_3,match_9,781.0,811.0,0.4788181209677419,0.3757066569784399,0.35967563638932054,0.01603102058911937,1.0445707714596688,High
Extra Trees,player_3,match_9,811.0,841.0,0.4453166193548386,0.3524715818681188,0.35967563638932054,-0.007204054521201764,0.9799706908326592,Normal
Extra Trees,player_3,match_9,841.0,871.0,0.3353647677419354,0.3497669041105775,0.35965603191345275,-0.009889127802875264,0.972503928961617,Normal
Extra Trees,player_3,match_9,871.0,901.0,0.400662479032258,0.3640459528855268,0.3591894200563668,0.004856532829160043,1.0135208125796076,High
Extra Trees,player_3,match_9,901.0,931.0,0.4410353741935483,0.3630327948899687,0.36238182059689755,0.0006509742930711493,1.0017963767939542,Elevated
Extra Trees,player_3,match_9,931.0,961.0,0.461188043548387,0.3641813326374757,0.363181163333846,0.0010001693036297277,1.0027539129354854,Elevated
Extra Trees,player_3,match_9,961.0,991.0,0.4928181209677419,0.3545017515673141,0.36368774233162504,-0.009185990764310925,0.9747420941233297,Normal
Extra Trees,player_4,match_10,9.0,39.0,0.3217799612903225,0.3735137491698156,,,,Insufficient Baseline
Extra Trees,player_4,match_10,39.0,69.0,0.2928451225806451,0.3627550123442252,0.3735137491698156,-0.01075873682559042,0.9711958747181244,Normal
Extra Trees,player_4,match_10,69.0,99.0,0.3910603177419354,0.3527035971054338,0.36813438075702043,-0.015430783651586621,0.9580838290087027,Normal
Extra Trees,player_4,match_10,99.0,129.0,0.3278932709677419,0.3577328045818275,0.3627550123442252,-0.005022207762397701,0.9861553732092004,Normal
Extra Trees,player_4,match_10,129.0,159.0,0.4370787677419354,0.3687004345852902,0.36024390846302634,0.008456526122263885,1.0234744458507112,High
Extra Trees,player_4,match_10,159.0,189.0,0.3937881016129031,0.3598197992579527,0.3627550123442252,-0.0029352130862724812,0.9919085526418937,Normal
Extra Trees,player_4,match_10,189.0,219.0,0.1685731397849462,0.3547864377393767,0.361287405801089,-0.006500968061712298,0.9820061038460569,Normal
Extra Trees,player_4,match_11,168.0,198.0,0.3842112951612904,0.3763311263117175,,,,Insufficient Baseline
Extra Trees,player_4,match_11,198.0,228.0,0.4058162451612903,0.3763830439270454,0.3763311263117175,5.191761532791217e-05,1.0001379572713975,Normal
Extra Trees,player_4,match_11,228.0,258.0,0.4038188241935483,0.3806966932399219,0.3763570851193815,0.004339608120540406,1.0115305604494302,High
Extra Trees,player_4,match_11,258.0,288.0,0.3873129274193548,0.3694743381634336,0.3763830439270454,-0.0069087057636118,0.9816444819311496,Normal
Extra Trees,player_4,match_11,288.0,318.0,0.3955306419354838,0.3753000448504994,0.3763570851193815,-0.0010570402688820923,0.9971913900105088,Normal
Extra Trees,player_4,match_11,318.0,348.0,0.4709272048387096,0.3806134239234907,0.3763311263117175,0.004282297611773178,1.0113790683586086,High
Extra Trees,player_4,match_11,348.0,378.0,0.5832202322580645,0.3759849121246673,0.3763570851193815,-0.00037217299471420384,0.9990111173419357,Normal
Extra Trees,player_4,match_11,378.0,408.0,0.4728050080645161,0.3810141473371487,0.3763311263117175,0.004683021025431222,1.012443884382692,High
Extra Trees,player_4,match_11,408.0,438.0,0.413562829032258,0.382033578350887,0.3763570851193815,0.005676493231505542,1.0150827324791958,High
Extra Trees,player_4,match_11,438.0,468.0,0.4762296290322581,0.3683445215056736,0.3763830439270454,-0.008038522421371819,0.9786427084028527,Normal
Extra Trees,player_4,match_11,468.0,498.0,0.4215463322580645,0.3715900905631195,0.3763570851193815,-0.004766994556262005,0.9873338519593702,Normal
Extra Trees,player_4,match_11,498.0,528.0,0.3882374032258064,0.376104872543973,0.37618397802585635,-7.910548188333477e-05,0.9997897159727577,Normal
Extra Trees,player_4,match_11,528.0,558.0,0.3935791387096774,0.3738375379758886,0.37604489233432015,-0.002207354358431557,0.994130077542792,Normal
Extra Trees,player_4,match_11,558.0,588.0,0.4332609403225805,0.3749361327098164,0.37564247848758336,-0.0007063457777669591,0.99811963284714,Normal
Extra Trees,player_4,match_11,588.0,618.0,0.475627679032258,0.3759666217035996,0.37564247848758336,0.0003241432160162594,1.0008629035175183,Elevated
Extra Trees,player_4,match_11,618.0,648.0,0.4024941677419354,0.3737922425967918,0.3759757669141335,-0.0021835243173417007,0.9941923801758202,Normal
Extra Trees,player_4,match_11,648.0,678.0,0.4430050919354839,0.3813163594306537,0.375451377206708,0.005864982223945658,1.015621149847898,High
Extra Trees,player_4,match_11,678.0,708.0,0.4159376048387097,0.3826823705793571,0.375451377206708,0.007230993372649097,1.0192594669020698,High
Extra Trees,player_4,match_11,708.0,738.0,0.3945401516129031,0.3735212303505894,0.375451377206708,-0.001930146856118642,0.9948591296415568,Normal
Extra Trees,player_4,match_11,738.0,768.0,0.4259119580645161,0.3690125776889945,0.3743868353428525,-0.005374257653858017,0.9856451745987905,Normal
Extra Trees,player_4,match_11,768.0,798.0,0.4030253258064515,0.3668326723114475,0.3743868353428525,-0.007554163031404992,0.9798225730226675,Normal
Extra Trees,player_4,match_11,798.0,828.0,0.3907230725806451,0.3753959122359772,0.3743868353428525,0.001009076893124683,1.002695278780838,Elevated
Extra Trees,player_4,match_11,828.0,858.0,0.4226385591397849,0.378378632333432,0.3743868353428525,0.003991796990579499,1.0106622258416857,High
Extra Trees,player_4,match_11,858.0,888.0,0.448481229032258,0.371789226813109,0.37516602247289677,-0.003376795659787768,0.9909991964689934,Normal
Extra Trees,player_4,match_11,888.0,918.0,0.4334815274193548,0.3788206478863876,0.3745940774163845,0.004226570470003077,1.011283068059042,High
Extra Trees,player_4,match_11,918.0,948.0,0.4083821870967742,0.3759007857558076,0.3745940774163845,0.0013067083394230905,1.0034883315519445,Elevated
Extra Trees,player_4,match_11,948.0,978.0,0.4190907564516129,0.3723580350616174,0.3756483489958924,-0.00329031393427498,0.9912409732584477,Normal
Extra Trees,player_4,match_11,978.0,1008.0,0.429247764516129,0.3797191087918027,0.3744585712932833,0.005260537498519402,1.0140483831905647,High
Extra Trees,player_4,match_11,1008.0,1038.0,0.4780028752688172,0.380350824304133,0.3744585712932833,0.0058922530108496685,1.0157353936124345,High
Extra Trees,player_4,match_11,1038.0,1068.0,0.4410169193548386,0.3748111208588129,0.3756483489958924,-0.0008372281370794821,0.997771244997303,Normal
Extra Trees,player_4,match_11,1068.0,1098.0,0.4612133919354839,0.3744447826380902,0.3756483489958924,-0.001203566357802166,0.9967960291559399,Normal
Extra Trees,player_4,match_11,1098.0,1128.0,0.3906026505376343,0.3687165618985361,0.3756483489958924,-0.006931787097356312,0.9815471381256301,Normal
Extra Trees,player_4,match_11,1128.0,1158.0,0.4279749279569892,0.3733269234657547,0.37535595330731025,-0.002029029841555563,0.9945943848134617,Normal
Extra Trees,player_4,match_11,1158.0,1188.0,0.5070420774193549,0.3781748740094006,0.37462795174845154,0.003546922260949048,1.009467852690636,Elevated
Extra Trees,player_4,match_11,1188.0,1218.0,0.5153815080645161,0.3716622490210325,0.37535595330731025,-0.0036937042862777436,0.9901594626281213,Normal
Extra Trees,player_4,match_11,1218.0,1248.0,0.428450079032258,0.3745281401755029,0.37462795174845154,-9.981157294863818e-05,0.999733571474091,Normal
Extra Trees,player_4,match_11,1248.0,1278.0,0.3750276177419355,0.3734964692224709,0.37448646140679653,-0.000989992184325661,0.9973564006009545,Normal
Extra Trees,player_4,match_11,1278.0,1308.0,0.3954101774193548,0.3738295023460112,0.37448646140679653,-0.0006569590607853337,0.998245706778511,Normal
Extra Trees,player_4,match_11,1308.0,1338.0,0.4079895161290322,0.3764752138902062,0.3741371424920507,0.0023380713981555057,1.0062492362628903,Elevated
Extra Trees,player_4,match_11,1338.0,1368.0,0.4018140806451612,0.378007953678964,0.3741371424920507,0.003870811186913292,1.0103459687566185,Elevated
Extra Trees,player_4,match_11,1368.0,1398.0,0.3403397758064516,0.3728198755297703,0.3741371424920507,-0.0013172669622804056,0.9964791868738122,Normal
Extra Trees,player_4,match_11,1398.0,1428.0,0.4415285564516128,0.3727564957139804,0.37366298578424106,-0.0009064900702606682,0.997574043711185,Normal
Extra Trees,player_4,match_11,1428.0,1458.0,0.4619110403225805,0.3756941344307974,0.37366298578424106,0.0020311486465563466,1.0054357769536455,Elevated
Extra Trees,player_4,match_11,1458.0,1488.0,0.4448537112903226,0.3739994432699778,0.3741788212607571,-0.00017937799077927252,0.9995206089158791,Normal
Extra Trees,player_4,match_11,1488.0,1518.0,0.5368804637096773,0.3772106039792096,0.3739144728079945,0.0032961311712150776,1.008815200830452,Elevated
Extra Trees,player_4,match_11,1518.0,1548.0,0.3442471387096774,0.3755697907504894,0.3742637917227404,0.0013059990277490274,1.0034895147664098,Elevated
Extra Trees,player_4,match_11,1548.0,1578.0,0.4269378112903225,0.3759739722044788,0.3747846170102336,0.001189355194245234,1.003173436529314,Elevated
Extra Trees,player_4,match_11,1578.0,1608.0,0.3956674516129032,0.374702572425872,0.3756319625906434,-0.0009293901647713931,0.9975257958391996,Normal
Extra Trees,player_4,match_11,1608.0,1638.0,0.3750901629032258,0.3759737755278203,0.3756319625906434,0.00034181293717688854,1.000909967657756,Elevated
Extra Trees,player_4,match_11,1638.0,1668.0,0.4173886274193548,0.3730946618081785,0.3756319625906434,-0.0025373007824648908,0.9932452479150983,Normal
Extra Trees,player_4,match_11,1668.0,1698.0,0.4143237946236558,0.3674808744663104,0.37513618158818074,-0.007655307121870347,0.9795932584016269,Normal
Extra Trees,player_4,match_11,1698.0,1728.0,0.4375127612903225,0.3750958025097971,0.37513618158818074,-4.037907838361221e-05,0.9998923615466451,Normal
Extra Trees,player_4,match_11,1728.0,1758.0,0.3816933838709676,0.3731330494747536,0.3753327966301433,-0.0021997471553896752,0.9941392087898001,Normal
Extra Trees,player_4,match_11,1758.0,1788.0,0.3879063499999999,0.3703931211363936,0.37489918746783457,-0.004506066331440961,0.9879805918975816,Normal
Extra Trees,player_4,match_11,1788.0,1818.0,0.3840723258064515,0.3775102802322063,0.37489918746783457,0.002611092764371714,1.0069647864056674,Elevated
Extra Trees,player_4,match_11,1818.0,1848.0,0.4074549297235023,0.37303698108528,0.37489918746783457,-0.0018622063825545765,0.9950327809587095,Normal
Extra Trees,player_4,match_11,1848.0,1878.0,0.491157072580645,0.3719969502657885,0.37391781095031285,-0.0019208606845243503,0.9948628799477551,Normal
Extra Trees,player_4,match_11,1878.0,1908.0,0.377877913489736,0.3730570388074815,0.37311385564146604,-5.6816833984563164e-05,0.9998477225299316,Normal
Extra Trees,player_4,match_11,1908.0,1938.0,0.3828979322580644,0.383253869721263,0.37307585030782997,0.010178019413433048,1.0272813675959862,High
Extra Trees,player_4,match_11,1938.0,1968.0,0.3768100806451613,0.3749083229672746,0.37307585030782997,0.0018324726594446394,1.0049117965098322,Elevated
Extra Trees,player_4,match_11,1968.0,1998.0,0.3784119387096774,0.3735988340969463,0.37309504414111755,0.0005037899558287262,1.0013502992434233,Elevated
Extra Trees,player_4,match_11,1998.0,2028.0,0.3779958564516128,0.3752209219852398,0.3733659417858499,0.0018549801993898996,1.0049682630143428,Elevated
Extra Trees,player_4,match_11,2028.0,2058.0,0.3968446774193548,0.3728793212309825,0.3733659417858499,-0.00048662055486742295,0.9986966659236783,Normal
Extra Trees,player_4,match_11,2058.0,2088.0,0.4261899580645161,0.3764525629688193,0.37332793645221385,0.0031246265166054443,1.0083696563035147,Elevated
Extra Trees,player_4,match_11,2088.0,2118.0,0.418223622580645,0.3680507495789661,0.37425357853211044,-0.006202828953144335,0.983426133218357,Normal
Extra Trees,player_4,match_11,2118.0,2148.0,0.389275564516129,0.3774919743116993,0.37332793645221385,0.004164037859485437,1.0111538340769697,High
Extra Trees,player_4,match_11,2148.0,2178.0,0.4169403177419354,0.3729430355828173,0.37425357853211044,-0.0013105429492931697,0.9964982487156613,Normal
Extra Trees,player_4,match_11,2178.0,2208.0,0.3932120403225806,0.3743394435834541,0.37425357853211044,8.586505134366984e-05,1.000229430141137,Normal
Extra Trees,player_4,match_12,236.0,266.0,0.3623836822580645,0.3624313994652795,,,,Insufficient Baseline
Extra Trees,player_4,match_12,266.0,296.0,0.3702193693548387,0.3663976549718036,0.3624313994652795,0.0039662555065240745,1.0109434654733993,High
Extra Trees,player_4,match_12,296.0,326.0,0.3490734274193549,0.3689545975937393,0.36441452721854156,0.004540070375197713,1.012458532896179,High
Extra Trees,player_4,match_12,326.0,356.0,0.3996911016129032,0.3707885297391973,0.3663976549718036,0.004390874767393693,1.011983905212853,High
Extra Trees,player_4,match_12,356.0,386.0,0.3284608209677419,0.3780347258223197,0.36767612628277146,0.010358599539548208,1.0281731632789821,High
Extra Trees,player_4,match_12,386.0,416.0,0.4272166354838709,0.3708144072269711,0.3689545975937393,0.001859809633231846,1.0050407547306937,Elevated
Extra Trees,player_4,match_12,416.0,446.0,0.441558479032258,0.3688683733795054,0.3698715636664683,-0.001003190286962885,0.9972877334039458,Normal
Extra Trees,player_4,match_12,446.0,476.0,0.4257332451612903,0.3613152816542754,0.3689545975937393,-0.0076393159394638754,0.9792946991600424,Normal
Extra Trees,player_4,match_12,476.0,506.0,0.3800015161290322,0.3567446869449264,0.36891148548662234,-0.012166798541695945,0.9670197350303501,Normal
Extra Trees,player_4,match_12,506.0,536.0,0.3585309838709677,0.3568108595819993,0.3688683733795054,-0.012057513797506081,0.9673121507082938,Normal
Extra Trees,player_4,match_12,536.0,566.0,0.4354185322580645,0.3659406641830258,0.3676330141756545,-0.0016923499926287389,0.9953966321647595,Normal
Extra Trees,player_4,match_12,566.0,596.0,0.457104458064516,0.3684388454837722,0.3676330141756545,0.0008058313081176771,1.0021919448935364,Elevated
Extra Trees,player_4,match_12,596.0,626.0,0.4273867548387096,0.3670680732412083,0.36865360943163883,-0.0015855361904305032,0.9956991165965391,Normal
Extra Trees,player_4,match_12,626.0,656.0,0.3503060967741934,0.3655710929836477,0.36775345936249026,-0.0021823663788425596,0.9940656808976706,Normal
Extra Trees,player_4,match_12,656.0,686.0,0.3833928499999999,0.3748828280903946,0.36650436871211706,0.008378459378277525,1.0228604625034052,High
Extra Trees,player_4,match_12,686.0,716.0,0.3904234741935484,0.3683542327321398,0.36650436871211706,0.00184986402002274,1.005047317789207,Elevated
Extra Trees,player_4,match_12,716.0,746.0,0.4298751596774193,0.3569414959773557,0.36650436871211706,-0.009562872734761363,0.9739078888244499,Normal
Extra Trees,player_4,match_12,746.0,776.0,0.428139087096774,0.3660908970624721,0.36575587858333675,0.00033501847913536276,1.0009159619810706,Elevated
Extra Trees,player_4,match_12,776.0,806.0,0.3894983064516129,0.3699486760373576,0.366015780622749,0.003932895414608617,1.010745152594014,Elevated
Extra Trees,player_4,match_12,806.0,836.0,0.3534890854838709,0.3648230731387292,0.36657948515184025,-0.0017564120131110528,0.9952086461892882,Normal
Extra Trees,player_4,match_12,836.0,866.0,0.3911594774193548,0.3669584261387617,0.36657948515184025,0.00037894098692142775,1.0010337212044598,Elevated
Extra Trees,player_4,match_12,866.0,896.0,0.4145624822580644,0.3668159866189496,0.367013249689985,-0.00019726307103540286,0.9994625178486007,Normal
Extra Trees,player_4,match_13,134.0,164.0,0.366750979032258,0.3486214616159726,,,,Insufficient Baseline
Extra Trees,player_4,match_13,164.0,194.0,0.3624990887096774,0.3520857301614319,0.3486214616159726,0.0034642685454592814,1.00993704899693,Elevated
Extra Trees,player_4,match_13,194.0,224.0,0.352512693548387,0.354277459086392,0.3503535958887023,0.003923863197689725,1.011199722919174,Elevated
Extra Trees,player_4,match_13,224.0,254.0,0.3564580935483871,0.3664731616569975,0.3520857301614319,0.014387431495565595,1.040863432576404,High
Extra Trees,player_4,match_13,254.0,284.0,0.3309110451612903,0.3659209041878403,0.35318159462391197,0.012739309563928325,1.036070140001191,High
Extra Trees,player_4,match_13,284.0,314.0,0.3915517903225806,0.3454216451093172,0.354277459086392,-0.0088558139770748,0.9750031684208413,Normal
Extra Trees,player_4,match_13,314.0,344.0,0.4298870338709677,0.3493994348996304,0.35318159462391197,-0.0037821597242815863,0.989291175469353,Normal
Extra Trees,player_4,match_13,344.0,374.0,0.4176532709677419,0.3578535813620542,0.3520857301614319,0.005767851200622287,1.0163819510605492,High
Extra Trees,player_4,match_13,374.0,404.0,0.3779788451612903,0.3614755382997917,0.35318159462391197,0.008293943675879711,1.0234835104720323,High
Extra Trees,player_4,match_13,404.0,434.0,0.4283153661290322,0.3527447309391619,0.354277459086392,-0.0015327281472301002,0.99567365038921,Normal
Extra Trees,player_4,match_13,434.0,464.0,0.382800129032258,0.3530414953879063,0.353511095012777,-0.00046959962487069795,0.9986716127683242,Normal
Extra Trees,player_4,match_13,464.0,494.0,0.4168474403225806,0.3569897860737056,0.3536594772371492,0.0033303088365563838,1.0094167102846312,Elevated
Extra Trees,player_4,match_13,494.0,524.0,0.3807065758064516,0.3510491811767283,0.3556336225800488,-0.004584441403320538,0.9871090889267967,Normal
Extra Trees,player_4,match_13,524.0,554.0,0.4227452580645161,0.3466286661071168,0.35501564073080594,-0.008386974623689147,0.9763757602160164,Normal
Extra Trees,player_4,match_13,554.0,584.0,0.4064318279569892,0.3538787254931839,0.3528931131635341,0.0009856123296497765,1.002792948609323,Elevated
Extra Trees,player_4,match_13,584.0,614.0,0.3609130483870967,0.3657412425541763,0.3528931131635341,0.012848129390642171,1.0364079912908026,High
Extra Trees,player_4,match_13,614.0,644.0,0.4888476727598565,0.3529186202301604,0.3534601104405451,-0.0005414902103846875,0.9984680302122075,Normal
Extra Trees,player_4,match_13,644.0,674.0,0.4908945209677419,0.3547192144239723,0.3534601104405451,0.0012591039834272122,1.0035622237028612,Elevated
Extra Trees,player_4,match_13,674.0,704.0,0.4348001161290322,0.3534056612330203,0.3534601104405451,-5.44492075247871e-05,0.9998459537415497,Normal
Extra Trees,player_4,match_13,704.0,734.0,0.427643643548387,0.3563434473412438,0.3532235783104633,0.0031198690307804866,1.0088325616475078,Elevated
Extra Trees,player_4,match_13,734.0,764.0,0.4198529306451612,0.3460234232751777,0.3536421933631021,-0.007618770087924387,0.978456275210063,Normal
Extra Trees,player_4,match_13,764.0,794.0,0.3750722806451613,0.3557632887118024,0.3536421933631021,0.002121095348700308,1.0059978571236903,Elevated
Extra Trees,player_4,match_13,794.0,824.0,0.2947397709677419,0.3595030059262564,0.3536421933631021,0.005860812563154294,1.016572718621097,High
Extra Trees,player_4,match_13,824.0,854.0,0.4280808758064516,0.3565671508587018,0.3542989699585781,0.002268180900123651,1.0064018839806077,Elevated
Extra Trees,player_4,match_13,854.0,884.0,0.415344908064516,0.3563061053144905,0.35524125156788733,0.001064853746603145,1.002997550937295,Elevated
Extra Trees,player_4,match_13,884.0,914.0,0.3840966193548386,0.3616055433549998,0.35603469701314644,0.005570846341853342,1.0156469197766071,High
Extra Trees,player_4,match_13,914.0,944.0,0.4180323548387097,0.3578047252852684,0.35603469701314644,0.0017700282721219707,1.0049715049880563,Elevated
Extra Trees,player_4,match_13,944.0,974.0,0.4621011903225805,0.3596000680309797,0.35632477632786713,0.0032752917031125817,1.0091918719120976,Elevated
Extra Trees,player_4,match_13,974.0,1004.0,0.4107305645161289,0.3526625329110657,0.35645529909997276,-0.0037927661889070596,0.9893597705000219,Normal
Extra Trees,player_4,match_13,1004.0,1034.0,0.4295765107526881,0.3558448991783105,0.35645529909997276,-0.0006103999216622302,0.998287583539357,Normal
Extra Trees,player_4,match_13,1034.0,1064.0,0.4894602967741935,0.3600589063016435,0.35643662808659615,0.0036222782150473476,1.010162474699899,Elevated
Extra Trees,player_4,match_13,1064.0,1094.0,0.4890407419354838,0.3506543737194909,0.35718593807198507,-0.00653156435249419,0.9817138256120882,Normal
Extra Trees,player_4,match_13,1094.0,1124.0,0.4325143999999999,0.3579096627000848,0.35718593807198507,0.00072372462809972,1.0020261845469232,Elevated
Extra Trees,player_4,match_13,1124.0,1154.0,0.4059713709677419,0.3588250185782989,0.35718593807198507,0.0016390805063138392,1.0045888718776592,Elevated
Extra Trees,player_4,match_13,1154.0,1184.0,0.4018455499999999,0.3550188158554339,0.35785719399267657,-0.002838378137242692,0.9920684055402816,Normal
Extra Trees,player_4,match_13,1184.0,1214.0,0.4696028661290322,0.3474832366326272,0.35785719399267657,-0.010373957360049368,0.9710109017390282,Normal
Extra Trees,player_4,match_13,1214.0,1244.0,0.4621412096774193,0.3489739241789321,0.35682481223178947,-0.007850888052857385,0.9779979200332136,Normal
Extra Trees,player_4,match_13,1244.0,1274.0,0.3845204693548387,0.3535147979658603,0.35543185751687223,-0.001917059551011957,0.9946063935731452,Normal
Extra Trees,player_4,match_13,1274.0,1304.0,0.3340003566308243,0.3649516874881106,0.35426680691064705,0.01068488057746353,1.030160546709527,High
Extra Trees,player_4,match_13,1304.0,1334.0,0.4043534483870967,0.3562382461461286,0.35543185751687223,0.0008063886292563605,1.0022687573221207,Elevated
Extra Trees,player_4,match_13,1334.0,1364.0,0.371750114516129,0.3652860154366955,0.35562853100078123,0.009657484435914243,1.027156101364356,High
Extra Trees,player_4,match_13,1364.0,1394.0,0.4122716016129032,0.3512393373089307,0.35562853100078123,-0.004389193691850535,0.9876579258714175,Normal
Extra Trees,player_4,match_13,1394.0,1424.0,0.3915227935483871,0.3533721207734152,0.35562853100078123,-0.002256410227366057,0.9936551484746844,Normal
Extra Trees,player_4,match_13,1424.0,1454.0,0.3739972612903226,0.3606245039587398,0.35426680691064705,0.0063576970480927475,1.017946070374288,High
Extra Trees,player_4,match_13,1454.0,1484.0,0.4081507080645161,0.3621246670738988,0.35426680691064705,0.00785786016325174,1.0221806277358456,High
Extra Trees,player_4,match_13,1484.0,1514.0,0.4723563999999999,0.3556144654070465,0.3548765220559944,0.000737943351052095,1.0020794369454953,Elevated
Extra Trees,player_4,match_13,1514.0,1544.0,0.4062820209677418,0.3611490108861002,0.35592635577658754,0.005222655109512642,1.014673414948768,High
Extra Trees,player_4,match_13,1544.0,1574.0,0.4087842096774193,0.3608409167387678,0.35843137505243416,0.002409541686333616,1.0067224630823157,Elevated
Extra Trees,player_4,match_13,1574.0,1604.0,0.4999228516129032,0.35995481467075,0.36073271034875376,-0.0007778956780037372,0.9978435676729962,Normal
Extra Trees,player_4,match_13,1604.0,1634.0,0.474066529032258,0.3605663367117914,0.3602896593147449,0.00027667739704650973,1.0007679304412254,Normal
Extra Trees,player_4,match_13,1634.0,1664.0,0.3784953629032257,0.3624362806266122,0.3605954203352656,0.0018408602913466132,1.0051050573233433,Elevated
Extra Trees,player_4,match_13,1664.0,1694.0,0.3294626306451612,0.3777005680712996,0.3605954203352656,0.017105147736034,1.0474358429736306,High
Extra Trees,player_4,match_13,1694.0,1724.0,0.4156032951612903,0.349711540576645,0.36073271034875376,-0.011021169772108763,0.9694478225679796,Normal
Extra Trees,player_4,match_13,1724.0,1754.0,0.4257821451612902,0.3585580136639381,0.36073271034875376,-0.00217469668481568,0.993971445831144,Normal
Extra Trees,player_4,match_13,1754.0,1784.0,0.4024596306451612,0.3525327662861706,0.36070362672527956,-0.008170860439108973,0.977347440298037,Normal
Extra Trees,player_4,match_13,1784.0,1814.0,0.328244343548387,0.3591143583806685,0.3602605756912707,-0.00114621731060216,0.9968183659607972,Normal
Extra Trees,player_4,match_13,1814.0,1844.0,0.3405583,0.3547983795375889,0.3602605756912707,-0.005462196153681764,0.9848382073358961,Normal
Extra Trees,player_4,match_13,1844.0,1874.0,0.4143364048387096,0.3523582890953678,0.35953458652570924,-0.007176297430341427,0.9800400359262007,Normal
Extra Trees,player_4,match_13,1874.0,1904.0,0.4840867612903226,0.3431887316737227,0.35883618602230327,-0.01564745434858056,0.9563938784378675,Normal
Extra Trees,player_4,match_13,1904.0,1934.0,0.369382964516129,0.3444053507729833,0.3566781966007635,-0.01227284582778021,0.9655912642131096,Normal
Extra Trees,player_4,match_13,1934.0,1964.0,0.4041648241935484,0.3540901602467889,0.3536655729118797,0.00042458733490918776,1.001200533406216,Elevated
Extra Trees,player_4,match_13,1964.0,1994.0,0.3434776064516129,0.3589434402949178,0.3533114632664798,0.00563197702843804,1.0159405442902094,High
Extra Trees,player_4,match_13,1994.0,2024.0,0.3997559177419354,0.3554582302004559,0.3533114632664798,0.002146766933976141,1.006076131564282,Elevated
Extra Trees,player_4,match_13,2024.0,2054.0,0.3138108548387097,0.3580747460026786,0.3544442698921889,0.0036304761104896666,1.0102427276129868,Elevated
Extra Trees,player_4,match_13,2054.0,2084.0,0.3317083516129032,0.3678179459436373,0.3544442698921889,0.013373676051448402,1.0377313930212957,High
Extra Trees,player_4,match_14,386.0,416.0,0.405148514516129,0.3711297170102495,,,,Insufficient Baseline
Extra Trees,player_4,match_14,416.0,446.0,0.3932071975806451,0.3721367557900595,0.3711297170102495,0.00100703877981001,1.0027134415102152,Elevated
Extra Trees,player_4,match_14,446.0,476.0,0.3884511261520736,0.3588225824808276,0.3716332364001545,-0.012810653919326898,0.9655287722825385,Normal
Extra Trees,player_4,match_14,476.0,506.0,0.3836950547235022,0.3609006721622109,0.3711297170102495,-0.010229044848038604,0.9724380873338793,Normal
Extra Trees,player_4,match_14,506.0,536.0,0.3789389832949308,0.358448740282916,0.3660151945862302,-0.007566454303314207,0.979327485811435,Normal
Extra Trees,player_4,match_14,536.0,566.0,0.3756097332949308,0.3656307634539616,0.3609006721622109,0.0047300912917507265,1.013106352125675,High
Extra Trees,player_4,match_14,566.0,596.0,0.3930877580645161,0.3704400718426788,0.36326571780808625,0.007174354034592545,1.0197496038929355,High
Extra Trees,player_4,match_14,596.0,626.0,0.377830679032258,0.3593113388473963,0.3656307634539616,-0.006319424606565316,0.9827163760869891,Normal
Extra Trees,player_4,match_14,626.0,656.0,0.3831889322580645,0.3622991435925572,0.36326571780808625,-0.0009665742155290369,0.9973392088266373,Normal
Extra Trees,player_4,match_14,656.0,686.0,0.4224506612903225,0.3615033295940699,0.3622991435925572,-0.0007958139984873269,0.9978034339507512,Normal
Extra Trees,player_4,match_14,686.0,716.0,0.3805634838709677,0.3605641585503205,0.3619012365933135,-0.0013370780429930451,0.9963054062606158,Normal
Extra Trees,player_4,match_14,716.0,746.0,0.3789224693548386,0.3617220364035012,0.36120200087814036,0.0005200355253608402,1.001439736003944,Elevated
Extra Trees,player_4,match_14,746.0,776.0,0.3775421354838709,0.3731818848914556,0.36120200087814036,0.011979884013315234,1.0331667155336632,High
Extra Trees,player_4,match_14,776.0,806.0,0.3891524322580645,0.3668247697928162,0.3616126829987856,0.005212086794030624,1.0144134512949263,High
Extra Trees,player_4,match_14,806.0,836.0,0.374085243548387,0.3669694741867202,0.3620105899980292,0.004958884188691004,1.0136981743785949,High
Extra Trees,player_4,match_14,836.0,866.0,0.3737445677419355,0.366455770902591,0.3639649535232594,0.0024908173793316,1.0068435637970632,Elevated
Extra Trees,player_4,match_14,866.0,896.0,0.37754,0.3627604878624608,0.3643774572475741,-0.0016169693851132982,0.9955623780973513,Normal
Extra Trees,player_4,match_14,896.0,926.0,0.369730114516129,0.3720659021577734,0.362529815727509,0.009536086430264434,1.0263042817902517,High
Extra Trees,player_4,match_14,926.0,956.0,0.3745211730205278,0.3622692772348481,0.3646081293825259,-0.002338852147677817,0.9935852989574349,Normal
Extra Trees,player_4,match_14,956.0,986.0,0.3808013306451612,0.363393134212151,0.3646081293825259,-0.0012149951703748774,0.996667668457002,Normal
Extra Trees,player_4,match_14,986.0,1016.0,0.3776010967741935,0.3696970050346864,0.36492445255737105,0.004772552477315339,1.0130781931544175,High
Extra Trees,player_4,match_14,1016.0,1046.0,0.3998627822580645,0.3674825053741921,0.36664027034770363,0.0008422350264884471,1.0022971699908734,Elevated
Extra Trees,player_4,match_14,1046.0,1076.0,0.5312633096774193,0.3615496199868258,0.3668971219897682,-0.005347502002942428,0.9854250641870896,Normal
Extra Trees,player_4,match_14,1076.0,1106.0,0.3963917564516129,0.3735082261132326,0.36664027034770363,0.006867955765528955,1.0187321369772495,High
Extra Trees,player_4,match_14,1106.0,1136.0,0.377594408064516,0.374227686645544,0.36671262254465564,0.007515064100888369,1.0204930608844074,High
Extra Trees,player_4,match_14,1136.0,1166.0,0.3680299129032257,0.3571573757507937,0.36696913813839155,-0.009811762387597844,0.9732627042225616,Normal
Extra Trees,player_4,match_14,1166.0,1196.0,0.3781662887096773,0.3640644777797609,0.3654378197931716,-0.001373342013410661,0.9962419269735466,Normal
Extra Trees,player_4,match_14,1196.0,1226.0,0.3847059193548386,0.3671963318654157,0.3657734915769765,0.0014228402884392533,1.0038899491658209,Elevated
Extra Trees,player_4,match_14,1226.0,1256.0,0.3984853483870967,0.3695765911879178,0.36563040482258835,0.0039461863653294516,1.0107928288054824,Elevated
Extra Trees,player_4,match_14,1256.0,1286.0,0.3775004548387096,0.3682380064676264,0.3673394186198039,0.0008985878478224851,1.0024462058855506,Elevated
Extra Trees,player_4,match_14,1286.0,1316.0,0.3775998919354838,0.3699253007853866,0.3678602559209092,0.0020650448644773944,1.005613666687932,Elevated
Extra Trees,player_4,match_14,1316.0,1346.0,0.37754,0.3624932301717235,0.3678602559209092,-0.005367025749185683,0.9854101505590764,Normal
Extra Trees,player_4,match_14,1346.0,1376.0,0.37754,0.3676406845858632,0.3677171691665211,-7.648458065789843e-05,0.999792001605932,Normal
Extra Trees,player_4,match_14,1376.0,1406.0,0.3777298225806451,0.3583550401762124,0.3679393455267448,-0.009584305350532396,0.9739513986012791,Normal
Extra Trees,player_4,match_14,1406.0,1436.0,0.367695179032258,0.3663565654225335,0.3674185082256395,-0.0010619428031060085,0.9971097188102079,Normal
Extra Trees,player_4,match_14,1436.0,1466.0,0.3880869,0.3645070884589011,0.36677644864397463,-0.00226936018507351,0.9938126883733575,Normal
Extra Trees,player_4,match_14,1466.0,1496.0,0.3906062419354839,0.361091425965952,0.36677644864397463,-0.005685022678022622,0.984500033469867,Normal
Extra Trees,player_4,match_14,1496.0,1526.0,0.3775400096774193,0.3628310066040277,0.36677644864397463,-0.003945442039946956,0.989242924253905,Normal
Extra Trees,player_4,match_14,1526.0,1556.0,0.37754,0.3683343737239984,0.3654318269407173,0.0029025467832811125,1.0079427859570425,Elevated
Extra Trees,player_4,match_14,1556.0,1586.0,0.3696757516129031,0.372188016694761,0.3654318269407173,0.006756189754043684,1.0184882357144545,High
Extra Trees,player_4,match_14,1586.0,1616.0,0.3824956403225806,0.369238580338494,0.3654318269407173,0.0038067533977766965,1.0104171369791342,Elevated
Extra Trees,player_4,match_14,1616.0,1646.0,0.37754,0.3674848209002888,0.3654318269407173,0.002052993959571481,1.0056179944061208,Elevated
Extra Trees,player_4,match_14,1646.0,1676.0,0.37754,0.3711888983738149,0.3669206931614111,0.004268205212403786,1.0116325006791758,High
Extra Trees,player_4,match_14,1676.0,1706.0,0.3819723225806452,0.3672096566343142,0.3669206931614111,0.000288963472903081,1.0007875365938437,Elevated
Extra Trees,player_4,match_14,1706.0,1736.0,0.3797491370967741,0.3663225409846938,0.36734723876730146,-0.0010246977826076642,0.9972105472031144,Normal
Extra Trees,player_4,match_14,1736.0,1766.0,0.3757101677419354,0.3720103823361584,0.36734723876730146,0.004663143568856942,1.0126941026819882,High
Extra Trees,player_4,match_14,1766.0,1796.0,0.3756249609507639,0.3745549543667022,0.36790959731214357,0.006645357054558654,1.0180624726919547,High
Extra Trees,player_4,match_14,1796.0,1826.0,0.3942242084889643,0.3689347831178661,0.36878647703124623,0.00014830608661986489,1.0004021462170027,Normal
Extra Trees,player_4,match_14,1826.0,1856.0,0.37754,0.3704233721360343,0.36908668172818004,0.0013366904078542796,1.0036216164766376,Elevated
Extra Trees,player_4,match_8,3.0,33.0,0.2936402661290322,0.3583688362595439,,,,Insufficient Baseline
Extra Trees,player_4,match_8,33.0,63.0,0.2337888903225806,0.3601000402357547,0.3583688362595439,0.0017312039762107934,1.0048307882858347,Elevated
Extra Trees,player_4,match_8,63.0,93.0,0.2387624322580644,0.3609194800431699,0.35923443824764933,0.001685041795520592,1.0046906465976375,Elevated
Extra Trees,player_4,match_8,93.0,123.0,0.2585965112903226,0.3630740934513686,0.3601000402357547,0.002974053215613892,1.0082589638525639,Elevated
Extra Trees,player_4,match_8,123.0,153.0,0.1856127354838709,0.3551096007535566,0.36050976013946234,-0.005400159385905767,0.9850207678598861,Normal
Extra Trees,player_4,match_8,153.0,183.0,0.2244420725806451,0.3492854270572587,0.3601000402357547,-0.010814613178496024,0.9699677534847934,Normal
Extra Trees,player_4,match_8,183.0,213.0,0.2791424451612903,0.3574574329829234,0.35923443824764933,-0.0017770052647259615,0.995053354925006,Normal
Extra Trees,player_4,match_8,213.0,243.0,0.280498814516129,0.36077124196736,0.3583688362595439,0.00240240570781608,1.0067037238307077,Elevated
Extra Trees,player_4,match_8,243.0,273.0,0.2254200951612903,0.3542250968758397,0.35923443824764933,-0.005009341371809639,0.9860555090535159,Normal
Extra Trees,player_4,match_8,273.0,303.0,0.2321811870967741,0.364564832472492,0.3583688362595439,0.006195996212948085,1.0172894392202694,High
Extra Trees,player_4,match_8,303.0,333.0,0.2412346677419354,0.3590394802179834,0.35923443824764933,-0.0001949580296659592,0.9994572958243731,Normal
Extra Trees,player_4,match_8,333.0,363.0,0.3085772112903225,0.3812522071544865,0.35956976022686904,0.02168244692761745,1.0603010857029163,High
Extra Trees,player_4,match_8,363.0,393.0,0.3894644483870968,0.3658346957845506,0.3599053610926717,0.005929334691878896,1.0164747051110254,High
Extra Trees,player_4,match_8,393.0,423.0,0.3108899806451612,0.3602439712924019,0.3599053610926717,0.0003386101997301938,1.0009408312193577,Elevated
Extra Trees,player_4,match_8,423.0,453.0,0.3475553870967742,0.3866603937736881,0.3596417257551926,0.027018668018495506,1.0751266220896933,High
Extra Trees,player_4,match_8,453.0,483.0,0.3402289983870967,0.3702748007582381,0.3605076066298809,0.009767194128357193,1.0270928933224557,High
Extra Trees,player_4,match_8,483.0,513.0,0.4374144387096774,0.3633326054916977,0.362668037219926,0.0006645682717716928,1.001832442353801,Elevated
Extra Trees,player_4,match_8,513.0,543.0,0.4074272322580645,0.3629978970781834,0.36394871898209485,-0.0009508219039114363,0.9973874838560478,Normal
Extra Trees,player_4,match_8,543.0,573.0,0.3671605225806451,0.3652379684456349,0.36394871898209485,0.001289249463540032,1.003542393189749,Elevated
Extra Trees,player_4,match_8,573.0,603.0,0.462001229032258,0.3688562277826523,0.36490140045906344,0.003954827323588872,1.0108380711025322,High
Extra Trees,player_4,match_8,603.0,633.0,0.2885247564516129,0.3529291278715341,0.36553633211509273,-0.012607204243558656,0.9655103935343172,Normal
Extra Trees,player_4,match_8,633.0,663.0,0.3292853935483871,0.3600169561285041,0.36553633211509273,-0.005519375986588637,0.9849006090457493,Normal
Extra Trees,player_4,match_8,663.0,693.0,0.4571119806451613,0.3792489617165165,0.3642852869686663,0.014963674747850209,1.041076802393991,High
Extra Trees,player_4,match_8,693.0,723.0,0.345162040860215,0.3609403428285173,0.3642852869686663,-0.00334494414014902,0.9908177896286084,Normal
Extra Trees,player_4,match_8,723.0,753.0,0.3520294903225806,0.3542192231281806,0.3642852869686663,-0.010066063840485695,0.9723676354753479,Normal
Extra Trees,player_4,match_8,753.0,783.0,0.319706914516129,0.352863703416456,0.3631652512849406,-0.010301547868484584,0.9716339935276408,Normal
Extra Trees,player_4,match_8,783.0,813.0,0.3719317096774193,0.3585218598490692,0.36196911995335035,-0.003447260104281147,0.9904763696286428,Normal
Extra Trees,player_4,match_8,813.0,843.0,0.3440492451612902,0.3596882700104773,0.3604786494785107,-0.0007903794680333975,0.9978074166967259,Normal
Extra Trees,player_4,match_8,843.0,873.0,0.4413690096774193,0.3674263383547537,0.3598526130694907,0.007573725285263011,1.0210467425001037,High
Extra Trees,player_4,match_8,873.0,903.0,0.5348753854838709,0.3796484710163147,0.3598526130694907,0.019795857946824036,1.0550110162545945,High
Extra Trees,player_4,match_8,903.0,933.0,0.5216585983870968,0.3704216491662964,0.3598526130694907,0.010569036096805706,1.0293704581068714,High
Extra Trees,player_4,match_8,933.0,963.0,0.4585932709677418,0.3814762855449453,0.3604786494785107,0.020997636066434566,1.0582493196110532,High
Extra Trees,player_4,match_8,963.0,993.0,0.3480824774193548,0.360039942744291,0.3641833405916355,-0.0041433978473444655,0.9886227693979266,Normal
Extra Trees,player_4,match_8,993.0,1023.0,0.4307672241935483,0.3713781789555069,0.3604901427864041,0.010888036169102777,1.0302034227203658,High
Extra Trees,player_4,match_8,1023.0,1053.0,0.6003164032258064,0.3632643486127079,0.3637331405495223,-0.00046879193681442777,0.9987111651797629,Normal
Extra Trees,player_4,match_8,1053.0,1083.0,0.4401362887096773,0.3595778149085797,0.3653453434837308,-0.005767528575151115,0.9842134882022714,Normal
Extra Trees,player_4,match_8,1083.0,1113.0,0.4283666467741935,0.3594102213460616,0.3653453434837308,-0.005935122137669224,0.9837547617794299,Normal
Extra Trees,player_4,match_8,1113.0,1143.0,0.478429317204301,0.3629698133073487,0.3653453434837308,-0.0023755301763821457,0.993497850133437,Normal
Extra Trees,player_4,match_8,1143.0,1173.0,0.4842511612903225,0.3579304531575146,0.3653453434837308,-0.007414890326216228,0.9797044345617986,Normal
Extra Trees,player_4,match_8,1173.0,1203.0,0.5376216354838709,0.3730545357314156,0.36311708096002826,0.009937454771387355,1.0273670815625477,High
Extra Trees,player_4,match_8,1203.0,1233.0,0.4296513903225806,0.3669702344231301,0.36311708096002826,0.0038531534631018327,1.010611325286364,Elevated
Extra Trees,player_4,match_8,1233.0,1263.0,0.5108459354838709,0.3804670730199179,0.36311708096002826,0.01734999205988963,1.047780710326319,High
Extra Trees,player_4,match_8,1263.0,1293.0,0.4504216467741935,0.3676138034256993,0.36311708096002826,0.004496722465671066,1.012383671001602,High
Extra Trees,player_4,match_8,1293.0,1323.0,0.3596913080645161,0.3537464114217346,0.365117291517919,-0.011370880096184421,0.9688569115724108,Normal
Extra Trees,player_4,match_8,1323.0,1353.0,0.3339856580645161,0.3589203842741349,0.36311708096002826,-0.004196696685893342,0.9884425798015398,Normal
Extra Trees,player_4,match_8,1353.0,1383.0,0.3750152580645161,0.3618484821923372,0.3612738141079642,0.0005746680843729535,1.001590671844822,Elevated
Extra Trees,player_4,match_8,1383.0,1413.0,0.4615939112903225,0.3524492533765404,0.3624091477498429,-0.009959894373302525,0.9725175414717251,Normal
Extra Trees,player_4,match_8,1413.0,1443.0,0.2335161774193548,0.3654156922459378,0.3624091477498429,0.0030065444960948873,1.0082959950507933,Elevated
Extra Trees,player_4,match_8,1443.0,1473.0,0.321098814516129,0.361016272869871,0.3636320872191375,-0.0026158143492664987,0.9928064259420261,Normal
Extra Trees,player_4,match_8,1473.0,1503.0,0.44420675,0.3671169336841538,0.3636320872191375,0.0034848464650163447,1.0095834404814674,Elevated
Extra Trees,player_4,match_9,9.0,39.0,0.4239898887096774,0.3665194412211397,,,,Insufficient Baseline
Extra Trees,player_4,match_9,39.0,69.0,0.3739965903225806,0.3527432175310302,0.3665194412211397,-0.013776223690109501,0.962413388920896,Normal
Extra Trees,player_4,match_9,69.0,99.0,0.3716395580645161,0.3578503708024128,0.359631329376085,-0.00178095857367222,0.9950478213987587,Normal
Extra Trees,player_4,match_9,99.0,129.0,0.4017635564516129,0.3657895041029401,0.3578503708024128,0.007939133300527312,1.0221856226744304,High
Extra Trees,player_4,match_9,129.0,159.0,0.4971047661290322,0.3521619522797666,0.36181993745267643,-0.009657985172909833,0.9733072056755495,Normal
Extra Trees,player_4,match_9,159.0,189.0,0.3686038741935483,0.3502473751547889,0.3578503708024128,-0.0076029956476239,0.9787537019157599,Normal
Extra Trees,player_4,match_9,189.0,219.0,0.3476745096774193,0.3590666008716437,0.3552967941667215,0.0037698067049222184,1.0106103031798066,Elevated
Extra Trees,player_4,match_9,219.0,249.0,0.3680411629032258,0.3553590568610028,0.3578503708024128,-0.0024913139414100005,0.9930381127290054,Normal
Extra Trees,player_4,match_9,249.0,279.0,0.3407845483870967,0.3598346174912767,0.3566047138317078,0.0032299036595689334,1.0090573779153498,Elevated
Extra Trees,player_4,match_9,279.0,309.0,0.3837451451612902,0.3783296671440921,0.3578503708024128,0.02047929634167933,1.0572286575971916,High
Extra Trees,player_4,match_9,309.0,339.0,0.3621322161290322,0.3573615904139876,0.3584584858370282,-0.0010968954230406447,0.9969399652501479,Normal
Extra Trees,player_4,match_9,339.0,369.0,0.4526585064516129,0.3569997532560015,0.35760598060820015,-0.0006062273521986739,0.9983047617068159,Normal
Extra Trees,player_4,match_9,369.0,399.0,0.3755813580645161,0.3521606782525717,0.35760598060820015,-0.005445302355628456,0.9847728990819243,Normal
Extra Trees,player_4,match_9,399.0,429.0,0.4819621903225806,0.3567430968565744,0.3571806718349945,-0.00043757497842011883,0.9987749197733122,Normal
Extra Trees,player_4,match_9,429.0,459.0,0.3414929295698924,0.3597892088654011,0.35687142505628794,0.0029177838091131725,1.0081760085124578,Elevated
Extra Trees,player_4,match_9,459.0,489.0,0.4011424741935483,0.3660733372403201,0.3571806718349945,0.008892665405325573,1.0248968270305334,High
Extra Trees,player_4,match_9,489.0,519.0,0.3668874193548386,0.3475392446391229,0.35821409564281564,-0.010674851003692754,0.9701998019242187,Normal
Extra Trees,player_4,match_9,519.0,549.0,0.4462699548387095,0.3692728754662669,0.3571806718349945,0.012092203631272391,1.0338545856055128,High
Extra Trees,player_4,match_9,549.0,579.0,0.3921005677419354,0.3689407009834831,0.3585753996396943,0.010365301343788769,1.0289068947680295,High
Extra Trees,player_4,match_9,579.0,609.0,0.3451927499999999,0.3822779714318519,0.3585753996396943,0.023702571792157567,1.0661020577986513,High
Extra Trees,player_4,match_9,609.0,639.0,0.3739440629032258,0.348531409392883,0.3585753996396943,-0.010043990246811296,0.9719891820328339,Normal
Extra Trees,player_4,match_9,639.0,669.0,0.3175080225806451,0.3542110371283792,0.35839448106070126,-0.004183443932322062,0.9883272646388394,Normal
Extra Trees,player_4,match_9,669.0,699.0,0.3284608822580644,0.3626042957338831,0.35826615286098773,0.004338142872895356,1.0121087153733404,High
Extra Trees,player_4,match_9,699.0,729.0,0.3103561016129031,0.3535031224373646,0.3611967522996421,-0.007693629862277507,0.978699615062167,Normal
Extra Trees,player_4,match_9,729.0,759.0,0.3383057854838709,0.366791442270575,0.3611967522996421,0.005594689970932876,1.0154893141627466,High
Extra Trees,player_4,match_9,759.0,789.0,0.3636210725806451,0.3644361723232098,0.3643388164871016,9.735583610820386e-05,1.0002672123630605,Normal
Extra Trees,player_4,match_9,789.0,819.0,0.4444937193548386,0.372236228116685,0.36352023402854644,0.008715994088138557,1.0239766408365982,High
Extra Trees,player_4,match_9,819.0,849.0,0.4620974139784946,0.3689758943504391,0.3656138072968924,0.0033620870535466807,1.009195733274965,Elevated
Extra Trees,player_4,match_9,849.0,879.0,0.3245619886148008,0.3648347544674868,0.3656138072968924,-0.000779052829405602,0.9978691919893141,Normal
Extra Trees,player_4,match_9,879.0,909.0,0.2481818625237191,0.3758730475142463,0.3646354633953483,0.01123758411889797,1.0308186812501938,High
Extra Trees,player_4,match_9,909.0,939.0,0.3647371741935483,0.3756859343944584,0.3646354633953483,0.011050470999110107,1.0303055300661441,High
Extra Trees,player_4,match_9,939.0,969.0,0.3781964322580644,0.3607598374222491,0.36581309836903086,-0.005053260946781768,0.9861862219551142,Normal
Extra Trees,player_4,match_9,969.0,999.0,0.4294712465437788,0.3645357308167739,0.36581309836903086,-0.0012773675522569916,0.9965081415675051,Normal
